Rep1,Rep2,ClusterPairs
0.8061664567608573,0.9872048084369998,"Rep1: WINE, Rep2: BEER"
0.7613270982376455,0.992417918242478,"Rep1: BAIJIU (CHINESE LIQUOR), Rep2: BEER"
0.7386977129297472,0.9340531181522448,"Rep1: BAIJIU (CHINESE LIQUOR), Rep2: WINE"
0.8034076461752838,0.9798567234709313,"Rep1: GRAPE BRANDY, Rep2: BEER"
0.70195562050884,0.9172713716524209,"Rep1: GRAPE BRANDY, Rep2: WINE"
0.6392279371194249,0.9011270268322951,"Rep1: GRAPE BRANDY, Rep2: BAIJIU (CHINESE LIQUOR)"
0.7946677766337238,0.9875393934612215,"Rep1: WHISKY, Rep2: BEER"
0.7536563856651687,0.9226355026343072,"Rep1: WHISKY, Rep2: WINE"
0.6697182968307999,0.8609318900556372,"Rep1: WHISKY, Rep2: BAIJIU (CHINESE LIQUOR)"
0.6179737175162953,0.8319858677037688,"Rep1: WHISKY, Rep2: GRAPE BRANDY"
0.8425708984053022,0.9912759247306295,"Rep1: CHEESE, VARIOUS TYPES, Rep2: BEER"
0.8311784926301392,0.963360725778736,"Rep1: CHEESE, VARIOUS TYPES, Rep2: WINE"
0.7347610833089482,0.9344690902221717,"Rep1: CHEESE, VARIOUS TYPES, Rep2: BAIJIU (CHINESE LIQUOR)"
0.7885023791824153,0.9282742114262054,"Rep1: CHEESE, VARIOUS TYPES, Rep2: GRAPE BRANDY"
0.7957256030135605,0.905114648253826,"Rep1: CHEESE, VARIOUS TYPES, Rep2: WHISKY"
0.8463818290288665,0.9559808950227814,"Rep1: MILK and MILK PRODUCTS, Rep2: BEER"
0.8670926370572114,0.9735211632743537,"Rep1: MILK and MILK PRODUCTS, Rep2: WINE"
0.8025082492033054,0.9339362900829389,"Rep1: MILK and MILK PRODUCTS, Rep2: BAIJIU (CHINESE LIQUOR)"
0.8527114461761841,0.9546511231093918,"Rep1: MILK and MILK PRODUCTS, Rep2: GRAPE BRANDY"
0.8605332345552846,0.9370114380471862,"Rep1: MILK and MILK PRODUCTS, Rep2: WHISKY"
0.6710277598204387,0.9216676777806402,"Rep1: MILK and MILK PRODUCTS, Rep2: CHEESE, VARIOUS TYPES"
0.8221263457110646,0.9873600982089573,"Rep1: COCOA category, Rep2: BEER"
0.8037581705485087,0.9535407690113333,"Rep1: COCOA category, Rep2: WINE"
0.6933828034060268,0.8833908260346958,"Rep1: COCOA category, Rep2: BAIJIU (CHINESE LIQUOR)"
0.7437050674789306,0.9293659664557364,"Rep1: COCOA category, Rep2: GRAPE BRANDY"
0.7489361563862812,0.89225125848413,"Rep1: COCOA category, Rep2: WHISKY"
0.7370573041642425,0.937446996865029,"Rep1: COCOA category, Rep2: CHEESE, VARIOUS TYPES"
0.7882329678468895,0.9392816726150425,"Rep1: COCOA category, Rep2: MILK and MILK PRODUCTS"
0.8029994514640567,0.9844541714466183,"Rep1: TEA, Rep2: BEER"
0.7629620839604557,0.9610134000297688,"Rep1: TEA, Rep2: WINE"
0.7288815120989365,0.9346659268325922,"Rep1: TEA, Rep2: BAIJIU (CHINESE LIQUOR)"
0.7376351120175493,0.9609052832563738,"Rep1: TEA, Rep2: GRAPE BRANDY"
0.7219980128223602,0.9515964827206139,"Rep1: TEA, Rep2: WHISKY"
0.7915436710266017,0.9670807212482329,"Rep1: TEA, Rep2: CHEESE, VARIOUS TYPES"
0.8288132657478445,0.9638685012944209,"Rep1: TEA, Rep2: MILK and MILK PRODUCTS"
0.7710623925111982,0.9412386198095816,"Rep1: TEA, Rep2: COCOA category"
0.8750827340732601,0.9987346688436443,"Rep1: BROWN ALGAE, Rep2: BEER"
0.845719531707567,0.9925045484212587,"Rep1: BROWN ALGAE, Rep2: WINE"
0.7897913608872797,0.9859903387811816,"Rep1: BROWN ALGAE, Rep2: BAIJIU (CHINESE LIQUOR)"
0.8435029196910014,0.9899195530694326,"Rep1: BROWN ALGAE, Rep2: GRAPE BRANDY"
0.8244374893413191,0.982531128843232,"Rep1: BROWN ALGAE, Rep2: WHISKY"
0.7775232246008319,0.9747466621112528,"Rep1: BROWN ALGAE, Rep2: CHEESE, VARIOUS TYPES"
0.8188872689960767,0.9867163135715931,"Rep1: BROWN ALGAE, Rep2: MILK and MILK PRODUCTS"
0.8516263268509547,0.9854965951281593,"Rep1: BROWN ALGAE, Rep2: COCOA category"
0.785582695192093,0.9848955941174692,"Rep1: BROWN ALGAE, Rep2: TEA"
0.8533074514322675,0.9945106180674838,"Rep1: CRAB, Rep2: BEER"
0.8365302284866103,0.9738858532392375,"Rep1: CRAB, Rep2: WINE"
0.7954738321266206,0.9195346804693838,"Rep1: CRAB, Rep2: BAIJIU (CHINESE LIQUOR)"
0.833182335747537,0.959502125316177,"Rep1: CRAB, Rep2: GRAPE BRANDY"
0.834143344187251,0.9331658314798134,"Rep1: CRAB, Rep2: WHISKY"
0.7501088117421174,0.9303927254050863,"Rep1: CRAB, Rep2: CHEESE, VARIOUS TYPES"
0.795922019458948,0.9161313581562675,"Rep1: CRAB, Rep2: MILK and MILK PRODUCTS"
0.8356980789315601,0.8995521818102478,"Rep1: CRAB, Rep2: COCOA category"
0.8008679935514156,0.9363438255969503,"Rep1: CRAB, Rep2: TEA"
0.5613572224366418,0.9839907685506443,"Rep1: CRAB, Rep2: BROWN ALGAE"
0.8776858398037282,0.99475442837675,"Rep1: FISH, Rep2: BEER"
0.8558514813427809,0.9854673512072804,"Rep1: FISH, Rep2: WINE"
0.8173159212356641,0.960694284950041,"Rep1: FISH, Rep2: BAIJIU (CHINESE LIQUOR)"
0.8455541849948465,0.9748519256184792,"Rep1: FISH, Rep2: GRAPE BRANDY"
0.8256662058236683,0.9654407287548529,"Rep1: FISH, Rep2: WHISKY"
0.7729094280827481,0.9576606784606279,"Rep1: FISH, Rep2: CHEESE, VARIOUS TYPES"
0.8158523216199366,0.9532425839439823,"Rep1: FISH, Rep2: MILK and MILK PRODUCTS"
0.8500474799037065,0.9693040056403164,"Rep1: FISH, Rep2: COCOA category"
0.815121619658666,0.9730305075148465,"Rep1: FISH, Rep2: TEA"
0.6413993829137712,0.9864049687045439,"Rep1: FISH, Rep2: BROWN ALGAE"
0.5839345951738333,0.9455065744473155,"Rep1: FISH, Rep2: CRAB"
0.8486321607333069,0.9994623034227568,"Rep1: GREEN ALGAE, Rep2: BEER"
0.8288571668674103,0.9941007649523481,"Rep1: GREEN ALGAE, Rep2: WINE"
0.8151467459337306,0.9927935437873597,"Rep1: GREEN ALGAE, Rep2: BAIJIU (CHINESE LIQUOR)"
0.8479167105620172,0.9903955055303058,"Rep1: GREEN ALGAE, Rep2: GRAPE BRANDY"
0.833413129065667,0.97776113998561,"Rep1: GREEN ALGAE, Rep2: WHISKY"
0.7932050744764148,0.9722880625037243,"Rep1: GREEN ALGAE, Rep2: CHEESE, VARIOUS TYPES"
0.8092595438869178,0.9840340553890428,"Rep1: GREEN ALGAE, Rep2: MILK and MILK PRODUCTS"
0.8711317676660159,0.9845858586229177,"Rep1: GREEN ALGAE, Rep2: COCOA category"
0.7557774741830557,0.9780989957821886,"Rep1: GREEN ALGAE, Rep2: TEA"
0.5453968656359888,0.8736853012262201,"Rep1: GREEN ALGAE, Rep2: BROWN ALGAE"
0.6054998397610959,0.9768908965308676,"Rep1: GREEN ALGAE, Rep2: CRAB"
0.6622388092853394,0.9809799451851138,"Rep1: GREEN ALGAE, Rep2: FISH"
0.8660826803249297,0.9996819129109791,"Rep1: RED ALGAE, Rep2: BEER"
0.8340127954532542,0.9955804451236117,"Rep1: RED ALGAE, Rep2: WINE"
0.8172536039310552,0.9983381917761339,"Rep1: RED ALGAE, Rep2: BAIJIU (CHINESE LIQUOR)"
0.8416546207343631,0.9933917138969894,"Rep1: RED ALGAE, Rep2: GRAPE BRANDY"
0.8287604621415897,0.9865904788844626,"Rep1: RED ALGAE, Rep2: WHISKY"
0.8018020024919532,0.970882830565768,"Rep1: RED ALGAE, Rep2: CHEESE, VARIOUS TYPES"
0.8273050010060297,0.9940223884037634,"Rep1: RED ALGAE, Rep2: MILK and MILK PRODUCTS"
0.8683508064693197,0.993274252224851,"Rep1: RED ALGAE, Rep2: COCOA category"
0.7736087816378844,0.9888587926590947,"Rep1: RED ALGAE, Rep2: TEA"
0.5372142196401372,0.8393762235876413,"Rep1: RED ALGAE, Rep2: BROWN ALGAE"
0.6035843033498522,0.9911075118074101,"Rep1: RED ALGAE, Rep2: CRAB"
0.6505399171121746,0.989153594312021,"Rep1: RED ALGAE, Rep2: FISH"
0.5197149322410789,0.7708195143204741,"Rep1: RED ALGAE, Rep2: GREEN ALGAE"
0.8823068290378917,0.9951981965743485,"Rep1: SHRIMPS (PRAWN), Rep2: BEER"
0.8776551092854297,0.9869184270922599,"Rep1: SHRIMPS (PRAWN), Rep2: WINE"
0.835876939975083,0.9554669659286198,"Rep1: SHRIMPS (PRAWN), Rep2: BAIJIU (CHINESE LIQUOR)"
0.8786257258189749,0.9763685104088687,"Rep1: SHRIMPS (PRAWN), Rep2: GRAPE BRANDY"
0.8842972192502263,0.9608686945344019,"Rep1: SHRIMPS (PRAWN), Rep2: WHISKY"
0.7908877764048026,0.9667733318791862,"Rep1: SHRIMPS (PRAWN), Rep2: CHEESE, VARIOUS TYPES"
0.821324458048689,0.9647922824699379,"Rep1: SHRIMPS (PRAWN), Rep2: MILK and MILK PRODUCTS"
0.8883723767633447,0.9453149483348496,"Rep1: SHRIMPS (PRAWN), Rep2: COCOA category"
0.8440363629669236,0.9720618462113475,"Rep1: SHRIMPS (PRAWN), Rep2: TEA"
0.6623052907025264,0.9921931132600924,"Rep1: SHRIMPS (PRAWN), Rep2: BROWN ALGAE"
0.5537920038387658,0.913405150253566,"Rep1: SHRIMPS (PRAWN), Rep2: CRAB"
0.6755837641913399,0.9768239517573084,"Rep1: SHRIMPS (PRAWN), Rep2: FISH"
0.6693935151360887,0.990662787268914,"Rep1: SHRIMPS (PRAWN), Rep2: GREEN ALGAE"
0.673118843545377,0.9945392958671689,"Rep1: SHRIMPS (PRAWN), Rep2: RED ALGAE"
0.9414952342711109,0.9948787924143403,"Rep1: BEEF, Rep2: BEER"
0.9150499883701497,0.9763744478334673,"Rep1: BEEF, Rep2: WINE"
0.8270775090130256,0.9346597719486299,"Rep1: BEEF, Rep2: BAIJIU (CHINESE LIQUOR)"
0.8828548106938272,0.9575762762032192,"Rep1: BEEF, Rep2: GRAPE BRANDY"
0.8658168571531335,0.9397882307337853,"Rep1: BEEF, Rep2: WHISKY"
0.7843973467593398,0.931794572571398,"Rep1: BEEF, Rep2: CHEESE, VARIOUS TYPES"
0.8323596287652663,0.9148884896856386,"Rep1: BEEF, Rep2: MILK and MILK PRODUCTS"
0.8183070203499064,0.9277922881457601,"Rep1: BEEF, Rep2: COCOA category"
0.8824769126751295,0.9589484897049706,"Rep1: BEEF, Rep2: TEA"
0.8132982377167914,0.9880187634078506,"Rep1: BEEF, Rep2: BROWN ALGAE"
0.7894752116729494,0.8818039616373976,"Rep1: BEEF, Rep2: CRAB"
0.7705741551004541,0.956612534007952,"Rep1: BEEF, Rep2: FISH"
0.8699053818932438,0.9858326456544305,"Rep1: BEEF, Rep2: GREEN ALGAE"
0.8624399560746214,0.9967717275864542,"Rep1: BEEF, Rep2: RED ALGAE"
0.8533824723897537,0.9537565059995874,"Rep1: BEEF, Rep2: SHRIMPS (PRAWN)"
0.9298142292644559,0.9986307088670877,"Rep1: CHICKEN, Rep2: BEER"
0.926237909108112,0.9874567356874864,"Rep1: CHICKEN, Rep2: WINE"
0.8661573542518428,0.9667035799329904,"Rep1: CHICKEN, Rep2: BAIJIU (CHINESE LIQUOR)"
0.9116195763963262,0.9759909647235253,"Rep1: CHICKEN, Rep2: GRAPE BRANDY"
0.9083080686612457,0.9598223497983505,"Rep1: CHICKEN, Rep2: WHISKY"
0.7926032921780592,0.9466007813399161,"Rep1: CHICKEN, Rep2: CHEESE, VARIOUS TYPES"
0.8089505575698028,0.9397412725022299,"Rep1: CHICKEN, Rep2: MILK and MILK PRODUCTS"
0.848369950608273,0.9609712589166329,"Rep1: CHICKEN, Rep2: COCOA category"
0.9000937404426163,0.9708289259772465,"Rep1: CHICKEN, Rep2: TEA"
0.8385290671764293,0.9618772221481512,"Rep1: CHICKEN, Rep2: BROWN ALGAE"
0.7869404822942914,0.93469554298209,"Rep1: CHICKEN, Rep2: CRAB"
0.778152549005282,0.9650678081602383,"Rep1: CHICKEN, Rep2: FISH"
0.8621263468725322,0.9443773657043699,"Rep1: CHICKEN, Rep2: GREEN ALGAE"
0.8584841609593413,0.9601652680546477,"Rep1: CHICKEN, Rep2: RED ALGAE"
0.8230774867804929,0.976798653528032,"Rep1: CHICKEN, Rep2: SHRIMPS (PRAWN)"
0.6619177301844622,0.9401046577354917,"Rep1: CHICKEN, Rep2: BEEF"
0.9031042843363473,0.9882844753876651,"Rep1: EGG, Rep2: BEER"
0.8938279218828799,0.9926684737125048,"Rep1: EGG, Rep2: WINE"
0.8236044632221994,0.9752644203044348,"Rep1: EGG, Rep2: BAIJIU (CHINESE LIQUOR)"
0.8690592223151439,0.990827250358062,"Rep1: EGG, Rep2: GRAPE BRANDY"
0.8700679102419431,0.9777880846826953,"Rep1: EGG, Rep2: WHISKY"
0.7216647854639178,0.9700936375293985,"Rep1: EGG, Rep2: CHEESE, VARIOUS TYPES"
0.7484078081225144,0.959452247899957,"Rep1: EGG, Rep2: MILK and MILK PRODUCTS"
0.825105165408701,0.9703227279845114,"Rep1: EGG, Rep2: COCOA category"
0.8529996689880521,0.9806562314105388,"Rep1: EGG, Rep2: TEA"
0.7628540326320556,0.987185920460292,"Rep1: EGG, Rep2: BROWN ALGAE"
0.7430951645870846,0.9171672022977156,"Rep1: EGG, Rep2: CRAB"
0.7478634111851177,0.9764694561525984,"Rep1: EGG, Rep2: FISH"
0.8053822105060059,0.9855502962760656,"Rep1: EGG, Rep2: GREEN ALGAE"
0.7979079985348614,0.9917238820404247,"Rep1: EGG, Rep2: RED ALGAE"
0.7859284662469364,0.975053139469394,"Rep1: EGG, Rep2: SHRIMPS (PRAWN)"
0.7271562300495804,0.9474319236543185,"Rep1: EGG, Rep2: BEEF"
0.7195918751542917,0.9558442035440896,"Rep1: EGG, Rep2: CHICKEN"
0.9196941590948896,0.997722970372386,"Rep1: LAMB and MUTTON, Rep2: BEER"
0.8698532242946083,0.9799128992853973,"Rep1: LAMB and MUTTON, Rep2: WINE"
0.7974101899594552,0.9403026360357235,"Rep1: LAMB and MUTTON, Rep2: BAIJIU (CHINESE LIQUOR)"
0.836043848715566,0.9733229420942955,"Rep1: LAMB and MUTTON, Rep2: GRAPE BRANDY"
0.8389798360692475,0.9306377683181345,"Rep1: LAMB and MUTTON, Rep2: WHISKY"
0.7760057255925729,0.9238384171261094,"Rep1: LAMB and MUTTON, Rep2: CHEESE, VARIOUS TYPES"
0.8284054712692004,0.9512163613988781,"Rep1: LAMB and MUTTON, Rep2: MILK and MILK PRODUCTS"
0.8031514582462634,0.9473416254530452,"Rep1: LAMB and MUTTON, Rep2: COCOA category"
0.8502843745549153,0.9657666098885608,"Rep1: LAMB and MUTTON, Rep2: TEA"
0.7967344705852365,0.9854017690024724,"Rep1: LAMB and MUTTON, Rep2: BROWN ALGAE"
0.7833067586633414,0.9535105448814213,"Rep1: LAMB and MUTTON, Rep2: CRAB"
0.7782001649762842,0.9709227506282636,"Rep1: LAMB and MUTTON, Rep2: FISH"
0.8446146263297999,0.9766523033922968,"Rep1: LAMB and MUTTON, Rep2: GREEN ALGAE"
0.8385842051441624,0.9831040532117522,"Rep1: LAMB and MUTTON, Rep2: RED ALGAE"
0.8585586116547061,0.970876553376403,"Rep1: LAMB and MUTTON, Rep2: SHRIMPS (PRAWN)"
0.6205260393859698,0.9450843499569854,"Rep1: LAMB and MUTTON, Rep2: BEEF"
0.6944947493539944,0.961777882928713,"Rep1: LAMB and MUTTON, Rep2: CHICKEN"
0.7331628623862988,0.9790721520304869,"Rep1: LAMB and MUTTON, Rep2: EGG"
0.9445275344168902,0.996381227089602,"Rep1: PORK, Rep2: BEER"
0.9241804491927809,0.9767257961835225,"Rep1: PORK, Rep2: WINE"
0.843904834383021,0.932288045735381,"Rep1: PORK, Rep2: BAIJIU (CHINESE LIQUOR)"
0.8979558469925938,0.9569413400468031,"Rep1: PORK, Rep2: GRAPE BRANDY"
0.8859381869183348,0.9272309602351728,"Rep1: PORK, Rep2: WHISKY"
0.7932288536883849,0.935062505721789,"Rep1: PORK, Rep2: CHEESE, VARIOUS TYPES"
0.8401356955822415,0.9319557157869487,"Rep1: PORK, Rep2: MILK and MILK PRODUCTS"
0.8334762771321207,0.9296755201519312,"Rep1: PORK, Rep2: COCOA category"
0.9030088346365766,0.9578029141579176,"Rep1: PORK, Rep2: TEA"
0.8307625172823572,0.981408347054891,"Rep1: PORK, Rep2: BROWN ALGAE"
0.7864401208696734,0.8953039242401197,"Rep1: PORK, Rep2: CRAB"
0.7756749556547797,0.9568474317171559,"Rep1: PORK, Rep2: FISH"
0.8755556326964442,0.9756938704357011,"Rep1: PORK, Rep2: GREEN ALGAE"
0.8666618237767234,0.9858839327554803,"Rep1: PORK, Rep2: RED ALGAE"
0.8265280960605967,0.9569371469970257,"Rep1: PORK, Rep2: SHRIMPS (PRAWN)"
0.6433615742494919,0.9135719401355269,"Rep1: PORK, Rep2: BEEF"
0.6672196372253392,0.9283559292067515,"Rep1: PORK, Rep2: CHICKEN"
0.7475520821840841,0.9516258146915078,"Rep1: PORK, Rep2: EGG"
0.6701949496623729,0.9456478247865562,"Rep1: PORK, Rep2: LAMB and MUTTON"
0.8649249147341382,0.9877944259213481,"Rep1: CINNAMOMUM SPECIES, Rep2: BEER"
0.7831825493672229,0.9794563430292456,"Rep1: CINNAMOMUM SPECIES, Rep2: WINE"
0.7345941619490208,0.969802932789073,"Rep1: CINNAMOMUM SPECIES, Rep2: BAIJIU (CHINESE LIQUOR)"
0.6959839964343328,0.9789572394196884,"Rep1: CINNAMOMUM SPECIES, Rep2: GRAPE BRANDY"
0.6916526429926945,0.9748903874905079,"Rep1: CINNAMOMUM SPECIES, Rep2: WHISKY"
0.8149747042115664,0.9865806480003011,"Rep1: CINNAMOMUM SPECIES, Rep2: CHEESE, VARIOUS TYPES"
0.8874029663131796,0.9893287439289444,"Rep1: CINNAMOMUM SPECIES, Rep2: MILK and MILK PRODUCTS"
0.7566870464748132,0.9667815667509304,"Rep1: CINNAMOMUM SPECIES, Rep2: COCOA category"
0.7383827417904141,0.956514876098611,"Rep1: CINNAMOMUM SPECIES, Rep2: TEA"
0.8427160130575516,0.9934964314049988,"Rep1: CINNAMOMUM SPECIES, Rep2: BROWN ALGAE"
0.8476088474951062,0.9786999021166896,"Rep1: CINNAMOMUM SPECIES, Rep2: CRAB"
0.8410561658881271,0.9867161981374495,"Rep1: CINNAMOMUM SPECIES, Rep2: FISH"
0.8700173975110898,0.993857883633138,"Rep1: CINNAMOMUM SPECIES, Rep2: GREEN ALGAE"
0.85103484243762,0.9957820657666231,"Rep1: CINNAMOMUM SPECIES, Rep2: RED ALGAE"
0.9000300891851336,0.9907519921403706,"Rep1: CINNAMOMUM SPECIES, Rep2: SHRIMPS (PRAWN)"
0.8521741162362645,0.9914096495701084,"Rep1: CINNAMOMUM SPECIES, Rep2: BEEF"
0.900521564864149,0.9916306885639076,"Rep1: CINNAMOMUM SPECIES, Rep2: CHICKEN"
0.8562857331254621,0.996026572351063,"Rep1: CINNAMOMUM SPECIES, Rep2: EGG"
0.8059578221191066,0.9850962262701882,"Rep1: CINNAMOMUM SPECIES, Rep2: LAMB and MUTTON"
0.8719618511525044,0.9826274079194756,"Rep1: CINNAMOMUM SPECIES, Rep2: PORK"
0.856396101344876,0.9888830389428124,"Rep1: CURCUMA SPECIES, Rep2: BEER"
0.788720053554635,0.9917804253561564,"Rep1: CURCUMA SPECIES, Rep2: WINE"
0.7363079919354162,0.9881665993566714,"Rep1: CURCUMA SPECIES, Rep2: BAIJIU (CHINESE LIQUOR)"
0.7413544525940233,0.9925972388936316,"Rep1: CURCUMA SPECIES, Rep2: GRAPE BRANDY"
0.7313447751269329,0.9982880111562844,"Rep1: CURCUMA SPECIES, Rep2: WHISKY"
0.8121200170556757,0.991801260273151,"Rep1: CURCUMA SPECIES, Rep2: CHEESE, VARIOUS TYPES"
0.8692538859194097,0.9948927132780991,"Rep1: CURCUMA SPECIES, Rep2: MILK and MILK PRODUCTS"
0.7462254635338591,0.9887801171775027,"Rep1: CURCUMA SPECIES, Rep2: COCOA category"
0.7325543065598914,0.9705327346676554,"Rep1: CURCUMA SPECIES, Rep2: TEA"
0.806891442404726,0.9947120494711587,"Rep1: CURCUMA SPECIES, Rep2: BROWN ALGAE"
0.8321198106963552,0.9863184389307184,"Rep1: CURCUMA SPECIES, Rep2: CRAB"
0.82594866732211,0.9924266516731066,"Rep1: CURCUMA SPECIES, Rep2: FISH"
0.8356543484598551,0.9928043126349223,"Rep1: CURCUMA SPECIES, Rep2: GREEN ALGAE"
0.8238905563809108,0.9931741672767866,"Rep1: CURCUMA SPECIES, Rep2: RED ALGAE"
0.8929752105881928,0.9959287223260108,"Rep1: CURCUMA SPECIES, Rep2: SHRIMPS (PRAWN)"
0.8492375351971679,0.9967609482597032,"Rep1: CURCUMA SPECIES, Rep2: BEEF"
0.8876451440881586,0.9927425727043672,"Rep1: CURCUMA SPECIES, Rep2: CHICKEN"
0.8325714413541986,0.9969554964588973,"Rep1: CURCUMA SPECIES, Rep2: EGG"
0.8007734600445099,0.9952809393618578,"Rep1: CURCUMA SPECIES, Rep2: LAMB and MUTTON"
0.8620738477614024,0.9921615633643407,"Rep1: CURCUMA SPECIES, Rep2: PORK"
0.5503254796159833,0.897991747053685,"Rep1: CURCUMA SPECIES, Rep2: CINNAMOMUM SPECIES"
0.7929891861951606,0.9949590306956133,"Rep1: DILL (Anethum species), Rep2: BEER"
0.7512117944057545,0.9876733458538751,"Rep1: DILL (Anethum species), Rep2: WINE"
0.7116496052134443,0.9839531468778377,"Rep1: DILL (Anethum species), Rep2: BAIJIU (CHINESE LIQUOR)"
0.7335664230845926,0.9870233608403397,"Rep1: DILL (Anethum species), Rep2: GRAPE BRANDY"
0.7265254522551006,0.9835345562554704,"Rep1: DILL (Anethum species), Rep2: WHISKY"
0.802180224004853,0.9804390084126626,"Rep1: DILL (Anethum species), Rep2: CHEESE, VARIOUS TYPES"
0.8484659155973046,0.9789237374043014,"Rep1: DILL (Anethum species), Rep2: MILK and MILK PRODUCTS"
0.7574895201606269,0.9813206576551765,"Rep1: DILL (Anethum species), Rep2: COCOA category"
0.677089283036028,0.9669076789662866,"Rep1: DILL (Anethum species), Rep2: TEA"
0.7939805000734985,0.9889357835048197,"Rep1: DILL (Anethum species), Rep2: BROWN ALGAE"
0.8192428706635552,0.9697378789024373,"Rep1: DILL (Anethum species), Rep2: CRAB"
0.8211992035530546,0.980530589405261,"Rep1: DILL (Anethum species), Rep2: FISH"
0.7772925349231433,0.9706316327453701,"Rep1: DILL (Anethum species), Rep2: GREEN ALGAE"
0.7896639167805123,0.9837355720734153,"Rep1: DILL (Anethum species), Rep2: RED ALGAE"
0.8681677495281283,0.99154774481977,"Rep1: DILL (Anethum species), Rep2: SHRIMPS (PRAWN)"
0.8794613312188501,0.9811478021527978,"Rep1: DILL (Anethum species), Rep2: BEEF"
0.8984711887369617,0.9680257895297946,"Rep1: DILL (Anethum species), Rep2: CHICKEN"
0.8575314365197767,0.9855696982278525,"Rep1: DILL (Anethum species), Rep2: EGG"
0.830085876688331,0.9778562413190226,"Rep1: DILL (Anethum species), Rep2: LAMB and MUTTON"
0.8878427245318118,0.9706965228409743,"Rep1: DILL (Anethum species), Rep2: PORK"
0.6129803870860141,0.9199563502536886,"Rep1: DILL (Anethum species), Rep2: CINNAMOMUM SPECIES"
0.5722282038929126,0.9042862141197896,"Rep1: DILL (Anethum species), Rep2: CURCUMA SPECIES"
0.796431858729543,0.9848394656026136,"Rep1: FENNEL (Foeniculum vulg., ssp. capillaceum; var.), Rep2: BEER"
0.7890108043227211,0.9864915271916044,"Rep1: FENNEL (Foeniculum vulg., ssp. capillaceum; var.), Rep2: WINE"
0.7567528210083977,0.990003284928371,"Rep1: FENNEL (Foeniculum vulg., ssp. capillaceum; var.), Rep2: BAIJIU (CHINESE LIQUOR)"
0.7844847351340414,0.9874638530774998,"Rep1: FENNEL (Foeniculum vulg., ssp. capillaceum; var.), Rep2: GRAPE BRANDY"
0.7789589381722857,0.9919350867845884,"Rep1: FENNEL (Foeniculum vulg., ssp. capillaceum; var.), Rep2: WHISKY"
0.8075452094769596,0.9950253162383543,"Rep1: FENNEL (Foeniculum vulg., ssp. capillaceum; var.), Rep2: CHEESE, VARIOUS TYPES"
0.8312358870103005,0.9946407565118802,"Rep1: FENNEL (Foeniculum vulg., ssp. capillaceum; var.), Rep2: MILK and MILK PRODUCTS"
0.7835685805206464,0.9859752244188843,"Rep1: FENNEL (Foeniculum vulg., ssp. capillaceum; var.), Rep2: COCOA category"
0.7210539148977919,0.9665488419663589,"Rep1: FENNEL (Foeniculum vulg., ssp. capillaceum; var.), Rep2: TEA"
0.8048279162972207,0.9987640469595739,"Rep1: FENNEL (Foeniculum vulg., ssp. capillaceum; var.), Rep2: BROWN ALGAE"
0.8175263191819714,0.986408183910943,"Rep1: FENNEL (Foeniculum vulg., ssp. capillaceum; var.), Rep2: CRAB"
0.836635022831747,0.9923852567405166,"Rep1: FENNEL (Foeniculum vulg., ssp. capillaceum; var.), Rep2: FISH"
0.7863907064017217,0.9994858733220802,"Rep1: FENNEL (Foeniculum vulg., ssp. capillaceum; var.), Rep2: GREEN ALGAE"
0.8045753998259982,0.9992474142915265,"Rep1: FENNEL (Foeniculum vulg., ssp. capillaceum; var.), Rep2: RED ALGAE"
0.850111685063245,0.9964924606174873,"Rep1: FENNEL (Foeniculum vulg., ssp. capillaceum; var.), Rep2: SHRIMPS (PRAWN)"
0.8974557186940899,0.9967420402564459,"Rep1: FENNEL (Foeniculum vulg., ssp. capillaceum; var.), Rep2: BEEF"
0.8956518713121745,0.995177571570368,"Rep1: FENNEL (Foeniculum vulg., ssp. capillaceum; var.), Rep2: CHICKEN"
0.8511299655478042,0.9971194539487525,"Rep1: FENNEL (Foeniculum vulg., ssp. capillaceum; var.), Rep2: EGG"
0.8668746525761998,0.9961054246049443,"Rep1: FENNEL (Foeniculum vulg., ssp. capillaceum; var.), Rep2: LAMB and MUTTON"
0.898304602654046,0.9912068465333281,"Rep1: FENNEL (Foeniculum vulg., ssp. capillaceum; var.), Rep2: PORK"
0.7028286659014766,0.8927625777437652,"Rep1: FENNEL (Foeniculum vulg., ssp. capillaceum; var.), Rep2: CINNAMOMUM SPECIES"
0.6687925916490111,0.8698995331263195,"Rep1: FENNEL (Foeniculum vulg., ssp. capillaceum; var.), Rep2: CURCUMA SPECIES"
0.5527141606157914,0.8653749591676939,"Rep1: FENNEL (Foeniculum vulg., ssp. capillaceum; var.), Rep2: DILL (Anethum species)"
0.8249492658306086,0.9891460019823606,"Rep1: LICORICE (Glycyrrhiza species), Rep2: BEER"
0.7819688093713718,0.9650171553175917,"Rep1: LICORICE (Glycyrrhiza species), Rep2: WINE"
0.679033686749768,0.8990565474547003,"Rep1: LICORICE (Glycyrrhiza species), Rep2: BAIJIU (CHINESE LIQUOR)"
0.7005762807422988,0.9555560292694071,"Rep1: LICORICE (Glycyrrhiza species), Rep2: GRAPE BRANDY"
0.6720974976805972,0.9266952870376662,"Rep1: LICORICE (Glycyrrhiza species), Rep2: WHISKY"
0.7651972644595458,0.9517655280640855,"Rep1: LICORICE (Glycyrrhiza species), Rep2: CHEESE, VARIOUS TYPES"
0.8177330252817001,0.9395008570174568,"Rep1: LICORICE (Glycyrrhiza species), Rep2: MILK and MILK PRODUCTS"
0.6091773294253926,0.9176817870174725,"Rep1: LICORICE (Glycyrrhiza species), Rep2: COCOA category"
0.7252809744072822,0.9366661980319216,"Rep1: LICORICE (Glycyrrhiza species), Rep2: TEA"
0.8189230463975057,0.9835243209559018,"Rep1: LICORICE (Glycyrrhiza species), Rep2: BROWN ALGAE"
0.8269380980417037,0.9353495063900339,"Rep1: LICORICE (Glycyrrhiza species), Rep2: CRAB"
0.8230277957079329,0.961057376651615,"Rep1: LICORICE (Glycyrrhiza species), Rep2: FISH"
0.8561524982749563,0.9859464807657999,"Rep1: LICORICE (Glycyrrhiza species), Rep2: GREEN ALGAE"
0.8434081824251849,0.9926671474587765,"Rep1: LICORICE (Glycyrrhiza species), Rep2: RED ALGAE"
0.8881594097363807,0.9571809015139697,"Rep1: LICORICE (Glycyrrhiza species), Rep2: SHRIMPS (PRAWN)"
0.7629998406363452,0.9358897808948733,"Rep1: LICORICE (Glycyrrhiza species), Rep2: BEEF"
0.82787408105856,0.9607748785804696,"Rep1: LICORICE (Glycyrrhiza species), Rep2: CHICKEN"
0.8217530808187772,0.9796950679243339,"Rep1: LICORICE (Glycyrrhiza species), Rep2: EGG"
0.7404188932391352,0.9445397084258306,"Rep1: LICORICE (Glycyrrhiza species), Rep2: LAMB and MUTTON"
0.7977253577337273,0.9417874877133546,"Rep1: LICORICE (Glycyrrhiza species), Rep2: PORK"
0.6130593724944353,0.9477827372773204,"Rep1: LICORICE (Glycyrrhiza species), Rep2: CINNAMOMUM SPECIES"
0.6146203040136978,0.976856537901746,"Rep1: LICORICE (Glycyrrhiza species), Rep2: CURCUMA SPECIES"
0.6601027699154608,0.9625330752453087,"Rep1: LICORICE (Glycyrrhiza species), Rep2: DILL (Anethum species)"
0.7100712117802792,0.9658134029437561,"Rep1: LICORICE (Glycyrrhiza species), Rep2: FENNEL (Foeniculum vulg., ssp. capillaceum; var.)"
0.8635498787740564,0.9904724135333127,"Rep1: MENTHA OILS, Rep2: BEER"
0.840163518581603,0.9823249501832517,"Rep1: MENTHA OILS, Rep2: WINE"
0.8599635434895977,0.9452866385367343,"Rep1: MENTHA OILS, Rep2: BAIJIU (CHINESE LIQUOR)"
0.8549369036992998,0.9790039716759589,"Rep1: MENTHA OILS, Rep2: GRAPE BRANDY"
0.8546370867553115,0.9819142306053964,"Rep1: MENTHA OILS, Rep2: WHISKY"
0.8825056094809104,0.9846677731004999,"Rep1: MENTHA OILS, Rep2: CHEESE, VARIOUS TYPES"
0.88644011917083,0.9855936592468272,"Rep1: MENTHA OILS, Rep2: MILK and MILK PRODUCTS"
0.8962930377375619,0.977347872704611,"Rep1: MENTHA OILS, Rep2: COCOA category"
0.7579241729594596,0.9507113457174114,"Rep1: MENTHA OILS, Rep2: TEA"
0.8316129411257294,0.9931482471885745,"Rep1: MENTHA OILS, Rep2: BROWN ALGAE"
0.8459788754285563,0.9723750499906207,"Rep1: MENTHA OILS, Rep2: CRAB"
0.8470346901426219,0.9835465431338047,"Rep1: MENTHA OILS, Rep2: FISH"
0.7801357310923934,0.9950228863465364,"Rep1: MENTHA OILS, Rep2: GREEN ALGAE"
0.7853856843938155,0.9972125525308513,"Rep1: MENTHA OILS, Rep2: RED ALGAE"
0.8703030335370857,0.9905696815864394,"Rep1: MENTHA OILS, Rep2: SHRIMPS (PRAWN)"
0.9791730124794751,0.9828928928847068,"Rep1: MENTHA OILS, Rep2: BEEF"
0.965969383142892,0.9876831886360413,"Rep1: MENTHA OILS, Rep2: CHICKEN"
0.919422865351525,0.9926199898745809,"Rep1: MENTHA OILS, Rep2: EGG"
0.9446926589923086,0.9887234323114298,"Rep1: MENTHA OILS, Rep2: LAMB and MUTTON"
0.9782850866794551,0.9816077396628327,"Rep1: MENTHA OILS, Rep2: PORK"
0.7747027153530471,0.9168539220234656,"Rep1: MENTHA OILS, Rep2: CINNAMOMUM SPECIES"
0.7603654942249608,0.9155722175614324,"Rep1: MENTHA OILS, Rep2: CURCUMA SPECIES"
0.6908018171657735,0.9185837587200313,"Rep1: MENTHA OILS, Rep2: DILL (Anethum species)"
0.7227901426408126,0.9098553302321195,"Rep1: MENTHA OILS, Rep2: FENNEL (Foeniculum vulg., ssp. capillaceum; var.)"
0.8518729534988196,0.9598141082572992,"Rep1: MENTHA OILS, Rep2: LICORICE (Glycyrrhiza species)"
0.8476277412154036,0.9904343019855757,"Rep1: MUSTARD (Brassica species), Rep2: BEER"
0.7987508608718688,0.9806497474048235,"Rep1: MUSTARD (Brassica species), Rep2: WINE"
0.7160893560878409,0.9458049947059093,"Rep1: MUSTARD (Brassica species), Rep2: BAIJIU (CHINESE LIQUOR)"
0.764626335179653,0.971907780081314,"Rep1: MUSTARD (Brassica species), Rep2: GRAPE BRANDY"
0.7718182091337965,0.9661325534278609,"Rep1: MUSTARD (Brassica species), Rep2: WHISKY"
0.741174737493641,0.9744863369489869,"Rep1: MUSTARD (Brassica species), Rep2: CHEESE, VARIOUS TYPES"
0.8155150918509408,0.9587386446164818,"Rep1: MUSTARD (Brassica species), Rep2: MILK and MILK PRODUCTS"
0.7040116430021492,0.9521752127928972,"Rep1: MUSTARD (Brassica species), Rep2: COCOA category"
0.7426854570541985,0.9693427333789474,"Rep1: MUSTARD (Brassica species), Rep2: TEA"
0.7921521260105899,0.9919272348538203,"Rep1: MUSTARD (Brassica species), Rep2: BROWN ALGAE"
0.785007127430012,0.9538783445783957,"Rep1: MUSTARD (Brassica species), Rep2: CRAB"
0.7836667341107891,0.974897818958392,"Rep1: MUSTARD (Brassica species), Rep2: FISH"
0.8197512856151062,0.9857671225033284,"Rep1: MUSTARD (Brassica species), Rep2: GREEN ALGAE"
0.8104744271633041,0.9932886254846894,"Rep1: MUSTARD (Brassica species), Rep2: RED ALGAE"
0.8402480443372551,0.9739908757841514,"Rep1: MUSTARD (Brassica species), Rep2: SHRIMPS (PRAWN)"
0.7856893973246418,0.9580465725400934,"Rep1: MUSTARD (Brassica species), Rep2: BEEF"
0.8153464862486678,0.9773870269706123,"Rep1: MUSTARD (Brassica species), Rep2: CHICKEN"
0.7687152123426163,0.9819941493166571,"Rep1: MUSTARD (Brassica species), Rep2: EGG"
0.7561431978115452,0.9676858379791655,"Rep1: MUSTARD (Brassica species), Rep2: LAMB and MUTTON"
0.7985568217713432,0.9679770718571538,"Rep1: MUSTARD (Brassica species), Rep2: PORK"
0.6535781793078579,0.9870280972533785,"Rep1: MUSTARD (Brassica species), Rep2: CINNAMOMUM SPECIES"
0.6288489513492264,0.9896779369731865,"Rep1: MUSTARD (Brassica species), Rep2: CURCUMA SPECIES"
0.6282059965993978,0.9854788231533624,"Rep1: MUSTARD (Brassica species), Rep2: DILL (Anethum species)"
0.6918536240811198,0.9878737135834559,"Rep1: MUSTARD (Brassica species), Rep2: FENNEL (Foeniculum vulg., ssp. capillaceum; var.)"
0.6365793531353189,0.9382434471080489,"Rep1: MUSTARD (Brassica species), Rep2: LICORICE (Glycyrrhiza species)"
0.7852892428818755,0.9878370936487284,"Rep1: MUSTARD (Brassica species), Rep2: MENTHA OILS"
0.8147193734165171,0.9870258874840805,"Rep1: PEPPER (Piper nigrum L.), Rep2: BEER"
0.7616138531442181,0.9893735539470251,"Rep1: PEPPER (Piper nigrum L.), Rep2: WINE"
0.7154057349470415,0.9804833067443379,"Rep1: PEPPER (Piper nigrum L.), Rep2: BAIJIU (CHINESE LIQUOR)"
0.7381066205567131,0.988087435583871,"Rep1: PEPPER (Piper nigrum L.), Rep2: GRAPE BRANDY"
0.7310463311677173,0.9911452529919714,"Rep1: PEPPER (Piper nigrum L.), Rep2: WHISKY"
0.7764510395485639,0.987378842743413,"Rep1: PEPPER (Piper nigrum L.), Rep2: CHEESE, VARIOUS TYPES"
0.8388096949184479,0.9899465752942286,"Rep1: PEPPER (Piper nigrum L.), Rep2: MILK and MILK PRODUCTS"
0.7414123099321795,0.9849810683586354,"Rep1: PEPPER (Piper nigrum L.), Rep2: COCOA category"
0.6937384315086398,0.9721131514236168,"Rep1: PEPPER (Piper nigrum L.), Rep2: TEA"
0.7753009293159832,0.9918259977536453,"Rep1: PEPPER (Piper nigrum L.), Rep2: BROWN ALGAE"
0.7976357016002661,0.9849968373963335,"Rep1: PEPPER (Piper nigrum L.), Rep2: CRAB"
0.7929511003291351,0.9903949085459256,"Rep1: PEPPER (Piper nigrum L.), Rep2: FISH"
0.7754424479206725,0.9945941887175463,"Rep1: PEPPER (Piper nigrum L.), Rep2: GREEN ALGAE"
0.7766100823065191,0.9940941534153895,"Rep1: PEPPER (Piper nigrum L.), Rep2: RED ALGAE"
0.853698171969009,0.9926647100606385,"Rep1: PEPPER (Piper nigrum L.), Rep2: SHRIMPS (PRAWN)"
0.8381941336690207,0.9913034714367557,"Rep1: PEPPER (Piper nigrum L.), Rep2: BEEF"
0.8669016637913246,0.9934462420799445,"Rep1: PEPPER (Piper nigrum L.), Rep2: CHICKEN"
0.8160376039170447,0.9947121913858614,"Rep1: PEPPER (Piper nigrum L.), Rep2: EGG"
0.7896632828445695,0.9906612750751762,"Rep1: PEPPER (Piper nigrum L.), Rep2: LAMB and MUTTON"
0.8473839788951695,0.9901357419375604,"Rep1: PEPPER (Piper nigrum L.), Rep2: PORK"
0.5956218731649381,0.9318551140583232,"Rep1: PEPPER (Piper nigrum L.), Rep2: CINNAMOMUM SPECIES"
0.5455199653869939,0.9107432108939262,"Rep1: PEPPER (Piper nigrum L.), Rep2: CURCUMA SPECIES"
0.5307108895850446,0.9428879944707029,"Rep1: PEPPER (Piper nigrum L.), Rep2: DILL (Anethum species)"
0.6330709138723731,0.9405458512233739,"Rep1: PEPPER (Piper nigrum L.), Rep2: FENNEL (Foeniculum vulg., ssp. capillaceum; var.)"
0.6434637871067119,0.968517937219908,"Rep1: PEPPER (Piper nigrum L.), Rep2: LICORICE (Glycyrrhiza species)"
0.7037998478497193,0.9239602963308929,"Rep1: PEPPER (Piper nigrum L.), Rep2: MENTHA OILS"
0.5830148711735645,0.9889802972522964,"Rep1: PEPPER (Piper nigrum L.), Rep2: MUSTARD (Brassica species)"
0.8813451053373877,0.9921045440799184,"Rep1: SESAME SEED OIL, Rep2: BEER"
0.8544918343028389,0.9717864339230051,"Rep1: SESAME SEED OIL, Rep2: WINE"
0.7670199270128223,0.9449917037624868,"Rep1: SESAME SEED OIL, Rep2: BAIJIU (CHINESE LIQUOR)"
0.8053627208678924,0.9504863949592272,"Rep1: SESAME SEED OIL, Rep2: GRAPE BRANDY"
0.8143140679315841,0.9364294141110696,"Rep1: SESAME SEED OIL, Rep2: WHISKY"
0.7450145970025054,0.9289324835078959,"Rep1: SESAME SEED OIL, Rep2: CHEESE, VARIOUS TYPES"
0.7925935359046489,0.9411685988892118,"Rep1: SESAME SEED OIL, Rep2: MILK and MILK PRODUCTS"
0.7107854234726871,0.9399875411529947,"Rep1: SESAME SEED OIL, Rep2: COCOA category"
0.8052295773972592,0.9581508328236957,"Rep1: SESAME SEED OIL, Rep2: TEA"
0.8330814458923739,0.9651911493486122,"Rep1: SESAME SEED OIL, Rep2: BROWN ALGAE"
0.811523289995302,0.9167650152924286,"Rep1: SESAME SEED OIL, Rep2: CRAB"
0.8026087304041908,0.9582737523941965,"Rep1: SESAME SEED OIL, Rep2: FISH"
0.8490595391558603,0.9571820006340628,"Rep1: SESAME SEED OIL, Rep2: GREEN ALGAE"
0.8416749318165693,0.9699654082911673,"Rep1: SESAME SEED OIL, Rep2: RED ALGAE"
0.8766091902676688,0.9670705866253244,"Rep1: SESAME SEED OIL, Rep2: SHRIMPS (PRAWN)"
0.7841467626551586,0.9410582411402139,"Rep1: SESAME SEED OIL, Rep2: BEEF"
0.8086070919103224,0.9111747862818059,"Rep1: SESAME SEED OIL, Rep2: CHICKEN"
0.7913620805001773,0.959639032780012,"Rep1: SESAME SEED OIL, Rep2: EGG"
0.7865486609463663,0.9725873497897902,"Rep1: SESAME SEED OIL, Rep2: LAMB and MUTTON"
0.8179669107675078,0.9121186139467048,"Rep1: SESAME SEED OIL, Rep2: PORK"
0.7892093402188513,0.9760898500175634,"Rep1: SESAME SEED OIL, Rep2: CINNAMOMUM SPECIES"
0.7932399894081696,0.9860279458499159,"Rep1: SESAME SEED OIL, Rep2: CURCUMA SPECIES"
0.7934672159920344,0.9628248514287333,"Rep1: SESAME SEED OIL, Rep2: DILL (Anethum species)"
0.8070183238657799,0.9805532395059958,"Rep1: SESAME SEED OIL, Rep2: FENNEL (Foeniculum vulg., ssp. capillaceum; var.)"
0.6907850759573686,0.9498060326278274,"Rep1: SESAME SEED OIL, Rep2: LICORICE (Glycyrrhiza species)"
0.8864104943810771,0.977347672407833,"Rep1: SESAME SEED OIL, Rep2: MENTHA OILS"
0.6908395168082055,0.9693599995892941,"Rep1: SESAME SEED OIL, Rep2: MUSTARD (Brassica species)"
0.7722769914149042,0.9829708787642042,"Rep1: SESAME SEED OIL, Rep2: PEPPER (Piper nigrum L.)"
0.8447859268594168,0.9917420590515355,"Rep1: ALLIUM SPECIES, Rep2: BEER"
0.8143977534919901,0.9848157644296783,"Rep1: ALLIUM SPECIES, Rep2: WINE"
0.7550940962367686,0.9714620396136522,"Rep1: ALLIUM SPECIES, Rep2: BAIJIU (CHINESE LIQUOR)"
0.8066755675677961,0.9737103638520123,"Rep1: ALLIUM SPECIES, Rep2: GRAPE BRANDY"
0.818906951107581,0.9730339031549285,"Rep1: ALLIUM SPECIES, Rep2: WHISKY"
0.7655765651445956,0.9731687965357148,"Rep1: ALLIUM SPECIES, Rep2: CHEESE, VARIOUS TYPES"
0.8130804817580237,0.9682684374391916,"Rep1: ALLIUM SPECIES, Rep2: MILK and MILK PRODUCTS"
0.7881149754324438,0.9755676520276565,"Rep1: ALLIUM SPECIES, Rep2: COCOA category"
0.7541922369612619,0.9811826575455413,"Rep1: ALLIUM SPECIES, Rep2: TEA"
0.776599015702068,0.992821467522169,"Rep1: ALLIUM SPECIES, Rep2: BROWN ALGAE"
0.7780234650065914,0.955319324387708,"Rep1: ALLIUM SPECIES, Rep2: CRAB"
0.7888903710829323,0.9811713550666187,"Rep1: ALLIUM SPECIES, Rep2: FISH"
0.7826246092738108,0.985890113537091,"Rep1: ALLIUM SPECIES, Rep2: GREEN ALGAE"
0.7859970135486024,0.9926848304936445,"Rep1: ALLIUM SPECIES, Rep2: RED ALGAE"
0.8129467729650135,0.9816586201349579,"Rep1: ALLIUM SPECIES, Rep2: SHRIMPS (PRAWN)"
0.8031333477871194,0.9662404060346533,"Rep1: ALLIUM SPECIES, Rep2: BEEF"
0.8201824820105891,0.9778355647765135,"Rep1: ALLIUM SPECIES, Rep2: CHICKEN"
0.7649395255333807,0.9809047007786442,"Rep1: ALLIUM SPECIES, Rep2: EGG"
0.7820397122550089,0.9828935146402231,"Rep1: ALLIUM SPECIES, Rep2: LAMB and MUTTON"
0.8176657753285551,0.9723776350055423,"Rep1: ALLIUM SPECIES, Rep2: PORK"
0.7250548713442967,0.993566464905964,"Rep1: ALLIUM SPECIES, Rep2: CINNAMOMUM SPECIES"
0.7018651119930814,0.994321742845059,"Rep1: ALLIUM SPECIES, Rep2: CURCUMA SPECIES"
0.6614905054467016,0.9894535407625076,"Rep1: ALLIUM SPECIES, Rep2: DILL (Anethum species)"
0.7030400827009872,0.9963267867895471,"Rep1: ALLIUM SPECIES, Rep2: FENNEL (Foeniculum vulg., ssp. capillaceum; var.)"
0.704607476373767,0.9772015527300769,"Rep1: ALLIUM SPECIES, Rep2: LICORICE (Glycyrrhiza species)"
0.7690801383734042,0.9913104449660145,"Rep1: ALLIUM SPECIES, Rep2: MENTHA OILS"
0.6215315889632871,0.9783305554703116,"Rep1: ALLIUM SPECIES, Rep2: MUSTARD (Brassica species)"
0.6282200311786037,0.9928164379280582,"Rep1: ALLIUM SPECIES, Rep2: PEPPER (Piper nigrum L.)"
0.768187968389515,0.9766903981151455,"Rep1: ALLIUM SPECIES, Rep2: SESAME SEED OIL"
0.8039284771612937,0.9838180035213041,"Rep1: CAPSICUM SPECIES, Rep2: BEER"
0.713380874925092,0.9886741913568423,"Rep1: CAPSICUM SPECIES, Rep2: WINE"
0.7004892019841112,0.9868004026011711,"Rep1: CAPSICUM SPECIES, Rep2: BAIJIU (CHINESE LIQUOR)"
0.7006552467089786,0.9901314071526679,"Rep1: CAPSICUM SPECIES, Rep2: GRAPE BRANDY"
0.7321105818925516,0.9890527905612181,"Rep1: CAPSICUM SPECIES, Rep2: WHISKY"
0.7910741567566115,0.9924182218974772,"Rep1: CAPSICUM SPECIES, Rep2: CHEESE, VARIOUS TYPES"
0.8534664156061924,0.9897150469333656,"Rep1: CAPSICUM SPECIES, Rep2: MILK and MILK PRODUCTS"
0.7469070962174716,0.985908438935144,"Rep1: CAPSICUM SPECIES, Rep2: COCOA category"
0.7058188225490271,0.9868878114082305,"Rep1: CAPSICUM SPECIES, Rep2: TEA"
0.8117071479795896,0.9970356468103245,"Rep1: CAPSICUM SPECIES, Rep2: BROWN ALGAE"
0.7874978355225427,0.9877389920229391,"Rep1: CAPSICUM SPECIES, Rep2: CRAB"
0.8020204349047442,0.9901129916128213,"Rep1: CAPSICUM SPECIES, Rep2: FISH"
0.8159435800011765,0.9963903646076243,"Rep1: CAPSICUM SPECIES, Rep2: GREEN ALGAE"
0.8114607832573467,0.9983512991208296,"Rep1: CAPSICUM SPECIES, Rep2: RED ALGAE"
0.840773590995231,0.9950821447974756,"Rep1: CAPSICUM SPECIES, Rep2: SHRIMPS (PRAWN)"
0.8622665977807614,0.9912986694841115,"Rep1: CAPSICUM SPECIES, Rep2: BEEF"
0.8767041043053672,0.994979927083714,"Rep1: CAPSICUM SPECIES, Rep2: CHICKEN"
0.83738121911553,0.9903644456711455,"Rep1: CAPSICUM SPECIES, Rep2: EGG"
0.8078887491407969,0.9935887610821559,"Rep1: CAPSICUM SPECIES, Rep2: LAMB and MUTTON"
0.8571567937250238,0.9924348924503048,"Rep1: CAPSICUM SPECIES, Rep2: PORK"
0.6179072475797095,0.9890664095374182,"Rep1: CAPSICUM SPECIES, Rep2: CINNAMOMUM SPECIES"
0.6039753814329987,0.9900946722968844,"Rep1: CAPSICUM SPECIES, Rep2: CURCUMA SPECIES"
0.5742205158513216,0.9905152246536484,"Rep1: CAPSICUM SPECIES, Rep2: DILL (Anethum species)"
0.6702160918147971,0.9907944231079507,"Rep1: CAPSICUM SPECIES, Rep2: FENNEL (Foeniculum vulg., ssp. capillaceum; var.)"
0.670169872323208,0.9909881963192887,"Rep1: CAPSICUM SPECIES, Rep2: LICORICE (Glycyrrhiza species)"
0.7286732728002847,0.983708012598768,"Rep1: CAPSICUM SPECIES, Rep2: MENTHA OILS"
0.5863027516694347,0.9952079171567885,"Rep1: CAPSICUM SPECIES, Rep2: MUSTARD (Brassica species)"
0.5472905805826649,0.9857567425588404,"Rep1: CAPSICUM SPECIES, Rep2: PEPPER (Piper nigrum L.)"
0.7997399599235279,0.9922220033444343,"Rep1: CAPSICUM SPECIES, Rep2: SESAME SEED OIL"
0.6424048835507551,0.9963400374044636,"Rep1: CAPSICUM SPECIES, Rep2: ALLIUM SPECIES"
0.8371337987753837,0.990896502674259,"Rep1: SOYBEAN (Glycine max. L. merr.), Rep2: BEER"
0.8423723807719298,0.966025229165095,"Rep1: SOYBEAN (Glycine max. L. merr.), Rep2: WINE"
0.7540958785332029,0.9082836432416873,"Rep1: SOYBEAN (Glycine max. L. merr.), Rep2: BAIJIU (CHINESE LIQUOR)"
0.8136932924355421,0.9364818576476303,"Rep1: SOYBEAN (Glycine max. L. merr.), Rep2: GRAPE BRANDY"
0.8092618018273066,0.9140786301728308,"Rep1: SOYBEAN (Glycine max. L. merr.), Rep2: WHISKY"
0.7353690585294596,0.9299691893748385,"Rep1: SOYBEAN (Glycine max. L. merr.), Rep2: CHEESE, VARIOUS TYPES"
0.7813006248965181,0.9262338733326918,"Rep1: SOYBEAN (Glycine max. L. merr.), Rep2: MILK and MILK PRODUCTS"
0.7134512311611091,0.9073034530657256,"Rep1: SOYBEAN (Glycine max. L. merr.), Rep2: COCOA category"
0.7778709897532459,0.9417220099938164,"Rep1: SOYBEAN (Glycine max. L. merr.), Rep2: TEA"
0.8291043080658405,0.9862089128658228,"Rep1: SOYBEAN (Glycine max. L. merr.), Rep2: BROWN ALGAE"
0.7976222929682338,0.8772073948827409,"Rep1: SOYBEAN (Glycine max. L. merr.), Rep2: CRAB"
0.8124349656817886,0.9506308216210047,"Rep1: SOYBEAN (Glycine max. L. merr.), Rep2: FISH"
0.8192370496091027,0.9891172904513046,"Rep1: SOYBEAN (Glycine max. L. merr.), Rep2: GREEN ALGAE"
0.8282734462193868,0.9969526694022143,"Rep1: SOYBEAN (Glycine max. L. merr.), Rep2: RED ALGAE"
0.8347671451274457,0.9452314437116938,"Rep1: SOYBEAN (Glycine max. L. merr.), Rep2: SHRIMPS (PRAWN)"
0.7751496625895343,0.9059114374116922,"Rep1: SOYBEAN (Glycine max. L. merr.), Rep2: BEEF"
0.7889470649580702,0.9428885841686888,"Rep1: SOYBEAN (Glycine max. L. merr.), Rep2: CHICKEN"
0.7767151109086315,0.9577837342599254,"Rep1: SOYBEAN (Glycine max. L. merr.), Rep2: EGG"
0.792789721114699,0.9468837587155841,"Rep1: SOYBEAN (Glycine max. L. merr.), Rep2: LAMB and MUTTON"
0.7983167991083067,0.9100042824569543,"Rep1: SOYBEAN (Glycine max. L. merr.), Rep2: PORK"
0.7904159656848195,0.9726253110203419,"Rep1: SOYBEAN (Glycine max. L. merr.), Rep2: CINNAMOMUM SPECIES"
0.770363108598566,0.9883854887282371,"Rep1: SOYBEAN (Glycine max. L. merr.), Rep2: CURCUMA SPECIES"
0.746574611354404,0.9726892466271341,"Rep1: SOYBEAN (Glycine max. L. merr.), Rep2: DILL (Anethum species)"
0.742664473502115,0.983830895780184,"Rep1: SOYBEAN (Glycine max. L. merr.), Rep2: FENNEL (Foeniculum vulg., ssp. capillaceum; var.)"
0.7001171287717523,0.9201250619894975,"Rep1: SOYBEAN (Glycine max. L. merr.), Rep2: LICORICE (Glycyrrhiza species)"
0.8729031416327252,0.9686692261775504,"Rep1: SOYBEAN (Glycine max. L. merr.), Rep2: MENTHA OILS"
0.704885294949681,0.9595150742209836,"Rep1: SOYBEAN (Glycine max. L. merr.), Rep2: MUSTARD (Brassica species)"
0.7415197986472295,0.9843989194377868,"Rep1: SOYBEAN (Glycine max. L. merr.), Rep2: PEPPER (Piper nigrum L.)"
0.7056464481614566,0.9055664706715502,"Rep1: SOYBEAN (Glycine max. L. merr.), Rep2: SESAME SEED OIL"
0.7384498591600338,0.9679174876141884,"Rep1: SOYBEAN (Glycine max. L. merr.), Rep2: ALLIUM SPECIES"
0.7753845306086377,0.9873835807761542,"Rep1: SOYBEAN (Glycine max. L. merr.), Rep2: CAPSICUM SPECIES"
0.8125743111093114,0.9916352787615736,"Rep1: MUSHROOM, Rep2: BEER"
0.7636875849045878,0.968016737009468,"Rep1: MUSHROOM, Rep2: WINE"
0.6615711851142675,0.920978966072513,"Rep1: MUSHROOM, Rep2: BAIJIU (CHINESE LIQUOR)"
0.7042748727487318,0.9480403309566654,"Rep1: MUSHROOM, Rep2: GRAPE BRANDY"
0.6815552160726273,0.9255656936277928,"Rep1: MUSHROOM, Rep2: WHISKY"
0.6771995622210396,0.9445365928107037,"Rep1: MUSHROOM, Rep2: CHEESE, VARIOUS TYPES"
0.7807253694228582,0.9488790079864236,"Rep1: MUSHROOM, Rep2: MILK and MILK PRODUCTS"
0.6865801663888941,0.9309847194524347,"Rep1: MUSHROOM, Rep2: COCOA category"
0.6982990032063647,0.9544291843473035,"Rep1: MUSHROOM, Rep2: TEA"
0.7595678322229119,0.9849184390462465,"Rep1: MUSHROOM, Rep2: BROWN ALGAE"
0.756523214226178,0.925492419637158,"Rep1: MUSHROOM, Rep2: CRAB"
0.7695006233545242,0.9666804028611495,"Rep1: MUSHROOM, Rep2: FISH"
0.7590065720332334,0.9833199993853468,"Rep1: MUSHROOM, Rep2: GREEN ALGAE"
0.7603728309933924,0.9909911665435928,"Rep1: MUSHROOM, Rep2: RED ALGAE"
0.7948950368143356,0.9635112260155223,"Rep1: MUSHROOM, Rep2: SHRIMPS (PRAWN)"
0.7801195575054022,0.9380685314697863,"Rep1: MUSHROOM, Rep2: BEEF"
0.813154325517779,0.9579193327424548,"Rep1: MUSHROOM, Rep2: CHICKEN"
0.7629134844132425,0.9747589025677174,"Rep1: MUSHROOM, Rep2: EGG"
0.7777116709978732,0.9538605129728891,"Rep1: MUSHROOM, Rep2: LAMB and MUTTON"
0.8064616282331737,0.9402661712185231,"Rep1: MUSHROOM, Rep2: PORK"
0.6982551054768797,0.9752224999625864,"Rep1: MUSHROOM, Rep2: CINNAMOMUM SPECIES"
0.7057320345420155,0.9888580643238574,"Rep1: MUSHROOM, Rep2: CURCUMA SPECIES"
0.6967152050546237,0.9761914931663751,"Rep1: MUSHROOM, Rep2: DILL (Anethum species)"
0.715860633481509,0.9894018767057632,"Rep1: MUSHROOM, Rep2: FENNEL (Foeniculum vulg., ssp. capillaceum; var.)"
0.6484068021121951,0.9360913304107731,"Rep1: MUSHROOM, Rep2: LICORICE (Glycyrrhiza species)"
0.8265670833549449,0.9713803254292933,"Rep1: MUSHROOM, Rep2: MENTHA OILS"
0.6761529191729053,0.9653384476518786,"Rep1: MUSHROOM, Rep2: MUSTARD (Brassica species)"
0.6781109854501376,0.9840595623614732,"Rep1: MUSHROOM, Rep2: PEPPER (Piper nigrum L.)"
0.7014840109102248,0.9332126432051909,"Rep1: MUSHROOM, Rep2: SESAME SEED OIL"
0.7025964053085135,0.9720285126900978,"Rep1: MUSHROOM, Rep2: ALLIUM SPECIES"
0.7188648686433016,0.9916141514949984,"Rep1: MUSHROOM, Rep2: CAPSICUM SPECIES"
0.6578001535437646,0.916654116351531,"Rep1: MUSHROOM, Rep2: SOYBEAN (Glycine max. L. merr.)"
0.7966187173245343,0.9788382472922196,"Rep1: TRUFFLE, Rep2: BEER"
0.741523504898736,0.973836989619353,"Rep1: TRUFFLE, Rep2: WINE"
0.646446046511428,0.9514355715571495,"Rep1: TRUFFLE, Rep2: BAIJIU (CHINESE LIQUOR)"
0.6836747917273116,0.9449668280742582,"Rep1: TRUFFLE, Rep2: GRAPE BRANDY"
0.6673048493491379,0.9486489160183794,"Rep1: TRUFFLE, Rep2: WHISKY"
0.6713366725373475,0.9341341948957258,"Rep1: TRUFFLE, Rep2: CHEESE, VARIOUS TYPES"
0.7846206466649022,0.9371831568271173,"Rep1: TRUFFLE, Rep2: MILK and MILK PRODUCTS"
0.6717915469375996,0.9549225709413943,"Rep1: TRUFFLE, Rep2: COCOA category"
0.6890295656675832,0.9756144335992037,"Rep1: TRUFFLE, Rep2: TEA"
0.747068297194457,0.9913295471815853,"Rep1: TRUFFLE, Rep2: BROWN ALGAE"
0.7624364331037352,0.9423582592244589,"Rep1: TRUFFLE, Rep2: CRAB"
0.7638527478129286,0.9608437437127428,"Rep1: TRUFFLE, Rep2: FISH"
0.7609800985624436,0.9934459623340914,"Rep1: TRUFFLE, Rep2: GREEN ALGAE"
0.7562384469879444,0.9989951815529641,"Rep1: TRUFFLE, Rep2: RED ALGAE"
0.8148570709965482,0.9671695754455047,"Rep1: TRUFFLE, Rep2: SHRIMPS (PRAWN)"
0.7821246357133788,0.9377701943554062,"Rep1: TRUFFLE, Rep2: BEEF"
0.8200332880706674,0.9715978695946899,"Rep1: TRUFFLE, Rep2: CHICKEN"
0.7541780258334136,0.9656664418382821,"Rep1: TRUFFLE, Rep2: EGG"
0.7466522375135217,0.9706325959534167,"Rep1: TRUFFLE, Rep2: LAMB and MUTTON"
0.8046530554829278,0.9496660438267358,"Rep1: TRUFFLE, Rep2: PORK"
0.6476850255747736,0.9918309872092662,"Rep1: TRUFFLE, Rep2: CINNAMOMUM SPECIES"
0.6473267738562286,0.9973519017389852,"Rep1: TRUFFLE, Rep2: CURCUMA SPECIES"
0.6394196142413082,0.9899566328404087,"Rep1: TRUFFLE, Rep2: DILL (Anethum species)"
0.6806381722266669,0.9957253912535031,"Rep1: TRUFFLE, Rep2: FENNEL (Foeniculum vulg., ssp. capillaceum; var.)"
0.6208406257263921,0.9550208596163732,"Rep1: TRUFFLE, Rep2: LICORICE (Glycyrrhiza species)"
0.8034989164529382,0.9818783239002372,"Rep1: TRUFFLE, Rep2: MENTHA OILS"
0.6244495954426752,0.9646789329426819,"Rep1: TRUFFLE, Rep2: MUSTARD (Brassica species)"
0.6207560208643113,0.9953051341246605,"Rep1: TRUFFLE, Rep2: PEPPER (Piper nigrum L.)"
0.6870504140801723,0.9450638405669215,"Rep1: TRUFFLE, Rep2: SESAME SEED OIL"
0.6697938167600355,0.9731598150233165,"Rep1: TRUFFLE, Rep2: ALLIUM SPECIES"
0.6659245904796751,0.9927034481565788,"Rep1: TRUFFLE, Rep2: CAPSICUM SPECIES"
0.6676421476851887,0.9378926343253285,"Rep1: TRUFFLE, Rep2: SOYBEAN (Glycine max. L. merr.)"
0.48272368292139034,0.9483398374298132,"Rep1: TRUFFLE, Rep2: MUSHROOM"
0.7779763721864822,0.994285868847918,"Rep1: APPLE FRESH (Malus species), Rep2: BEER"
0.7113214244605668,0.9527458385496956,"Rep1: APPLE FRESH (Malus species), Rep2: WINE"
0.7833002348723827,0.9277581861945798,"Rep1: APPLE FRESH (Malus species), Rep2: BAIJIU (CHINESE LIQUOR)"
0.7635860170616239,0.9253432863276744,"Rep1: APPLE FRESH (Malus species), Rep2: GRAPE BRANDY"
0.8264899548012685,0.9325508763175036,"Rep1: APPLE FRESH (Malus species), Rep2: WHISKY"
0.8517606951924642,0.9498456751158246,"Rep1: APPLE FRESH (Malus species), Rep2: CHEESE, VARIOUS TYPES"
0.8519387395968673,0.9583821849850023,"Rep1: APPLE FRESH (Malus species), Rep2: MILK and MILK PRODUCTS"
0.8589719019783277,0.9647172421899671,"Rep1: APPLE FRESH (Malus species), Rep2: COCOA category"
0.7427587952973549,0.9698882131511942,"Rep1: APPLE FRESH (Malus species), Rep2: TEA"
0.8585268573573712,0.9907062586367774,"Rep1: APPLE FRESH (Malus species), Rep2: BROWN ALGAE"
0.8158852827816947,0.962377330474142,"Rep1: APPLE FRESH (Malus species), Rep2: CRAB"
0.8574670009915415,0.9749384514870344,"Rep1: APPLE FRESH (Malus species), Rep2: FISH"
0.7901657210846347,0.9951436370293515,"Rep1: APPLE FRESH (Malus species), Rep2: GREEN ALGAE"
0.8112129270990877,0.9992891007393477,"Rep1: APPLE FRESH (Malus species), Rep2: RED ALGAE"
0.8275873953085535,0.9873732593045814,"Rep1: APPLE FRESH (Malus species), Rep2: SHRIMPS (PRAWN)"
0.9717209181533837,0.9588526576149674,"Rep1: APPLE FRESH (Malus species), Rep2: BEEF"
0.9291600067467201,0.9681235239150554,"Rep1: APPLE FRESH (Malus species), Rep2: CHICKEN"
0.906554645751304,0.984014953216972,"Rep1: APPLE FRESH (Malus species), Rep2: EGG"
0.9268350236054627,0.9822408255662508,"Rep1: APPLE FRESH (Malus species), Rep2: LAMB and MUTTON"
0.9523242494997273,0.9650335970998684,"Rep1: APPLE FRESH (Malus species), Rep2: PORK"
0.8174708525084525,0.9889169025273404,"Rep1: APPLE FRESH (Malus species), Rep2: CINNAMOMUM SPECIES"
0.8082133360044883,0.9939774629414975,"Rep1: APPLE FRESH (Malus species), Rep2: CURCUMA SPECIES"
0.7135966765543368,0.9847189995088134,"Rep1: APPLE FRESH (Malus species), Rep2: DILL (Anethum species)"
0.7343480854119928,0.9881426524626928,"Rep1: APPLE FRESH (Malus species), Rep2: FENNEL (Foeniculum vulg., ssp. capillaceum; var.)"
0.8358360703050044,0.9662613441302668,"Rep1: APPLE FRESH (Malus species), Rep2: LICORICE (Glycyrrhiza species)"
0.7324921627189875,0.9832408280212162,"Rep1: APPLE FRESH (Malus species), Rep2: MENTHA OILS"
0.7869057880980701,0.982641022639463,"Rep1: APPLE FRESH (Malus species), Rep2: MUSTARD (Brassica species)"
0.7292880854088039,0.9906574494698412,"Rep1: APPLE FRESH (Malus species), Rep2: PEPPER (Piper nigrum L.)"
0.8814813459861527,0.9526716887003264,"Rep1: APPLE FRESH (Malus species), Rep2: SESAME SEED OIL"
0.7416529873398984,0.9799372758141016,"Rep1: APPLE FRESH (Malus species), Rep2: ALLIUM SPECIES"
0.6470115440997564,0.986153723974518,"Rep1: APPLE FRESH (Malus species), Rep2: CAPSICUM SPECIES"
0.8328248856987102,0.9370580538342653,"Rep1: APPLE FRESH (Malus species), Rep2: SOYBEAN (Glycine max. L. merr.)"
0.786307719224041,0.9623348214031756,"Rep1: APPLE FRESH (Malus species), Rep2: MUSHROOM"
0.7852005882681165,0.9590852534097942,"Rep1: APPLE FRESH (Malus species), Rep2: TRUFFLE"
0.7850878677727396,0.9864479665220183,"Rep1: CITRUS FRUITS, Rep2: BEER"
0.770604691439176,0.9745378646076384,"Rep1: CITRUS FRUITS, Rep2: WINE"
0.8202721680729603,0.9680981669153063,"Rep1: CITRUS FRUITS, Rep2: BAIJIU (CHINESE LIQUOR)"
0.824923238325322,0.9698743055722558,"Rep1: CITRUS FRUITS, Rep2: GRAPE BRANDY"
0.8658886049728493,0.9790427090885683,"Rep1: CITRUS FRUITS, Rep2: WHISKY"
0.8556124175961821,0.9781988444790093,"Rep1: CITRUS FRUITS, Rep2: CHEESE, VARIOUS TYPES"
0.840792388408813,0.9739158395849311,"Rep1: CITRUS FRUITS, Rep2: MILK and MILK PRODUCTS"
0.8664508096235558,0.9769747766895615,"Rep1: CITRUS FRUITS, Rep2: COCOA category"
0.7612100963826881,0.9509091254285952,"Rep1: CITRUS FRUITS, Rep2: TEA"
0.8064231315511361,0.9930655190332482,"Rep1: CITRUS FRUITS, Rep2: BROWN ALGAE"
0.7823124623757939,0.9738503805985553,"Rep1: CITRUS FRUITS, Rep2: CRAB"
0.8227228908775979,0.9807719169415178,"Rep1: CITRUS FRUITS, Rep2: FISH"
0.759128082732409,0.9932152847891152,"Rep1: CITRUS FRUITS, Rep2: GREEN ALGAE"
0.7771071266438422,0.9970889884643733,"Rep1: CITRUS FRUITS, Rep2: RED ALGAE"
0.8121531032117029,0.9916550672055348,"Rep1: CITRUS FRUITS, Rep2: SHRIMPS (PRAWN)"
0.9502135382622989,0.9753790510538776,"Rep1: CITRUS FRUITS, Rep2: BEEF"
0.9212694774563152,0.9778562951117048,"Rep1: CITRUS FRUITS, Rep2: CHICKEN"
0.8840911654697742,0.9895091474012321,"Rep1: CITRUS FRUITS, Rep2: EGG"
0.9105631186272358,0.9864583324792767,"Rep1: CITRUS FRUITS, Rep2: LAMB and MUTTON"
0.9382316743896778,0.9730948599580225,"Rep1: CITRUS FRUITS, Rep2: PORK"
0.80141988310432,0.9127173200257563,"Rep1: CITRUS FRUITS, Rep2: CINNAMOMUM SPECIES"
0.7678802745259615,0.9065466094054685,"Rep1: CITRUS FRUITS, Rep2: CURCUMA SPECIES"
0.6908056344682695,0.9054361873069952,"Rep1: CITRUS FRUITS, Rep2: DILL (Anethum species)"
0.7133467806151026,0.8999832634554985,"Rep1: CITRUS FRUITS, Rep2: FENNEL (Foeniculum vulg., ssp. capillaceum; var.)"
0.82895162305716,0.9598745815241662,"Rep1: CITRUS FRUITS, Rep2: LICORICE (Glycyrrhiza species)"
0.6759372197247091,0.9014949762676279,"Rep1: CITRUS FRUITS, Rep2: MENTHA OILS"
0.7638853205625259,0.9822375791513354,"Rep1: CITRUS FRUITS, Rep2: MUSTARD (Brassica species)"
0.6999367227578793,0.9158549259602223,"Rep1: CITRUS FRUITS, Rep2: PEPPER (Piper nigrum L.)"
0.8708467585023132,0.9673908503760963,"Rep1: CITRUS FRUITS, Rep2: SESAME SEED OIL"
0.7243917098778002,0.9863632184794359,"Rep1: CITRUS FRUITS, Rep2: ALLIUM SPECIES"
0.6700546193586074,0.9869311016574506,"Rep1: CITRUS FRUITS, Rep2: CAPSICUM SPECIES"
0.8498678344829176,0.9646469985011233,"Rep1: CITRUS FRUITS, Rep2: SOYBEAN (Glycine max. L. merr.)"
0.8303696723068911,0.973801422847659,"Rep1: CITRUS FRUITS, Rep2: MUSHROOM"
0.805054756845508,0.9855341052697144,"Rep1: CITRUS FRUITS, Rep2: TRUFFLE"
0.6070627282644897,0.9703959458584142,"Rep1: CITRUS FRUITS, Rep2: APPLE FRESH (Malus species)"
0.8269350831370488,0.9854553388695315,"Rep1: GUAVA and FEYOA, Rep2: BEER"
0.7388122908614657,0.9461693070513113,"Rep1: GUAVA and FEYOA, Rep2: WINE"
0.7681089368252545,0.9332571402428219,"Rep1: GUAVA and FEYOA, Rep2: BAIJIU (CHINESE LIQUOR)"
0.7271959653361657,0.9248177534612274,"Rep1: GUAVA and FEYOA, Rep2: GRAPE BRANDY"
0.7646101007097507,0.9284465165381766,"Rep1: GUAVA and FEYOA, Rep2: WHISKY"
0.8553449951001344,0.9494889167574854,"Rep1: GUAVA and FEYOA, Rep2: CHEESE, VARIOUS TYPES"
0.880752921261233,0.9546865123109274,"Rep1: GUAVA and FEYOA, Rep2: MILK and MILK PRODUCTS"
0.8185678790386121,0.9411356428744919,"Rep1: GUAVA and FEYOA, Rep2: COCOA category"
0.7111479629926639,0.9362051963184606,"Rep1: GUAVA and FEYOA, Rep2: TEA"
0.7939380271322403,0.9873788699832278,"Rep1: GUAVA and FEYOA, Rep2: BROWN ALGAE"
0.8166118712626759,0.9356169800729823,"Rep1: GUAVA and FEYOA, Rep2: CRAB"
0.8529067838320463,0.9738255691338751,"Rep1: GUAVA and FEYOA, Rep2: FISH"
0.7630247892077098,0.9858741022038431,"Rep1: GUAVA and FEYOA, Rep2: GREEN ALGAE"
0.770057974981137,0.9937763326296276,"Rep1: GUAVA and FEYOA, Rep2: RED ALGAE"
0.8648056795367739,0.9794218655743167,"Rep1: GUAVA and FEYOA, Rep2: SHRIMPS (PRAWN)"
0.9423676971764415,0.9538268046210503,"Rep1: GUAVA and FEYOA, Rep2: BEEF"
0.9471123417512404,0.9664838652466959,"Rep1: GUAVA and FEYOA, Rep2: CHICKEN"
0.8929496628631762,0.9814200437684407,"Rep1: GUAVA and FEYOA, Rep2: EGG"
0.8798701939841661,0.9770771875430091,"Rep1: GUAVA and FEYOA, Rep2: LAMB and MUTTON"
0.9488490409946141,0.9588968492368976,"Rep1: GUAVA and FEYOA, Rep2: PORK"
0.7077786048143158,0.9217319878829403,"Rep1: GUAVA and FEYOA, Rep2: CINNAMOMUM SPECIES"
0.6871803533395303,0.9366153967189281,"Rep1: GUAVA and FEYOA, Rep2: CURCUMA SPECIES"
0.6513280947144446,0.9370438098987522,"Rep1: GUAVA and FEYOA, Rep2: DILL (Anethum species)"
0.7072799889189997,0.9420045645712835,"Rep1: GUAVA and FEYOA, Rep2: FENNEL (Foeniculum vulg., ssp. capillaceum; var.)"
0.747685542039246,0.945996191424832,"Rep1: GUAVA and FEYOA, Rep2: LICORICE (Glycyrrhiza species)"
0.6993176872431671,0.9234160191902978,"Rep1: GUAVA and FEYOA, Rep2: MENTHA OILS"
0.7408736746968815,0.9751301021248822,"Rep1: GUAVA and FEYOA, Rep2: MUSTARD (Brassica species)"
0.6499514474070102,0.9266332841850018,"Rep1: GUAVA and FEYOA, Rep2: PEPPER (Piper nigrum L.)"
0.8661137216856327,0.9574541667502332,"Rep1: GUAVA and FEYOA, Rep2: SESAME SEED OIL"
0.733310045141989,0.9742303287332958,"Rep1: GUAVA and FEYOA, Rep2: ALLIUM SPECIES"
0.6179728478239254,0.9789438439933438,"Rep1: GUAVA and FEYOA, Rep2: CAPSICUM SPECIES"
0.8316075797268249,0.9375076063702864,"Rep1: GUAVA and FEYOA, Rep2: SOYBEAN (Glycine max. L. merr.)"
0.7514304908155087,0.9491989508292297,"Rep1: GUAVA and FEYOA, Rep2: MUSHROOM"
0.7295594950900188,0.9666916356770038,"Rep1: GUAVA and FEYOA, Rep2: TRUFFLE"
0.6449748050740824,0.9262371217084087,"Rep1: GUAVA and FEYOA, Rep2: APPLE FRESH (Malus species)"
0.6645931041254365,0.9166748400484042,"Rep1: GUAVA and FEYOA, Rep2: CITRUS FRUITS"
0.8219734727690209,0.9943011387927534,"Rep1: MANGIFERA SPECIES, Rep2: BEER"
0.7792927818407769,0.970537750088581,"Rep1: MANGIFERA SPECIES, Rep2: WINE"
0.7401573848906842,0.9615059056976315,"Rep1: MANGIFERA SPECIES, Rep2: BAIJIU (CHINESE LIQUOR)"
0.7638063538505377,0.9582587245130714,"Rep1: MANGIFERA SPECIES, Rep2: GRAPE BRANDY"
0.8207534976504831,0.9586491336853482,"Rep1: MANGIFERA SPECIES, Rep2: WHISKY"
0.8261139839642944,0.9649426917196932,"Rep1: MANGIFERA SPECIES, Rep2: CHEESE, VARIOUS TYPES"
0.8454037029295767,0.9728065605537379,"Rep1: MANGIFERA SPECIES, Rep2: MILK and MILK PRODUCTS"
0.7912227621546931,0.9642444318019736,"Rep1: MANGIFERA SPECIES, Rep2: COCOA category"
0.7959288568041328,0.9642216537358212,"Rep1: MANGIFERA SPECIES, Rep2: TEA"
0.8171383232112618,0.975645466683023,"Rep1: MANGIFERA SPECIES, Rep2: BROWN ALGAE"
0.8064769853150787,0.9661213830869986,"Rep1: MANGIFERA SPECIES, Rep2: CRAB"
0.8541731398634409,0.9800119546928451,"Rep1: MANGIFERA SPECIES, Rep2: FISH"
0.8220949421441323,0.9608791274984692,"Rep1: MANGIFERA SPECIES, Rep2: GREEN ALGAE"
0.823622509619996,0.9688826592179063,"Rep1: MANGIFERA SPECIES, Rep2: RED ALGAE"
0.8439253739945873,0.9878722065264373,"Rep1: MANGIFERA SPECIES, Rep2: SHRIMPS (PRAWN)"
0.8909021579089836,0.976905298043712,"Rep1: MANGIFERA SPECIES, Rep2: BEEF"
0.8919735257293084,0.9587742683938035,"Rep1: MANGIFERA SPECIES, Rep2: CHICKEN"
0.8576620052790327,0.984568472898734,"Rep1: MANGIFERA SPECIES, Rep2: EGG"
0.854373498563089,0.980422211958672,"Rep1: MANGIFERA SPECIES, Rep2: LAMB and MUTTON"
0.8877268797737985,0.9703086164053424,"Rep1: MANGIFERA SPECIES, Rep2: PORK"
0.7914617615545869,0.9570156438016136,"Rep1: MANGIFERA SPECIES, Rep2: CINNAMOMUM SPECIES"
0.7544331383124584,0.9501741946188831,"Rep1: MANGIFERA SPECIES, Rep2: CURCUMA SPECIES"
0.7566082759589478,0.937787313724736,"Rep1: MANGIFERA SPECIES, Rep2: DILL (Anethum species)"
0.7821768602571426,0.9462306256190554,"Rep1: MANGIFERA SPECIES, Rep2: FENNEL (Foeniculum vulg., ssp. capillaceum; var.)"
0.7600463737075831,0.9693200665476875,"Rep1: MANGIFERA SPECIES, Rep2: LICORICE (Glycyrrhiza species)"
0.8459877994553741,0.955661626926824,"Rep1: MANGIFERA SPECIES, Rep2: MENTHA OILS"
0.7678458054038052,0.9821933774054606,"Rep1: MANGIFERA SPECIES, Rep2: MUSTARD (Brassica species)"
0.7322482970596357,0.9626482855637148,"Rep1: MANGIFERA SPECIES, Rep2: PEPPER (Piper nigrum L.)"
0.8536739577958049,0.9537502362774455,"Rep1: MANGIFERA SPECIES, Rep2: SESAME SEED OIL"
0.7583695844332129,0.9859095325680298,"Rep1: MANGIFERA SPECIES, Rep2: ALLIUM SPECIES"
0.6772673397988258,0.9895976003436516,"Rep1: MANGIFERA SPECIES, Rep2: CAPSICUM SPECIES"
0.8160073160877992,0.9700783070472879,"Rep1: MANGIFERA SPECIES, Rep2: SOYBEAN (Glycine max. L. merr.)"
0.7791265888783373,0.9721094917517628,"Rep1: MANGIFERA SPECIES, Rep2: MUSHROOM"
0.7712502831073412,0.9803491565971966,"Rep1: MANGIFERA SPECIES, Rep2: TRUFFLE"
0.7068524668860798,0.9616701529029683,"Rep1: MANGIFERA SPECIES, Rep2: APPLE FRESH (Malus species)"
0.7348804895985879,0.9442239201459739,"Rep1: MANGIFERA SPECIES, Rep2: CITRUS FRUITS"
0.6488518330219978,0.9289818737095532,"Rep1: MANGIFERA SPECIES, Rep2: GUAVA and FEYOA"
0.7792113862664932,0.9924664636497113,"Rep1: OLIVE (Olea europaea), Rep2: BEER"
0.7275420418335963,0.9698016799739939,"Rep1: OLIVE (Olea europaea), Rep2: WINE"
0.6764594912741311,0.9515523904944784,"Rep1: OLIVE (Olea europaea), Rep2: BAIJIU (CHINESE LIQUOR)"
0.7205194358366147,0.9462429444476091,"Rep1: OLIVE (Olea europaea), Rep2: GRAPE BRANDY"
0.7207381167818889,0.9425821571686409,"Rep1: OLIVE (Olea europaea), Rep2: WHISKY"
0.7141529736619235,0.9415110011421463,"Rep1: OLIVE (Olea europaea), Rep2: CHEESE, VARIOUS TYPES"
0.7832192523213659,0.9538734372107404,"Rep1: OLIVE (Olea europaea), Rep2: MILK and MILK PRODUCTS"
0.6958423943749191,0.9588619141557655,"Rep1: OLIVE (Olea europaea), Rep2: COCOA category"
0.6679397949632847,0.9603018763242277,"Rep1: OLIVE (Olea europaea), Rep2: TEA"
0.6900531280324111,0.9708837819644598,"Rep1: OLIVE (Olea europaea), Rep2: BROWN ALGAE"
0.7031093515687854,0.9513825387311103,"Rep1: OLIVE (Olea europaea), Rep2: CRAB"
0.7412429931428325,0.969458807457842,"Rep1: OLIVE (Olea europaea), Rep2: FISH"
0.6875607193547439,0.9743725433034912,"Rep1: OLIVE (Olea europaea), Rep2: GREEN ALGAE"
0.709451824293831,0.9814524792261078,"Rep1: OLIVE (Olea europaea), Rep2: RED ALGAE"
0.7813820429558949,0.9786279181307337,"Rep1: OLIVE (Olea europaea), Rep2: SHRIMPS (PRAWN)"
0.804025565346206,0.9482592197894909,"Rep1: OLIVE (Olea europaea), Rep2: BEEF"
0.8342218970971198,0.9407638595106168,"Rep1: OLIVE (Olea europaea), Rep2: CHICKEN"
0.7824239989507664,0.9740446492224072,"Rep1: OLIVE (Olea europaea), Rep2: EGG"
0.7643376998675421,0.9725687345648292,"Rep1: OLIVE (Olea europaea), Rep2: LAMB and MUTTON"
0.8191023469807518,0.9460162076843842,"Rep1: OLIVE (Olea europaea), Rep2: PORK"
0.711902003447102,0.9790896453281333,"Rep1: OLIVE (Olea europaea), Rep2: CINNAMOMUM SPECIES"
0.6526988791255103,0.9805937631028052,"Rep1: OLIVE (Olea europaea), Rep2: CURCUMA SPECIES"
0.6024376320248305,0.9680312034051979,"Rep1: OLIVE (Olea europaea), Rep2: DILL (Anethum species)"
0.6521161470903813,0.9799977644583933,"Rep1: OLIVE (Olea europaea), Rep2: FENNEL (Foeniculum vulg., ssp. capillaceum; var.)"
0.6559714068512723,0.9564717410023169,"Rep1: OLIVE (Olea europaea), Rep2: LICORICE (Glycyrrhiza species)"
0.7649083390609658,0.9706040995650477,"Rep1: OLIVE (Olea europaea), Rep2: MENTHA OILS"
0.6463364127987409,0.9806507992960644,"Rep1: OLIVE (Olea europaea), Rep2: MUSTARD (Brassica species)"
0.5894346433797109,0.9765137016847724,"Rep1: OLIVE (Olea europaea), Rep2: PEPPER (Piper nigrum L.)"
0.7427327609963902,0.9012722265154282,"Rep1: OLIVE (Olea europaea), Rep2: SESAME SEED OIL"
0.6642680490272063,0.9810744976583696,"Rep1: OLIVE (Olea europaea), Rep2: ALLIUM SPECIES"
0.6249471472371197,0.9882643173760509,"Rep1: OLIVE (Olea europaea), Rep2: CAPSICUM SPECIES"
0.6913812834192823,0.9395164237999638,"Rep1: OLIVE (Olea europaea), Rep2: SOYBEAN (Glycine max. L. merr.)"
0.6335141305944729,0.9578356497408466,"Rep1: OLIVE (Olea europaea), Rep2: MUSHROOM"
0.6006833647831352,0.956810676686765,"Rep1: OLIVE (Olea europaea), Rep2: TRUFFLE"
0.7037107966373305,0.9449057899457451,"Rep1: OLIVE (Olea europaea), Rep2: APPLE FRESH (Malus species)"
0.6966611175848559,0.9616767587539431,"Rep1: OLIVE (Olea europaea), Rep2: CITRUS FRUITS"
0.6557568710141259,0.934569061377421,"Rep1: OLIVE (Olea europaea), Rep2: GUAVA and FEYOA"
0.7030916694677175,0.9504925387339306,"Rep1: OLIVE (Olea europaea), Rep2: MANGIFERA SPECIES"
0.832760604963536,0.9929495478347499,"Rep1: PASSION FRUIT (PASSIFLORA SPECIES), Rep2: BEER"
0.758496560205628,0.9523456066544681,"Rep1: PASSION FRUIT (PASSIFLORA SPECIES), Rep2: WINE"
0.7924135600227613,0.9300346115464085,"Rep1: PASSION FRUIT (PASSIFLORA SPECIES), Rep2: BAIJIU (CHINESE LIQUOR)"
0.78025388856303,0.9295073769238937,"Rep1: PASSION FRUIT (PASSIFLORA SPECIES), Rep2: GRAPE BRANDY"
0.8402553417498826,0.92213042626089,"Rep1: PASSION FRUIT (PASSIFLORA SPECIES), Rep2: WHISKY"
0.8616199528169289,0.9487151426858305,"Rep1: PASSION FRUIT (PASSIFLORA SPECIES), Rep2: CHEESE, VARIOUS TYPES"
0.8573201662131151,0.9605461716091629,"Rep1: PASSION FRUIT (PASSIFLORA SPECIES), Rep2: MILK and MILK PRODUCTS"
0.8490713563396141,0.9375812576339774,"Rep1: PASSION FRUIT (PASSIFLORA SPECIES), Rep2: COCOA category"
0.7626817718461881,0.9404804647264197,"Rep1: PASSION FRUIT (PASSIFLORA SPECIES), Rep2: TEA"
0.7893589131937909,0.9915704280611556,"Rep1: PASSION FRUIT (PASSIFLORA SPECIES), Rep2: BROWN ALGAE"
0.7968553562364804,0.9464997756805644,"Rep1: PASSION FRUIT (PASSIFLORA SPECIES), Rep2: CRAB"
0.8509523264953646,0.9822235945622818,"Rep1: PASSION FRUIT (PASSIFLORA SPECIES), Rep2: FISH"
0.7609234102734954,0.9900707941413681,"Rep1: PASSION FRUIT (PASSIFLORA SPECIES), Rep2: GREEN ALGAE"
0.7713959888116411,0.9948459157821318,"Rep1: PASSION FRUIT (PASSIFLORA SPECIES), Rep2: RED ALGAE"
0.8411255502238565,0.9794741672479714,"Rep1: PASSION FRUIT (PASSIFLORA SPECIES), Rep2: SHRIMPS (PRAWN)"
0.95082286817514,0.9588797073100358,"Rep1: PASSION FRUIT (PASSIFLORA SPECIES), Rep2: BEEF"
0.9377511090750749,0.97682567294725,"Rep1: PASSION FRUIT (PASSIFLORA SPECIES), Rep2: CHICKEN"
0.8971481864805587,0.985239630914534,"Rep1: PASSION FRUIT (PASSIFLORA SPECIES), Rep2: EGG"
0.895583294893411,0.9739281405399672,"Rep1: PASSION FRUIT (PASSIFLORA SPECIES), Rep2: LAMB and MUTTON"
0.9419687699250624,0.9608800587685222,"Rep1: PASSION FRUIT (PASSIFLORA SPECIES), Rep2: PORK"
0.7932173981179721,0.9610694794447235,"Rep1: PASSION FRUIT (PASSIFLORA SPECIES), Rep2: CINNAMOMUM SPECIES"
0.7673626821924745,0.9712630407764818,"Rep1: PASSION FRUIT (PASSIFLORA SPECIES), Rep2: CURCUMA SPECIES"
0.7204595415704877,0.959736914195658,"Rep1: PASSION FRUIT (PASSIFLORA SPECIES), Rep2: DILL (Anethum species)"
0.7525773590269849,0.965228800014969,"Rep1: PASSION FRUIT (PASSIFLORA SPECIES), Rep2: FENNEL (Foeniculum vulg., ssp. capillaceum; var.)"
0.8058297027480631,0.9503289427010793,"Rep1: PASSION FRUIT (PASSIFLORA SPECIES), Rep2: LICORICE (Glycyrrhiza species)"
0.7328094270902076,0.9572290456197633,"Rep1: PASSION FRUIT (PASSIFLORA SPECIES), Rep2: MENTHA OILS"
0.7687795681104461,0.9808643408282918,"Rep1: PASSION FRUIT (PASSIFLORA SPECIES), Rep2: MUSTARD (Brassica species)"
0.7158369812083727,0.9743243914616524,"Rep1: PASSION FRUIT (PASSIFLORA SPECIES), Rep2: PEPPER (Piper nigrum L.)"
0.8922436938060959,0.966978004871042,"Rep1: PASSION FRUIT (PASSIFLORA SPECIES), Rep2: SESAME SEED OIL"
0.7433953432686536,0.9823914399512408,"Rep1: PASSION FRUIT (PASSIFLORA SPECIES), Rep2: ALLIUM SPECIES"
0.6342449139867837,0.9846039595377231,"Rep1: PASSION FRUIT (PASSIFLORA SPECIES), Rep2: CAPSICUM SPECIES"
0.8676854194638454,0.9490341708334414,"Rep1: PASSION FRUIT (PASSIFLORA SPECIES), Rep2: SOYBEAN (Glycine max. L. merr.)"
0.8153036677175007,0.953608325691446,"Rep1: PASSION FRUIT (PASSIFLORA SPECIES), Rep2: MUSHROOM"
0.7959879704644064,0.974424666126101,"Rep1: PASSION FRUIT (PASSIFLORA SPECIES), Rep2: TRUFFLE"
0.6185483235763916,0.9240384379442714,"Rep1: PASSION FRUIT (PASSIFLORA SPECIES), Rep2: APPLE FRESH (Malus species)"
0.6135728190968648,0.9456901557970032,"Rep1: PASSION FRUIT (PASSIFLORA SPECIES), Rep2: CITRUS FRUITS"
0.5227722817900667,0.8954429129074455,"Rep1: PASSION FRUIT (PASSIFLORA SPECIES), Rep2: GUAVA and FEYOA"
0.6095065683592191,0.9341973847106577,"Rep1: PASSION FRUIT (PASSIFLORA SPECIES), Rep2: MANGIFERA SPECIES"
0.6969382747106571,0.9493598705006325,"Rep1: PASSION FRUIT (PASSIFLORA SPECIES), Rep2: OLIVE (Olea europaea)"
0.8233725028249064,0.9893847384765141,"Rep1: PLUM (Prunus species), Rep2: BEER"
0.728578598010825,0.9490774081077484,"Rep1: PLUM (Prunus species), Rep2: WINE"
0.7449049641951174,0.9169542246690907,"Rep1: PLUM (Prunus species), Rep2: BAIJIU (CHINESE LIQUOR)"
0.7365530342166332,0.9294921001566341,"Rep1: PLUM (Prunus species), Rep2: GRAPE BRANDY"
0.8009305166080573,0.9323437678927385,"Rep1: PLUM (Prunus species), Rep2: WHISKY"
0.8013757154117694,0.9522593767717734,"Rep1: PLUM (Prunus species), Rep2: CHEESE, VARIOUS TYPES"
0.8312399267516614,0.9470814330139641,"Rep1: PLUM (Prunus species), Rep2: MILK and MILK PRODUCTS"
0.7876632300342037,0.933543228969249,"Rep1: PLUM (Prunus species), Rep2: COCOA category"
0.7719442867793987,0.932434228735751,"Rep1: PLUM (Prunus species), Rep2: TEA"
0.8073752176212983,0.9807207703508944,"Rep1: PLUM (Prunus species), Rep2: BROWN ALGAE"
0.7796613122036258,0.9258893360667295,"Rep1: PLUM (Prunus species), Rep2: CRAB"
0.8315518293412557,0.9682657089992198,"Rep1: PLUM (Prunus species), Rep2: FISH"
0.8068788930486472,0.9714999425814759,"Rep1: PLUM (Prunus species), Rep2: GREEN ALGAE"
0.8140750717535669,0.9864009214888222,"Rep1: PLUM (Prunus species), Rep2: RED ALGAE"
0.8085634873952469,0.9766918656047721,"Rep1: PLUM (Prunus species), Rep2: SHRIMPS (PRAWN)"
0.8786794255345733,0.9483725789325441,"Rep1: PLUM (Prunus species), Rep2: BEEF"
0.8760764544026228,0.9563865678556158,"Rep1: PLUM (Prunus species), Rep2: CHICKEN"
0.8488532210999742,0.9789740240565644,"Rep1: PLUM (Prunus species), Rep2: EGG"
0.8441588602965397,0.9643839953970912,"Rep1: PLUM (Prunus species), Rep2: LAMB and MUTTON"
0.8705754829457778,0.9463564068325465,"Rep1: PLUM (Prunus species), Rep2: PORK"
0.7709744085128271,0.9549711429556251,"Rep1: PLUM (Prunus species), Rep2: CINNAMOMUM SPECIES"
0.7602885646758222,0.9784497612442208,"Rep1: PLUM (Prunus species), Rep2: CURCUMA SPECIES"
0.7401335819265574,0.9625330917500186,"Rep1: PLUM (Prunus species), Rep2: DILL (Anethum species)"
0.7485371849056482,0.9762452734819703,"Rep1: PLUM (Prunus species), Rep2: FENNEL (Foeniculum vulg., ssp. capillaceum; var.)"
0.762283558468943,0.9303110119416476,"Rep1: PLUM (Prunus species), Rep2: LICORICE (Glycyrrhiza species)"
0.8156816867576713,0.9635121037905672,"Rep1: PLUM (Prunus species), Rep2: MENTHA OILS"
0.7498004377336858,0.9620389423333352,"Rep1: PLUM (Prunus species), Rep2: MUSTARD (Brassica species)"
0.7287140387902257,0.9789559698446526,"Rep1: PLUM (Prunus species), Rep2: PEPPER (Piper nigrum L.)"
0.8337780285816886,0.9470172033028048,"Rep1: PLUM (Prunus species), Rep2: SESAME SEED OIL"
0.7482286265026268,0.9724972324797186,"Rep1: PLUM (Prunus species), Rep2: ALLIUM SPECIES"
0.6663789195910228,0.9870297499753024,"Rep1: PLUM (Prunus species), Rep2: CAPSICUM SPECIES"
0.8028392889009511,0.9268494489194092,"Rep1: PLUM (Prunus species), Rep2: SOYBEAN (Glycine max. L. merr.)"
0.7491665636924103,0.940974164663519,"Rep1: PLUM (Prunus species), Rep2: MUSHROOM"
0.7394496524108439,0.9640623206490169,"Rep1: PLUM (Prunus species), Rep2: TRUFFLE"
0.6427787657258084,0.9253056765126039,"Rep1: PLUM (Prunus species), Rep2: APPLE FRESH (Malus species)"
0.7012046016512183,0.9505885572354108,"Rep1: PLUM (Prunus species), Rep2: CITRUS FRUITS"
0.6684943114402648,0.9097347501940887,"Rep1: PLUM (Prunus species), Rep2: GUAVA and FEYOA"
0.6921159003126512,0.949710104634727,"Rep1: PLUM (Prunus species), Rep2: MANGIFERA SPECIES"
0.6794413982107342,0.9457701388494323,"Rep1: PLUM (Prunus species), Rep2: OLIVE (Olea europaea)"
0.643102929484057,0.9128251121225847,"Rep1: PLUM (Prunus species), Rep2: PASSION FRUIT (PASSIFLORA SPECIES)"
0.797960490095401,0.982343405301952,"Rep1: RASPBERRY, BLACKBERRY and BOYSENBERRY, Rep2: BEER"
0.7131709835597202,0.9466263517607499,"Rep1: RASPBERRY, BLACKBERRY and BOYSENBERRY, Rep2: WINE"
0.7549195148708564,0.9251103686044753,"Rep1: RASPBERRY, BLACKBERRY and BOYSENBERRY, Rep2: BAIJIU (CHINESE LIQUOR)"
0.7369746716318263,0.9316752513827249,"Rep1: RASPBERRY, BLACKBERRY and BOYSENBERRY, Rep2: GRAPE BRANDY"
0.7833222363361724,0.9380280697770554,"Rep1: RASPBERRY, BLACKBERRY and BOYSENBERRY, Rep2: WHISKY"
0.8282716386337187,0.9533777957810513,"Rep1: RASPBERRY, BLACKBERRY and BOYSENBERRY, Rep2: CHEESE, VARIOUS TYPES"
0.8382439877004633,0.9405540765079493,"Rep1: RASPBERRY, BLACKBERRY and BOYSENBERRY, Rep2: MILK and MILK PRODUCTS"
0.8038066761852856,0.942761122103024,"Rep1: RASPBERRY, BLACKBERRY and BOYSENBERRY, Rep2: COCOA category"
0.7241281849624442,0.9218952251538108,"Rep1: RASPBERRY, BLACKBERRY and BOYSENBERRY, Rep2: TEA"
0.8193215410785595,0.984639500403751,"Rep1: RASPBERRY, BLACKBERRY and BOYSENBERRY, Rep2: BROWN ALGAE"
0.8141326725808322,0.9410761262099748,"Rep1: RASPBERRY, BLACKBERRY and BOYSENBERRY, Rep2: CRAB"
0.8417900133176525,0.964144997440596,"Rep1: RASPBERRY, BLACKBERRY and BOYSENBERRY, Rep2: FISH"
0.7775461056410692,0.9866497463864382,"Rep1: RASPBERRY, BLACKBERRY and BOYSENBERRY, Rep2: GREEN ALGAE"
0.7940062407688879,0.9961311994167916,"Rep1: RASPBERRY, BLACKBERRY and BOYSENBERRY, Rep2: RED ALGAE"
0.8462292926535407,0.9777521640995985,"Rep1: RASPBERRY, BLACKBERRY and BOYSENBERRY, Rep2: SHRIMPS (PRAWN)"
0.9050805334717771,0.9460975405312491,"Rep1: RASPBERRY, BLACKBERRY and BOYSENBERRY, Rep2: BEEF"
0.8989312539387841,0.9624108222110476,"Rep1: RASPBERRY, BLACKBERRY and BOYSENBERRY, Rep2: CHICKEN"
0.8792451600008957,0.9829506360313679,"Rep1: RASPBERRY, BLACKBERRY and BOYSENBERRY, Rep2: EGG"
0.8619081229976885,0.9687085142559625,"Rep1: RASPBERRY, BLACKBERRY and BOYSENBERRY, Rep2: LAMB and MUTTON"
0.9067076111659375,0.9491694681637272,"Rep1: RASPBERRY, BLACKBERRY and BOYSENBERRY, Rep2: PORK"
0.7608354688733446,0.9421968217392331,"Rep1: RASPBERRY, BLACKBERRY and BOYSENBERRY, Rep2: CINNAMOMUM SPECIES"
0.7350909776988676,0.9499965844912265,"Rep1: RASPBERRY, BLACKBERRY and BOYSENBERRY, Rep2: CURCUMA SPECIES"
0.6623866715647921,0.9407302748236394,"Rep1: RASPBERRY, BLACKBERRY and BOYSENBERRY, Rep2: DILL (Anethum species)"
0.6905701691058319,0.9409514745315418,"Rep1: RASPBERRY, BLACKBERRY and BOYSENBERRY, Rep2: FENNEL (Foeniculum vulg., ssp. capillaceum; var.)"
0.7646483274450417,0.9294456338213166,"Rep1: RASPBERRY, BLACKBERRY and BOYSENBERRY, Rep2: LICORICE (Glycyrrhiza species)"
0.743345418204561,0.9370375044927968,"Rep1: RASPBERRY, BLACKBERRY and BOYSENBERRY, Rep2: MENTHA OILS"
0.7475776345106561,0.967414942748068,"Rep1: RASPBERRY, BLACKBERRY and BOYSENBERRY, Rep2: MUSTARD (Brassica species)"
0.6734786928123478,0.9599420461580808,"Rep1: RASPBERRY, BLACKBERRY and BOYSENBERRY, Rep2: PEPPER (Piper nigrum L.)"
0.8379552051822823,0.9332581600694104,"Rep1: RASPBERRY, BLACKBERRY and BOYSENBERRY, Rep2: SESAME SEED OIL"
0.7332630052857041,0.9719293543193022,"Rep1: RASPBERRY, BLACKBERRY and BOYSENBERRY, Rep2: ALLIUM SPECIES"
0.6603695852619254,0.9867323676656767,"Rep1: RASPBERRY, BLACKBERRY and BOYSENBERRY, Rep2: CAPSICUM SPECIES"
0.7899101871308044,0.9216897295675317,"Rep1: RASPBERRY, BLACKBERRY and BOYSENBERRY, Rep2: SOYBEAN (Glycine max. L. merr.)"
0.7365488587334619,0.9421541555926242,"Rep1: RASPBERRY, BLACKBERRY and BOYSENBERRY, Rep2: MUSHROOM"
0.7253004467481307,0.9641070948522038,"Rep1: RASPBERRY, BLACKBERRY and BOYSENBERRY, Rep2: TRUFFLE"
0.6205045091449726,0.9310002207733313,"Rep1: RASPBERRY, BLACKBERRY and BOYSENBERRY, Rep2: APPLE FRESH (Malus species)"
0.6718532186248706,0.9127732496660463,"Rep1: RASPBERRY, BLACKBERRY and BOYSENBERRY, Rep2: CITRUS FRUITS"
0.6390932988855439,0.8990752772716212,"Rep1: RASPBERRY, BLACKBERRY and BOYSENBERRY, Rep2: GUAVA and FEYOA"
0.7261472415391275,0.9439515516882679,"Rep1: RASPBERRY, BLACKBERRY and BOYSENBERRY, Rep2: MANGIFERA SPECIES"
0.6595815783077214,0.9421790800678078,"Rep1: RASPBERRY, BLACKBERRY and BOYSENBERRY, Rep2: OLIVE (Olea europaea)"
0.6702110793993384,0.9140719544322045,"Rep1: RASPBERRY, BLACKBERRY and BOYSENBERRY, Rep2: PASSION FRUIT (PASSIFLORA SPECIES)"
0.6543614610560826,0.9048606704045474,"Rep1: RASPBERRY, BLACKBERRY and BOYSENBERRY, Rep2: PLUM (Prunus species)"
0.8080807570497366,0.9865119023626617,"Rep1: VACCINIUM SPECIES, Rep2: BEER"
0.6913856054733158,0.9428540732760022,"Rep1: VACCINIUM SPECIES, Rep2: WINE"
0.755486065301252,0.910908722034078,"Rep1: VACCINIUM SPECIES, Rep2: BAIJIU (CHINESE LIQUOR)"
0.7309588443999424,0.9180042210830086,"Rep1: VACCINIUM SPECIES, Rep2: GRAPE BRANDY"
0.7977389802132299,0.9172595749324723,"Rep1: VACCINIUM SPECIES, Rep2: WHISKY"
0.815336813391185,0.9309370747707082,"Rep1: VACCINIUM SPECIES, Rep2: CHEESE, VARIOUS TYPES"
0.8275658813816679,0.9329076648143242,"Rep1: VACCINIUM SPECIES, Rep2: MILK and MILK PRODUCTS"
0.7933344162549106,0.9262983349380929,"Rep1: VACCINIUM SPECIES, Rep2: COCOA category"
0.7590860921441095,0.9170230535604904,"Rep1: VACCINIUM SPECIES, Rep2: TEA"
0.8174303673683452,0.9765763248282229,"Rep1: VACCINIUM SPECIES, Rep2: BROWN ALGAE"
0.7876407928738489,0.9174505792959478,"Rep1: VACCINIUM SPECIES, Rep2: CRAB"
0.8359819079900601,0.9533556447319745,"Rep1: VACCINIUM SPECIES, Rep2: FISH"
0.8016553655205807,0.9819556766658193,"Rep1: VACCINIUM SPECIES, Rep2: GREEN ALGAE"
0.8092811258684897,0.9905909097001431,"Rep1: VACCINIUM SPECIES, Rep2: RED ALGAE"
0.823752178408737,0.9659471746765511,"Rep1: VACCINIUM SPECIES, Rep2: SHRIMPS (PRAWN)"
0.9006254450880419,0.9340085279957115,"Rep1: VACCINIUM SPECIES, Rep2: BEEF"
0.894962139113735,0.953442737947143,"Rep1: VACCINIUM SPECIES, Rep2: CHICKEN"
0.8776932291449029,0.9767010668634072,"Rep1: VACCINIUM SPECIES, Rep2: EGG"
0.8534038470535849,0.9528424917504811,"Rep1: VACCINIUM SPECIES, Rep2: LAMB and MUTTON"
0.8931818497207519,0.9327435930618667,"Rep1: VACCINIUM SPECIES, Rep2: PORK"
0.7739738923067527,0.9208125506270072,"Rep1: VACCINIUM SPECIES, Rep2: CINNAMOMUM SPECIES"
0.7624125508371663,0.9533389773299389,"Rep1: VACCINIUM SPECIES, Rep2: CURCUMA SPECIES"
0.7323526352674883,0.9407278905103351,"Rep1: VACCINIUM SPECIES, Rep2: DILL (Anethum species)"
0.7343184837142682,0.9465563002666358,"Rep1: VACCINIUM SPECIES, Rep2: FENNEL (Foeniculum vulg., ssp. capillaceum; var.)"
0.763546122476791,0.9059428844569792,"Rep1: VACCINIUM SPECIES, Rep2: LICORICE (Glycyrrhiza species)"
0.7877808034578105,0.9359624371376621,"Rep1: VACCINIUM SPECIES, Rep2: MENTHA OILS"
0.7497342796623729,0.956397973547928,"Rep1: VACCINIUM SPECIES, Rep2: MUSTARD (Brassica species)"
0.7276262172250163,0.9596466585545235,"Rep1: VACCINIUM SPECIES, Rep2: PEPPER (Piper nigrum L.)"
0.8385424390091836,0.9161663122164683,"Rep1: VACCINIUM SPECIES, Rep2: SESAME SEED OIL"
0.754785737586262,0.9649989791652834,"Rep1: VACCINIUM SPECIES, Rep2: ALLIUM SPECIES"
0.6462484969803068,0.9811394554906602,"Rep1: VACCINIUM SPECIES, Rep2: CAPSICUM SPECIES"
0.8115132678159754,0.904204204658482,"Rep1: VACCINIUM SPECIES, Rep2: SOYBEAN (Glycine max. L. merr.)"
0.7495573800977454,0.9238957670245724,"Rep1: VACCINIUM SPECIES, Rep2: MUSHROOM"
0.7383097775793958,0.9457614640295329,"Rep1: VACCINIUM SPECIES, Rep2: TRUFFLE"
0.6080926268767152,0.9255130296507484,"Rep1: VACCINIUM SPECIES, Rep2: APPLE FRESH (Malus species)"
0.6758396602656684,0.9202067894616327,"Rep1: VACCINIUM SPECIES, Rep2: CITRUS FRUITS"
0.672531588904774,0.8912466350096635,"Rep1: VACCINIUM SPECIES, Rep2: GUAVA and FEYOA"
0.7156041644325981,0.9377432153935368,"Rep1: VACCINIUM SPECIES, Rep2: MANGIFERA SPECIES"
0.6928530056039687,0.9223520803198159,"Rep1: VACCINIUM SPECIES, Rep2: OLIVE (Olea europaea)"
0.6354583107217489,0.9130225368455943,"Rep1: VACCINIUM SPECIES, Rep2: PASSION FRUIT (PASSIFLORA SPECIES)"
0.6028838885938629,0.8846554640119001,"Rep1: VACCINIUM SPECIES, Rep2: PLUM (Prunus species)"
0.5879692809544509,0.8687429141234102,"Rep1: VACCINIUM SPECIES, Rep2: RASPBERRY, BLACKBERRY and BOYSENBERRY"
0.8252103148682337,0.9971452080783081,"Rep1: CHESTNUT (Castanea species), Rep2: BEER"
0.7787147230412722,0.9848363215558054,"Rep1: CHESTNUT (Castanea species), Rep2: WINE"
0.6987385565361498,0.9770494715023661,"Rep1: CHESTNUT (Castanea species), Rep2: BAIJIU (CHINESE LIQUOR)"
0.7125034069849965,0.980700863114933,"Rep1: CHESTNUT (Castanea species), Rep2: GRAPE BRANDY"
0.7022687552177986,0.9685042628152113,"Rep1: CHESTNUT (Castanea species), Rep2: WHISKY"
0.735525557467261,0.9662537267208613,"Rep1: CHESTNUT (Castanea species), Rep2: CHEESE, VARIOUS TYPES"
0.8023321068689555,0.9688155564155218,"Rep1: CHESTNUT (Castanea species), Rep2: MILK and MILK PRODUCTS"
0.675784017245868,0.9715322168142819,"Rep1: CHESTNUT (Castanea species), Rep2: COCOA category"
0.7009385403514562,0.9740177517638811,"Rep1: CHESTNUT (Castanea species), Rep2: TEA"
0.8204356179392793,0.9485180945519577,"Rep1: CHESTNUT (Castanea species), Rep2: BROWN ALGAE"
0.8115792427867896,0.9689989775518957,"Rep1: CHESTNUT (Castanea species), Rep2: CRAB"
0.8180155089803083,0.9832252561031508,"Rep1: CHESTNUT (Castanea species), Rep2: FISH"
0.7991043243697951,0.9568016355201928,"Rep1: CHESTNUT (Castanea species), Rep2: GREEN ALGAE"
0.7984175468808569,0.9638828059014507,"Rep1: CHESTNUT (Castanea species), Rep2: RED ALGAE"
0.8421382712710664,0.9872433163839539,"Rep1: CHESTNUT (Castanea species), Rep2: SHRIMPS (PRAWN)"
0.8416793504895691,0.9785558917341451,"Rep1: CHESTNUT (Castanea species), Rep2: BEEF"
0.8484430763553654,0.9119706309497669,"Rep1: CHESTNUT (Castanea species), Rep2: CHICKEN"
0.8168169112854445,0.972459350247902,"Rep1: CHESTNUT (Castanea species), Rep2: EGG"
0.8144445089206888,0.9823340494568219,"Rep1: CHESTNUT (Castanea species), Rep2: LAMB and MUTTON"
0.8481524250680321,0.9570648894255256,"Rep1: CHESTNUT (Castanea species), Rep2: PORK"
0.65934282886811,0.9764543310089732,"Rep1: CHESTNUT (Castanea species), Rep2: CINNAMOMUM SPECIES"
0.6693553985266771,0.9828640621835374,"Rep1: CHESTNUT (Castanea species), Rep2: CURCUMA SPECIES"
0.6538023263178363,0.9669866653873564,"Rep1: CHESTNUT (Castanea species), Rep2: DILL (Anethum species)"
0.6886305977681608,0.9814368190981791,"Rep1: CHESTNUT (Castanea species), Rep2: FENNEL (Foeniculum vulg., ssp. capillaceum; var.)"
0.6069189163639693,0.9730661347286875,"Rep1: CHESTNUT (Castanea species), Rep2: LICORICE (Glycyrrhiza species)"
0.7926986771426373,0.9826069195713786,"Rep1: CHESTNUT (Castanea species), Rep2: MENTHA OILS"
0.6483538122248749,0.987054954516728,"Rep1: CHESTNUT (Castanea species), Rep2: MUSTARD (Brassica species)"
0.6509894202349297,0.9881017600435258,"Rep1: CHESTNUT (Castanea species), Rep2: PEPPER (Piper nigrum L.)"
0.6802785654022284,0.8858830345422978,"Rep1: CHESTNUT (Castanea species), Rep2: SESAME SEED OIL"
0.7037248363500638,0.9894556203877962,"Rep1: CHESTNUT (Castanea species), Rep2: ALLIUM SPECIES"
0.6914395655152594,0.9966974177776731,"Rep1: CHESTNUT (Castanea species), Rep2: CAPSICUM SPECIES"
0.6544208022049478,0.9685902111302063,"Rep1: CHESTNUT (Castanea species), Rep2: SOYBEAN (Glycine max. L. merr.)"
0.5834240392638687,0.9725223346919145,"Rep1: CHESTNUT (Castanea species), Rep2: MUSHROOM"
0.5794558821240721,0.9865473224310545,"Rep1: CHESTNUT (Castanea species), Rep2: TRUFFLE"
0.75775942457489,0.9831049819805278,"Rep1: CHESTNUT (Castanea species), Rep2: APPLE FRESH (Malus species)"
0.790818245809177,0.9742993903875803,"Rep1: CHESTNUT (Castanea species), Rep2: CITRUS FRUITS"
0.7175776144260072,0.972837516807569,"Rep1: CHESTNUT (Castanea species), Rep2: GUAVA and FEYOA"
0.7672816208712145,0.9308507936151998,"Rep1: CHESTNUT (Castanea species), Rep2: MANGIFERA SPECIES"
0.6401114344177803,0.9131277499576725,"Rep1: CHESTNUT (Castanea species), Rep2: OLIVE (Olea europaea)"
0.7901147757437396,0.9790711902015231,"Rep1: CHESTNUT (Castanea species), Rep2: PASSION FRUIT (PASSIFLORA SPECIES)"
0.7473643216312539,0.9656435393215457,"Rep1: CHESTNUT (Castanea species), Rep2: PLUM (Prunus species)"
0.7182402682892964,0.9614334454685899,"Rep1: CHESTNUT (Castanea species), Rep2: RASPBERRY, BLACKBERRY and BOYSENBERRY"
0.7597353912098653,0.954573377989415,"Rep1: CHESTNUT (Castanea species), Rep2: VACCINIUM SPECIES"
0.8180557880932908,0.9908190968127185,"Rep1: WALNUT (Juglans species), Rep2: BEER"
0.7711185709857454,0.9866361096194015,"Rep1: WALNUT (Juglans species), Rep2: WINE"
0.7224774694747025,0.9803641688319135,"Rep1: WALNUT (Juglans species), Rep2: BAIJIU (CHINESE LIQUOR)"
0.7362544703253657,0.9765166915887753,"Rep1: WALNUT (Juglans species), Rep2: GRAPE BRANDY"
0.7330184874824779,0.9749497898637655,"Rep1: WALNUT (Juglans species), Rep2: WHISKY"
0.7596801461521322,0.9723742006924394,"Rep1: WALNUT (Juglans species), Rep2: CHEESE, VARIOUS TYPES"
0.8150903873020072,0.9706685925177191,"Rep1: WALNUT (Juglans species), Rep2: MILK and MILK PRODUCTS"
0.686898053803333,0.977038712909785,"Rep1: WALNUT (Juglans species), Rep2: COCOA category"
0.6987066048541313,0.9751920525718638,"Rep1: WALNUT (Juglans species), Rep2: TEA"
0.7933001930047113,0.9901427200634705,"Rep1: WALNUT (Juglans species), Rep2: BROWN ALGAE"
0.8146058710053258,0.9485728635036407,"Rep1: WALNUT (Juglans species), Rep2: CRAB"
0.8238271118776044,0.9803918957461176,"Rep1: WALNUT (Juglans species), Rep2: FISH"
0.7785747040087198,0.9876551077516255,"Rep1: WALNUT (Juglans species), Rep2: GREEN ALGAE"
0.784371736511269,0.9933234700067626,"Rep1: WALNUT (Juglans species), Rep2: RED ALGAE"
0.8663157226444025,0.9874155806534767,"Rep1: WALNUT (Juglans species), Rep2: SHRIMPS (PRAWN)"
0.8691403256243058,0.963085734482198,"Rep1: WALNUT (Juglans species), Rep2: BEEF"
0.8771172860279218,0.9689388217887219,"Rep1: WALNUT (Juglans species), Rep2: CHICKEN"
0.818793057472287,0.9750412184470107,"Rep1: WALNUT (Juglans species), Rep2: EGG"
0.8212722676314623,0.9798867785960838,"Rep1: WALNUT (Juglans species), Rep2: LAMB and MUTTON"
0.8711080006611213,0.9618227626785872,"Rep1: WALNUT (Juglans species), Rep2: PORK"
0.6418802448846146,0.9814540280472018,"Rep1: WALNUT (Juglans species), Rep2: CINNAMOMUM SPECIES"
0.5654390428883715,0.9770348608354431,"Rep1: WALNUT (Juglans species), Rep2: CURCUMA SPECIES"
0.5806909012046063,0.9730236086245433,"Rep1: WALNUT (Juglans species), Rep2: DILL (Anethum species)"
0.6280931511981568,0.9736251887336648,"Rep1: WALNUT (Juglans species), Rep2: FENNEL (Foeniculum vulg., ssp. capillaceum; var.)"
0.617563584449956,0.9780965241568522,"Rep1: WALNUT (Juglans species), Rep2: LICORICE (Glycyrrhiza species)"
0.7544589051983512,0.9755034489694098,"Rep1: WALNUT (Juglans species), Rep2: MENTHA OILS"
0.6383817785033997,0.9888419380304218,"Rep1: WALNUT (Juglans species), Rep2: MUSTARD (Brassica species)"
0.5710793733159998,0.9803587299243667,"Rep1: WALNUT (Juglans species), Rep2: PEPPER (Piper nigrum L.)"
0.7305130553359318,0.95730527533576,"Rep1: WALNUT (Juglans species), Rep2: SESAME SEED OIL"
0.6938706696174108,0.9867179256468492,"Rep1: WALNUT (Juglans species), Rep2: ALLIUM SPECIES"
0.666059428542689,0.9933062587178176,"Rep1: WALNUT (Juglans species), Rep2: CAPSICUM SPECIES"
0.6882665768206329,0.9548874618082188,"Rep1: WALNUT (Juglans species), Rep2: SOYBEAN (Glycine max. L. merr.)"
0.6304374261991607,0.9768643897215805,"Rep1: WALNUT (Juglans species), Rep2: MUSHROOM"
0.5901532201620684,0.9796606046630875,"Rep1: WALNUT (Juglans species), Rep2: TRUFFLE"
0.7488357155519837,0.97445042519501,"Rep1: WALNUT (Juglans species), Rep2: APPLE FRESH (Malus species)"
0.7290044391402197,0.9686812581013845,"Rep1: WALNUT (Juglans species), Rep2: CITRUS FRUITS"
0.6592539116399795,0.964408289532658,"Rep1: WALNUT (Juglans species), Rep2: GUAVA and FEYOA"
0.73757615417211,0.9756309788944645,"Rep1: WALNUT (Juglans species), Rep2: MANGIFERA SPECIES"
0.5695814203861231,0.9652657768304793,"Rep1: WALNUT (Juglans species), Rep2: OLIVE (Olea europaea)"
0.7458552623206728,0.9741809185052398,"Rep1: WALNUT (Juglans species), Rep2: PASSION FRUIT (PASSIFLORA SPECIES)"
0.7250319540561447,0.9667793008389631,"Rep1: WALNUT (Juglans species), Rep2: PLUM (Prunus species)"
0.6713373176187412,0.9649141105599545,"Rep1: WALNUT (Juglans species), Rep2: RASPBERRY, BLACKBERRY and BOYSENBERRY"
0.739120374414918,0.9572206523993646,"Rep1: WALNUT (Juglans species), Rep2: VACCINIUM SPECIES"
0.5565707094843045,0.9763177084833837,"Rep1: WALNUT (Juglans species), Rep2: CHESTNUT (Castanea species)"
0.7368256262307512,0.9684431301602789,"Rep1: AMARANTH, Rep2: BEER"
0.7275787465123736,0.9631261688217161,"Rep1: AMARANTH, Rep2: WINE"
0.6867976610249175,0.9558833570117036,"Rep1: AMARANTH, Rep2: BAIJIU (CHINESE LIQUOR)"
0.7092682009455713,0.9133896200127005,"Rep1: AMARANTH, Rep2: GRAPE BRANDY"
0.6708334248368956,0.9449835758546147,"Rep1: AMARANTH, Rep2: WHISKY"
0.7441146531572274,0.9023046282244481,"Rep1: AMARANTH, Rep2: CHEESE, VARIOUS TYPES"
0.79144011185063,0.9344277483152951,"Rep1: AMARANTH, Rep2: MILK and MILK PRODUCTS"
0.7057678818819162,0.9623603056394953,"Rep1: AMARANTH, Rep2: COCOA category"
0.6331731672054292,0.9789349670569778,"Rep1: AMARANTH, Rep2: TEA"
0.7719743111591765,0.996375087543944,"Rep1: AMARANTH, Rep2: BROWN ALGAE"
0.8090465098741636,0.9494638216337993,"Rep1: AMARANTH, Rep2: CRAB"
0.8091806975624801,0.9673542183594082,"Rep1: AMARANTH, Rep2: FISH"
0.7034565798313919,0.9973263097946564,"Rep1: AMARANTH, Rep2: GREEN ALGAE"
0.730029637868165,0.999917328042328,"Rep1: AMARANTH, Rep2: RED ALGAE"
0.8468712110314882,0.9679943823862949,"Rep1: AMARANTH, Rep2: SHRIMPS (PRAWN)"
0.896454448574171,0.9404560132831308,"Rep1: AMARANTH, Rep2: BEEF"
0.8969004443700621,0.9806563960725115,"Rep1: AMARANTH, Rep2: CHICKEN"
0.8370218471647894,0.9667137643534941,"Rep1: AMARANTH, Rep2: EGG"
0.8519460196033454,0.9794368911952658,"Rep1: AMARANTH, Rep2: LAMB and MUTTON"
0.9049114468275453,0.9487491368662873,"Rep1: AMARANTH, Rep2: PORK"
0.6845125982768547,0.9892942555031596,"Rep1: AMARANTH, Rep2: CINNAMOMUM SPECIES"
0.6385160377165279,0.987087244066614,"Rep1: AMARANTH, Rep2: CURCUMA SPECIES"
0.5472953881217805,0.9866758956853745,"Rep1: AMARANTH, Rep2: DILL (Anethum species)"
0.5884676617847664,0.9871220248056076,"Rep1: AMARANTH, Rep2: FENNEL (Foeniculum vulg., ssp. capillaceum; var.)"
0.6611447665325554,0.9783565822212511,"Rep1: AMARANTH, Rep2: LICORICE (Glycyrrhiza species)"
0.7020879517553166,0.9807103710574925,"Rep1: AMARANTH, Rep2: MENTHA OILS"
0.6710411610532228,0.9813633551472029,"Rep1: AMARANTH, Rep2: MUSTARD (Brassica species)"
0.5715556734471036,0.9931660185926734,"Rep1: AMARANTH, Rep2: PEPPER (Piper nigrum L.)"
0.7382248862520068,0.9332250901056504,"Rep1: AMARANTH, Rep2: SESAME SEED OIL"
0.685293716385048,0.9740192674981712,"Rep1: AMARANTH, Rep2: ALLIUM SPECIES"
0.6706874339754434,0.9870156545731668,"Rep1: AMARANTH, Rep2: CAPSICUM SPECIES"
0.6709467086490449,0.9399314760722031,"Rep1: AMARANTH, Rep2: SOYBEAN (Glycine max. L. merr.)"
0.5847367411300244,0.9648797631643335,"Rep1: AMARANTH, Rep2: MUSHROOM"
0.5466047350456501,0.8739689808919253,"Rep1: AMARANTH, Rep2: TRUFFLE"
0.6870348125258295,0.9366829526928571,"Rep1: AMARANTH, Rep2: APPLE FRESH (Malus species)"
0.7053218750571703,0.9741572108622301,"Rep1: AMARANTH, Rep2: CITRUS FRUITS"
0.635517317209019,0.9337662090655949,"Rep1: AMARANTH, Rep2: GUAVA and FEYOA"
0.7417121101470052,0.9620297551978728,"Rep1: AMARANTH, Rep2: MANGIFERA SPECIES"
0.527695319768083,0.9149285275700297,"Rep1: AMARANTH, Rep2: OLIVE (Olea europaea)"
0.7356117622722677,0.9516870896818668,"Rep1: AMARANTH, Rep2: PASSION FRUIT (PASSIFLORA SPECIES)"
0.7369629286880583,0.9606981239660977,"Rep1: AMARANTH, Rep2: PLUM (Prunus species)"
0.6123285154291473,0.9636335059955806,"Rep1: AMARANTH, Rep2: RASPBERRY, BLACKBERRY and BOYSENBERRY"
0.7367867292788701,0.9320256344355394,"Rep1: AMARANTH, Rep2: VACCINIUM SPECIES"
0.5372531320287188,0.9813879441648184,"Rep1: AMARANTH, Rep2: CHESTNUT (Castanea species)"
0.4836791032656505,0.9679476692941409,"Rep1: AMARANTH, Rep2: WALNUT (Juglans species)"
0.8318100293760085,0.9938611998443967,"Rep1: MAIZE (Zea mays L.), Rep2: BEER"
0.8731371037935933,0.968943613714872,"Rep1: MAIZE (Zea mays L.), Rep2: WINE"
0.7917329933011104,0.9208387746329305,"Rep1: MAIZE (Zea mays L.), Rep2: BAIJIU (CHINESE LIQUOR)"
0.8617317809019654,0.9570956978273426,"Rep1: MAIZE (Zea mays L.), Rep2: GRAPE BRANDY"
0.8402320730858682,0.934408784234606,"Rep1: MAIZE (Zea mays L.), Rep2: WHISKY"
0.7772762388844433,0.9315384769311863,"Rep1: MAIZE (Zea mays L.), Rep2: CHEESE, VARIOUS TYPES"
0.7889183480858526,0.9293769520189495,"Rep1: MAIZE (Zea mays L.), Rep2: MILK and MILK PRODUCTS"
0.8075284825019716,0.9262541492988247,"Rep1: MAIZE (Zea mays L.), Rep2: COCOA category"
0.8130550064383101,0.9442746368369188,"Rep1: MAIZE (Zea mays L.), Rep2: TEA"
0.8494605931790491,0.9820928508718929,"Rep1: MAIZE (Zea mays L.), Rep2: BROWN ALGAE"
0.8457573931143753,0.8936370571901907,"Rep1: MAIZE (Zea mays L.), Rep2: CRAB"
0.8593301475779723,0.9511811977497435,"Rep1: MAIZE (Zea mays L.), Rep2: FISH"
0.828261673078389,0.9863439389913687,"Rep1: MAIZE (Zea mays L.), Rep2: GREEN ALGAE"
0.846485735386439,0.9954594729435845,"Rep1: MAIZE (Zea mays L.), Rep2: RED ALGAE"
0.8365725776262202,0.9563769316070122,"Rep1: MAIZE (Zea mays L.), Rep2: SHRIMPS (PRAWN)"
0.8669191958879395,0.923795067660078,"Rep1: MAIZE (Zea mays L.), Rep2: BEEF"
0.8433404825083213,0.9484677562193087,"Rep1: MAIZE (Zea mays L.), Rep2: CHICKEN"
0.8269078543291172,0.9618577111267568,"Rep1: MAIZE (Zea mays L.), Rep2: EGG"
0.8679482024674461,0.9395018057148089,"Rep1: MAIZE (Zea mays L.), Rep2: LAMB and MUTTON"
0.8628002363825642,0.9250529089508164,"Rep1: MAIZE (Zea mays L.), Rep2: PORK"
0.8479540806094205,0.9772891691668276,"Rep1: MAIZE (Zea mays L.), Rep2: CINNAMOMUM SPECIES"
0.8267740478500099,0.9870500847545174,"Rep1: MAIZE (Zea mays L.), Rep2: CURCUMA SPECIES"
0.7952715357191583,0.9742227930339554,"Rep1: MAIZE (Zea mays L.), Rep2: DILL (Anethum species)"
0.7667935847259337,0.9892631421246463,"Rep1: MAIZE (Zea mays L.), Rep2: FENNEL (Foeniculum vulg., ssp. capillaceum; var.)"
0.7767526085502078,0.9240860945488489,"Rep1: MAIZE (Zea mays L.), Rep2: LICORICE (Glycyrrhiza species)"
0.8990775008071048,0.9767519707669685,"Rep1: MAIZE (Zea mays L.), Rep2: MENTHA OILS"
0.7806918050281842,0.9574269720742173,"Rep1: MAIZE (Zea mays L.), Rep2: MUSTARD (Brassica species)"
0.7967095074303852,0.9816080354314504,"Rep1: MAIZE (Zea mays L.), Rep2: PEPPER (Piper nigrum L.)"
0.7922988223525338,0.9097139222218322,"Rep1: MAIZE (Zea mays L.), Rep2: SESAME SEED OIL"
0.7813857839063065,0.9719195543283369,"Rep1: MAIZE (Zea mays L.), Rep2: ALLIUM SPECIES"
0.8321617833619614,0.988815344220943,"Rep1: MAIZE (Zea mays L.), Rep2: CAPSICUM SPECIES"
0.7054173940789078,0.9025686652126288,"Rep1: MAIZE (Zea mays L.), Rep2: SOYBEAN (Glycine max. L. merr.)"
0.7248940752550442,0.9357634751493794,"Rep1: MAIZE (Zea mays L.), Rep2: MUSHROOM"
0.7309710073972957,0.9465717865157723,"Rep1: MAIZE (Zea mays L.), Rep2: TRUFFLE"
0.8434851704858859,0.9571322015152351,"Rep1: MAIZE (Zea mays L.), Rep2: APPLE FRESH (Malus species)"
0.8585661660270253,0.969859091703203,"Rep1: MAIZE (Zea mays L.), Rep2: CITRUS FRUITS"
0.8694008322602055,0.9494072294205506,"Rep1: MAIZE (Zea mays L.), Rep2: GUAVA and FEYOA"
0.8441046648472803,0.9662928585501229,"Rep1: MAIZE (Zea mays L.), Rep2: MANGIFERA SPECIES"
0.7488265160160055,0.9478914184446405,"Rep1: MAIZE (Zea mays L.), Rep2: OLIVE (Olea europaea)"
0.8946235511739384,0.9577764279764865,"Rep1: MAIZE (Zea mays L.), Rep2: PASSION FRUIT (PASSIFLORA SPECIES)"
0.8370733963093491,0.9308134982237383,"Rep1: MAIZE (Zea mays L.), Rep2: PLUM (Prunus species)"
0.8224099504008165,0.9368442096084904,"Rep1: MAIZE (Zea mays L.), Rep2: RASPBERRY, BLACKBERRY and BOYSENBERRY"
0.8449463232633178,0.9045554740354359,"Rep1: MAIZE (Zea mays L.), Rep2: VACCINIUM SPECIES"
0.6941392864063494,0.966247623774205,"Rep1: MAIZE (Zea mays L.), Rep2: CHESTNUT (Castanea species)"
0.7511231157130975,0.9592221404988801,"Rep1: MAIZE (Zea mays L.), Rep2: WALNUT (Juglans species)"
0.6742963045761198,0.9516884937732736,"Rep1: MAIZE (Zea mays L.), Rep2: AMARANTH"
0.7902525536158619,0.9977041385390414,"Rep1: OATS (Avena sativa L.), Rep2: BEER"
0.8108983397189353,0.9859697852227173,"Rep1: OATS (Avena sativa L.), Rep2: WINE"
0.7019967176549093,0.9424383919069638,"Rep1: OATS (Avena sativa L.), Rep2: BAIJIU (CHINESE LIQUOR)"
0.741968626034684,0.9715262624290594,"Rep1: OATS (Avena sativa L.), Rep2: GRAPE BRANDY"
0.7089684944154466,0.9536745360189985,"Rep1: OATS (Avena sativa L.), Rep2: WHISKY"
0.7186651748329541,0.9561292202225368,"Rep1: OATS (Avena sativa L.), Rep2: CHEESE, VARIOUS TYPES"
0.7681232685742484,0.9423826512655799,"Rep1: OATS (Avena sativa L.), Rep2: MILK and MILK PRODUCTS"
0.6702636524488969,0.941636827280222,"Rep1: OATS (Avena sativa L.), Rep2: COCOA category"
0.744721603304904,0.9677031444518676,"Rep1: OATS (Avena sativa L.), Rep2: TEA"
0.847382378890712,0.9918554316178684,"Rep1: OATS (Avena sativa L.), Rep2: BROWN ALGAE"
0.8285299230685215,0.9143635928955118,"Rep1: OATS (Avena sativa L.), Rep2: CRAB"
0.8275196182551139,0.9593496006027153,"Rep1: OATS (Avena sativa L.), Rep2: FISH"
0.8350875545852132,0.9921410831168466,"Rep1: OATS (Avena sativa L.), Rep2: GREEN ALGAE"
0.8372848966447236,0.9989814661388096,"Rep1: OATS (Avena sativa L.), Rep2: RED ALGAE"
0.8449076001228693,0.9591129272673672,"Rep1: OATS (Avena sativa L.), Rep2: SHRIMPS (PRAWN)"
0.8112611515403586,0.9351292150635039,"Rep1: OATS (Avena sativa L.), Rep2: BEEF"
0.816604854450104,0.9566913149542777,"Rep1: OATS (Avena sativa L.), Rep2: CHICKEN"
0.801939574288733,0.9700459627775936,"Rep1: OATS (Avena sativa L.), Rep2: EGG"
0.812747675784475,0.9606107230020526,"Rep1: OATS (Avena sativa L.), Rep2: LAMB and MUTTON"
0.8220512912047837,0.937145154717904,"Rep1: OATS (Avena sativa L.), Rep2: PORK"
0.7358214550337101,0.9860463293828846,"Rep1: OATS (Avena sativa L.), Rep2: CINNAMOMUM SPECIES"
0.7465694810866054,0.9949152245969027,"Rep1: OATS (Avena sativa L.), Rep2: CURCUMA SPECIES"
0.7262501846232524,0.9832627870639256,"Rep1: OATS (Avena sativa L.), Rep2: DILL (Anethum species)"
0.7346928102038979,0.9894847930383097,"Rep1: OATS (Avena sativa L.), Rep2: FENNEL (Foeniculum vulg., ssp. capillaceum; var.)"
0.6343383658669214,0.9364216605959994,"Rep1: OATS (Avena sativa L.), Rep2: LICORICE (Glycyrrhiza species)"
0.8724468888540446,0.9847281304299209,"Rep1: OATS (Avena sativa L.), Rep2: MENTHA OILS"
0.6917113904211202,0.959186532189116,"Rep1: OATS (Avena sativa L.), Rep2: MUSTARD (Brassica species)"
0.731658287198905,0.993683455562136,"Rep1: OATS (Avena sativa L.), Rep2: PEPPER (Piper nigrum L.)"
0.6739813247879697,0.9331715984202706,"Rep1: OATS (Avena sativa L.), Rep2: SESAME SEED OIL"
0.7516208928887584,0.9803727598365952,"Rep1: OATS (Avena sativa L.), Rep2: ALLIUM SPECIES"
0.7683203482486711,0.9956657781347634,"Rep1: OATS (Avena sativa L.), Rep2: CAPSICUM SPECIES"
0.6442910919661512,0.9047796200777631,"Rep1: OATS (Avena sativa L.), Rep2: SOYBEAN (Glycine max. L. merr.)"
0.6343089242550457,0.9504303859525711,"Rep1: OATS (Avena sativa L.), Rep2: MUSHROOM"
0.6258463877436978,0.9539054263207185,"Rep1: OATS (Avena sativa L.), Rep2: TRUFFLE"
0.831474765653048,0.969065284728706,"Rep1: OATS (Avena sativa L.), Rep2: APPLE FRESH (Malus species)"
0.8504356552025295,0.9812738202974833,"Rep1: OATS (Avena sativa L.), Rep2: CITRUS FRUITS"
0.8291134244550967,0.9722169194273551,"Rep1: OATS (Avena sativa L.), Rep2: GUAVA and FEYOA"
0.81936611160237,0.9837988236818721,"Rep1: OATS (Avena sativa L.), Rep2: MANGIFERA SPECIES"
0.6950578589036,0.9697493266680932,"Rep1: OATS (Avena sativa L.), Rep2: OLIVE (Olea europaea)"
0.8821643028230747,0.9810490208071537,"Rep1: OATS (Avena sativa L.), Rep2: PASSION FRUIT (PASSIFLORA SPECIES)"
0.8040340667902195,0.9560407197514954,"Rep1: OATS (Avena sativa L.), Rep2: PLUM (Prunus species)"
0.7831719437995294,0.958390449275168,"Rep1: OATS (Avena sativa L.), Rep2: RASPBERRY, BLACKBERRY and BOYSENBERRY"
0.8129455636963121,0.9496013125195127,"Rep1: OATS (Avena sativa L.), Rep2: VACCINIUM SPECIES"
0.5827316937437189,0.9769827662954329,"Rep1: OATS (Avena sativa L.), Rep2: CHESTNUT (Castanea species)"
0.6536231943912655,0.9756156670973242,"Rep1: OATS (Avena sativa L.), Rep2: WALNUT (Juglans species)"
0.5859902183651711,0.9647675440275343,"Rep1: OATS (Avena sativa L.), Rep2: AMARANTH"
0.6343139888923564,0.9296621822918384,"Rep1: OATS (Avena sativa L.), Rep2: MAIZE (Zea mays L.)"
0.7585189405557557,0.9973833980193586,"Rep1: RICE (Oryza sativa L.), Rep2: BEER"
0.7655242398692405,0.9810596717136925,"Rep1: RICE (Oryza sativa L.), Rep2: WINE"
0.6889713904555428,0.9479918184799642,"Rep1: RICE (Oryza sativa L.), Rep2: BAIJIU (CHINESE LIQUOR)"
0.723874462328559,0.963250284006216,"Rep1: RICE (Oryza sativa L.), Rep2: GRAPE BRANDY"
0.6949971452356442,0.9532776239524376,"Rep1: RICE (Oryza sativa L.), Rep2: WHISKY"
0.7311775297429782,0.9528150053002635,"Rep1: RICE (Oryza sativa L.), Rep2: CHEESE, VARIOUS TYPES"
0.7745515521694052,0.9450686281489773,"Rep1: RICE (Oryza sativa L.), Rep2: MILK and MILK PRODUCTS"
0.6975235525189977,0.9536017216584742,"Rep1: RICE (Oryza sativa L.), Rep2: COCOA category"
0.6977026607715543,0.9602070065635652,"Rep1: RICE (Oryza sativa L.), Rep2: TEA"
0.8276317065756128,0.9838250585249632,"Rep1: RICE (Oryza sativa L.), Rep2: BROWN ALGAE"
0.8167808405284434,0.9168489740737126,"Rep1: RICE (Oryza sativa L.), Rep2: CRAB"
0.816165214626501,0.9633941804336212,"Rep1: RICE (Oryza sativa L.), Rep2: FISH"
0.7922441365149324,0.9783287841203792,"Rep1: RICE (Oryza sativa L.), Rep2: GREEN ALGAE"
0.800249897323861,0.9894861344561467,"Rep1: RICE (Oryza sativa L.), Rep2: RED ALGAE"
0.8382042162824188,0.9712841128422142,"Rep1: RICE (Oryza sativa L.), Rep2: SHRIMPS (PRAWN)"
0.8638606901445637,0.9390097984060206,"Rep1: RICE (Oryza sativa L.), Rep2: BEEF"
0.8533759201660949,0.9452308594414529,"Rep1: RICE (Oryza sativa L.), Rep2: CHICKEN"
0.8114115623001529,0.9649797085880132,"Rep1: RICE (Oryza sativa L.), Rep2: EGG"
0.8481131211639208,0.9625370727263143,"Rep1: RICE (Oryza sativa L.), Rep2: LAMB and MUTTON"
0.8700596814917301,0.9360505092749296,"Rep1: RICE (Oryza sativa L.), Rep2: PORK"
0.7176150984550859,0.9861869209833295,"Rep1: RICE (Oryza sativa L.), Rep2: CINNAMOMUM SPECIES"
0.7138768418249599,0.9907767746972248,"Rep1: RICE (Oryza sativa L.), Rep2: CURCUMA SPECIES"
0.6638383022499387,0.9770945801990608,"Rep1: RICE (Oryza sativa L.), Rep2: DILL (Anethum species)"
0.680493612030664,0.9923659706431628,"Rep1: RICE (Oryza sativa L.), Rep2: FENNEL (Foeniculum vulg., ssp. capillaceum; var.)"
0.6690483730123569,0.9468929150004712,"Rep1: RICE (Oryza sativa L.), Rep2: LICORICE (Glycyrrhiza species)"
0.7994267357861644,0.9812459005790092,"Rep1: RICE (Oryza sativa L.), Rep2: MENTHA OILS"
0.6917168469234781,0.9717691224423802,"Rep1: RICE (Oryza sativa L.), Rep2: MUSTARD (Brassica species)"
0.6865147195682352,0.9862020563939072,"Rep1: RICE (Oryza sativa L.), Rep2: PEPPER (Piper nigrum L.)"
0.7083850582111816,0.928656961895443,"Rep1: RICE (Oryza sativa L.), Rep2: SESAME SEED OIL"
0.7352700059784244,0.9763446600065434,"Rep1: RICE (Oryza sativa L.), Rep2: ALLIUM SPECIES"
0.7112580401705924,0.9920831556903031,"Rep1: RICE (Oryza sativa L.), Rep2: CAPSICUM SPECIES"
0.6546678998595077,0.9260621259387902,"Rep1: RICE (Oryza sativa L.), Rep2: SOYBEAN (Glycine max. L. merr.)"
0.6165034686906931,0.9477866175565328,"Rep1: RICE (Oryza sativa L.), Rep2: MUSHROOM"
0.6050644735542976,0.9571456865104935,"Rep1: RICE (Oryza sativa L.), Rep2: TRUFFLE"
0.7489319439299371,0.9664295102363794,"Rep1: RICE (Oryza sativa L.), Rep2: APPLE FRESH (Malus species)"
0.7913528497697423,0.9738047684174083,"Rep1: RICE (Oryza sativa L.), Rep2: CITRUS FRUITS"
0.7604957760434328,0.9591914587372959,"Rep1: RICE (Oryza sativa L.), Rep2: GUAVA and FEYOA"
0.7903247257417869,0.9778077457971734,"Rep1: RICE (Oryza sativa L.), Rep2: MANGIFERA SPECIES"
0.6570986639888742,0.9574506768042699,"Rep1: RICE (Oryza sativa L.), Rep2: OLIVE (Olea europaea)"
0.8250574877776852,0.9720959544052254,"Rep1: RICE (Oryza sativa L.), Rep2: PASSION FRUIT (PASSIFLORA SPECIES)"
0.7715190888805622,0.9495146291002458,"Rep1: RICE (Oryza sativa L.), Rep2: PLUM (Prunus species)"
0.7243764797972181,0.9472753765014493,"Rep1: RICE (Oryza sativa L.), Rep2: RASPBERRY, BLACKBERRY and BOYSENBERRY"
0.7679072812470406,0.9382242174056539,"Rep1: RICE (Oryza sativa L.), Rep2: VACCINIUM SPECIES"
0.5672711154423593,0.9698507078817226,"Rep1: RICE (Oryza sativa L.), Rep2: CHESTNUT (Castanea species)"
0.6203808519563312,0.9693370308321121,"Rep1: RICE (Oryza sativa L.), Rep2: WALNUT (Juglans species)"
0.5144914909122542,0.9697195256306085,"Rep1: RICE (Oryza sativa L.), Rep2: AMARANTH"
0.6404982634757679,0.9309594408975866,"Rep1: RICE (Oryza sativa L.), Rep2: MAIZE (Zea mays L.)"
0.5489913069234319,0.9413134980334606,"Rep1: RICE (Oryza sativa L.), Rep2: OATS (Avena sativa L.)"
0.7264112669160501,0.999718002726928,"Rep1: WHEAT, Rep2: BEER"
0.7430168565329153,0.9953011050870272,"Rep1: WHEAT, Rep2: WINE"
0.6637698798177923,0.9664256230319328,"Rep1: WHEAT, Rep2: BAIJIU (CHINESE LIQUOR)"
0.6957435022383764,0.9904263697125344,"Rep1: WHEAT, Rep2: GRAPE BRANDY"
0.6613187559691142,0.9822490024828603,"Rep1: WHEAT, Rep2: WHISKY"
0.7161465264945064,0.9752877795571212,"Rep1: WHEAT, Rep2: CHEESE, VARIOUS TYPES"
0.7638152416128403,0.9755246011333253,"Rep1: WHEAT, Rep2: MILK and MILK PRODUCTS"
0.6897010859067527,0.9832690205011628,"Rep1: WHEAT, Rep2: COCOA category"
0.6736935243436906,0.9847574973648839,"Rep1: WHEAT, Rep2: TEA"
0.7899469772314052,0.963019375163847,"Rep1: WHEAT, Rep2: BROWN ALGAE"
0.8009080262125456,0.9753114872321211,"Rep1: WHEAT, Rep2: CRAB"
0.7997390637636201,0.9824919040445728,"Rep1: WHEAT, Rep2: FISH"
0.7571276000577318,0.9700802824161671,"Rep1: WHEAT, Rep2: GREEN ALGAE"
0.7696856728020717,0.9763878418634374,"Rep1: WHEAT, Rep2: RED ALGAE"
0.8370192837039419,0.9900049246365558,"Rep1: WHEAT, Rep2: SHRIMPS (PRAWN)"
0.864197098329327,0.9792719750696727,"Rep1: WHEAT, Rep2: BEEF"
0.859423824350527,0.9357119571371063,"Rep1: WHEAT, Rep2: CHICKEN"
0.799522117181506,0.9772790718676767,"Rep1: WHEAT, Rep2: EGG"
0.8349736962479664,0.9888697872535744,"Rep1: WHEAT, Rep2: LAMB and MUTTON"
0.8698336010786817,0.966357223542541,"Rep1: WHEAT, Rep2: PORK"
0.692718706119734,0.9977267110979917,"Rep1: WHEAT, Rep2: CINNAMOMUM SPECIES"
0.6733179494368461,0.9974250540311759,"Rep1: WHEAT, Rep2: CURCUMA SPECIES"
0.6185545489885179,0.9876352116133919,"Rep1: WHEAT, Rep2: DILL (Anethum species)"
0.6453835691688085,0.9993073972211676,"Rep1: WHEAT, Rep2: FENNEL (Foeniculum vulg., ssp. capillaceum; var.)"
0.6632138117900089,0.9870677054290898,"Rep1: WHEAT, Rep2: LICORICE (Glycyrrhiza species)"
0.7716704520997607,0.9730166934295816,"Rep1: WHEAT, Rep2: MENTHA OILS"
0.6816637315389312,0.9910135659790497,"Rep1: WHEAT, Rep2: MUSTARD (Brassica species)"
0.6426717996098269,0.9968983381579228,"Rep1: WHEAT, Rep2: PEPPER (Piper nigrum L.)"
0.7169039451396648,0.9229587684174249,"Rep1: WHEAT, Rep2: SESAME SEED OIL"
0.7249992120664224,0.9930126715198994,"Rep1: WHEAT, Rep2: ALLIUM SPECIES"
0.7030866504849476,0.9982505722571174,"Rep1: WHEAT, Rep2: CAPSICUM SPECIES"
0.6695925179331943,0.9779442978787963,"Rep1: WHEAT, Rep2: SOYBEAN (Glycine max. L. merr.)"
0.5993534897780158,0.9843411338458293,"Rep1: WHEAT, Rep2: MUSHROOM"
0.5660944544724865,0.9863788098906049,"Rep1: WHEAT, Rep2: TRUFFLE"
0.7492897101542031,0.9888157554271165,"Rep1: WHEAT, Rep2: APPLE FRESH (Malus species)"
0.7671510894652319,0.9909288401419489,"Rep1: WHEAT, Rep2: CITRUS FRUITS"
0.7281350004624229,0.9897862635830813,"Rep1: WHEAT, Rep2: GUAVA and FEYOA"
0.7742500381067555,0.9644877825803229,"Rep1: WHEAT, Rep2: MANGIFERA SPECIES"
0.6124612054696399,0.9377829173047608,"Rep1: WHEAT, Rep2: OLIVE (Olea europaea)"
0.7993703440228073,0.9948319039689867,"Rep1: WHEAT, Rep2: PASSION FRUIT (PASSIFLORA SPECIES)"
0.7570372298394537,0.9877264478308582,"Rep1: WHEAT, Rep2: PLUM (Prunus species)"
0.6979415910994496,0.9876660657439612,"Rep1: WHEAT, Rep2: RASPBERRY, BLACKBERRY and BOYSENBERRY"
0.7574305739827988,0.9837544858320248,"Rep1: WHEAT, Rep2: VACCINIUM SPECIES"
0.5702431623851315,0.8466996235098853,"Rep1: WHEAT, Rep2: CHESTNUT (Castanea species)"
0.5710109058029575,0.9860151318259354,"Rep1: WHEAT, Rep2: WALNUT (Juglans species)"
0.4446022917397873,0.9886367181020511,"Rep1: WHEAT, Rep2: AMARANTH"
0.6568202745505985,0.9813322281445487,"Rep1: WHEAT, Rep2: MAIZE (Zea mays L.)"
0.5499361413343673,0.9817623219937921,"Rep1: WHEAT, Rep2: OATS (Avena sativa L.)"
0.5072934594846589,0.9779223643258975,"Rep1: WHEAT, Rep2: RICE (Oryza sativa L.)"
0.734686215727107,0.9889025153358004,"Rep1: WHEATEN BREAD, Rep2: BEER"
0.8079181267031447,0.9490260287537796,"Rep1: WHEATEN BREAD, Rep2: WINE"
0.689603177507346,0.8712075443051578,"Rep1: WHEATEN BREAD, Rep2: BAIJIU (CHINESE LIQUOR)"
0.7617841473594478,0.9099082042416096,"Rep1: WHEATEN BREAD, Rep2: GRAPE BRANDY"
0.7436612611910562,0.8778594056707093,"Rep1: WHEATEN BREAD, Rep2: WHISKY"
0.6808796587390611,0.907071693393476,"Rep1: WHEATEN BREAD, Rep2: CHEESE, VARIOUS TYPES"
0.7205351958443797,0.9003957452413381,"Rep1: WHEATEN BREAD, Rep2: MILK and MILK PRODUCTS"
0.6979470722094626,0.8794923671530372,"Rep1: WHEATEN BREAD, Rep2: COCOA category"
0.7494916856771132,0.9391389660410224,"Rep1: WHEATEN BREAD, Rep2: TEA"
0.8109969252309381,0.9817797717542442,"Rep1: WHEATEN BREAD, Rep2: BROWN ALGAE"
0.7977131660224284,0.8759400390220602,"Rep1: WHEATEN BREAD, Rep2: CRAB"
0.8082660475387244,0.9401379509396152,"Rep1: WHEATEN BREAD, Rep2: FISH"
0.8021226718563393,0.9906239418381609,"Rep1: WHEATEN BREAD, Rep2: GREEN ALGAE"
0.8170139236354407,0.998309345266037,"Rep1: WHEATEN BREAD, Rep2: RED ALGAE"
0.8164782164139891,0.9316098268204512,"Rep1: WHEATEN BREAD, Rep2: SHRIMPS (PRAWN)"
0.7990002457005012,0.8868734321868232,"Rep1: WHEATEN BREAD, Rep2: BEEF"
0.7995524663945509,0.9389045569460484,"Rep1: WHEATEN BREAD, Rep2: CHICKEN"
0.7724380388793728,0.9568480337171984,"Rep1: WHEATEN BREAD, Rep2: EGG"
0.8061044959232637,0.9328572747358183,"Rep1: WHEATEN BREAD, Rep2: LAMB and MUTTON"
0.8107688742413867,0.8984787235825739,"Rep1: WHEATEN BREAD, Rep2: PORK"
0.7888774286127185,0.9822754131451297,"Rep1: WHEATEN BREAD, Rep2: CINNAMOMUM SPECIES"
0.7963221335804541,0.9986056370694487,"Rep1: WHEATEN BREAD, Rep2: CURCUMA SPECIES"
0.7619013112709897,0.9836926865554034,"Rep1: WHEATEN BREAD, Rep2: DILL (Anethum species)"
0.7553310059922759,0.997185878004139,"Rep1: WHEATEN BREAD, Rep2: FENNEL (Foeniculum vulg., ssp. capillaceum; var.)"
0.691175881906965,0.8880308120742503,"Rep1: WHEATEN BREAD, Rep2: LICORICE (Glycyrrhiza species)"
0.8765727780559933,0.9799280225958197,"Rep1: WHEATEN BREAD, Rep2: MENTHA OILS"
0.7215527497352168,0.9294613031070202,"Rep1: WHEATEN BREAD, Rep2: MUSTARD (Brassica species)"
0.7620100610827534,0.9917075670829852,"Rep1: WHEATEN BREAD, Rep2: PEPPER (Piper nigrum L.)"
0.7030333438882451,0.8991585908661508,"Rep1: WHEATEN BREAD, Rep2: SESAME SEED OIL"
0.7450989087155503,0.9598016232786492,"Rep1: WHEATEN BREAD, Rep2: ALLIUM SPECIES"
0.7901120699395101,0.9892717188856329,"Rep1: WHEATEN BREAD, Rep2: CAPSICUM SPECIES"
0.6732186655390415,0.8632497274351985,"Rep1: WHEATEN BREAD, Rep2: SOYBEAN (Glycine max. L. merr.)"
0.6584301374346662,0.9064701308123233,"Rep1: WHEATEN BREAD, Rep2: MUSHROOM"
0.6574011950006076,0.9076180983282633,"Rep1: WHEATEN BREAD, Rep2: TRUFFLE"
0.8178534088033922,0.9336663898257699,"Rep1: WHEATEN BREAD, Rep2: APPLE FRESH (Malus species)"
0.8269514631252949,0.972240478911447,"Rep1: WHEATEN BREAD, Rep2: CITRUS FRUITS"
0.845759720552637,0.9382516346115735,"Rep1: WHEATEN BREAD, Rep2: GUAVA and FEYOA"
0.8093014375795984,0.9636441090879551,"Rep1: WHEATEN BREAD, Rep2: MANGIFERA SPECIES"
0.704973970652715,0.9325987052594555,"Rep1: WHEATEN BREAD, Rep2: OLIVE (Olea europaea)"
0.8599696004375516,0.9426150858545929,"Rep1: WHEATEN BREAD, Rep2: PASSION FRUIT (PASSIFLORA SPECIES)"
0.8007028045695559,0.9218128726240499,"Rep1: WHEATEN BREAD, Rep2: PLUM (Prunus species)"
0.7887198273130089,0.9196436432437004,"Rep1: WHEATEN BREAD, Rep2: RASPBERRY, BLACKBERRY and BOYSENBERRY"
0.8009715223505204,0.896442773895588,"Rep1: WHEATEN BREAD, Rep2: VACCINIUM SPECIES"
0.6612584280342152,0.9639002343843586,"Rep1: WHEATEN BREAD, Rep2: CHESTNUT (Castanea species)"
0.721588274939224,0.9622331021843143,"Rep1: WHEATEN BREAD, Rep2: WALNUT (Juglans species)"
0.6532513191392565,0.9139137085100129,"Rep1: WHEATEN BREAD, Rep2: AMARANTH"
0.6573781174401409,0.8836492342385345,"Rep1: WHEATEN BREAD, Rep2: MAIZE (Zea mays L.)"
0.5627950080141669,0.900998238697191,"Rep1: WHEATEN BREAD, Rep2: OATS (Avena sativa L.)"
0.614167706568335,0.9201492251438778,"Rep1: WHEATEN BREAD, Rep2: RICE (Oryza sativa L.)"
0.6011705670337965,0.9745530456143366,"Rep1: WHEATEN BREAD, Rep2: WHEAT"
0.8365229829154064,1.0,"Rep1: CEDARWOOD OIL, Rep2: BEER"
0.7752508285659465,1.0,"Rep1: CEDARWOOD OIL, Rep2: WINE"
0.7497325655530718,0.9766861575597171,"Rep1: CEDARWOOD OIL, Rep2: BAIJIU (CHINESE LIQUOR)"
0.725723352618372,1.0,"Rep1: CEDARWOOD OIL, Rep2: GRAPE BRANDY"
0.7181721304524035,1.0,"Rep1: CEDARWOOD OIL, Rep2: WHISKY"
0.7927513896552056,1.0,"Rep1: CEDARWOOD OIL, Rep2: CHEESE, VARIOUS TYPES"
0.8509855413897989,1.0,"Rep1: CEDARWOOD OIL, Rep2: MILK and MILK PRODUCTS"
0.7716694968049356,0.9996832543410884,"Rep1: CEDARWOOD OIL, Rep2: COCOA category"
0.7281482901104335,0.9956523583528308,"Rep1: CEDARWOOD OIL, Rep2: TEA"
0.7974455107693639,1.0,"Rep1: CEDARWOOD OIL, Rep2: BROWN ALGAE"
0.8118789847777553,1.0,"Rep1: CEDARWOOD OIL, Rep2: CRAB"
0.8122073415014669,0.9970192837465561,"Rep1: CEDARWOOD OIL, Rep2: FISH"
0.7809566623367433,1.0,"Rep1: CEDARWOOD OIL, Rep2: GREEN ALGAE"
0.7827918596016628,1.0,"Rep1: CEDARWOOD OIL, Rep2: RED ALGAE"
0.8641342891546206,1.0,"Rep1: CEDARWOOD OIL, Rep2: SHRIMPS (PRAWN)"
0.8702801278736243,1.0,"Rep1: CEDARWOOD OIL, Rep2: BEEF"
0.8862249132158698,1.0,"Rep1: CEDARWOOD OIL, Rep2: CHICKEN"
0.8385226900555013,1.0,"Rep1: CEDARWOOD OIL, Rep2: EGG"
0.8227969179697514,1.0,"Rep1: CEDARWOOD OIL, Rep2: LAMB and MUTTON"
0.8739949527313454,1.0,"Rep1: CEDARWOOD OIL, Rep2: PORK"
0.5863441557073724,0.9963809680368865,"Rep1: CEDARWOOD OIL, Rep2: CINNAMOMUM SPECIES"
0.5987482681294622,1.0,"Rep1: CEDARWOOD OIL, Rep2: CURCUMA SPECIES"
0.6226796754159822,1.0,"Rep1: CEDARWOOD OIL, Rep2: DILL (Anethum species)"
0.6796758626016394,1.0,"Rep1: CEDARWOOD OIL, Rep2: FENNEL (Foeniculum vulg., ssp. capillaceum; var.)"
0.6710569262319859,1.0,"Rep1: CEDARWOOD OIL, Rep2: LICORICE (Glycyrrhiza species)"
0.771281637922203,0.9817798143769495,"Rep1: CEDARWOOD OIL, Rep2: MENTHA OILS"
0.7083548584975036,0.9972307988034168,"Rep1: CEDARWOOD OIL, Rep2: MUSTARD (Brassica species)"
0.6064999624147902,0.9985096478582693,"Rep1: CEDARWOOD OIL, Rep2: PEPPER (Piper nigrum L.)"
0.7957994392528083,1.0,"Rep1: CEDARWOOD OIL, Rep2: SESAME SEED OIL"
0.7381653232281172,1.0,"Rep1: CEDARWOOD OIL, Rep2: ALLIUM SPECIES"
0.6981114076230818,1.0,"Rep1: CEDARWOOD OIL, Rep2: CAPSICUM SPECIES"
0.7626984412602137,0.9994406964271665,"Rep1: CEDARWOOD OIL, Rep2: SOYBEAN (Glycine max. L. merr.)"
0.6711579640480202,1.0,"Rep1: CEDARWOOD OIL, Rep2: MUSHROOM"
0.634744813511667,1.0,"Rep1: CEDARWOOD OIL, Rep2: TRUFFLE"
0.7673964297581006,1.0,"Rep1: CEDARWOOD OIL, Rep2: APPLE FRESH (Malus species)"
0.7630467630519826,0.9981084730856459,"Rep1: CEDARWOOD OIL, Rep2: CITRUS FRUITS"
0.6786785491040598,0.9995983156882712,"Rep1: CEDARWOOD OIL, Rep2: GUAVA and FEYOA"
0.7786781867327836,0.9999075986075614,"Rep1: CEDARWOOD OIL, Rep2: MANGIFERA SPECIES"
0.6368822893184839,0.9996702965083636,"Rep1: CEDARWOOD OIL, Rep2: OLIVE (Olea europaea)"
0.7786804607763897,1.0,"Rep1: CEDARWOOD OIL, Rep2: PASSION FRUIT (PASSIFLORA SPECIES)"
0.7480876285042759,1.0,"Rep1: CEDARWOOD OIL, Rep2: PLUM (Prunus species)"
0.706731797579249,1.0,"Rep1: CEDARWOOD OIL, Rep2: RASPBERRY, BLACKBERRY and BOYSENBERRY"
0.7701024952823349,0.9983045825080098,"Rep1: CEDARWOOD OIL, Rep2: VACCINIUM SPECIES"
0.6263163836107175,1.0,"Rep1: CEDARWOOD OIL, Rep2: CHESTNUT (Castanea species)"
0.5187405929641028,1.0,"Rep1: CEDARWOOD OIL, Rep2: WALNUT (Juglans species)"
0.5548136553732953,1.0,"Rep1: CEDARWOOD OIL, Rep2: AMARANTH"
0.8045203370750996,1.0,"Rep1: CEDARWOOD OIL, Rep2: MAIZE (Zea mays L.)"
0.7105780483287607,0.9990002245816197,"Rep1: CEDARWOOD OIL, Rep2: OATS (Avena sativa L.)"
0.6816064758839084,1.0,"Rep1: CEDARWOOD OIL, Rep2: RICE (Oryza sativa L.)"
0.6269858905661782,0.9886363636363636,"Rep1: CEDARWOOD OIL, Rep2: WHEAT"
0.7546031979045625,1.0,"Rep1: CEDARWOOD OIL, Rep2: WHEATEN BREAD"
0.7830959249494148,0.9594645657803552,"Rep1: CONOCARPUS SPP. TREE, Rep2: BEER"
0.7286209037187832,0.9869814258990165,"Rep1: CONOCARPUS SPP. TREE, Rep2: WINE"
0.7182151871434564,0.9955845319003215,"Rep1: CONOCARPUS SPP. TREE, Rep2: BAIJIU (CHINESE LIQUOR)"
0.7342960969385344,0.9749954197448107,"Rep1: CONOCARPUS SPP. TREE, Rep2: GRAPE BRANDY"
0.7364369604519491,0.9821599624259371,"Rep1: CONOCARPUS SPP. TREE, Rep2: WHISKY"
0.7943580486346719,0.9973337616588315,"Rep1: CONOCARPUS SPP. TREE, Rep2: CHEESE, VARIOUS TYPES"
0.8295829200287811,0.9965103361418143,"Rep1: CONOCARPUS SPP. TREE, Rep2: MILK and MILK PRODUCTS"
0.7189225951198799,0.9839460945540326,"Rep1: CONOCARPUS SPP. TREE, Rep2: COCOA category"
0.6747682239345435,0.9981444477826168,"Rep1: CONOCARPUS SPP. TREE, Rep2: TEA"
0.7782498231011289,1.0,"Rep1: CONOCARPUS SPP. TREE, Rep2: BROWN ALGAE"
0.81794277378942,1.0,"Rep1: CONOCARPUS SPP. TREE, Rep2: CRAB"
0.825777692801195,0.9980537773036379,"Rep1: CONOCARPUS SPP. TREE, Rep2: FISH"
0.7581960479255511,1.0,"Rep1: CONOCARPUS SPP. TREE, Rep2: GREEN ALGAE"
0.7676359321951454,1.0,"Rep1: CONOCARPUS SPP. TREE, Rep2: RED ALGAE"
0.8739733020837296,0.9989420507433731,"Rep1: CONOCARPUS SPP. TREE, Rep2: SHRIMPS (PRAWN)"
0.8862077508077402,0.9997589194374646,"Rep1: CONOCARPUS SPP. TREE, Rep2: BEEF"
0.896889168661756,1.0,"Rep1: CONOCARPUS SPP. TREE, Rep2: CHICKEN"
0.8429649319862087,1.0,"Rep1: CONOCARPUS SPP. TREE, Rep2: EGG"
0.832661807489224,0.9974236470264047,"Rep1: CONOCARPUS SPP. TREE, Rep2: LAMB and MUTTON"
0.8922116879140175,0.9969912654018028,"Rep1: CONOCARPUS SPP. TREE, Rep2: PORK"
0.6597555950956666,0.9944964348157206,"Rep1: CONOCARPUS SPP. TREE, Rep2: CINNAMOMUM SPECIES"
0.5639756093444633,0.9974551201113699,"Rep1: CONOCARPUS SPP. TREE, Rep2: CURCUMA SPECIES"
0.5227516511689366,0.9970925435415839,"Rep1: CONOCARPUS SPP. TREE, Rep2: DILL (Anethum species)"
0.5894586823774657,0.9661789704795444,"Rep1: CONOCARPUS SPP. TREE, Rep2: FENNEL (Foeniculum vulg., ssp. capillaceum; var.)"
0.6400660589892859,0.992902532392721,"Rep1: CONOCARPUS SPP. TREE, Rep2: LICORICE (Glycyrrhiza species)"
0.7040360219057292,0.9993484602178722,"Rep1: CONOCARPUS SPP. TREE, Rep2: MENTHA OILS"
0.6464400316553318,0.9955326139437201,"Rep1: CONOCARPUS SPP. TREE, Rep2: MUSTARD (Brassica species)"
0.538053285906481,0.9992560689507205,"Rep1: CONOCARPUS SPP. TREE, Rep2: PEPPER (Piper nigrum L.)"
0.7841366258154873,1.0,"Rep1: CONOCARPUS SPP. TREE, Rep2: SESAME SEED OIL"
0.6723999950882744,0.9989662613620945,"Rep1: CONOCARPUS SPP. TREE, Rep2: ALLIUM SPECIES"
0.6143784041890308,1.0,"Rep1: CONOCARPUS SPP. TREE, Rep2: CAPSICUM SPECIES"
0.7308544118713579,0.9817523931124467,"Rep1: CONOCARPUS SPP. TREE, Rep2: SOYBEAN (Glycine max. L. merr.)"
0.6690975359912594,0.9962850980945522,"Rep1: CONOCARPUS SPP. TREE, Rep2: MUSHROOM"
0.615819916608951,0.9987459406594078,"Rep1: CONOCARPUS SPP. TREE, Rep2: TRUFFLE"
0.6876537298248131,0.998697083080007,"Rep1: CONOCARPUS SPP. TREE, Rep2: APPLE FRESH (Malus species)"
0.6658551561337501,0.9987545130903909,"Rep1: CONOCARPUS SPP. TREE, Rep2: CITRUS FRUITS"
0.6179197678495081,0.9969237028337657,"Rep1: CONOCARPUS SPP. TREE, Rep2: GUAVA and FEYOA"
0.7146033855362133,0.9997996491222025,"Rep1: CONOCARPUS SPP. TREE, Rep2: MANGIFERA SPECIES"
0.546727813344132,0.9947923531533841,"Rep1: CONOCARPUS SPP. TREE, Rep2: OLIVE (Olea europaea)"
0.688654882528774,0.9939046175745956,"Rep1: CONOCARPUS SPP. TREE, Rep2: PASSION FRUIT (PASSIFLORA SPECIES)"
0.6965336649093979,0.9930488188083372,"Rep1: CONOCARPUS SPP. TREE, Rep2: PLUM (Prunus species)"
0.6056897547909816,0.9961585642021957,"Rep1: CONOCARPUS SPP. TREE, Rep2: RASPBERRY, BLACKBERRY and BOYSENBERRY"
0.678737669429636,0.988902467163443,"Rep1: CONOCARPUS SPP. TREE, Rep2: VACCINIUM SPECIES"
0.6263982788110698,1.0,"Rep1: CONOCARPUS SPP. TREE, Rep2: CHESTNUT (Castanea species)"
0.46494396008911715,0.9703907098192813,"Rep1: CONOCARPUS SPP. TREE, Rep2: WALNUT (Juglans species)"
0.4716928132216547,1.0,"Rep1: CONOCARPUS SPP. TREE, Rep2: AMARANTH"
0.7779888606819105,0.9938073166327598,"Rep1: CONOCARPUS SPP. TREE, Rep2: MAIZE (Zea mays L.)"
0.7081086288539392,0.988738717249578,"Rep1: CONOCARPUS SPP. TREE, Rep2: OATS (Avena sativa L.)"
0.6508761271043955,0.997085046422172,"Rep1: CONOCARPUS SPP. TREE, Rep2: RICE (Oryza sativa L.)"
0.5853255356692882,1.0,"Rep1: CONOCARPUS SPP. TREE, Rep2: WHEAT"
0.7553569433918416,0.9958035408059018,"Rep1: CONOCARPUS SPP. TREE, Rep2: WHEATEN BREAD"
0.5689491451740128,1.0,"Rep1: CONOCARPUS SPP. TREE, Rep2: CEDARWOOD OIL"
0.8035043279978689,0.9921970849023578,"Rep1: FERMENTED SOYA PRODUCTS, Rep2: BEER"
0.8171155493643103,0.962836623311264,"Rep1: FERMENTED SOYA PRODUCTS, Rep2: WINE"
0.6355916703863443,0.903366346277083,"Rep1: FERMENTED SOYA PRODUCTS, Rep2: BAIJIU (CHINESE LIQUOR)"
0.7805462102334252,0.9369011102076975,"Rep1: FERMENTED SOYA PRODUCTS, Rep2: GRAPE BRANDY"
0.7850945169609475,0.9169636719418157,"Rep1: FERMENTED SOYA PRODUCTS, Rep2: WHISKY"
0.6701847050668072,0.9460565367455138,"Rep1: FERMENTED SOYA PRODUCTS, Rep2: CHEESE, VARIOUS TYPES"
0.7560243332211553,0.9485385491596269,"Rep1: FERMENTED SOYA PRODUCTS, Rep2: MILK and MILK PRODUCTS"
0.718012436378888,0.9160232736035641,"Rep1: FERMENTED SOYA PRODUCTS, Rep2: COCOA category"
0.7761154393863093,0.9660369677532342,"Rep1: FERMENTED SOYA PRODUCTS, Rep2: TEA"
0.6911333841466952,0.9914317357248087,"Rep1: FERMENTED SOYA PRODUCTS, Rep2: BROWN ALGAE"
0.6665286208322335,0.9340393388702181,"Rep1: FERMENTED SOYA PRODUCTS, Rep2: CRAB"
0.7231734386200681,0.9671915810776451,"Rep1: FERMENTED SOYA PRODUCTS, Rep2: FISH"
0.7492501145903213,0.9933552056812147,"Rep1: FERMENTED SOYA PRODUCTS, Rep2: GREEN ALGAE"
0.7531137470253422,0.9978626322286639,"Rep1: FERMENTED SOYA PRODUCTS, Rep2: RED ALGAE"
0.7179294687707123,0.9589402888671881,"Rep1: FERMENTED SOYA PRODUCTS, Rep2: SHRIMPS (PRAWN)"
0.7631985147982867,0.9406367510325622,"Rep1: FERMENTED SOYA PRODUCTS, Rep2: BEEF"
0.7916553123427884,0.9719934285075462,"Rep1: FERMENTED SOYA PRODUCTS, Rep2: CHICKEN"
0.7265575920278889,0.9743246483005354,"Rep1: FERMENTED SOYA PRODUCTS, Rep2: EGG"
0.7753976676756,0.9667816355242821,"Rep1: FERMENTED SOYA PRODUCTS, Rep2: LAMB and MUTTON"
0.7620981088406001,0.9436029523407102,"Rep1: FERMENTED SOYA PRODUCTS, Rep2: PORK"
0.7909640211845037,0.9872449265078994,"Rep1: FERMENTED SOYA PRODUCTS, Rep2: CINNAMOMUM SPECIES"
0.756107250427627,0.9963590427388644,"Rep1: FERMENTED SOYA PRODUCTS, Rep2: CURCUMA SPECIES"
0.7549548375613419,0.9891043456917787,"Rep1: FERMENTED SOYA PRODUCTS, Rep2: DILL (Anethum species)"
0.7571503203954606,0.9946818238272839,"Rep1: FERMENTED SOYA PRODUCTS, Rep2: FENNEL (Foeniculum vulg., ssp. capillaceum; var.)"
0.7286505342332966,0.93404345685326,"Rep1: FERMENTED SOYA PRODUCTS, Rep2: LICORICE (Glycyrrhiza species)"
0.883103379980104,0.9845728446024713,"Rep1: FERMENTED SOYA PRODUCTS, Rep2: MENTHA OILS"
0.7063919920777987,0.9583438612471179,"Rep1: FERMENTED SOYA PRODUCTS, Rep2: MUSTARD (Brassica species)"
0.7259157339349276,0.9924958757495121,"Rep1: FERMENTED SOYA PRODUCTS, Rep2: PEPPER (Piper nigrum L.)"
0.7544621481547573,0.95250470041863,"Rep1: FERMENTED SOYA PRODUCTS, Rep2: SESAME SEED OIL"
0.721571281836673,0.9773096054136527,"Rep1: FERMENTED SOYA PRODUCTS, Rep2: ALLIUM SPECIES"
0.748442692967662,0.9925976611116963,"Rep1: FERMENTED SOYA PRODUCTS, Rep2: CAPSICUM SPECIES"
0.7045665351198681,0.9239163884779361,"Rep1: FERMENTED SOYA PRODUCTS, Rep2: SOYBEAN (Glycine max. L. merr.)"
0.6410223914423553,0.9484573441159062,"Rep1: FERMENTED SOYA PRODUCTS, Rep2: MUSHROOM"
0.6416148728279678,0.9319816660694239,"Rep1: FERMENTED SOYA PRODUCTS, Rep2: TRUFFLE"
0.8350399810286143,0.960262240730001,"Rep1: FERMENTED SOYA PRODUCTS, Rep2: APPLE FRESH (Malus species)"
0.8317353962882659,0.9850988428089851,"Rep1: FERMENTED SOYA PRODUCTS, Rep2: CITRUS FRUITS"
0.8329306971753901,0.9609638536651481,"Rep1: FERMENTED SOYA PRODUCTS, Rep2: GUAVA and FEYOA"
0.747549709623782,0.9764169885648973,"Rep1: FERMENTED SOYA PRODUCTS, Rep2: MANGIFERA SPECIES"
0.6345265942563872,0.9630183756838855,"Rep1: FERMENTED SOYA PRODUCTS, Rep2: OLIVE (Olea europaea)"
0.8332689625355115,0.9630673265012641,"Rep1: FERMENTED SOYA PRODUCTS, Rep2: PASSION FRUIT (PASSIFLORA SPECIES)"
0.7375621982912293,0.9588468593672734,"Rep1: FERMENTED SOYA PRODUCTS, Rep2: PLUM (Prunus species)"
0.8055233256766073,0.9635107058526692,"Rep1: FERMENTED SOYA PRODUCTS, Rep2: RASPBERRY, BLACKBERRY and BOYSENBERRY"
0.7879355924914233,0.9427555821545202,"Rep1: FERMENTED SOYA PRODUCTS, Rep2: VACCINIUM SPECIES"
0.7261588329112705,0.9823976031132859,"Rep1: FERMENTED SOYA PRODUCTS, Rep2: CHESTNUT (Castanea species)"
0.7253174619074387,0.9830628765729541,"Rep1: FERMENTED SOYA PRODUCTS, Rep2: WALNUT (Juglans species)"
0.719292881734297,0.9257485041350986,"Rep1: FERMENTED SOYA PRODUCTS, Rep2: AMARANTH"
0.7512759399477308,0.9424866500133179,"Rep1: FERMENTED SOYA PRODUCTS, Rep2: MAIZE (Zea mays L.)"
0.717866296773823,0.9504336472322489,"Rep1: FERMENTED SOYA PRODUCTS, Rep2: OATS (Avena sativa L.)"
0.7155688390279165,0.9617228226677563,"Rep1: FERMENTED SOYA PRODUCTS, Rep2: RICE (Oryza sativa L.)"
0.6837950147229644,0.9871685965564329,"Rep1: FERMENTED SOYA PRODUCTS, Rep2: WHEAT"
0.6766408035570145,0.8974334228053529,"Rep1: FERMENTED SOYA PRODUCTS, Rep2: WHEATEN BREAD"
0.7628864571700085,1.0,"Rep1: FERMENTED SOYA PRODUCTS, Rep2: CEDARWOOD OIL"
0.7371245158044837,0.9980661423865657,"Rep1: FERMENTED SOYA PRODUCTS, Rep2: CONOCARPUS SPP. TREE"
0.804529146351128,0.9943113847259747,"Rep1: HEARTWOOD, Rep2: BEER"
0.7134113806367338,0.9674492022991263,"Rep1: HEARTWOOD, Rep2: WINE"
0.6744789972811897,0.943980793002658,"Rep1: HEARTWOOD, Rep2: BAIJIU (CHINESE LIQUOR)"
0.6374256271159469,0.9472473647805737,"Rep1: HEARTWOOD, Rep2: GRAPE BRANDY"
0.616178691585805,0.9136220917782142,"Rep1: HEARTWOOD, Rep2: WHISKY"
0.786692170029232,0.9447781192412268,"Rep1: HEARTWOOD, Rep2: CHEESE, VARIOUS TYPES"
0.8544485279015187,0.9636902275800631,"Rep1: HEARTWOOD, Rep2: MILK and MILK PRODUCTS"
0.6745465362535018,0.963282604568348,"Rep1: HEARTWOOD, Rep2: COCOA category"
0.6890304894580822,0.9734570283951144,"Rep1: HEARTWOOD, Rep2: TEA"
0.8195440496662645,0.9846085280162488,"Rep1: HEARTWOOD, Rep2: BROWN ALGAE"
0.8410742907487323,0.9675423837955464,"Rep1: HEARTWOOD, Rep2: CRAB"
0.8356149724390821,0.9673487623171664,"Rep1: HEARTWOOD, Rep2: FISH"
0.8235703105971152,0.9791509910693419,"Rep1: HEARTWOOD, Rep2: GREEN ALGAE"
0.8205351776649947,0.9788669501226843,"Rep1: HEARTWOOD, Rep2: RED ALGAE"
0.9043579486010594,0.9864048518798847,"Rep1: HEARTWOOD, Rep2: SHRIMPS (PRAWN)"
0.8589177221943807,0.9688400492122565,"Rep1: HEARTWOOD, Rep2: BEEF"
0.9014682280294014,0.9756861375981686,"Rep1: HEARTWOOD, Rep2: CHICKEN"
0.852082017863068,0.9900091486714794,"Rep1: HEARTWOOD, Rep2: EGG"
0.8076104723268702,0.9575048650862132,"Rep1: HEARTWOOD, Rep2: LAMB and MUTTON"
0.8742494976051093,0.9524577983576217,"Rep1: HEARTWOOD, Rep2: PORK"
0.5721302604344379,0.9761706196852145,"Rep1: HEARTWOOD, Rep2: CINNAMOMUM SPECIES"
0.5506431659422439,0.998735069869312,"Rep1: HEARTWOOD, Rep2: CURCUMA SPECIES"
0.5778142340302698,0.9813918390920647,"Rep1: HEARTWOOD, Rep2: DILL (Anethum species)"
0.6573975250979234,0.9905095404681341,"Rep1: HEARTWOOD, Rep2: FENNEL (Foeniculum vulg., ssp. capillaceum; var.)"
0.5704879308894338,0.9324732074302353,"Rep1: HEARTWOOD, Rep2: LICORICE (Glycyrrhiza species)"
0.8130722075442197,0.9912631826897368,"Rep1: HEARTWOOD, Rep2: MENTHA OILS"
0.672741929468586,0.9735169064689471,"Rep1: HEARTWOOD, Rep2: MUSTARD (Brassica species)"
0.5807411768629815,0.9969717693437659,"Rep1: HEARTWOOD, Rep2: PEPPER (Piper nigrum L.)"
0.765111598993287,0.9463338992609834,"Rep1: HEARTWOOD, Rep2: SESAME SEED OIL"
0.7423305669538994,0.9839777021871099,"Rep1: HEARTWOOD, Rep2: ALLIUM SPECIES"
0.6494653891304818,0.9964540560636239,"Rep1: HEARTWOOD, Rep2: CAPSICUM SPECIES"
0.731666864770556,0.9525253524723469,"Rep1: HEARTWOOD, Rep2: SOYBEAN (Glycine max. L. merr.)"
0.6257698880808442,0.9613382848147116,"Rep1: HEARTWOOD, Rep2: MUSHROOM"
0.5761231036530721,0.9729305729134056,"Rep1: HEARTWOOD, Rep2: TRUFFLE"
0.7783876375585614,0.9722176891919124,"Rep1: HEARTWOOD, Rep2: APPLE FRESH (Malus species)"
0.7882239656082158,0.9843590615344769,"Rep1: HEARTWOOD, Rep2: CITRUS FRUITS"
0.6645708816058831,0.9766168929026392,"Rep1: HEARTWOOD, Rep2: GUAVA and FEYOA"
0.7380844571851927,0.9807737105808704,"Rep1: HEARTWOOD, Rep2: MANGIFERA SPECIES"
0.5931921797113549,0.9725367729119918,"Rep1: HEARTWOOD, Rep2: OLIVE (Olea europaea)"
0.7720357712937038,0.9798132091182518,"Rep1: HEARTWOOD, Rep2: PASSION FRUIT (PASSIFLORA SPECIES)"
0.7342988683110243,0.9553802596216849,"Rep1: HEARTWOOD, Rep2: PLUM (Prunus species)"
0.6885724984963961,0.9635417719654843,"Rep1: HEARTWOOD, Rep2: RASPBERRY, BLACKBERRY and BOYSENBERRY"
0.7408058022516685,0.9444704874122153,"Rep1: HEARTWOOD, Rep2: VACCINIUM SPECIES"
0.5919909227547522,0.9621729844372893,"Rep1: HEARTWOOD, Rep2: CHESTNUT (Castanea species)"
0.4864042222455386,0.9842337635845988,"Rep1: HEARTWOOD, Rep2: WALNUT (Juglans species)"
0.5126106656011943,0.9897407540095122,"Rep1: HEARTWOOD, Rep2: AMARANTH"
0.808033171827636,0.944111600518897,"Rep1: HEARTWOOD, Rep2: MAIZE (Zea mays L.)"
0.6621499189135799,0.9501255836544832,"Rep1: HEARTWOOD, Rep2: OATS (Avena sativa L.)"
0.6370979914711266,0.9734710893600892,"Rep1: HEARTWOOD, Rep2: RICE (Oryza sativa L.)"
0.5764493355388142,0.9857087944227951,"Rep1: HEARTWOOD, Rep2: WHEAT"
0.7367882083879501,0.936426397449966,"Rep1: HEARTWOOD, Rep2: WHEATEN BREAD"
0.4928580744918031,1.0,"Rep1: HEARTWOOD, Rep2: CEDARWOOD OIL"
0.5062792532107918,0.9844307727482731,"Rep1: HEARTWOOD, Rep2: CONOCARPUS SPP. TREE"
0.7455499406160788,0.967706697425841,"Rep1: HEARTWOOD, Rep2: FERMENTED SOYA PRODUCTS"
0.7838660702792202,0.9880797754051934,"Rep1: HONEY, Rep2: BEER"
0.7354981507339896,0.9686216550237632,"Rep1: HONEY, Rep2: WINE"
0.7143218140716382,0.9424979922832659,"Rep1: HONEY, Rep2: BAIJIU (CHINESE LIQUOR)"
0.7119695882012597,0.9517928143320863,"Rep1: HONEY, Rep2: GRAPE BRANDY"
0.7165035059064443,0.9378458547794124,"Rep1: HONEY, Rep2: WHISKY"
0.8060219423499574,0.9502237896671568,"Rep1: HONEY, Rep2: CHEESE, VARIOUS TYPES"
0.8362042514423585,0.9531440040665934,"Rep1: HONEY, Rep2: MILK and MILK PRODUCTS"
0.7729240029447949,0.9401503685665008,"Rep1: HONEY, Rep2: COCOA category"
0.6732923576609082,0.9550539356912162,"Rep1: HONEY, Rep2: TEA"
0.8162837509740588,0.9845804933624677,"Rep1: HONEY, Rep2: BROWN ALGAE"
0.8236866852047899,0.9445217751310435,"Rep1: HONEY, Rep2: CRAB"
0.8403125003371507,0.9715360720689993,"Rep1: HONEY, Rep2: FISH"
0.7810132805022428,0.9712050388308187,"Rep1: HONEY, Rep2: GREEN ALGAE"
0.7921800601941491,0.9844724413141905,"Rep1: HONEY, Rep2: RED ALGAE"
0.8591213880317703,0.9744980228307575,"Rep1: HONEY, Rep2: SHRIMPS (PRAWN)"
0.9155693951845335,0.9540006199475818,"Rep1: HONEY, Rep2: BEEF"
0.9212388031234495,0.9525508844422599,"Rep1: HONEY, Rep2: CHICKEN"
0.8691682931561906,0.9754258236648841,"Rep1: HONEY, Rep2: EGG"
0.869444130898668,0.9617892675861099,"Rep1: HONEY, Rep2: LAMB and MUTTON"
0.9264048221504695,0.9487233623989481,"Rep1: HONEY, Rep2: PORK"
0.6696045461360667,0.9713623858312733,"Rep1: HONEY, Rep2: CINNAMOMUM SPECIES"
0.6734903520426679,0.9863781314634841,"Rep1: HONEY, Rep2: CURCUMA SPECIES"
0.6108127446002144,0.9712406743128488,"Rep1: HONEY, Rep2: DILL (Anethum species)"
0.6646637636761618,0.985303709685061,"Rep1: HONEY, Rep2: FENNEL (Foeniculum vulg., ssp. capillaceum; var.)"
0.6900706891929685,0.9451690768310097,"Rep1: HONEY, Rep2: LICORICE (Glycyrrhiza species)"
0.7007961090095635,0.9752556414544724,"Rep1: HONEY, Rep2: MENTHA OILS"
0.7156810326494532,0.966542096998175,"Rep1: HONEY, Rep2: MUSTARD (Brassica species)"
0.638951329330293,0.9886440448989942,"Rep1: HONEY, Rep2: PEPPER (Piper nigrum L.)"
0.8110956638765928,0.9466242038539491,"Rep1: HONEY, Rep2: SESAME SEED OIL"
0.7146849782483633,0.9770489605953251,"Rep1: HONEY, Rep2: ALLIUM SPECIES"
0.6362464565820565,0.990522993662127,"Rep1: HONEY, Rep2: CAPSICUM SPECIES"
0.7683341789052356,0.9440882115932998,"Rep1: HONEY, Rep2: SOYBEAN (Glycine max. L. merr.)"
0.6928073052710186,0.9505080334553196,"Rep1: HONEY, Rep2: MUSHROOM"
0.6769773241458454,0.9545920422146122,"Rep1: HONEY, Rep2: TRUFFLE"
0.6548259865156235,0.9718176378627575,"Rep1: HONEY, Rep2: APPLE FRESH (Malus species)"
0.6965575633026897,0.9732628682895673,"Rep1: HONEY, Rep2: CITRUS FRUITS"
0.6296783050561515,0.9579478706580841,"Rep1: HONEY, Rep2: GUAVA and FEYOA"
0.7424531556374838,0.9638748348279553,"Rep1: HONEY, Rep2: MANGIFERA SPECIES"
0.6634376331373916,0.9601634486296498,"Rep1: HONEY, Rep2: OLIVE (Olea europaea)"
0.6953623326937627,0.9600103364882702,"Rep1: HONEY, Rep2: PASSION FRUIT (PASSIFLORA SPECIES)"
0.7222324996305395,0.9351234576135719,"Rep1: HONEY, Rep2: PLUM (Prunus species)"
0.6618268317743867,0.955349361122324,"Rep1: HONEY, Rep2: RASPBERRY, BLACKBERRY and BOYSENBERRY"
0.7135990220834166,0.931947467575741,"Rep1: HONEY, Rep2: VACCINIUM SPECIES"
0.6575667009848054,0.950099412741546,"Rep1: HONEY, Rep2: CHESTNUT (Castanea species)"
0.6425757102524181,0.9756871393780872,"Rep1: HONEY, Rep2: WALNUT (Juglans species)"
0.5906288012747429,0.9506586578554811,"Rep1: HONEY, Rep2: AMARANTH"
0.8131014640042418,0.9498536840455961,"Rep1: HONEY, Rep2: MAIZE (Zea mays L.)"
0.7436269535923324,0.9621690672179457,"Rep1: HONEY, Rep2: OATS (Avena sativa L.)"
0.6698487160441969,0.9606821943432983,"Rep1: HONEY, Rep2: RICE (Oryza sativa L.)"
0.6529059911468565,0.9754597969411466,"Rep1: HONEY, Rep2: WHEAT"
0.7605070905032383,0.9249474786897723,"Rep1: HONEY, Rep2: WHEATEN BREAD"
0.6624637786376715,0.9980657640232108,"Rep1: HONEY, Rep2: CEDARWOOD OIL"
0.6139499774175768,0.9776253554521509,"Rep1: HONEY, Rep2: CONOCARPUS SPP. TREE"
0.7919262919434877,0.9538328445392097,"Rep1: HONEY, Rep2: FERMENTED SOYA PRODUCTS"
0.6396325148283376,0.9518982378122293,"Rep1: HONEY, Rep2: HEARTWOOD"
0.8352284020900109,0.9897608558085633,"Rep1: MASTIC (Pistacia lentiscus), Rep2: BEER"
0.7708386157442894,0.9837897289285018,"Rep1: MASTIC (Pistacia lentiscus), Rep2: WINE"
0.7389261732357965,0.9775659780318128,"Rep1: MASTIC (Pistacia lentiscus), Rep2: BAIJIU (CHINESE LIQUOR)"
0.7267424427498792,0.9791488421597085,"Rep1: MASTIC (Pistacia lentiscus), Rep2: GRAPE BRANDY"
0.7272896984687618,0.9812294354343277,"Rep1: MASTIC (Pistacia lentiscus), Rep2: WHISKY"
0.8157830441885472,0.9796283488839651,"Rep1: MASTIC (Pistacia lentiscus), Rep2: CHEESE, VARIOUS TYPES"
0.8700619910377042,0.9843540452053916,"Rep1: MASTIC (Pistacia lentiscus), Rep2: MILK and MILK PRODUCTS"
0.7682326736130326,0.979982732281764,"Rep1: MASTIC (Pistacia lentiscus), Rep2: COCOA category"
0.7158965867626365,0.9664257916897941,"Rep1: MASTIC (Pistacia lentiscus), Rep2: TEA"
0.7844816779587303,0.9876780819570774,"Rep1: MASTIC (Pistacia lentiscus), Rep2: BROWN ALGAE"
0.819074901579901,0.9757534912425363,"Rep1: MASTIC (Pistacia lentiscus), Rep2: CRAB"
0.82524797947549,0.987903365554655,"Rep1: MASTIC (Pistacia lentiscus), Rep2: FISH"
0.7812768559856831,0.9877651241189837,"Rep1: MASTIC (Pistacia lentiscus), Rep2: GREEN ALGAE"
0.7832827777634479,0.9882437180161615,"Rep1: MASTIC (Pistacia lentiscus), Rep2: RED ALGAE"
0.8840181651105933,0.993057044525886,"Rep1: MASTIC (Pistacia lentiscus), Rep2: SHRIMPS (PRAWN)"
0.8760263102903671,0.9903377145168643,"Rep1: MASTIC (Pistacia lentiscus), Rep2: BEEF"
0.9063967587519963,0.9850133591871083,"Rep1: MASTIC (Pistacia lentiscus), Rep2: CHICKEN"
0.8469958629424991,0.9933640701100039,"Rep1: MASTIC (Pistacia lentiscus), Rep2: EGG"
0.8106810056270665,0.9916854924770198,"Rep1: MASTIC (Pistacia lentiscus), Rep2: LAMB and MUTTON"
0.8858732040096269,0.9850173802789733,"Rep1: MASTIC (Pistacia lentiscus), Rep2: PORK"
0.5799929709781846,0.8935122458552135,"Rep1: MASTIC (Pistacia lentiscus), Rep2: CINNAMOMUM SPECIES"
0.5480308159572098,0.887347590653251,"Rep1: MASTIC (Pistacia lentiscus), Rep2: CURCUMA SPECIES"
0.5905623955549615,0.8995638841380076,"Rep1: MASTIC (Pistacia lentiscus), Rep2: DILL (Anethum species)"
0.6683050870487082,0.8956825438053718,"Rep1: MASTIC (Pistacia lentiscus), Rep2: FENNEL (Foeniculum vulg., ssp. capillaceum; var.)"
0.6428989844957685,0.9635393827204606,"Rep1: MASTIC (Pistacia lentiscus), Rep2: LICORICE (Glycyrrhiza species)"
0.7486963762694601,0.8829316236422874,"Rep1: MASTIC (Pistacia lentiscus), Rep2: MENTHA OILS"
0.6886032876283729,0.9925506638915554,"Rep1: MASTIC (Pistacia lentiscus), Rep2: MUSTARD (Brassica species)"
0.5708491590558505,0.8735478722736074,"Rep1: MASTIC (Pistacia lentiscus), Rep2: PEPPER (Piper nigrum L.)"
0.8099153756625576,0.9764627271123041,"Rep1: MASTIC (Pistacia lentiscus), Rep2: SESAME SEED OIL"
0.7201829556347642,0.9904444796511875,"Rep1: MASTIC (Pistacia lentiscus), Rep2: ALLIUM SPECIES"
0.6642442578631204,0.9774092445308453,"Rep1: MASTIC (Pistacia lentiscus), Rep2: CAPSICUM SPECIES"
0.7782403517465758,0.980596811790356,"Rep1: MASTIC (Pistacia lentiscus), Rep2: SOYBEAN (Glycine max. L. merr.)"
0.703467761226067,0.9819140452663024,"Rep1: MASTIC (Pistacia lentiscus), Rep2: MUSHROOM"
0.6552176768066871,0.9950315342599338,"Rep1: MASTIC (Pistacia lentiscus), Rep2: TRUFFLE"
0.772039478702546,0.9834894147621382,"Rep1: MASTIC (Pistacia lentiscus), Rep2: APPLE FRESH (Malus species)"
0.7443395351918933,0.8851578262666528,"Rep1: MASTIC (Pistacia lentiscus), Rep2: CITRUS FRUITS"
0.618287625491317,0.9015653782600738,"Rep1: MASTIC (Pistacia lentiscus), Rep2: GUAVA and FEYOA"
0.7544489800587564,0.9406151846410228,"Rep1: MASTIC (Pistacia lentiscus), Rep2: MANGIFERA SPECIES"
0.6146040290590433,0.9705426058732446,"Rep1: MASTIC (Pistacia lentiscus), Rep2: OLIVE (Olea europaea)"
0.7393699375041304,0.9509546382573637,"Rep1: MASTIC (Pistacia lentiscus), Rep2: PASSION FRUIT (PASSIFLORA SPECIES)"
0.7437431067810666,0.9671234041519688,"Rep1: MASTIC (Pistacia lentiscus), Rep2: PLUM (Prunus species)"
0.6957567378163859,0.9391066894196226,"Rep1: MASTIC (Pistacia lentiscus), Rep2: RASPBERRY, BLACKBERRY and BOYSENBERRY"
0.766179814335335,0.9407768912506095,"Rep1: MASTIC (Pistacia lentiscus), Rep2: VACCINIUM SPECIES"
0.6588065744180529,0.9796958671994832,"Rep1: MASTIC (Pistacia lentiscus), Rep2: CHESTNUT (Castanea species)"
0.5109873640637842,0.9736340730958248,"Rep1: MASTIC (Pistacia lentiscus), Rep2: WALNUT (Juglans species)"
0.5666563869088269,0.9859093944558303,"Rep1: MASTIC (Pistacia lentiscus), Rep2: AMARANTH"
0.8325878274886584,0.9805630760167584,"Rep1: MASTIC (Pistacia lentiscus), Rep2: MAIZE (Zea mays L.)"
0.7490008265487569,0.9911850420025976,"Rep1: MASTIC (Pistacia lentiscus), Rep2: OATS (Avena sativa L.)"
0.7165829927286961,0.9821401947891488,"Rep1: MASTIC (Pistacia lentiscus), Rep2: RICE (Oryza sativa L.)"
0.6556420151765012,0.994596845791894,"Rep1: MASTIC (Pistacia lentiscus), Rep2: WHEAT"
0.7880669081706866,0.9916552063924065,"Rep1: MASTIC (Pistacia lentiscus), Rep2: WHEATEN BREAD"
0.3925268375168169,0.99948087447302,"Rep1: MASTIC (Pistacia lentiscus), Rep2: CEDARWOOD OIL"
0.5325485961482557,1.0,"Rep1: MASTIC (Pistacia lentiscus), Rep2: CONOCARPUS SPP. TREE"
0.7674353508055388,0.9924081132430553,"Rep1: MASTIC (Pistacia lentiscus), Rep2: FERMENTED SOYA PRODUCTS"
0.49162559717475734,0.9929770944798554,"Rep1: MASTIC (Pistacia lentiscus), Rep2: HEARTWOOD"
0.6364941404318303,0.9842579810374107,"Rep1: MASTIC (Pistacia lentiscus), Rep2: HONEY"
0.8155594351551505,0.9912921697213615,"Rep1: MISO (soy bean, rice or fish), Rep2: BEER"
0.8324551901045146,0.9258351713368737,"Rep1: MISO (soy bean, rice or fish), Rep2: WINE"
0.6608483966599354,0.8277130477395066,"Rep1: MISO (soy bean, rice or fish), Rep2: BAIJIU (CHINESE LIQUOR)"
0.7947189652613479,0.8728141675596601,"Rep1: MISO (soy bean, rice or fish), Rep2: GRAPE BRANDY"
0.7952422903528724,0.8474209808420747,"Rep1: MISO (soy bean, rice or fish), Rep2: WHISKY"
0.6840717479513575,0.9002843810508145,"Rep1: MISO (soy bean, rice or fish), Rep2: CHEESE, VARIOUS TYPES"
0.7678739766365065,0.9088709871205238,"Rep1: MISO (soy bean, rice or fish), Rep2: MILK and MILK PRODUCTS"
0.7312152303096526,0.8723828342618584,"Rep1: MISO (soy bean, rice or fish), Rep2: COCOA category"
0.7934330067275078,0.9233307896619519,"Rep1: MISO (soy bean, rice or fish), Rep2: TEA"
0.6935776660323559,0.9813720388675924,"Rep1: MISO (soy bean, rice or fish), Rep2: BROWN ALGAE"
0.640039141774711,0.846570739756581,"Rep1: MISO (soy bean, rice or fish), Rep2: CRAB"
0.7131782906705313,0.9414626305763347,"Rep1: MISO (soy bean, rice or fish), Rep2: FISH"
0.7517193145930423,0.9906492666627249,"Rep1: MISO (soy bean, rice or fish), Rep2: GREEN ALGAE"
0.7586667953598162,0.9978457400571896,"Rep1: MISO (soy bean, rice or fish), Rep2: RED ALGAE"
0.7146060890620076,0.9397033332682879,"Rep1: MISO (soy bean, rice or fish), Rep2: SHRIMPS (PRAWN)"
0.7660100247930042,0.8911825159139928,"Rep1: MISO (soy bean, rice or fish), Rep2: BEEF"
0.7939645637112708,0.9338373246371977,"Rep1: MISO (soy bean, rice or fish), Rep2: CHICKEN"
0.738027181261215,0.9446716952193409,"Rep1: MISO (soy bean, rice or fish), Rep2: EGG"
0.7812761312533201,0.9546067670665445,"Rep1: MISO (soy bean, rice or fish), Rep2: LAMB and MUTTON"
0.7670938271383697,0.9003934762512058,"Rep1: MISO (soy bean, rice or fish), Rep2: PORK"
0.8168993906044245,0.980229384689466,"Rep1: MISO (soy bean, rice or fish), Rep2: CINNAMOMUM SPECIES"
0.7825342678635585,0.9938958453563232,"Rep1: MISO (soy bean, rice or fish), Rep2: CURCUMA SPECIES"
0.7868894214888337,0.9822206017818299,"Rep1: MISO (soy bean, rice or fish), Rep2: DILL (Anethum species)"
0.7829477796198434,0.9991466855760467,"Rep1: MISO (soy bean, rice or fish), Rep2: FENNEL (Foeniculum vulg., ssp. capillaceum; var.)"
0.7511929063566697,0.9177835157359042,"Rep1: MISO (soy bean, rice or fish), Rep2: LICORICE (Glycyrrhiza species)"
0.9036099073355084,0.9698873917775025,"Rep1: MISO (soy bean, rice or fish), Rep2: MENTHA OILS"
0.7355851157825101,0.9556040367399656,"Rep1: MISO (soy bean, rice or fish), Rep2: MUSTARD (Brassica species)"
0.7580211047862956,0.9866320298093683,"Rep1: MISO (soy bean, rice or fish), Rep2: PEPPER (Piper nigrum L.)"
0.7687929970789014,0.9048038353713206,"Rep1: MISO (soy bean, rice or fish), Rep2: SESAME SEED OIL"
0.7512522546544488,0.9519467710751445,"Rep1: MISO (soy bean, rice or fish), Rep2: ALLIUM SPECIES"
0.7736457975333119,0.9814961555806346,"Rep1: MISO (soy bean, rice or fish), Rep2: CAPSICUM SPECIES"
0.7190701957723922,0.8614741883146895,"Rep1: MISO (soy bean, rice or fish), Rep2: SOYBEAN (Glycine max. L. merr.)"
0.6551085991443599,0.8988013218079434,"Rep1: MISO (soy bean, rice or fish), Rep2: MUSHROOM"
0.6700770060286773,0.8982355632941819,"Rep1: MISO (soy bean, rice or fish), Rep2: TRUFFLE"
0.854375201502605,0.8949772452823944,"Rep1: MISO (soy bean, rice or fish), Rep2: APPLE FRESH (Malus species)"
0.8512587864168059,0.9697294188434895,"Rep1: MISO (soy bean, rice or fish), Rep2: CITRUS FRUITS"
0.8474901968750537,0.9059467851887678,"Rep1: MISO (soy bean, rice or fish), Rep2: GUAVA and FEYOA"
0.7606925423932666,0.9546858608354624,"Rep1: MISO (soy bean, rice or fish), Rep2: MANGIFERA SPECIES"
0.6612550403550748,0.9183543469333746,"Rep1: MISO (soy bean, rice or fish), Rep2: OLIVE (Olea europaea)"
0.8501083678822247,0.9118789420436975,"Rep1: MISO (soy bean, rice or fish), Rep2: PASSION FRUIT (PASSIFLORA SPECIES)"
0.7590879884709789,0.90419871525585,"Rep1: MISO (soy bean, rice or fish), Rep2: PLUM (Prunus species)"
0.8224805508213668,0.9094926601070572,"Rep1: MISO (soy bean, rice or fish), Rep2: RASPBERRY, BLACKBERRY and BOYSENBERRY"
0.806789113313429,0.8677657072795889,"Rep1: MISO (soy bean, rice or fish), Rep2: VACCINIUM SPECIES"
0.7456617719040222,0.9698586237585309,"Rep1: MISO (soy bean, rice or fish), Rep2: CHESTNUT (Castanea species)"
0.7506189671771433,0.9567957324197807,"Rep1: MISO (soy bean, rice or fish), Rep2: WALNUT (Juglans species)"
0.7455092939554927,0.8987600212108102,"Rep1: MISO (soy bean, rice or fish), Rep2: AMARANTH"
0.7679839572169123,0.897200852065491,"Rep1: MISO (soy bean, rice or fish), Rep2: MAIZE (Zea mays L.)"
0.7317340513426717,0.9284567450753161,"Rep1: MISO (soy bean, rice or fish), Rep2: OATS (Avena sativa L.)"
0.7338554162702143,0.9220475527793626,"Rep1: MISO (soy bean, rice or fish), Rep2: RICE (Oryza sativa L.)"
0.7082531939240971,0.9769646434545184,"Rep1: MISO (soy bean, rice or fish), Rep2: WHEAT"
0.6864070119932146,0.8094723993070996,"Rep1: MISO (soy bean, rice or fish), Rep2: WHEATEN BREAD"
0.7888300334975648,1.0,"Rep1: MISO (soy bean, rice or fish), Rep2: CEDARWOOD OIL"
0.7694445482828837,1.0,"Rep1: MISO (soy bean, rice or fish), Rep2: CONOCARPUS SPP. TREE"
0.44713182819082525,0.7953146172948062,"Rep1: MISO (soy bean, rice or fish), Rep2: FERMENTED SOYA PRODUCTS"
0.7678039489087265,0.9660270534301345,"Rep1: MISO (soy bean, rice or fish), Rep2: HEARTWOOD"
0.8140629019904597,0.9208195266727414,"Rep1: MISO (soy bean, rice or fish), Rep2: HONEY"
0.7938646592291967,0.9793191678892432,"Rep1: MISO (soy bean, rice or fish), Rep2: MASTIC (Pistacia lentiscus)"
0.7783287691966998,1.0,"Rep1: ROSELLE (Hibiscus sabdariffa L.), Rep2: BEER"
0.7423197951266226,0.9993647656691136,"Rep1: ROSELLE (Hibiscus sabdariffa L.), Rep2: WINE"
0.7438073901484951,1.0,"Rep1: ROSELLE (Hibiscus sabdariffa L.), Rep2: BAIJIU (CHINESE LIQUOR)"
0.7869533261131243,1.0,"Rep1: ROSELLE (Hibiscus sabdariffa L.), Rep2: GRAPE BRANDY"
0.8023348196039242,1.0,"Rep1: ROSELLE (Hibiscus sabdariffa L.), Rep2: WHISKY"
0.7799618178190698,1.0,"Rep1: ROSELLE (Hibiscus sabdariffa L.), Rep2: CHEESE, VARIOUS TYPES"
0.7947417829761605,0.993939393939394,"Rep1: ROSELLE (Hibiscus sabdariffa L.), Rep2: MILK and MILK PRODUCTS"
0.7663986786516019,1.0,"Rep1: ROSELLE (Hibiscus sabdariffa L.), Rep2: COCOA category"
0.6749501539710451,1.0,"Rep1: ROSELLE (Hibiscus sabdariffa L.), Rep2: TEA"
0.7487340845856649,1.0,"Rep1: ROSELLE (Hibiscus sabdariffa L.), Rep2: BROWN ALGAE"
0.788415387524046,1.0,"Rep1: ROSELLE (Hibiscus sabdariffa L.), Rep2: CRAB"
0.8083655926966767,1.0,"Rep1: ROSELLE (Hibiscus sabdariffa L.), Rep2: FISH"
0.6932847332165191,1.0,"Rep1: ROSELLE (Hibiscus sabdariffa L.), Rep2: GREEN ALGAE"
0.7209075645647842,1.0,"Rep1: ROSELLE (Hibiscus sabdariffa L.), Rep2: RED ALGAE"
0.8297279011120372,1.0,"Rep1: ROSELLE (Hibiscus sabdariffa L.), Rep2: SHRIMPS (PRAWN)"
0.8995407715423978,1.0,"Rep1: ROSELLE (Hibiscus sabdariffa L.), Rep2: BEEF"
0.8903291336266327,0.9909502262443444,"Rep1: ROSELLE (Hibiscus sabdariffa L.), Rep2: CHICKEN"
0.8436251078541501,1.0,"Rep1: ROSELLE (Hibiscus sabdariffa L.), Rep2: EGG"
0.8582762741923097,1.0,"Rep1: ROSELLE (Hibiscus sabdariffa L.), Rep2: LAMB and MUTTON"
0.9027873469438928,1.0,"Rep1: ROSELLE (Hibiscus sabdariffa L.), Rep2: PORK"
0.760084936103368,1.0,"Rep1: ROSELLE (Hibiscus sabdariffa L.), Rep2: CINNAMOMUM SPECIES"
0.6825818604400049,1.0,"Rep1: ROSELLE (Hibiscus sabdariffa L.), Rep2: CURCUMA SPECIES"
0.5699001279457321,1.0,"Rep1: ROSELLE (Hibiscus sabdariffa L.), Rep2: DILL (Anethum species)"
0.6124155737670742,1.0,"Rep1: ROSELLE (Hibiscus sabdariffa L.), Rep2: FENNEL (Foeniculum vulg., ssp. capillaceum; var.)"
0.7352187554098605,1.0,"Rep1: ROSELLE (Hibiscus sabdariffa L.), Rep2: LICORICE (Glycyrrhiza species)"
0.6657232490925303,1.0,"Rep1: ROSELLE (Hibiscus sabdariffa L.), Rep2: MENTHA OILS"
0.6751913226609714,1.0,"Rep1: ROSELLE (Hibiscus sabdariffa L.), Rep2: MUSTARD (Brassica species)"
0.5817049949395219,1.0,"Rep1: ROSELLE (Hibiscus sabdariffa L.), Rep2: PEPPER (Piper nigrum L.)"
0.785112252968776,1.0,"Rep1: ROSELLE (Hibiscus sabdariffa L.), Rep2: SESAME SEED OIL"
0.6477034435583254,1.0,"Rep1: ROSELLE (Hibiscus sabdariffa L.), Rep2: ALLIUM SPECIES"
0.6537279289599016,0.9097222222222209,"Rep1: ROSELLE (Hibiscus sabdariffa L.), Rep2: CAPSICUM SPECIES"
0.7219864270442325,1.0,"Rep1: ROSELLE (Hibiscus sabdariffa L.), Rep2: SOYBEAN (Glycine max. L. merr.)"
0.6875160896995175,1.0,"Rep1: ROSELLE (Hibiscus sabdariffa L.), Rep2: MUSHROOM"
0.6583507279121539,1.0,"Rep1: ROSELLE (Hibiscus sabdariffa L.), Rep2: TRUFFLE"
0.6382197748219809,1.0,"Rep1: ROSELLE (Hibiscus sabdariffa L.), Rep2: APPLE FRESH (Malus species)"
0.6185665002579073,1.0,"Rep1: ROSELLE (Hibiscus sabdariffa L.), Rep2: CITRUS FRUITS"
0.624751645263921,1.0,"Rep1: ROSELLE (Hibiscus sabdariffa L.), Rep2: GUAVA and FEYOA"
0.7261304775574138,1.0,"Rep1: ROSELLE (Hibiscus sabdariffa L.), Rep2: MANGIFERA SPECIES"
0.562540128933971,0.9978991596638654,"Rep1: ROSELLE (Hibiscus sabdariffa L.), Rep2: OLIVE (Olea europaea)"
0.6465656823977568,1.0,"Rep1: ROSELLE (Hibiscus sabdariffa L.), Rep2: PASSION FRUIT (PASSIFLORA SPECIES)"
0.6982300917915554,1.0,"Rep1: ROSELLE (Hibiscus sabdariffa L.), Rep2: PLUM (Prunus species)"
0.5898314155326414,1.0,"Rep1: ROSELLE (Hibiscus sabdariffa L.), Rep2: RASPBERRY, BLACKBERRY and BOYSENBERRY"
0.6714190675841893,1.0,"Rep1: ROSELLE (Hibiscus sabdariffa L.), Rep2: VACCINIUM SPECIES"
0.6611239463835378,1.0,"Rep1: ROSELLE (Hibiscus sabdariffa L.), Rep2: CHESTNUT (Castanea species)"
0.5593412968838397,1.0,"Rep1: ROSELLE (Hibiscus sabdariffa L.), Rep2: WALNUT (Juglans species)"
0.4745175929928362,1.0,"Rep1: ROSELLE (Hibiscus sabdariffa L.), Rep2: AMARANTH"
0.7553908355997557,1.0,"Rep1: ROSELLE (Hibiscus sabdariffa L.), Rep2: MAIZE (Zea mays L.)"
0.7294314899591942,1.0,"Rep1: ROSELLE (Hibiscus sabdariffa L.), Rep2: OATS (Avena sativa L.)"
0.6645322119767737,1.0,"Rep1: ROSELLE (Hibiscus sabdariffa L.), Rep2: RICE (Oryza sativa L.)"
0.6111449109968203,1.0,"Rep1: ROSELLE (Hibiscus sabdariffa L.), Rep2: WHEAT"
0.7415661164392624,1.0,"Rep1: ROSELLE (Hibiscus sabdariffa L.), Rep2: WHEATEN BREAD"
0.6539009002066681,1.0,"Rep1: ROSELLE (Hibiscus sabdariffa L.), Rep2: CEDARWOOD OIL"
0.4791567999835008,1.0,"Rep1: ROSELLE (Hibiscus sabdariffa L.), Rep2: CONOCARPUS SPP. TREE"
0.7437956560048719,1.0,"Rep1: ROSELLE (Hibiscus sabdariffa L.), Rep2: FERMENTED SOYA PRODUCTS"
0.6392067721592558,1.0,"Rep1: ROSELLE (Hibiscus sabdariffa L.), Rep2: HEARTWOOD"
0.6262379856377438,1.0,"Rep1: ROSELLE (Hibiscus sabdariffa L.), Rep2: HONEY"
0.625756702192479,1.0,"Rep1: ROSELLE (Hibiscus sabdariffa L.), Rep2: MASTIC (Pistacia lentiscus)"
0.7747911228867734,1.0,"Rep1: ROSELLE (Hibiscus sabdariffa L.), Rep2: MISO (soy bean, rice or fish)"
0.8165873967516305,0.9920425884184466,"Rep1: TAGETES, Rep2: BEER"
0.7321843568509603,0.9982536373872032,"Rep1: TAGETES, Rep2: WINE"
0.7273680414616966,0.9964492856296002,"Rep1: TAGETES, Rep2: BAIJIU (CHINESE LIQUOR)"
0.7055410116753842,0.9977402742999962,"Rep1: TAGETES, Rep2: GRAPE BRANDY"
0.716823553408595,0.9994598695167323,"Rep1: TAGETES, Rep2: WHISKY"
0.838417840701642,0.9954841046103873,"Rep1: TAGETES, Rep2: CHEESE, VARIOUS TYPES"
0.8801826514085433,0.9988992457370526,"Rep1: TAGETES, Rep2: MILK and MILK PRODUCTS"
0.801844613172585,0.9969910521003122,"Rep1: TAGETES, Rep2: COCOA category"
0.643013226353955,0.9914615277010062,"Rep1: TAGETES, Rep2: TEA"
0.7830566522685832,0.9989673878869084,"Rep1: TAGETES, Rep2: BROWN ALGAE"
0.826741214349418,0.9942492140656417,"Rep1: TAGETES, Rep2: CRAB"
0.8271251482104418,0.9952836735844268,"Rep1: TAGETES, Rep2: FISH"
0.7474739618383353,0.999607946963881,"Rep1: TAGETES, Rep2: GREEN ALGAE"
0.7510656219425434,0.9993873128447597,"Rep1: TAGETES, Rep2: RED ALGAE"
0.8816736641117003,0.9983514338146994,"Rep1: TAGETES, Rep2: SHRIMPS (PRAWN)"
0.9148711725806798,0.9991930474990234,"Rep1: TAGETES, Rep2: BEEF"
0.9312967466672675,0.9989184106041071,"Rep1: TAGETES, Rep2: CHICKEN"
0.8677921688990321,0.997185066776672,"Rep1: TAGETES, Rep2: EGG"
0.846216669470224,0.9994376634126474,"Rep1: TAGETES, Rep2: LAMB and MUTTON"
0.9290920553801251,0.9959964930007204,"Rep1: TAGETES, Rep2: PORK"
0.6024983213714546,0.9753364279578695,"Rep1: TAGETES, Rep2: CINNAMOMUM SPECIES"
0.5770285820719143,0.9576511621600872,"Rep1: TAGETES, Rep2: CURCUMA SPECIES"
0.5124700740556699,0.9685992462975469,"Rep1: TAGETES, Rep2: DILL (Anethum species)"
0.6393357961481447,0.9660009019914375,"Rep1: TAGETES, Rep2: FENNEL (Foeniculum vulg., ssp. capillaceum; var.)"
0.6896943162428747,0.9883305836576868,"Rep1: TAGETES, Rep2: LICORICE (Glycyrrhiza species)"
0.630037024348389,0.9763960360209459,"Rep1: TAGETES, Rep2: MENTHA OILS"
0.6632342985236084,0.9970007494817855,"Rep1: TAGETES, Rep2: MUSTARD (Brassica species)"
0.5262138830014587,0.9741277070607667,"Rep1: TAGETES, Rep2: PEPPER (Piper nigrum L.)"
0.8247616878897693,0.9979936713491366,"Rep1: TAGETES, Rep2: SESAME SEED OIL"
0.6640118849406019,0.9978021130815261,"Rep1: TAGETES, Rep2: ALLIUM SPECIES"
0.5663862040149873,0.9969764135246529,"Rep1: TAGETES, Rep2: CAPSICUM SPECIES"
0.7938254206347075,0.9969583376548119,"Rep1: TAGETES, Rep2: SOYBEAN (Glycine max. L. merr.)"
0.7043113258112859,0.9984361079316539,"Rep1: TAGETES, Rep2: MUSHROOM"
0.6625254823410848,0.997191756862483,"Rep1: TAGETES, Rep2: TRUFFLE"
0.6736447349185224,0.9989340811876027,"Rep1: TAGETES, Rep2: APPLE FRESH (Malus species)"
0.6650499741802454,0.9703684805513325,"Rep1: TAGETES, Rep2: CITRUS FRUITS"
0.5330969719737413,0.9767549222101681,"Rep1: TAGETES, Rep2: GUAVA and FEYOA"
0.7360776354439152,0.9679055150532967,"Rep1: TAGETES, Rep2: MANGIFERA SPECIES"
0.6105811625201734,0.9915938646228477,"Rep1: TAGETES, Rep2: OLIVE (Olea europaea)"
0.6477808027030321,0.9900169343780255,"Rep1: TAGETES, Rep2: PASSION FRUIT (PASSIFLORA SPECIES)"
0.7260527373953146,0.9924908282063729,"Rep1: TAGETES, Rep2: PLUM (Prunus species)"
0.6219050215594973,0.9874689659058268,"Rep1: TAGETES, Rep2: RASPBERRY, BLACKBERRY and BOYSENBERRY"
0.728173108978573,0.985285515365023,"Rep1: TAGETES, Rep2: VACCINIUM SPECIES"
0.6466279090139019,0.9974433672465133,"Rep1: TAGETES, Rep2: CHESTNUT (Castanea species)"
0.5758113932547847,0.9924952814380532,"Rep1: TAGETES, Rep2: WALNUT (Juglans species)"
0.5339878694082132,0.995086424413255,"Rep1: TAGETES, Rep2: AMARANTH"
0.8495185197112979,0.9877957978430745,"Rep1: TAGETES, Rep2: MAIZE (Zea mays L.)"
0.7765840609280203,0.9989073247268809,"Rep1: TAGETES, Rep2: OATS (Avena sativa L.)"
0.6890825343849893,0.9971706486680885,"Rep1: TAGETES, Rep2: RICE (Oryza sativa L.)"
0.6421508263825414,0.9993570690751973,"Rep1: TAGETES, Rep2: WHEAT"
0.8066524695027668,0.9991292589435702,"Rep1: TAGETES, Rep2: WHEATEN BREAD"
0.5976629830444419,1.0,"Rep1: TAGETES, Rep2: CEDARWOOD OIL"
0.5204693348192732,1.0,"Rep1: TAGETES, Rep2: CONOCARPUS SPP. TREE"
0.8080383672562504,0.9976622068484557,"Rep1: TAGETES, Rep2: FERMENTED SOYA PRODUCTS"
0.5806911539979411,1.0,"Rep1: TAGETES, Rep2: HEARTWOOD"
0.5418758725982967,0.9962107154175602,"Rep1: TAGETES, Rep2: HONEY"
0.5128054716333683,0.9651257020056272,"Rep1: TAGETES, Rep2: MASTIC (Pistacia lentiscus)"
0.8355444662097061,1.0,"Rep1: TAGETES, Rep2: MISO (soy bean, rice or fish)"
0.550373996641628,1.0,"Rep1: TAGETES, Rep2: ROSELLE (Hibiscus sabdariffa L.)"
0.8260706379613667,1.0,"Rep1: WOOD SMOKE, Rep2: BEER"
0.7515691775285251,1.0,"Rep1: WOOD SMOKE, Rep2: WINE"
0.6947850534161617,1.0,"Rep1: WOOD SMOKE, Rep2: BAIJIU (CHINESE LIQUOR)"
0.6437807880065436,0.999896415959983,"Rep1: WOOD SMOKE, Rep2: GRAPE BRANDY"
0.5965137545829117,1.0,"Rep1: WOOD SMOKE, Rep2: WHISKY"
0.765138357956445,0.999885798597554,"Rep1: WOOD SMOKE, Rep2: CHEESE, VARIOUS TYPES"
0.8407612665875619,0.9994541509261747,"Rep1: WOOD SMOKE, Rep2: MILK and MILK PRODUCTS"
0.6936338652983337,0.9948232223121266,"Rep1: WOOD SMOKE, Rep2: COCOA category"
0.7108155854984286,0.9992755893722424,"Rep1: WOOD SMOKE, Rep2: TEA"
0.8121606291893394,1.0,"Rep1: WOOD SMOKE, Rep2: BROWN ALGAE"
0.8158332449456714,0.991293240758656,"Rep1: WOOD SMOKE, Rep2: CRAB"
0.7962850066507924,0.9996354905598605,"Rep1: WOOD SMOKE, Rep2: FISH"
0.8295874917711991,1.0,"Rep1: WOOD SMOKE, Rep2: GREEN ALGAE"
0.8163656574595137,1.0,"Rep1: WOOD SMOKE, Rep2: RED ALGAE"
0.8774912123507135,0.9957648450129639,"Rep1: WOOD SMOKE, Rep2: SHRIMPS (PRAWN)"
0.8124434868907775,0.9991743971016045,"Rep1: WOOD SMOKE, Rep2: BEEF"
0.8523906451001191,0.9996918327086398,"Rep1: WOOD SMOKE, Rep2: CHICKEN"
0.8204952119030154,0.9988563701342604,"Rep1: WOOD SMOKE, Rep2: EGG"
0.7795852390335226,1.0,"Rep1: WOOD SMOKE, Rep2: LAMB and MUTTON"
0.8251159157654328,0.9955591042147062,"Rep1: WOOD SMOKE, Rep2: PORK"
0.5616639519793493,1.0,"Rep1: WOOD SMOKE, Rep2: CINNAMOMUM SPECIES"
0.5922539506262902,1.0,"Rep1: WOOD SMOKE, Rep2: CURCUMA SPECIES"
0.6469989853573893,1.0,"Rep1: WOOD SMOKE, Rep2: DILL (Anethum species)"
0.7165471634943035,1.0,"Rep1: WOOD SMOKE, Rep2: FENNEL (Foeniculum vulg., ssp. capillaceum; var.)"
0.5690679772121612,0.9987362398116779,"Rep1: WOOD SMOKE, Rep2: LICORICE (Glycyrrhiza species)"
0.8193687940562229,1.0,"Rep1: WOOD SMOKE, Rep2: MENTHA OILS"
0.6695751862141419,0.9934701153188548,"Rep1: WOOD SMOKE, Rep2: MUSTARD (Brassica species)"
0.6260239582187536,1.0,"Rep1: WOOD SMOKE, Rep2: PEPPER (Piper nigrum L.)"
0.740154972618348,1.0,"Rep1: WOOD SMOKE, Rep2: SESAME SEED OIL"
0.7492770366022261,1.0,"Rep1: WOOD SMOKE, Rep2: ALLIUM SPECIES"
0.6729339291215961,1.0,"Rep1: WOOD SMOKE, Rep2: CAPSICUM SPECIES"
0.7457078291480447,0.9939344438191781,"Rep1: WOOD SMOKE, Rep2: SOYBEAN (Glycine max. L. merr.)"
0.623819632591692,1.0,"Rep1: WOOD SMOKE, Rep2: MUSHROOM"
0.5962407316925157,1.0,"Rep1: WOOD SMOKE, Rep2: TRUFFLE"
0.8129607408171619,1.0,"Rep1: WOOD SMOKE, Rep2: APPLE FRESH (Malus species)"
0.8206833280466688,1.0,"Rep1: WOOD SMOKE, Rep2: CITRUS FRUITS"
0.7196072734557207,1.0,"Rep1: WOOD SMOKE, Rep2: GUAVA and FEYOA"
0.7871850502027354,1.0,"Rep1: WOOD SMOKE, Rep2: MANGIFERA SPECIES"
0.6601548262334744,1.0,"Rep1: WOOD SMOKE, Rep2: OLIVE (Olea europaea)"
0.814521962650157,1.0,"Rep1: WOOD SMOKE, Rep2: PASSION FRUIT (PASSIFLORA SPECIES)"
0.7638539822253961,1.0,"Rep1: WOOD SMOKE, Rep2: PLUM (Prunus species)"
0.7441213914965479,1.0,"Rep1: WOOD SMOKE, Rep2: RASPBERRY, BLACKBERRY and BOYSENBERRY"
0.7664398190739183,1.0,"Rep1: WOOD SMOKE, Rep2: VACCINIUM SPECIES"
0.6001244773409949,1.0,"Rep1: WOOD SMOKE, Rep2: CHESTNUT (Castanea species)"
0.5799628611567326,1.0,"Rep1: WOOD SMOKE, Rep2: WALNUT (Juglans species)"
0.6120326306510335,1.0,"Rep1: WOOD SMOKE, Rep2: AMARANTH"
0.8080620477290619,0.9967533021164549,"Rep1: WOOD SMOKE, Rep2: MAIZE (Zea mays L.)"
0.6492863834755132,0.9982116264227208,"Rep1: WOOD SMOKE, Rep2: OATS (Avena sativa L.)"
0.653825161211903,0.9997008879098039,"Rep1: WOOD SMOKE, Rep2: RICE (Oryza sativa L.)"
0.6125473521350892,0.9989573035096387,"Rep1: WOOD SMOKE, Rep2: WHEAT"
0.7073050366253573,0.9985758533997652,"Rep1: WOOD SMOKE, Rep2: WHEATEN BREAD"
0.503621644941581,1.0,"Rep1: WOOD SMOKE, Rep2: CEDARWOOD OIL"
0.6332058006155028,1.0,"Rep1: WOOD SMOKE, Rep2: CONOCARPUS SPP. TREE"
0.7552577640667254,0.9986956906292801,"Rep1: WOOD SMOKE, Rep2: FERMENTED SOYA PRODUCTS"
0.47963128577234476,1.0,"Rep1: WOOD SMOKE, Rep2: HEARTWOOD"
0.674550226378338,1.0,"Rep1: WOOD SMOKE, Rep2: HONEY"
0.5348916029671049,1.0,"Rep1: WOOD SMOKE, Rep2: MASTIC (Pistacia lentiscus)"
0.7736358794479193,1.0,"Rep1: WOOD SMOKE, Rep2: MISO (soy bean, rice or fish)"
0.7401912769492451,1.0,"Rep1: WOOD SMOKE, Rep2: ROSELLE (Hibiscus sabdariffa L.)"
0.6430289817090267,1.0,"Rep1: WOOD SMOKE, Rep2: TAGETES"
