Compound,CAS
,
"&alpha;,&alpha;,5-trimethyltetrahydrofurfuryl alcohol",
"&alpha;,&alpha;-Dimethylphenethyl butyrate",10094-34-5
"&alpha;,5-dimethyl-5-vinylfuranacetic acid (=davana acid)",116181-55-6
&alpha;-(phenylmethyl)-benzeneethanol,5381-92-0
&alpha;-PINENE,2437-95-8
&alpha;-acoradiene,24048-44-0
&alpha;-acorenol,28296-85-7
&alpha;-amorphene (=zizanene),20085-19-2
&alpha;-atlantone,26294-59-7
&alpha;-bergamotene,17699-05-7
&alpha;-bisabolene,17627-44-0
&alpha;-bisabolol,515-69-5
&alpha;-bisabolol oxide (unkn.str.),
&alpha;-bisabolol oxide A,22567-36-8
&alpha;-bisabolol oxide B,26184-88-3
&alpha;-bisabolone oxide (unkn.str.),
&alpha;-bisabolone oxide A,58985-73-2
&alpha;-bourbonene,5208-58-2
&alpha;-butylfurfuryl alcohol,30478-77-4
&alpha;-cadinene,82468-90-4
&alpha;-cadinol,481-34-5
&alpha;-calacorene,21391-99-1
&alpha;-campholenic acid,28973-89-9
&alpha;-campholenic alcohol,1901-38-8
&alpha;-campholenyl acetate,1727-68-0
&alpha;-caryophyllene alcohol,4586-22-5
&alpha;-cedrene,469-61-4
&alpha;-cedrene epoxide,29597-36-2
&alpha;-citronellol,6812-78-8
&alpha;-copaen-11-ol,41370-56-3
&alpha;-copaene (=copaene),3856-25-5
&alpha;-copaene oxide,27564-14-3
&alpha;-corocalene,20129-39-9
&alpha;-costol,65018-15-7
&alpha;-cubebene,17699-14-8
&alpha;-curcumene,4176-06-1
&alpha;-cyclocitral,432-24-6
&alpha;-cyperone,473-08-5
"&alpha;-damascone (=1-(2,6,6-trimethyl-2-cyclohexenyl)-2-buten-1-one)",43052-87-5
&alpha;-elemene,5951-67-7
&alpha;-elemol,
&alpha;-eudesmol,473-16-5
"&alpha;-fenchene (=7,7-dimethyl-2-methylenebicyclo[2.2.1]heptane)",471-84-1
&alpha;-fenchol (=&alpha;-fenchyl alcohol),14575-74-7
&alpha;-fenchyl acetate,4057-31-2
&alpha;-ferulene,27862-07-3
&alpha;-guaiene,3691-12-1
&alpha;-gurjunene,489-40-7
&alpha;-hexylcinnamaldehyde,101-86-0
&alpha;-himachalene,3853-83-6
&alpha;-humulene (=humulene),6753-98-6
"&alpha;-hymentherene (=2,6-dimethyl-1,3,7-octatriene)",6876-07-9
"&alpha;-ionol (=4-(2,6,6-trimethyl-2-cyclohexen-1-yl)-3-buten-2-ol)",472-78-6
&alpha;-ionone,127-41-3
&alpha;-irone,79-69-6
&alpha;-longipinene,5989-08-2
&alpha;-maaliene,489-28-1
&alpha;-methylbenzyl acetate,93-92-5
&alpha;-methylcinnamaldehyde (=2-methyl-3-phenyl-2-propenal),101-39-3
&alpha;-methylhydroxycitronellal (unkn.str.),
&alpha;-muurolene,31983-22-9
&alpha;-muurolol,104245-48-9
&alpha;-myrcene,1686-30-2
&alpha;-ocimene,502-99-8
&alpha;-palustrene,
&alpha;-patchoulene,560-32-7
&alpha;-pentylcinnamaldehyde (=2-benzylideneheptanal),122-40-7
&alpha;-pentylfurfuryl alcohol,14294-62-3
"&alpha;-phellandren-8-ol (=p-1,5-menthadien-8-ol)",1686-20-0
&alpha;-phellandrene,99-83-2
&alpha;-phellandrene epoxide,288393-04-4
&alpha;-phellandrol,120523-29-7
&alpha;-phenyl-benzenemethanol,91-01-0
&alpha;-pinene,80-56-8
"&alpha;-pinene oxide (=1,2-epoxypinane)",1686-14-2
&alpha;-santalene,512-61-8
"&alpha;-selinene (=5&beta;,7&alpha;,10&alpha;-selina-3,11-diene)",473-13-2
&alpha;-sinensal,17909-77-2
&alpha;-terpineol (=p-1-menthen-8-ol),98-55-5
&alpha;-terpinyl acetate,80-26-2
&alpha;-terpinyl butanoate,2153-28-8
&alpha;-terpinyl formate,2153-26-6
&alpha;-terpinyl propanoate,80-27-3
&alpha;-tocopherol,59-02-9
&alpha;-tocotrienol,58864-81-6
&alpha;-vetivone,15764-04-2
&alpha;-ylangene (=ylangene),14912-44-8
"&beta;,&beta;-cyclic-carotene",
&beta;-acoradiene,28477-64-7
&beta;-acorenol,28400-11-5
&beta;-atlantol,38142-56-2
&beta;-bergamotene,6895-56-3
&beta;-betulenol,487-87-6
&beta;-bisabolen-12-ol,51367-98-7
&beta;-bisabolene,4891-79-6
&beta;-bisabolol,15352-77-9
&beta;-bourbonen-13-ol,
&beta;-bourbonene,5208-59-3
&beta;-cadinene,523-47-7
&beta;-calacorene,50277-34-4
&beta;-carotene,7235-40-7
&beta;-caryophyllene,87-44-5
&beta;-caryophyllene alcohol,472-97-9
&beta;-caryophyllene oxide,1139-30-6
&beta;-cedrene,546-28-1
&beta;-chamigrene,18431-82-8
&beta;-citronellene,2436-90-0
&beta;-copaene,18252-44-3
&beta;-costol,515-20-8
&beta;-cryptoxanthin,472-70-8
&beta;-cubebene,13744-15-5
&beta;-curcumene,28976-67-2
&beta;-cyclocitral,432-25-7
&beta;-damascenone,23726-93-4
"&beta;-damascone (=1-(2,6,6-trimethyl-1-cyclohexen-1-yl)-2-buten-1-one)",35044-68-9
&beta;-decalone,4832-17-1
&beta;-dihydroagarofuran,5956-09-2
&beta;-elemene,33880-83-0
&beta;-elemol,32142-08-8
&beta;-epibourbonene,92998-16-8
&beta;-eudesmol,473-15-4
&beta;-farnesene,77129-48-7
&beta;-fenchene,33404-67-0
&beta;-fenchol,22627-95-8
&beta;-fenchyl acetate,76109-40-5
&beta;-guaiene (=guaiene),88-84-6
&beta;-gurjunene,73464-47-8
&beta;-himachalene,1461-03-6
&beta;-humulene,116-04-1
&beta;-hydroxyatractylon,
&beta;-hydroxybutyrolactone,5469-16-9
"&beta;-ionol (=4-(2,6,6-trimethyl-1-cyclohexen-1-yl)-3-buten-2-ol)",22029-76-1
&beta;-isothujene,21747-99-9
&beta;-longipinene,41432-70-6
&beta;-maaliene,489-29-2
&beta;-muurolene,153966-28-0
&beta;-myrcene,123-35-3
&beta;-nerolidol,108911-07-5
&beta;-ocimene,13877-91-3
&beta;-oplopenone,28305-60-4
&beta;-panasinsene,56684-97-0
&beta;-patchoulene,514-51-2
&beta;-phellandren-6-ol,30681-15-3
&beta;-phellandren-8-ol,65293-09-6
&beta;-phellandrene,555-10-2
"&beta;-phellandrene-2,3-epoxide",
&beta;-phellandrol,122554-35-2
&beta;-pinene,127-91-3
&beta;-pinene oxide,6931-54-0
&beta;-santalene,511-59-1
"&beta;-selinene (=4(14),11-selinadiene)",17066-67-0
&beta;-selinene epoxide I,
&beta;-selinenol,136734-38-8
&beta;-sesquiphellandrene,20307-83-9
&beta;-sesquiphellandrol,55853-55-9
&beta;-sinensal,60066-88-8
&beta;-sitostenone,1058-61-3
&beta;-sitosterol,83-46-5
&beta;-spathulene,53526-64-0
&beta;-terpinene,99-84-3
&beta;-terpineol,138-87-4
&beta;-terpinyl acetate,10198-23-9
&beta;-thujene,18767-59-4
&beta;-tocopherol,16698-35-4
&beta;-vetivene,27840-40-0
&beta;-ylangene,20479-06-5
&beta;-zingiberene,118276-89-4
&delta;-Cadinene,29350-73-0
&delta;-amorphene,189165-79-5
&delta;-cadinene,60305-17-1
&delta;-cadinol (=torreyol),19435-97-3
&delta;-cuprenene,98093-94-8
"&delta;-damascone (=1-(2,6,6-trimethyl-3-cyclohexen-1-yl)-2-buten-1-one)",57378-68-4
&delta;-elemene,20307-84-0
&delta;-guaiene (=&alpha;-bulnesene),3691-11-0
&delta;-muurolene,120021-96-7
&delta;-patchoulene,53823-16-8
&delta;-selinene,28624-23-9
&delta;-terpineol,7299-42-5
&delta;-tocopherol,119-13-1
&delta;-tocotrienol,25612-59-3
&epsilon;-bulgarene,15890-31-0
&epsilon;-cadinene,27542-04-7
&epsilon;-muurolene,25548-04-3
&gamma;-acoradiene,28400-12-6
&gamma;-amorphene,6980-46-7
&gamma;-bisabolene,495-62-5
&gamma;-cadinene,39029-41-9
&gamma;-calacorene,24048-45-1
&gamma;-campholenal,3899-09-0
&gamma;-caryophyllene (=isocaryophyllene),118-65-0
&gamma;-cuprenene,4895-23-2
&gamma;-curcumene,28976-68-3
&gamma;-cyclocitral,120964-76-3
&gamma;-elemene,29873-99-2
&gamma;-eudesmol,1209-71-8
&gamma;-guaiene,145267-53-4
&gamma;-gurjunene,22567-17-5
&gamma;-himachalene,53111-25-4
&gamma;-humulene,26259-79-0
&gamma;-ionone,79-76-5
&gamma;-isogeraniol,13066-51-8
&gamma;-linolenic acid,506-26-3
&gamma;-muurolene,30021-74-0
&gamma;-patchoulene,508-55-4
"&gamma;-selinene (=4(14),7(11)-selinadiene)",515-17-3
&gamma;-terpinene,99-85-4
&gamma;-terpineol,586-81-2
&gamma;-tocopherol,54-28-4
&gamma;-tocotrienol,14101-61-2
&gamma;-valencene,116874-62-5
&gamma;2-cadinene,5957-56-2
(+)- &delta;-cadinene,483-76-1
(+)-&alpha;-bisabolol,23178-88-3
(+)-&alpha;-copaene,15917-91-6
(+)-&alpha;-terpineol,7785-53-7
(+)-&beta;-bisabolene,20377-48-4
(+)-&beta;-elemene,13833-25-5
(+)-(1E)-3-[(1-methylpropyl)dithio]-1-propen-1-yl methanesulfinate,473451-36-4
"(+)-(1R,4S)-4-hydroxyisomenthone",7599-80-6
(+)-(1Z)-3-[(1-methylpropyl)dithio]-1-propen-1-yl methanesulfinate,473451-35-3
(+)-2-carene,4497-92-1
(+)-aromadendrene,
(+)-catechin,154-23-4
"(+)-cis-menthol 1,2-oxide",103476-52-4
(+)-cyclosativene,22469-52-9
(+)-fenchone,4695-62-9
(+)-gallocatechin,970-73-0
"(+)-m-1(6),8-menthadiene",1461-27-4
(+)-neoisomenthol,20752-34-5
(+)-neomenthol (=d-neomenthol),2216-52-6
(+)-terpinen-4-ol,2438-10-0
(+/-)-1-phenylethyl mercaptan,6263-65-6
(+/-)-2-(5-methyl-5-vinyltetrahydrofuran-2-yl)propanal (=lilac aldehyde),51685-39-3
(+/-)-4-mercapto-4-methyl-2-pentanol,31539-84-1
(-)- &delta;-cadinene,13061-82-0
(-)-&alpha;-bisabolol,23089-26-1
(-)-&alpha;-panasinsen,
(-)-&alpha;-terpineol,10482-56-1
(-)-&beta;-bisabolene => 88 percent,495-61-4
(-)-&beta;-elemene,515-13-9
"(-)-(E)-&alpha;-damascone (=[S-(E)]-1-(2,6,6-trimethyl-2-cyclohexen-1-yl)-2-buten-1-one)",116497-11-1
(-)-1R-8-hydroxy-4-p-menthen-3-one,35736-66-4
(-)-cis-pulegol,22472-80-6
(-)-epicatechin,490-46-0
(-)-epigallocatechin,970-74-1
(-)-kaurene,562-28-7
(-)-sandaracopimaradiene,1686-56-2
(-)-spathulenol (=&beta;-spathulenol),77171-55-2
(-)-terpinen-4-ol,20126-76-5
"(1,1-dimethylpropyl)benzene",2049-95-8
(1-butylheptyl)benzene,4537-15-9
(1-ethoxyethyl)pyrazine,85985-30-4
(1-ethylnonyl)benzene,4536-87-2
(1-methyldecyl)benzene,4536-88-3
(1-oxo-2-propenyl)pyridine (unkn.str.),
(1-pentylheptyl)benzene,2719-62-2
(1-propenyl)benzene,637-50-3
(1-propenyl)pyrazine,34413-32-6
(1-propyloctyl)benzene,4536-86-1
(1E)-2-methylbutanal O-methyloxime,15813-85-1
(1E)-3-methylbutanal O-methyloxime,15813-77-1
(1R)-&alpha;-pinene,7785-70-8
(1R)-&beta;-pinene,19902-08-0
(1R)-(+)-camphene,5794-03-6
(1R)-(-)-&alpha;-thujene,3917-48-4
(1R)-(-)-3-carene,20296-50-8
(1R)-1-phenylethyl mercaptan,33877-16-6
(1R)-sabinene,2009-00-9
(1S)-&alpha;-pinene,7785-26-4
(1S)-&beta;-pinene,18172-67-3
(1S)-(+)-&alpha;-thujene,563-34-8
(1S)-(+)-3-carene (=isodiprene),498-15-7
(1S)-(-)-camphene,5794-04-7
(1S)-1-phenylethyl mercaptan,33877-11-1
(1S)-cis-sabinene,10408-16-9
"(1S,2R)-(-)-borneol",464-45-9
(1Z)-2-methylbutanal O-methyloxime,15813-86-2
(1Z)-3-methylbutanal O-methyloxime,15813-78-2
"(2,2,3-trimethyl-3-cyclopentenyl)acetaldehyde (=&alpha;-campholene aldehyde, &alpha;-campholenal)",4501-58-0
"(2,3,6-trimethylphenyl)-2-butanone (unkn.str.)",
(2-furyl)-dimethylpyrazine (unkn.str.),
(2-furyl)-methylpyrazine (unkn.str.),104593-66-0
(2-furyl)pyrazine,32736-95-1
(2-hydroxyphenyl)acetic acid,614-75-5
(2-nitroethyl)benzene,6125-24-2
"(2E)-2,5-dimethyl-4-vinyl-2,5-hexadien-1-ol (=lyratol)",19889-92-0
(2E)-3-(5-ethyl-1-cyclopenten-1-yl)-2-propenal,1342307-12-3
"(2E,3Z)-2-ethylidene-6-methyl-3,5-heptadienal",99172-18-6
"(2E,6Z)-farnesyl acetate",24163-98-2
"(2E,7Z)-trans-4,5-epoxy-2,7-decadienal",1239976-90-9
(2R)-2-nonyl acetate,117636-39-2
(2R)-3-mercapto-2-methyl-1-propanol,76938-91-5
(2R)-trans-5-caryophyllen-12-al,88395-49-7
"(2R,3R)-3-mercapto-2-methyl-1-pentanol",227456-31-7
"(2R,3S)-3-mercapto-2-methyl-1-pentanol",227456-29-3
"(2R,4S)-cis-2-methyl-4-propyl-1,3-oxathiane",90243-46-2
"(2R,5E)-2,12-epoxycaryophyll-5-ene",88395-50-0
"(2R,5R)-theaspirane A (=(2R-trans)-theaspirane)",130404-01-2
"(2R,5R)-theaspirone A (=(2R-trans)-theaspirone)",153153-55-0
"(2R,5S)-(+)-menthone",3391-87-5
"(2R,5S)-theaspirane B (=(2R-cis)-theaspirane)",66537-40-4
"(2R,5S)-theaspirone B (=(2R-cis)-theaspirone)",50763-74-1
(2S)-trans-5-caryophyllen-12-al,88424-68-4
"(2S,3R)-3-mercapto-2-methyl-1-pentanol",227456-30-6
"(2S,3S)-3-mercapto-2-methyl-1-pentanol",227456-32-8
"(2S,5R)-(-)-menthone",14073-97-3
"(2S,5R)-theaspirane B (=(2S-cis)-theaspirane)",130404-02-3
"(2S,5R)-theaspirone B (=(2S-cis)-theaspirone)",153925-96-3
"(2S,5S)-theaspirane A (=(2S-trans)-theaspirane)",66537-39-1
"(2S,5S)-theaspirone A (=(2S-trans)-theaspirone)",24399-19-7
"(2Z,6Z)-farnesyl acetate",24163-97-1
"(3,4,5-trimethyl-2-thienyl)methyl methanesulfinate",473451-38-6
(3-hydroxyphenyl)acetic acid,621-37-4
(3-octylundecyl)benzene,
"(3E)-4-(2,3,6-trimethylphenyl)-3-buten-2-one",57461-21-9
"(3E)-6-methyl-3,5-heptadien-2-one",16647-04-4
"(3E,6Z)-8-ocimenol",304443-49-0
"(3E,6Z)-8-ocimenyl acetate",223705-76-8
(3R)-(+)-citronellol,1117-61-9
"(3R,3aR,7aS)-2,3,3a,4,5,7a-hexahydro-3,6-methylbenzofuran (=(3R,3aR,7aS)-dill ether)",
"(3R,6)-dimethylbenzo-[b]-furan-2(3H)-one",
"(3S,3aS,7aR)-2,3,3a,4,5,7a-hexahydro-3,6-dimethylbenzofuran (=anethofuran, (3S,3aS,7aR)-dill ether)",74410-10-9
"(3S,6)-dimethylbenzo-[b]-furan-2(3H)-one",
"(3Z,6Z)-8-ocimenyl acetate",223705-75-7
"(3Z,Z6)-8-ocimenol",304443-48-9
(4-aminobutyl)guanidine (=agmatine),306-60-5
(4-hydroxybenzyl)amine,696-60-6
(4-hydroxyphenyl)acetic acid,156-38-7
(4-methoxyphenyl)acetic acid,104-01-8
(4-octyldodecyl)cyclopentane (=1-cyclopentyl-4-octyldodecane),5638-09-5
"(4E,6E)-alloocimene (= (E,E-alloocimene)",3016-19-1
"(4E,6Z)-alloocimene (=(E,Z)-alloocimene)",7216-56-0
(4R)-(+)-&beta;-phellandrene,6153-16-8
(4R)-(+)-limonene (=d-limonene),5989-27-5
(4R)-(+)-perillaldehyde,5503-12-8
(4R)-(-)-carvone,6485-40-1
(4R)-(-)-piperitone,4573-50-6
"(4R)-3,4-dihydro-4,8-dihydroxy-1(2H)-naphthalenone",137494-04-3
"(4R)-3,4-dihydro-4-hydroxy-1(2H)-naphthalenone (=(4R)-4-hydroxy-&alpha;-tetralone)",
"(4R)-3,4-dihydro-5,8-dihydroxy-4-methoxy-1(2H)-naphthalenone",
"(4R)-3,4-dihydro-5-hydroxy-4-methoxy-1(2H)-naphthalenone",869083-26-1
(4R)-4-hydroxy-5-oxohexanoic acid lactone (5-ring) (=(4R)-solerone),81767-46-6
(4S)-(+)-&alpha;-phellandrene,2243-33-6
(4S)-(+)-carvone,2244-16-8
(4S)-(+)-piperitone,6091-50-5
(4S)-(-)-&beta;-phellandrene,6153-17-9
(4S)-(-)-limonene,5989-54-8
(4S)-(-)-perilla alcohol,18457-55-1
(4S)-(-)-perillaldehyde,18031-40-8
"(4S)-3,4-dihydro-4,8-dihydroxy-1(2H)-naphthalenone (=regiolone, isosclerone)",54712-38-8
"(4S)-3,4-dihydro-4,8-dihydroxy-5-methoxy-1(2H)-naphthalenone",868834-50-8
"(4S)-3,4-dihydro-4-hydroxy-1(2H)-naphthalenone (=(4S)-4-hydroxy-&alpha;-tetralone)",
"(4S)-3,4-dihydro-5,8-dihydroxy-4-methoxy-1(2H)-naphthalenone",
"(4S)-3,4-dihydro-5-hydroxy-4-methoxy-1(2H)-naphthalenone",862672-31-9
(4S)-4-hydroxy-5-oxohexanoic acid lactone (5-ring) (=(4S)-solerone),61262-92-8
"(4Z,6E)-alloocimene (=(Z,E)-alloocimene)",17202-19-6
"(4Z,6Z)-alloocimene (=(Z,Z)-alloocimene)",17202-20-9
(5R)-dihydro-5-methyl-5-(4-methyl-3-penten-1-yl)-2(3H)-furanone,474432-74-1
(5S)-dihydro-5-methyl-5-(4-methyl-3-penten-1-yl)-2(3H)-furanone,474432-73-0
(6E)-5-hydroxy-6-tetradecenoic acid lactone,1342307-16-7
(6R)-Dehydromenthofurolactone,75640-26-5
"(6R,1S)-6-(1,5-dimethyl-4-hexen-1-yl)-3-methyl-2-cyclohexen-1-one (=&alpha;-bisabol-1-one)",61432-71-1
"(6S,1R)-6-(1,5-dimethyl-4-hexenyl)-3-methyl-2-cyclohexen-1-one (= (S,R)-6,7-bisabolone )",72441-70-4
"(7E)-3-methyl-4,5,9-trithiadec-7-ene, 9-oxide",473451-34-2
(8E)-5-hydroxy-8-tetradecenoic acid lactone,1342307-15-6
(8Z)-5-hydroxy-8-tetradecenoic acid lactone,1342307-14-5
"(E),(E)-6,10-dimethyl-3,5,9-undecatrien-2-one (=(E),(E)-pseudoionone)",3548-78-5
"(E),(Z)-6,10-dimethyl-3,5,9-undecatrien-2-one (=(E),(Z)-pseudoionone)",13927-47-4
"(E)-&beta;-damascone (=(E)-1-(2,6,6-trimethyl-1-cyclohexenyl)-2-buten-1-one)",23726-91-2
(E)-&beta;-farnesene,18794-84-8
(E)-&beta;-ionone,79-77-6
(E)-&beta;-ocimene,3779-61-1
"(E)-1,1-diethoxy-2-hexene (=(E)-2-hexenal diethyl acetal)",67746-30-9
"(E)-1,1-diethoxyhexene (unkn.str.)",
"(E)-1,2,3-trimethoxy-5-(1-propenyl)benzene (=E-isoelemicin)",5273-85-8
"(E)-1,2,4-trimethoxy-5-(1-propenyl)benzene (=&alpha;-asarone, E-asarone)",2883-98-9
"(E)-1,2-dimethoxy-4-(1-propenyl)benzene (=(E)-methylisoeugenol)",6379-72-2
"(E)-1,3,3-tribromo-1,2-epoxypropane",
"(E)-1,5-octadien-3-ol",50306-14-4
"(E)-1-(1,3-butadienyl)-2,4,5-trimethoxybenzene",68305-21-5
"(E)-1-(2,3,6-trimethylphenyl)-2-buten-1-one",54345-38-9
"(E)-1-(2,6,6-trimethyl-2-cyclohexenyl)-2-buten-1-ol",
"(E)-1-(2,6-dimethylphenyl)-2-buten-1-one",80445-59-6
(E)-1-(2-decenoyl)piperidine,
(E)-1-(2-dodecenoyl)piperidine,
(E)-1-(2-hexadecenoyl)piperidine,145398-92-1
(E)-1-(2-tetradecenoyl)piperidine,147030-04-4
(E)-1-[3-(3-methoxy-4-hydroxy-phenyl)-2-pentenoyl]piperidine,
(E)-1-[3-(3-methoxy-4-hydroxy-phenyl)-2-propenoyl]piperidine,
(E)-1-cinnamoylpiperidine,27845-72-3
(E)-1-ethoxy-2-methoxy-4-(1-propenyl)benzene,137138-52-4
(E)-1-propenyl propyl disulfide,23838-21-3
(E)-1-propenyl propyl tetrasulfide,115321-83-0
(E)-1-propenyl propyl trisulfide,23838-27-9
(E)-10-oxo-2-decenoic acid,
(E)-14-hydroxy-9-epicaryophyllene,79768-25-5
"(E)-2,2'-(vinylene)bisfuran",1439-19-6
"(E)-2,3-butanediol monoacetate (=(E)-3-acetoxy-2-butanol)",
"(E)-2,3-dihydrofarnesyl acetate",58130-58-8
"(E)-2,5,5-trimethyl-3,6-heptadien-2-ol",26127-98-0
"(E)-2,6-dimethoxy-4-(1-propenyl)phenol",20675-95-0
"(E)-2,6-dimethyl-2,7-octadiene-1,6-diol (=(E)-8-hydroxylinalool)",75991-61-6
"(E)-2,6-dimethyl-3,7-octadiene-2,6-diol",51276-34-7
"(E)-2,6-dimethyl-3,7-octadiene-2,6-diol, 6-acetate",83221-21-0
"(E)-2-(1,3-butadienyl)-1,3,4-trimethylbenzene",644976-70-5
(E)-2-(1-pentenyl)furan,20992-69-2
(E)-2-(2-pentenyl)furan,70424-14-5
(E)-2-(hydroxymethyl)-2-butenenitrile,107407-88-5
(E)-2-buten-1-ol,504-61-0
(E)-2-butenal,123-73-9
(E)-2-butenoic acid,107-93-7
(E)-2-butyl-2-octenal,64935-38-2
(E)-2-decen-1-ol,18409-18-2
(E)-2-decenal,3913-81-3
(E)-2-decene,20063-97-2
(E)-2-decenedioic acid,37443-67-7
(E)-2-decenoic acid,334-49-6
(E)-2-dodecen-1-ol,69064-37-5
(E)-2-dodecenal,20407-84-5
(E)-2-dodecene,7206-13-5
(E)-2-heptadecenal,120681-49-4
(E)-2-hepten-1-ol,33467-76-4
(E)-2-heptenal,18829-55-5
(E)-2-heptene,14686-13-6
(E)-2-heptenoic acid,10352-88-2
(E)-2-heptenyl acetate,16939-73-4
(E)-2-hexadecenal,22644-96-8
(E)-2-hexen-1-ol,928-95-0
(E)-2-hexenal (=leaf aldehyde),6728-26-3
(E)-2-hexenoic acid,13419-69-7
(E)-2-hexenyl 3-methylbutanoate,68698-59-9
(E)-2-hexenyl acetate,2497-18-9
(E)-2-hexenyl benzoate,76841-70-8
(E)-2-hexenyl butanoate,53398-83-7
(E)-2-hexenyl formate,53398-78-0
(E)-2-hexenyl heptanoate,125680-98-0
(E)-2-hexenyl hexanoate,53398-86-0
(E)-2-hexenyl nonanoate,
(E)-2-hexenyl phenylacetate,68133-78-8
(E)-2-hexenyl propanoate,53398-80-4
(E)-2-hydroxycinnamic acid (=o-trans-coumaric),614-60-8
(E)-2-methoxy-5-(1-propenyl)phenol (=(E)-isochavibetol),19784-98-6
(E)-2-methoxycinnamaldehyde,60125-24-8
(E)-2-methoxycinnamic acid,1011-54-7
(E)-2-methoxycinnamyl acetate,38822-47-8
(E)-2-methyl-1-butene-1-thiol,1229617-39-3
(E)-2-methyl-2-buten-1-ol (=tiglic alcohol),497-02-9
(E)-2-methyl-2-butenal (=tiglicaldehyde),497-03-0
"(E)-2-methyl-2-butene-1,4-diol diacetate",59054-99-8
(E)-2-methyl-2-butenoic acid (=tiglic acid),80-59-1
(E)-2-methyl-2-butenyl (Z)-2-methyl-2-butenoate,90358-41-1
(E)-2-methyl-2-butenyl 2-methyl-2-propenoate,88142-95-4
(E)-2-methyl-2-butenyl 2-methylbutanoate (=tiglyl 2-methylbutanoate),95654-18-5
(E)-2-methyl-2-butenyl 2-methylpropanoate (=tiglyl isobutyrate),95654-17-4
(E)-2-methyl-2-pentenal,14250-96-5
(E)-2-methyl-5-(1-propenyl)furan,10504-10-6
(E)-2-methyl-6-(1-propenyl)-pyrazine,
(E)-2-nonen-1-ol,31502-14-4
(E)-2-nonen-4-one,27743-70-0
(E)-2-nonenal,18829-56-6
(E)-2-nonene,6434-78-2
(E)-2-nonenoic acid,14812-03-4
(E)-2-octen-1-ol,18409-17-1
(E)-2-octenal,2548-87-0
(E)-2-octenal N-formyl-N-methyl-hydrazone,62121-50-0
(E)-2-octene,13389-42-9
(E)-2-octenedioic acid,
(E)-2-octenoic acid,1871-67-6
(E)-2-pentadecenal,96360-08-6
(E)-2-pentadecenoic acid,2825-76-5
(E)-2-penten-1-ol,1576-96-1
(E)-2-pentenal,1576-87-0
(E)-2-pentenyl 3-methylbutanoate,115532-17-7
(E)-2-pentenyl butanoate,42125-30-4
(E)-2-pentenyl hexanoate,88296-27-9
"(E)-2-phytene (=3,7,11,15-tetramethyl-2-hexadecene)",14237-73-1
(E)-2-tetradecenal,51534-36-2
(E)-2-tetradecenoic acid,14811-80-4
(E)-2-tridecenal,7069-41-2
(E)-2-tridecene,41446-58-6
(E)-2-tridecenoic acid,32466-55-0
(E)-2-undecen-1-ol,75039-84-8
(E)-2-undecenal,53448-07-0
(E)-2-undecene,693-61-8
"(E)-3,4-dehydro-&beta;-ionone",14398-35-7
"(E)-3,4-dihydroxycinnamic acid (=(E)-caffeic acid)",501-16-6
"(E)-3,4-dimethoxycinnamic acid",14737-89-4
"(E)-3,7-dimethyl-1,5-octadiene-3,7-diol, 3-acetate",
"(E)-3,7-dimethyl-2,7-octadiene-1,6-diol, 1-acetate",33766-43-7
(E)-3-(4-prenyloxyphenyl)-2-propenol,163634-05-7
"(E)-3-butylidene-4,5-dihydrophthalide (=E-ligustilide)",81944-08-3
(E)-3-butylidenephthalide,76681-73-7
(E)-3-decen-1-ol,10339-60-3
(E)-3-decenyl acetate,81634-98-2
(E)-3-dodecene,7206-14-6
"(E)-3-ethyl-1,5-octadiene",200264-36-4
(E)-3-hepten-2-one,5609-09-6
(E)-3-heptene,14686-14-7
(E)-3-heptenoic acid,28163-84-0
(E)-3-hexen-1-ol,928-97-2
(E)-3-hexen-2-one,4376-23-2
(E)-3-hexenal,69112-21-6
(E)-3-hexenoic acid,1577-18-0
(E)-3-hexenyl (E)-3-hexenoate,61444-37-9
(E)-3-hexenyl (Z)-3-hexenoate,53398-88-2
(E)-3-hexenyl 3-methylbutanoate,88296-26-8
(E)-3-hexenyl acetate,3681-82-1
(E)-3-hexenyl butanoate,53398-84-8
(E)-3-hexenyl hexanoate,56922-82-8
(E)-3-hexenyl octanoate,87619-90-7
(E)-3-hexenyl propanoate,53398-81-5
(E)-3-hydroxy-retro-&alpha;-ionol,133833-16-6
(E)-3-methyl-1-butene-1-thiol,1229617-33-7
(E)-3-methyl-2-nonen-4-one,68985-18-2
"(E)-3-methyl-4,5,9-trithiadec-7-ene",56019-36-4
(E)-3-nonen-1-ol,10339-61-4
(E)-3-nonen-2-ol,38285-42-6
(E)-3-nonen-2-one,18402-83-0
(E)-3-nonenoic acid,28163-88-4
(E)-3-octen-1-ol,20125-85-3
(E)-3-octen-2-one,18402-82-9
(E)-3-octenoic acid,5163-67-7
(E)-3-octenyl acetate,35602-33-6
(E)-3-octenyl hexanoate,97849-83-7
(E)-3-oxo-retro-&alpha;-ionol,
(E)-3-penten-1-ol,764-37-4
(E)-3-penten-2-ol,3899-34-1
(E)-3-penten-2-one,3102-33-8
(E)-3-phenyl-2-propen-1-ol (=(E)-cinnamyl alcohol),4407-36-7
(E)-3-phenyl-2-propenyl (Z)-2-methyl-2-butenoate (=(E)-cinnamyl angelate),84254-87-5
(E)-3-undecene,1002-68-2
(E)-3-undecenoic acid,56770-25-3
"(E)-4,5-dihydro-3-pentylidenephthalide (=(E)-ternine)",
"(E)-4,5-epoxy-(E)-2-nonenal",128386-31-2
"(E)-4,5-epoxy-(E)-2-undecenal",134346-43-3
"(E)-4,5-epoxy-2-decenal",188590-62-7
"(E)-4,8-dimethyl-1,3,7-nonatriene",19945-61-0
"(E)-4-(1,2,4-trihydroxy-2,6,6-trimethylcyclohexyl)-3-buten-2-one",
"(E)-4-(1,3-butadienyl)-1,2-dimethoxybenzene",75560-74-6
"(E)-4-(1-butenyl)-1,2-dimethoxybenzene",76252-28-3
(E)-4-(2-furyl)-3-buten-2-one,41438-24-8
"(E)-4-(3,4-dimethoxyphenyl)-3-buten-1-ol",69768-97-4
"(E)-4-(3,4-dimethoxyphenyl)-3-buten-1-yl acetate",69768-98-5
"(E)-4-(3,4-dimethoxyphenyl)-3-butenyl hexadecanoate",
"(E)-4-(6,6-dimethyl-2-methylene-3-cyclohexenyl)-3-buten-2-one",67233-98-1
(E)-4-(methylthio)-3-butenyl isothiocyanate,13028-50-7
(E)-4-decen-1-ol,10339-62-5
(E)-4-decen-6-yne,13343-77-6
(E)-4-decenal,65405-70-1
(E)-4-hepten-2-ol,58927-81-4
(E)-4-heptenal,929-22-6
(E)-4-heptenoic acid,51193-78-3
(E)-4-hexen-1-ol,928-92-7
(E)-4-hexen-3-one,50396-87-7
(E)-4-hexenyl butanoate,809271-90-7
(E)-4-hexenyl hexanoate,
(E)-4-hydroxy-10-dodecenoic acid lactone,1286701-18-5
(E)-4-hydroxy-3-methoxycinnamic acid (=(E)-ferulic acid),537-98-4
(E)-4-hydroxy-6-docenoic acid lactone,60551-23-7
"(E)-4-hydroxy-7-decenoic acid lactone (=(E)-7-decen-4-olide, (E)-&gamma;-jasmin lactone)",97416-87-0
(E)-4-hydroxy-7-dodecenoic acid lactone,1286701-14-1
(E)-4-hydroxy-9-dodecenoic acid lactone,1286701-16-3
(E)-4-hydroxycinnamic acid (=(E)-p-coumaric acid),501-98-4
"(E)-4-methoxy-6-(1-propenyl)-1,3-benzodioxole (=E-isomyristicin)",18312-21-5
(E)-4-methoxycinnamic acid,943-89-5
(E)-4-nonen-2-ol,59637-35-3
(E)-4-nonene,10405-85-3
(E)-4-nonenoic acid,35329-50-1
(E)-4-octen-3-one,69065-31-2
(E)-4-octene,14850-23-8
"(E)-5,8-megastigmadien-4-one",67401-26-7
(E)-5-(1-butenyl)-2-propylpyridine,142896-14-8
(E)-5-dodecenal,68820-34-8
"(E)-5-ethyl-4,6,7-trithia-2-decene 4-oxide",125017-86-9
(E)-5-hydroxy-7-decenoic acid,87086-58-6
(E)-5-hydroxy-9-dodecenoic acid lactone,1310721-19-7
(E)-5-isopropyl-3-hepten-2-one,57283-79-1
(E)-5-methyl-2-hepten-4-one (=filbertone),102322-83-8
(E)-5-methyl-2-hexenal,36747-83-8
(E)-5-methyl-4-decene,62338-51-6
(E)-5-nonen-2-ol,79925-76-1
"(E)-5-octene-1,3-diol",71677-23-1
"(E)-5-tangerinol (=(E)-6,10-dimethyl-5,9-undecadien-2-yl acetate)",3239-35-8
(E)-5-undecen-3-yne,74744-31-3
(E)-5-undecene,764-97-6
"(E)-6,10-dimethyl-5,9-undecadien-2-ol (=geranylacetol)",7733-91-7
(E)-6-(2-furyl)-4-hexenal,
(E)-6-decenal,147159-48-6
"(E)-6-ethyl-4,5,7,8-tetrathia-2-undecene",126876-36-6
"(E)-6-hydroxy-2,6-dimethyl-2,7-octadienoic acid",75979-26-9
(E)-6-methyl-5-methylene-2-heptene (=E-salvene),33746-69-9
(E)-6-nonen-1-ol,31502-19-9
(E)-6-nonen-2-ol,57238-61-6
(E)-6-nonen-2-one,56889-98-6
(E)-6-nonenal,2277-20-5
(E)-6-undecen-2-ol,67233-89-0
"(E)-7-ethoxy-3,7-dimethyl-1,5-octadien-3-ol",95694-06-7
(E)-7-tetradecene,
(E)-9-cyclodecenolide,
(E)-9-hydroxy-2-decenoic acid,1422-28-2
(E)-9-octadecen-1-ol,593-47-5
(E)-9-octadecenoic acid,112-79-8
(E)-ajoene,92284-99-6
(E)-allyl 1-propenyl disulfide,122156-02-9
"(E)-anethole (=(E)-1-methoxy-4-(1-propenyl)benzene, anise camphor)",4180-23-8
(E)-anhydrolinalool oxide (5),54750-70-8
(E)-cinnamaldehyde (=(E)-3-phenyl-2-propenal),14371-10-9
(E)-cinnamic acid,140-10-3
(E)-cinnamyl 2-methylpropanoate,75177-76-3
(E)-cinnamyl acetate,21040-45-9
(E)-cinnamyl formate,23510-72-7
(E)-cinnamyl propanoate,78761-38-3
"(E)-cis-4-methyl-2-(3-methyl-1,3-butadienyl)oxepane (=cis-quince oxepane)",130021-99-7
(E)-cyclodecene,2198-20-1
(E)-epoxy-&beta;-ionone,36340-49-5
(E)-epoxy-&beta;-ocimene,28977-57-3
(E)-farnesal,
(E)-farnesene epoxide,83637-40-5
(E)-farnesol,82010-11-5
(E)-geranic acid,4698-08-2
(E)-hotrienol,53834-70-1
(E)-iso-&gamma;-bisabolene,622792-97-6
(E)-isoeugenol (=(E)-2-methoxy-4-(1-propenyl)-phenol),5932-68-3
(E)-jasmone,6261-18-3
(E)-nerolidol,40716-66-3
(E)-nerolidyl acetate,85611-33-2
(E)-nuciferol,39599-18-3
(E)-nuciferyl 2-methylpropanoate,241123-33-1
(E)-nuciferyl butanoate,849118-41-8
(E)-ocimene oxide (unkn.str.),94607-47-3
(E)-ocimenol,7643-60-9
(E)-ocimenone,33746-72-4
(E)-p-coutaric acid,67920-37-0
(E)-tagetone,6752-80-3
"(E)-trans-4-methyl-2-(3-methyl-1,3-butadienyl)oxepane (=trans-quince oxepane)",131320-18-8
"(E,E)-&alpha;-farnesene (=&alpha;-farnesene)",502-61-4
"(E,E)-1(10),5-germacradien-4-ol",74841-87-5
"(E,E)-1,3,5-heptatriene",17679-93-5
"(E,E)-1,3,5-undecatriene",19883-29-5
"(E,E)-1,3,6-octatriene",22038-69-3
"(E,E)-1-(2,4-decadienoyl)piperidine",42997-42-2
"(E,E)-1-(2,4-dodecadienoyl)-piperidine",147030-06-6
"(E,E)-1-(2,4-dodecadienoyl)pyrrolidine",117137-69-6
"(E,E)-1-[3-(3-methoxy-4-hydroxy-phenyl)-2,4-pentadienoyl]piperidine",
"(E,E)-2,4-decadien-1-ol",18409-21-7
"(E,E)-2,4-decadienal",25152-84-5
"(E,E)-2,4-heptadien-1-ol",33467-79-7
"(E,E)-2,4-heptadienal",4313-03-5
"(E,E)-2,4-heptadienoic acid",65518-46-9
"(E,E)-2,4-hexadienal",142-83-6
"(E,E)-2,4-hexadienoic acid (=sorbic acid)",110-44-1
"(E,E)-2,4-nonadienal",5910-87-2
"(E,E)-2,4-nonadiene",56700-78-8
"(E,E)-2,4-octadienal",30361-28-5
"(E,E)-2,4-undecadienal",30361-29-6
"(E,E)-2,5-nonadien-4-one",61759-51-1
"(E,E)-2,6,7,10-tetrathiaundecadiene-3,9",473451-37-5
"(E,E)-2,6-dimethyl-1,3,5,7-octatetraene",460-01-5
"(E,E)-2,6-dimethyl-1,3,7-nonatriene",374114-72-4
"(E,E)-2,6-dimethyl-3,5,7-octatrien-2-ol",206115-88-0
"(E,E)-2,6-dodecadienal",21662-14-6
"(E,E)-2,6-nonadienal",17587-33-6
"(E,E)-3,5-heptadien-2-one",18402-90-9
"(E,E)-3,5-octadien-1-ol",10573-34-9
"(E,E)-3,5-octadien-2-one",30086-02-3
"(E,E)-3,5-octadien-3-ol",88898-99-1
"(E,E)-3,5-octadienyl acetate",85722-81-2
"(E,E)-3,7-decadiene",20996-45-6
"(E,E)-4,6,8-megastigmatriene",51468-86-1
"(E,E)-4,8,12-trimethyl-1,3,7,11-tridecatetraene",62235-06-7
"(E,E)-4-(2-butenylidene)-3,5,5-trimethyl-2-cyclohexen-1-one",5164-78-3
"(E,E)-4-ethyl-7,11-dimethyl-2,6,10-dodecatrienal",53398-77-9
"(E,E)-6,8-megastigmadien-4-one",125541-27-7
"(E,E)-6-ethyl-4,5,7-trithia-2,8-decadiene 7-oxide",125224-25-1
"(E,E)-N-isobutyl-2,4-decadienamide (=pellitorine)",18836-52-7
"(E,E)-N-isobutyl-2,4-dodecadienamide",24738-51-0
"(E,E)-N-isobutyl-2,4-hexadecadienamide",54794-69-3
"(E,E)-N-isobutyl-2,4-octadecadienamide",54794-70-6
"(E,E)-bis(1-propenyl) disulfide",23838-23-5
"(E,E)-farnesal",502-67-0
"(E,E)-farnesol",106-28-5
"(E,E)-farnesyl acetate",4128-17-0
"(E,E)-farnesyl butanoate",51532-27-5
"(E,E)-farnesyl hexanoate",134782-34-6
"(E,E)-farnesyl octanoate",134782-35-7
"(E,E)-farnesyl propanoate",104857-55-8
"(E,E,E)-2,4,6-nonatrienal",57018-53-8
"(E,E,Z)-1,3,5,8-undecatetraene",50277-31-1
"(E,E,Z)-2,4,6-nonatrienal",100113-52-8
"(E,E,Z)-2,4,7-decatrienal",66642-86-2
"(E,Z)-&alpha;-farnesene",28973-98-0
"(E,Z)-1,3,5-undecatriene (=cystophorene)",51447-08-6
"(E,Z)-1,3,6-octatriene",15187-61-8
"(E,Z)-1-propenyl 1-(1-propenyldithio)propyl sulfoxide",125224-27-3
"(E,Z)-2,4-decadien-1-ol",16195-71-4
"(E,Z)-2,4-decadienal",25152-83-4
"(E,Z)-2,4-decadienoic acid",544-48-9
"(E,Z)-2,4-dodecadienal",21662-15-7
"(E,Z)-2,4-dodecadiene",74685-27-1
"(E,Z)-2,4-heptadienal",4313-02-4
"(E,Z)-2,4-heptadienoic acid",50915-66-7
"(E,Z)-2,4-hexadienal",53398-76-8
"(E,Z)-2,4-nonadienal",21661-99-4
"(E,Z)-2,4-octadienal",33819-10-2
"(E,Z)-2,4-tetradecadienal",54306-03-5
"(E,Z)-2,4-tridecadienal",53658-60-9
"(E,Z)-2,4-undecadiene",66717-34-8
"(E,Z)-2,5-undecadienal",13553-02-1
"(E,Z)-2,6-decadien-1-ol",89634-50-4
"(E,Z)-2,6-decadienal",
"(E,Z)-2,6-dimethyl-1,3,5,7-octatetraene",133959-84-9
"(E,Z)-2,6-dimethyl-3,5,7-octatrien-2-ol",133946-27-7
"(E,Z)-2,6-dodecadienal",21662-13-5
"(E,Z)-2,6-farnesal",3790-67-8
"(E,Z)-2,6-nonadien-1-ol",28069-72-9
"(E,Z)-2,6-nonadienal",557-48-2
"(E,Z)-3,4-dimethyl-2,4,6-octatriene",
"(E,Z)-3,5-octadien-1-ol",70664-96-9
"(E,Z)-3,5-octadien-2-one",4173-41-5
"(E,Z)-3,5-octadienyl acetate",85722-82-3
"(E,Z)-3,6-nonadien-1-ol",56805-23-3
"(E,Z)-3,7-decadiene",51255-69-7
"(E,Z)-4,6,8-megastigmatriene",71186-24-8
"(E,Z)-4,7-decadien-1-ol",203569-60-2
"(E,Z)-4-(2-butenylidene)-3,5,5-trimethyl-2-cyclohexen-1-one",5298-13-5
"(E,Z)-4-ethyl-7,11-dimethyl-2,6,10-dodecatrienal",53398-82-6
"(E,Z)-farnesol",3879-60-5
"(E,Z,E)-1,3,5,9-undecatetraene",959846-30-1
"(E,Z,E)-2,4,6-nonatrienal",869771-00-6
"(E,Z,Z)-1,3,5,8-undecatetraene",29837-19-2
"(E,Z,Z)-2,4,6-nonatrienal",100113-51-7
"(E,Z,Z)-2,4,7-decatrienal",43108-49-2
"(E,Z,Z)-2,4,7-tridecatrienal",13552-96-0
"(E,Z,Z)-5,8,11-tetradecatrien-2-one",117606-22-1
(E-1-propenyl)pyrazine,
(L)-(-)-camphor,
(R)-&alpha;-methylbenzenemethanol,
(R)-&delta;-2-octenolactone,147849-67-0
"(R)-(+)-1,3-octanediol",120727-18-6
(R)-(+)-3-methylcyclopentanone,6672-30-6
(R)-(-)-&alpha;-phellandrene,4221-98-1
(R)-(-)-&delta;-jasmin lactone,136173-93-8
(R)-(-)-1-octen-3-ol,3687-48-7
(R)-(-)-5-hydroxydecanoic acid lactone,2825-91-4
(R)-(-)-5-hydroxydodecanoic acid lactone,29587-89-1
(R)-(-)-5-hydroxyoctanoic acid lactone,108943-45-9
(R)-(-)-linalool (=licareol),126-91-0
(R)-(-)-linalyl acetate,120585-29-7
"(R)-(E)-(+)-&alpha;-damascone (=(E)-(R)-(+)-1-(2,6,6-trimethyl-2-cyclohexen-1-yl)-2-buten-1-one)",28102-28-5
(R)-(E)-(+)-&alpha;-ionone,24190-29-2
(R)-(E)-(-)-5-methyl-2-hepten-4-one (=(R)-(-)-filbertone),135910-94-0
"(R)-1-(1,3,4,5,6,7-hexahydro-7,7-dimethyl-1-isobenzofuranyl)-2-propanol",
(R)-1-methylbutyl acetate,54638-10-7
(R)-1-methylbutyl butanoate,117636-44-9
(R)-1-methylbutyl hexanoate,117636-54-1
(R)-1-methylbutyl octanoate,117636-65-4
(R)-1-methylhexyl acetate,54638-12-9
(R)-1-methylhexyl butanoate (=(R)-2-heptyl butanoate),117636-45-0
(R)-1-methylhexyl hexanoate,117636-56-3
(R)-1-methylhexyl octanoate,117636-67-6
(R)-2-(4-methoxyphenoxy)propanoic acid,4276-75-9
(R)-2-butanol,14898-79-4
(R)-2-heptanol,6033-24-5
(R)-2-hydroxy-3-pentanone,113919-09-8
(R)-2-methyl-1-butanol,616-16-0
(R)-2-methylbutanal,33204-48-7
(R)-2-methylbutanoic acid,32231-50-8
(R)-2-nonyl butanoate,117636-46-1
(R)-2-nonyl hexanoate,117636-58-5
(R)-2-pentanol,31087-44-2
(R)-3-(methylthio)-1-hexanol,90180-89-5
(R)-3-hydroxy-2-butanone,53584-56-8
(R)-3-hydroxy-2-pentanone,113919-08-7
(R)-3-mercapto-1-hexanol,90180-88-4
(R)-3-mercaptohexyl acetate,145937-71-9
"(R)-4-hydroxy-2,5-dimethyl-3(2H)-furanone (=(R)-furaneol)",131222-82-7
(R)-4-hydroxydecanoic acid lactone,107797-26-2
(R)-4-hydroxydodecanoic acid lactone,69830-91-7
(R)-4-hydroxyheptanoic acid lactone,88270-38-6
(R)-4-hydroxyhexanoic acid lactone,63357-95-9
(R)-4-hydroxynonanoic acid lactone,63357-96-0
(R)-4-hydroxyoctanoic acid lactone,107797-24-0
(R)-4-hydroxyundecanoic acid lactone,74568-06-2
"(R)-4-methoxy-2,5-dimethyl-3(2H)-furanone (=(R)-mesifurane)",131222-76-9
(R)-5-hydroxy-2-decenoic acid lactone,51154-96-2
(R)-5-hydroxyhexanoic acid lactone (=(R)-&delta;-hexanolide),43112-32-9
"(R)-limonene 8,9-endo-epoxide (=cis-limonene 8,9-oxide)",28098-68-2
"(R)-limonene 8,9-exo-epoxide (=trans-limonene 8,9-oxide)",28098-67-1
"(R*,2R,5R)-epoxylinalool oxide A",105817-03-6
"(R*,2S,5R)-epoxylinalool oxide B",79238-70-3
"(R*,3R,6R)-epoxylinalool oxide D",104069-31-0
"(R*,3S,6R)-epoxylinalool oxide C",104069-30-9
"(R*,R)-6,7-epoxylinalool",
"(R*,R*)-epoxylinalyl acetate",70130-93-7
"(R*,S)-6,7-epoxylinalool",
"(R*,S*)-epoxylinalyl acetate",70130-94-8
"(R,R)-3-hydroxy-2-methylbutanenitrile",83968-05-2
"(R,S)-(E,E)-(+,-)-abscisic acid",6755-41-5
"(R,S)-3-hydroxy-2-methylbutanenitrile",83968-04-1
(S)-(+)-&delta;-jasmin lactone,136173-91-6
(S)-(+)-1-octen-3-ol,24587-53-9
(S)-(+)-5-hydroxydecanoic acid lactone,59285-67-5
(S)-(+)-5-hydroxydodecanoic acid lactone,108943-47-1
(S)-(+)-5-hydroxyoctanoic acid lactone,108943-46-0
(S)-(+)-linalool (=coriandrol),126-90-9
(S)-(E)-(+)-5-methyl-2-hepten-4-one (=(S)-(+)-filbertone),122440-59-9
(S)-(E)-(-)-&alpha;-ionone,14398-36-8
(S)-(E)-1-propenyl methanesulfinothioate,119052-99-2
(S)-(E)-1-propenyl propanesulfinothioate,119052-98-1
"(S)-(E,Z)-(+)-abscisic acid",21293-29-8
(S)-(Z)-1-propenyl methanesulfinothioate,119053-00-8
(S)-(Z)-1-propenyl propanesulfinothioate,119052-97-0
"(S)-1-(1,3,4,5,6,7-hexahydro-7,7-dimethyl-1-isobenzofuranyl)-2-propanol",
(S)-1-methylbutyl butanoate,117636-40-5
(S)-1-methylbutyl hexanoate,117636-48-3
(S)-1-methylbutyl octanoate,117636-60-9
(S)-1-methylhexyl butanoate (=(S)-2-heptyl butanoate),117636-41-6
(S)-1-methylhexyl hexanoate,117636-50-7
(S)-1-methylhexyl octanoate,117636-62-1
(S)-2-(4-methoxyphenoxy)propanoic acid,4276-74-8
(S)-2-butanol,4221-99-2
(S)-2-heptanol,6033-23-4
(S)-2-hydroxy-3-pentanone,125948-63-2
(S)-2-methyl-1-butanol,1565-80-6
(S)-2-methylbutanal,1730-97-8
(S)-2-methylbutanoic acid,1730-91-2
(S)-2-methylbutyl (S)-2-methylbutanoate,81115-67-5
(S)-2-methylbutyl acetate,6493-92-1
(S)-2-nonyl butanoate,117636-43-8
(S)-2-nonyl hexanoate,117636-52-9
(S)-2-pentanol,26184-62-3
(S)-3-(methylthio)-1-hexanol,90180-91-9
"(S)-3-ethenyl-2,5-dimethyl-4-hexen-2-ol (=santolina alcohol)",35671-15-9
(S)-3-hydroxy-2-butanone,78183-56-9
(S)-3-hydroxy-2-pentanone,132881-72-2
(S)-3-mercapto-1-hexanol,90180-90-8
(S)-3-mercaptohexyl acetate,145937-72-0
"(S)-4-hydroxy-2,5-dimethyl-3(2H)-furanone (=(S)-furaneol)",131222-81-6
(S)-4-hydroxydecanoic acid lactone,107797-27-3
(S)-4-hydroxydodecanoic acid lactone,69830-92-8
(S)-4-hydroxyheptanoic acid lactone,31323-51-0
(S)-4-hydroxyhexanoic acid lactone,41035-07-8
(S)-4-hydroxynonanoic acid lactone,63357-97-1
(S)-4-hydroxyoctanoic acid lactone,107797-25-1
(S)-4-hydroxyundecanoic acid lactone,74568-05-1
"(S)-4-methoxy-2,5-dimethyl-3(2H)-furanone (=(S)-mesifurane)",131222-75-8
(S)-5-hydroxy-2-decenoic acid lactone,61248-45-1
(S)-5-hydroxyhexanoic acid lactone (=(S)-&delta;-hexanolide),16320-13-1
(S)-Pulegone,3391-90-0
"(S*,2R,5R)-epoxylinalool oxide A",157008-60-1
"(S*,2S,5R)-epoxylinalool oxide B",79355-26-3
"(S*,3R,6R)-epoxylinalool oxide D",104759-66-2
"(S*,3S,6R)-epoxylinalool oxide C",104017-68-7
"(S,E)-2,3-dihydrofarnesol",27745-36-4
(Z)-&alpha;-atlantone,56192-70-2
(Z)-&alpha;-humulene,63257-32-9
(Z)-&alpha;-ocimene,6874-44-8
(Z)-&alpha;-trans-bergamotol,88034-74-6
(Z)-&beta;-damascenone,59739-63-8
(Z)-&beta;-farnesene,28973-97-9
(Z)-&beta;-ocimene,3338-55-4
"(Z)-1,1-diethoxy-2-hexene",87383-46-8
"(Z)-1,1-diethoxyhexene (unkn.str.)",
"(Z)-1,2,3-trimethoxy-5-(1-propenyl)benzene (=Z-isoelemicin)",5273-84-7
"(Z)-1,2,4-trimethoxy-5-(1-propenyl)benzene (=&beta;-asarone, Z-asarone)",5273-86-9
"(Z)-1,2-dichloroethylene",156-59-2
"(Z)-1,2-dimethoxy-4-(1-propenyl)-benzene (=(Z)-methylisoeugenol)",6380-24-1
"(Z)-1,3-pentadiene",1574-41-0
"(Z)-1,5-octadien-3-ol",50306-18-8
"(Z)-1,5-octadien-3-one",65767-22-8
"(Z)-1,5-undecadien-3-ol",56722-23-7
"(Z)-1-(1,3-butadienyl)-2,4,5-trimethoxybenzene",68305-22-6
(Z)-1-ethenyl-3-hexenylhydroperoxide,128292-62-6
(Z)-1-ethoxy-1-(3-hexenoxy)ethane,28069-74-1
(Z)-1-ethoxy-2-methoxy-4-(1-propenyl)benzene,149849-39-8
(Z)-1-propenyl propyl disulfide,23838-20-2
(Z)-1-propenyl propyl tetrasulfide,115321-82-9
(Z)-1-propenyl propyl trisulfide,23838-26-8
(Z)-11-Hexadecen-1-ol,56683-54-6
(Z)-11-tetradecenoic acid,79039-46-6
(Z)-13-docosenoic acid,112-86-7
(Z)-18-Octadec-9-enolide,80060-76-0
"(Z)-2,2'-(vinylene)bisfuran",18266-93-8
"(Z)-2,6-dimethoxy-4-(1-propenyl)phenol",26624-13-5
"(Z)-2,6-dimethyl-1,5,7-octatrien-3-ol",39900-51-1
"(Z)-2,6-dimethyl-2,7-octadiene-1,6-diol (=(Z)-8-hydroxylinalool)",103619-06-3
"(Z)-2,6-dimethyl-3,7-octadiene-2,6-diol",112420-84-5
"(Z)-2-(2,4-hexadiynylidene)-1,6-dioxaspiro[4.4]non-3-ene (=en-yn-dicyclo ether)",4575-53-5
(Z)-2-(2-nonenoxy)-5-pentyl-tetrahydrofuran,78054-10-1
(Z)-2-(2-pentenyl)furan,70424-13-4
(Z)-2-(3-nonenoxy)-5-pentyl-tetrahydrofuran,78054-05-4
(Z)-2-(hydroxymethyl)-2-butenenitrile,107407-87-4
(Z)-2-butenal,15798-64-8
(Z)-2-butene-1-thiol,878652-88-1
(Z)-2-butyl-2-octenal,99915-14-7
(Z)-2-decenal,2497-25-8
(Z)-2-decene,20348-51-0
(Z)-2-dodecenal,81149-96-4
(Z)-2-dodecene,7206-26-0
(Z)-2-heptenal,57266-86-1
(Z)-2-heptene,6443-92-1
(Z)-2-heptenoic acid,1577-31-7
(Z)-2-hexen-1-ol,928-94-9
(Z)-2-hexenal,16635-54-4
(Z)-2-hexenoic acid,1577-28-2
(Z)-2-hexenyl acetate,56922-75-9
(Z)-2-hexenyl butanoate,56922-77-1
(Z)-2-hexenyl hexanoate,56922-79-3
(Z)-2-isopropyl-5-methyl-2-hexenal,69104-97-8
(Z)-2-methoxycinnamic acid,14737-91-8
(Z)-2-methyl-1-butene-1-thiol,1229617-36-0
"(Z)-2-methyl-2-butene-1,4-diol diacetate",59055-00-4
(Z)-2-methyl-2-butenoic acid (=angelic acid),565-63-9
(Z)-2-methyl-5-(1-propenyl)furan,10504-12-8
(Z)-2-nonen-1-ol,41453-56-9
(Z)-2-nonenal,60784-31-8
(Z)-2-nonene,6434-77-1
(Z)-2-octen-1-ol,26001-58-1
(Z)-2-octenal,20664-46-4
(Z)-2-octenal N-formyl-N-methyl-hydrazone,62121-49-7
(Z)-2-octene,7642-04-8
(Z)-2-octenoic acid,1577-96-4
(Z)-2-penten-1-ol,1576-95-0
(Z)-2-pentenal,1576-86-9
(Z)-2-pentenyl 3-methylbutanoate,88296-25-7
(Z)-2-pentenyl butanoate,42125-13-3
(Z)-2-pentenyl hexanoate,74298-89-8
(Z)-2-tridecene,41446-59-7
(Z)-2-undecen-1-ol,75039-83-7
(Z)-2-undecenal,71277-05-9
(Z)-2-undecene,821-96-5
"(Z)-3,4-dehydro-&beta;-ionone",41704-09-0
"(Z)-3,4-dimethoxycinnamic acid",14737-88-3
"(Z)-3,5-hexadienyl butanoate",69925-34-4
"(Z)-3,7-dimethyl-1,5,7-octatrien-3-ol (=cis-hotrienol)",86286-86-4
"(Z)-3,7-dimethyl-2,7-octadiene-1,6-diol, 1-acetate",112362-25-1
(Z)-3-(1-propylidene)phthalide,94704-89-9
"(Z)-3-(tetrahydro-5,5-dimethyl-2-furyl)-2-buten-1-ol",
(Z)-3-Hexenyl (Z)-3-hexenoate,61444-38-0
"(Z)-3-butylidene-4,5-dihydrophthalide (=Z-ligustilide)",81944-09-4
(Z)-3-butylidenephthalide,72917-31-8
(Z)-3-decen-1-ol,10340-22-4
(Z)-3-decenal,69891-94-7
(Z)-3-decene,19398-86-8
(Z)-3-decenoic acid,2430-93-5
(Z)-3-decenyl acetate,81634-99-3
(Z)-3-decenyl butanoate,87619-94-1
(Z)-3-decenyl hexanoate,87619-95-2
(Z)-3-dodecene,7239-23-8
"(Z)-3-ethyl-1,5-octadiene",51255-68-6
(Z)-3-hepten-1-ol,1708-81-2
(Z)-3-heptenal,21662-18-0
(Z)-3-heptenoic acid,68676-74-4
(Z)-3-heptenyl acetate,1576-78-9
(Z)-3-hexen-1-ol (=leaf alcohol),928-96-1
(Z)-3-hexenal,6789-80-6
(Z)-3-hexenoic acid,1775-43-5
(Z)-3-hexenyl (E)-2-butenoate,65405-80-3
(Z)-3-hexenyl (E)-2-hexenoate,53398-87-1
(Z)-3-hexenyl (E)-3-hexenoate,74638-19-0
(Z)-3-hexenyl (Z)-2-methyl-2-butenoate (=(Z)-3-hexenyl angelate),84060-80-0
(Z)-3-hexenyl 2-hydroxybenzoate (=Z-3-hexenyl salicylate),65405-77-8
(Z)-3-hexenyl 2-hydroxypropanoate,61931-81-5
(Z)-3-hexenyl 2-methyl-2-butenoate,67883-79-8
(Z)-3-hexenyl 2-methylbutanoate,53398-85-9
(Z)-3-hexenyl 2-methylpropanoate,41519-23-7
(Z)-3-hexenyl 2-oxopropanoate (=(Z)-3-hexenyl pyruvate),68133-76-6
(Z)-3-hexenyl 3-(methylthio)propanoate,
(Z)-3-hexenyl 3-hydroxybutanoate,85762-21-6
(Z)-3-hexenyl 3-methylbutanoate,35154-45-1
(Z)-3-hexenyl 5-hexenoate,106917-24-2
(Z)-3-hexenyl acetate,3681-71-8
(Z)-3-hexenyl benzoate,25152-85-6
(Z)-3-hexenyl butanoate,16491-36-4
(Z)-3-hexenyl butenoate (unkn.str.),95342-57-7
(Z)-3-hexenyl decanoate,85554-69-4
(Z)-3-hexenyl formate,33467-73-1
(Z)-3-hexenyl heptanoate,61444-39-1
(Z)-3-hexenyl hexadecanoate,117210-57-8
(Z)-3-hexenyl hexanoate,31501-11-8
(Z)-3-hexenyl hexenoate (unkn.str.),
(Z)-3-hexenyl nonanoate,88191-46-2
(Z)-3-hexenyl octanoate,61444-41-5
(Z)-3-hexenyl pentanoate,35852-46-1
(Z)-3-hexenyl pentenoate (unkn.str.),85762-18-1
(Z)-3-hexenyl phenylacetate,42436-07-7
(Z)-3-hexenyl propanoate,33467-74-2
(Z)-3-hydroxy-5-octenyl acetate,71677-26-4
(Z)-3-methyl-1-butene-1-thiol,1229617-30-4
(Z)-3-nonen-1-ol,10340-23-5
(Z)-3-nonenal,31823-43-5
(Z)-3-nonene,20237-46-1
(Z)-3-nonenoic acid,41653-98-9
(Z)-3-nonenyl acetate,13049-88-2
(Z)-3-octen-1-ol,20125-84-2
(Z)-3-octenal,78693-34-2
(Z)-3-octenoic acid,5169-51-7
(Z)-3-octenyl acetate,69668-83-3
(Z)-3-octenyl butanoate,87619-91-8
(Z)-3-octenyl hexanoate,87619-92-9
(Z)-3-octenyl octanoate,87619-93-0
(Z)-3-oxo-retro-&alpha;-ionol,
(Z)-3-penten-1-ol,764-38-5
(Z)-3-penten-2-one,3102-32-7
(Z)-3-pentenal,53448-06-9
(Z)-3-phenyl-2-propen-1-ol (=(Z)-cinnamyl alcohol),4510-34-3
(Z)-3-phenyl-2-propenyl (E)-2-methyl-2-butenoate (=(Z)-cinnamyl tiglate),72934-00-0
(Z)-3-undecene,821-97-6
(Z)-3-undecenoic acid,68676-75-5
"(Z)-4,5-dihydro-3-pentylidenephthalide (=Z-ternine)",116964-00-2
"(Z)-4,8-dimethyl-1,3,7-nonatriene",21214-62-0
"(Z)-4-(1,3-butadienyl)-1,2-dimethoxybenzene",88909-06-2
"(Z)-4-(1-butenyl)-1,2-dimethoxybenzene",137390-71-7
"(Z)-4-(3,4-dimethoxyphenyl)-3-buten-1-ol",137390-72-8
"(Z)-4-(3,4-dimethoxyphenyl)-3-buten-1-yl acetate",
"(Z)-4-(6,6-dimethyl-2-methylene-3-cyclohexenyl)-3-buten-2-one",
(Z)-4-(methylthio)-3-butenyl isothiocyanate,123954-93-8
(Z)-4-Decen-6-yne,13343-76-5
(Z)-4-decen-1-ol,57074-37-0
(Z)-4-decenal,21662-09-9
(Z)-4-decenoic acid,505-90-8
(Z)-4-hepten-2-ol,34146-55-9
(Z)-4-heptenal,6728-31-0
(Z)-4-heptenoic acid,41653-95-6
(Z)-4-heptenyl acetate,42125-15-5
(Z)-4-hexen-1-ol,928-91-6
(Z)-4-hexenyl butanoate,69727-41-9
(Z)-4-hexenyl hexanoate,88552-98-1
(Z)-4-hydroxy-3-methoxycinnamic acid (=(Z)-ferulic acid),1014-83-1
(Z)-4-hydroxy-5-octenoic acid lactone (=(Z)-5-octen-4-olide),90292-25-4
(Z)-4-hydroxy-6-dodecenoic acid lactone,18679-18-0
"(Z)-4-hydroxy-7-decenoic acid lactone (=(Z)-7-decen-4-olide, (Z)-&gamma;-jasmin lactone)",63095-33-0
(Z)-4-hydroxy-7-dodecenoic acid lactone,1310721-20-0
(Z)-4-hydroxy-9-dodecenoic acid lactone,1286701-15-2
(Z)-4-hydroxycinnamic acid (=(Z)-p-coumaric acid),4501-31-9
(Z)-4-nonenal,2277-15-8
(Z)-4-octen-1-ol,54393-36-1
(Z)-4-octenoic acid,18654-81-4
(Z)-4-undecenal,68820-32-6
"(Z)-5,6-epoxy-&beta;-ionone",1621579-40-5
"(Z)-5,8-megastigmadien-4-one",67401-25-6
(Z)-5-(1-butenyl)-2-propylpyridine,142896-13-7
"(Z)-5-hydroxy-3,7-decadienoic acid lactone",75363-59-6
(Z)-5-hydroxy-7-decenoic acid,87611-61-8
"(Z)-5-hydroxy-7-decenoic acid lactone (=&delta;-jasmolactone, (Z)-jasmin lactone)",25524-95-2
(Z)-5-hydroxy-9-decenoic acid lactone,934298-76-7
(Z)-5-hydroxy-9-dodecenoic acid lactone,18679-14-6
(Z)-5-methyl-2-hepten-4-one,103070-07-1
(Z)-5-nonen-2-ol,79925-77-2
(Z)-5-octen-1-ol,64275-73-6
(Z)-5-octen-2-ol,55968-41-7
(Z)-5-octen-2-one,22610-86-2
"(Z)-5-octene-1,3-diol",71677-24-2
(Z)-5-octenyl acetate,71978-00-2
"(Z)-5-tangerinol (=(Z)-6,10-dimethyl-5,9-undecadien-2-yl acetate)",3239-37-0
(Z)-5-tetradecenyl acetate,35153-13-0
(Z)-5-undecenal,68464-53-9
"(Z)-6,10-dimethyl-5,9-undecadien-2-ol (=nerylacetol)",6819-38-1
"(Z)-6,10-dimethyl-5,9-undecadien-2-one (=nerylacetone)",3879-26-3
(Z)-6-(2-furyl)-4-hexenal,
(Z)-6-decenal,105683-99-6
"(Z)-6-ethyl-4,5,7,8-tetrathia-2-undecene",126876-37-7
"(Z)-6-hydroxy-2,6-dimethyl-2,7-octadienal",
"(Z)-6-methyl-3,5-heptadien-2-one",29178-96-9
(Z)-6-methyl-5-methylene-2-heptene (=Z-salvene),33746-70-2
(Z)-6-methyl-6-(5-methyl-2-furanyl)-3-hepten-2-one,77822-40-3
(Z)-6-nonen-1-ol,35854-86-5
(Z)-6-nonen-2-ol,79925-78-3
(Z)-6-nonenal,2277-19-2
(Z)-6-nonenyl acetate,76238-22-7
(Z)-6-undecen-2-ol,67233-90-3
(Z)-7-hexadecenal,56797-40-1
(Z)-7-tetradecene,41446-60-0
(Z)-8-heptadecenal,56797-41-2
(Z)-8-myrcenyl acetate,38228-41-0
(Z)-8-pentadecenal,76963-26-3
"(Z)-9,16-heptadecadien-7-one",1357255-21-0
(Z)-9-hexadecenoic acid (=palmitoleic acid),373-49-9
(Z)-9-octadecen-1-ol (=oleyl alcohol),143-28-2
(Z)-9-octadecenal,2423-10-1
(Z)-9-octadecenoic acid (=oleic acid),112-80-1
(Z)-9-tetradecenoic acid (=myristoleic acid),544-64-9
(Z)-9-tetradecenyl acetate,16725-53-4
(Z)-9-tricosene,27519-02-4
(Z)-ajoene,92285-00-2
(Z)-allyl 1-propenyl disulfide,122156-03-0
(Z)-anethole (=(Z)-1-methoxy-4-(1-propenyl)benzene),25679-28-1
(Z)-anhydrolinalool oxide (5),54750-69-5
(Z)-cinnamaldehyde (=(Z)-3-phenyl-2-propenal),57194-69-1
(Z)-cinnamic acid,102-94-3
(Z)-cyclodecene,935-31-9
(Z)-epoxy-&beta;-ocimene,33281-83-3
(Z)-farnesol,82010-12-6
(Z)-geranic acid,4613-38-1
(Z)-hexenyl acetate (unkn.str.),103002-37-5
(Z)-isoeugenol (=(Z)-2-methoxy-4-(1-propenyl)-phenol),5912-86-7
(Z)-jasmone,488-10-8
(Z)-myrcen-8-ol,38228-40-9
(Z)-nerolidol,3790-78-1
(Z)-nerolidyl acetate,91050-14-5
(Z)-nuciferyl propanoate,903569-03-9
(Z)-ocimene oxide (unkn.str.),94607-48-4
(Z)-ocimenol,7643-59-6
(Z)-ocimenone,33746-71-3
(Z)-oxacyclopentadec-6-en-2-one,63958-52-1
(Z)-p-coutaric acid,27174-07-8
(Z)-sesquilavandulol,131485-70-6
(Z)-tagetone,3588-18-9
"(Z,E)-&alpha;-farnesene",26560-14-5
"(Z,E)-2,4-decadienal",5910-88-3
"(Z,E)-2,4-heptadienal",59121-26-5
"(Z,E)-2,5-octadienal",118790-17-3
"(Z,E)-2,6-farnesyl acetate",40266-29-3
"(Z,E)-2,6-nonadienal",23313-79-3
"(Z,E)-3,5-octadien-2-one",78468-46-9
"(Z,E)-3,5-octatrien-2-one (unkn.str.)",
"(Z,E)-4,6,8-megastigmatriene",51468-85-0
"(Z,E)-4-(2-butenylidene)-3,5,5-trimethyl-2-cyclohexen-1-one",5492-79-5
"(Z,E)-farnesol",3790-71-4
"(Z,Z)-&alpha;-farnesene",28973-99-1
"(Z,Z)-1,5,8-undecatrien-3-ol",35389-48-1
"(Z,Z)-2,2,7,7-tetramethyl-3,5-octadiene",28935-78-6
"(Z,Z)-2,4-decadienal",65909-91-3
"(Z,Z)-2,5-octadien-1-ol",67548-44-1
"(Z,Z)-2,5-undecadienal",2105861-01-4
"(Z,Z)-2-(3,6-nonadienoxy)-5-pentyltetrahydrofuran",78054-11-2
"(Z,Z)-3,6-dodecadienol",29125-78-8
"(Z,Z)-3,6-dodecadienyl acetate",57074-42-7
"(Z,Z)-3,6-nonadien-1-ol",53046-97-2
"(Z,Z)-3,6-nonadienal",21944-83-2
"(Z,Z)-3,6-nonadienyl acetate",83334-93-4
"(Z,Z)-3,7-decadiene",20996-35-4
"(Z,Z)-4,6,8-megastigmatriene",71186-25-9
"(Z,Z)-4,7-decadien-1-ol",104188-11-6
"(Z,Z)-4,7-decadienal",22644-09-3
"(Z,Z)-4,7-undecadienal",112805-89-7
"(Z,Z)-4-(2-butenylidene)-3,5,5-trimethyl-2-cyclohexen-1-one",5164-79-4
"(Z,Z)-7,10-hexadecadienal",56829-23-3
"(Z,Z)-8,11-heptadecadienal",56797-42-3
"(Z,Z)-9,12-octadecadienoic acid",60-33-3
"(Z,Z)-farnesol",16106-95-9
"(Z,Z,Z)-5,8,11-tetradecatrien-2-one",85416-33-7
"(Z,Z,Z)-7,10,13-hexadecatrienal",56797-43-4
"(Z,Z,Z)-8,11,14-heptadecatrienal",56797-44-5
"(Z,Z,Z)-9,12,15-octadecatrienoic acid (=linolenic acid)",463-40-1
"(Z,Z,Z,Z,Z)-7,10,13,16,19-docosapentaenoic acid",24880-45-3
(dimethylamino)acetonitrile,926-64-7
(ethylphenyl)ethyl acetate (unkn.str.),
(methylphenyl)acetonitrile,2947-61-7
(methylthio)acetaldehyde,23328-62-3
(methylthio)acetic acid,2444-37-3
(methylthio)humulene (unkn.str.),
(methylthio)phenylacetaldehyde (unkn.str.),7401-37-8
(sec-butyl)benzene,135-98-8
(tert-butyl)benzene,98-06-6
(tetradecyl)thiophene (unkn.str.),
(±)-Naringenin,480-41-1
(±)-ar-himachalene,76739-27-0
"1&alpha;,10&alpha;-epoxy-amorph-4-ene",257293-86-0
"1(6),4-cadinadiene",16729-00-3
"1,1'-dioxybis(1-decanol)",26536-63-0
"1,1'-dioxybis(1-dodecanol)",73321-58-1
"1,1'-dioxybis-(1-undecanol)",66443-78-5
"1,1,1-tribromo-2-propanone",3770-98-7
"1,1,1-trichloroethane (=methylchloroform)",71-55-6
"1,1,2,2-tetramethylcyclopropane",4127-47-3
"1,1,2-trichloroethane",79-00-5
"1,1,2-trichloroethene (=trichloroethylene)",79-01-6
"1,1,2-triethoxyethane",
"1,1,2-trimethylcyclohexane",7094-26-0
"1,1,3,3-tetrabromo-1-propene",56020-79-2
"1,1,3,3-tetrabromo-2-propanone",22612-89-1
"1,1,3,5-tetramethylcyclohexane",4306-65-4
"1,1,3-tribromo-2-propanol",59228-00-1
"1,1,3-tribromo-2-propanone",3475-39-6
"1,1,3-tribromo-3-chloro-1-propene",56020-80-5
"1,1,3-triethoxy-2-methylpropane",67233-88-9
"1,1,3-triethoxybutane",5870-82-6
"1,1,3-triethoxypropane",7789-92-6
"1,1,3-trimethyl-2-butyl-cyclohexane",54676-39-0
"1,1,3-trimethyl-3-phenylindan",3910-35-8
"1,1,3-trimethylcyclohexane",3073-66-3
"1,1,3-trimethylcyclopentane",4516-69-2
"1,1,4,4-tetrabromo-3-buten-2-one",59228-07-8
"1,1,4-tribromo-4-chloro-3-buten-2-one",59228-09-0
"1,1-bis(2-methylbutoxy)ethane",13535-43-8
"1,1-bis(ethylthio)ethane",14252-42-7
"1,1-bis(methylbutoxy)ethane (unkn.str.)",
"1,1-bis(methylthio)ethane",7379-30-8
"1,1-dibromo-1-chloro-2-propanone",30957-55-2
"1,1-dibromo-2-propanone",867-54-9
"1,1-dibromo-3,3-dichloro-1-propene",56020-81-6
"1,1-dibromo-3-iodo-2-propanone",59227-99-5
"1,1-dibromo-4,4-dichloro-3-buten-2-one",59228-10-3
"1,1-dibromoethane",557-91-5
"1,1-dibutoxyethane",871-22-7
"1,1-dichloroheptane",821-25-0
"1,1-diethoxy-2-methylbutane",3658-94-4
"1,1-diethoxy-2-methylpropane",1741-41-9
"1,1-diethoxy-2-phenylethane",6314-97-2
"1,1-diethoxy-2-propanone",5774-26-5
"1,1-diethoxy-3-methylbutane",3842-03-3
"1,1-diethoxybutane",3658-95-5
"1,1-diethoxyethane (=acetal, acetaldehyde diethyl acetal)",105-57-7
"1,1-diethoxyheptane",688-82-4
"1,1-diethoxyhexane",3658-93-3
"1,1-diethoxymethane",462-95-3
"1,1-diethoxynonane",54815-13-3
"1,1-diethoxyoctane",54889-48-4
"1,1-diethoxypentane",3658-79-5
"1,1-diethoxypropane",4744-08-5
"1,1-diethoxyundecane",53405-97-3
"1,1-dihexenoxyethane (unkn.str.)",
"1,1-dihexoxyethane",5405-58-3
"1,1-diisobutoxy-2-methylpropane",13262-24-3
"1,1-diisobutoxy-3-methylbutane",
"1,1-diisobutoxyethane",5669-09-0
"1,1-diisobutoxypentane",13262-27-6
"1,1-diisobutoxypropane",13002-11-4
"1,1-diisopentoxyethane",13002-09-0
"1,1-dimethoxy-2-methylbutane",54286-88-3
"1,1-dimethoxy-3-methylbutane",57094-35-6
"1,1-dimethoxyethane (=acetaldehyde dimethyl acetal)",534-15-6
"1,1-dimethoxyhexane",1599-47-9
"1,1-dimethoxymethane",109-87-5
"1,1-dimethoxypentadecane",52517-73-4
"1,1-dimethylpropyl 2-methylbutanoate",113627-29-5
"1,1-dimethylpropyl acetate",625-16-1
"1,1-dimethylpropyl methyl sulfide (=3,3-dimethyl-2-thiapentane)",13286-92-5
"1,1-dipentoxyethane",
"1,1-diphenethoxyethane",122-71-4
"1,1-diphenoxyethane",4850-74-2
"1,1-diphenylhydrazine",530-50-7
"1,1-dipropoxy-3-methylbutane",13112-68-0
"1,1-dipropoxyethane",105-82-8
"1,1-ethanedithiol",69382-62-3
"1,10-decanediol",112-47-0
"1,10-di-epi-cubenol",73365-77-2
"1,10-dihydro-&alpha;-vetivone",34175-41-2
"1,10-dihydro-9-oxo-nootkatone",27033-52-9
"1,10-dihydronootkatone",20489-53-6
"1,10-epoxy-valencene",55298-11-8
"1,2,3,4,4a,7-hexahydro-4-isopropyl-1,6-dimethylnaphthalene",16728-99-7
"1,2,3,4,5,6-hexathiepane",17233-71-5
"1,2,3,4,5-pentamethylcyclopentane",
"1,2,3,4,7,8-hexahydro-1,1,6-trimethylnaphthalene (=dihydro-&beta;-ionene)",62696-17-7
"1,2,3,4,7,8-hexahydro-5,7-dimethylquinoxaline",
"1,2,3,4-tetrahydro-1,1,6-trimethylnaphthalene (=ionene)",475-03-6
"1,2,3,4-tetrahydro-1,4,6-trimethylnaphthalene",22824-32-4
"1,2,3,4-tetrahydro-1-methyl-9H-pyrido[3,4-b]indole-3-carboxylic acid",
"1,2,3,4-tetrahydro-1-methylnaphthalene",1559-81-5
"1,2,3,4-tetrahydro-2,7-dimethylnaphthalene",13065-07-1
"1,2,3,4-tetrahydro-2-methylnaphthalene",3877-19-8
"1,2,3,4-tetrahydro-4,4,7-trimethyl-1-naphthol",98474-27-2
"1,2,3,4-tetrahydro-6-methylnaphthalene",1680-51-9
"1,2,3,4-tetrahydro-8-methylnaphthalene",2809-64-5
"1,2,3,4-tetrahydro-9H-pyrido[3,4-b]indole-3-carboxylic acid",
"1,2,3,4-tetrahydronaphthalene (=tetralin)",119-64-2
"1,2,3,4-tetrahydroquinoline",635-46-1
"1,2,3,4-tetramethylbenzene",488-23-3
"1,2,3,5,6-pentathiepane (=lenthionin, pentathiacycloheptane)",292-46-6
"1,2,3,5-tetrahydro-1,1,6-trimethylnaphthalene",79925-95-4
"1,2,3,5-tetramethylbenzene",527-53-7
"1,2,3,5-tetrathiane",19901-14-5
"1,2,3-benzenetriol (=pyrogallol)",87-66-1
"1,2,3-propanetriol triacetate (=triacetin)",102-76-1
"1,2,3-trimethoxy-5-(1-propenyl)benzene",487-12-7
"1,2,3-trimethoxy-5-methylbenzene",6443-69-2
"1,2,3-trimethoxy-5-propylbenzene",41564-88-9
"1,2,3-trimethoxybenzene",634-36-6
"1,2,3-trimethylbenzene (=hemimellitene)",526-73-8
"1,2,3-trimethylcyclopentane",2815-57-8
"1,2,3-trithiane-5-carboxylic acid",62574-21-4
"1,2,4,5,7,8,10,11-octathiacyclododecane",
"1,2,4,5-tetramethylbenzene",95-93-2
"1,2,4,5-tetrathiane",291-22-5
"1,2,4,6-tetrathiepane",292-45-5
"1,2,4-benzenetriol (=hydroxyhydroquinone)",533-73-3
"1,2,4-methenoazulene",279-73-2
"1,2,4-triazine",290-38-0
"1,2,4-trichlorobenzene",120-82-1
"1,2,4-trimethoxybenzene",135-77-3
"1,2,4-trimethylbenzene (=pseudocumene)",95-63-6
"1,2,4-tris(methylene)cyclohexane",14296-81-2
"1,2,4-trithiolane",289-16-7
"1,2,4-trithiolane 4-oxide",
"1,2,4-trithiolane-1-oxide",
"1,2,5,6,7,8-hexahydro-2,5-dimethyl-2-naphthol",
"1,2,5-trimethoxy-3-methylbenzene",38790-14-6
"1,2,5-trimethylpyrrole",930-87-0
"1,2,8,8a-tetrahydro-1,1,6-trimethylnaphthalene",79934-54-6
"1,2-benzenediol (=pyrocatechol, catechol and catechin)",120-80-9
"1,2-benzothiazole",272-16-2
"1,2-bis(1-cyclohexenyl)-1,2-ethanediol",35811-99-5
"1,2-butadiene",590-19-2
"1,2-cyclohexanedione",765-87-7
"1,2-cyclopentanedithiol",89211-39-2
"1,2-diaminopropane",78-90-0
"1,2-dibromoethane",106-93-4
"1,2-dichlorobenzene",95-50-1
"1,2-dichloroethane",107-06-2
"1,2-diethoxyethane",629-14-1
"1,2-diethylbenzene",135-01-3
"1,2-dihydro-1,1,6-trimethylnaphthalene (=3,4-dehydroionene)",30364-38-6
"1,2-dihydro-1,1,6-trimethylnaphthol (unkn.str.)",
"1,2-dihydro-4,4,5(or 6)-trimethyl-3(4H)-pyridinone",
"1,2-dihydrolinalool",18479-51-1
"1,2-dihydronaphthalene",447-53-0
"1,2-dihydrotrimethylnaphthalene (unkn.str.)",133439-48-2
"1,2-dimethoxy-1-phenylethane",4013-37-0
"1,2-dimethoxy-3-methylbenzene",4463-33-6
"1,2-dimethoxy-4-methylbenzene",494-99-5
"1,2-dimethoxy-4-propylbenzene",4132-76-7
"1,2-dimethoxy-4-vinylbenzene (=3,4-dimethoxystyrene)",6380-23-0
"1,2-dimethoxybenzene (=veratrole)",91-16-7
"1,2-dimethyl-4-pyridone",99794-19-1
"1,2-dimethyl-4-vinylbenzene",27831-13-6
"1,2-dimethylbenzene (=o-xylene)",95-47-6
"1,2-dimethylcyclohexane",583-57-3
"1,2-dimethylhydrazine",540-73-8
"1,2-dimethylnaphthalene",573-98-8
"1,2-dimethylpropyl acetate",5343-96-4
"1,2-dimethylpyrrole",600-29-3
"1,2-diphenoxyethane",104-66-5
"1,2-diphenylethanone",451-40-1
"1,2-dithiane",505-20-4
"1,2-dithiane-4-carboxylic acid",14091-99-7
"1,2-dithiolane",557-22-2
"1,2-dithiolane-4-carboxylic acid (=asparagusic acid)",2224-02-4
"1,2-epithiohumulene",65563-96-4
"1,2-epoxy-2,6,6-trimethyl-1-(3-oxo-1-butenyl)-4-cyclohexanol",
"1,2-epoxy-p-4-menthene",
"1,2-epoxyethane (=ethylene oxide, oxirane)",75-21-8
"1,2-epoxyheptane",5063-65-0
"1,2-epoxyhexane",1436-34-6
"1,2-epoxymenthyl acetate",29815-69-8
"1,2-epoxyneomenthyl acetate",51795-18-7
"1,2-ethanediamine",107-15-3
"1,2-ethanediol (=ethylene glycol, glycol)",107-21-1
"1,2-ethanediol acetate propanoate (=1-acetoxy-2-propanoyloxyethane)",98962-89-1
"1,2-ethanediol diacetate (=1,2-diacetoxyethane)",111-55-7
"1,2-ethanedithiol",540-63-6
"1,2-heptanediol",3710-31-4
"1,2-pentadiene",591-95-7
"1,2-propanediol (=propylene glycol)",57-55-6
"1,2-propanediol 2-acetate",6214-01-3
"1,2-propanediol diacetate",623-84-7
"1,2-propylene sulfide (=2-methylthiirane, 1,2-epithiopropane)",1072-43-1
"1,2:3,4-diepoxy-p-8-menthene",120749-18-0
"1,3(E),5(Z),9-undecatetraene",247024-18-6
"1,3(or 1,4)-pentadienyl (E)-2-methyl-2-butenoate",134423-57-7
"1,3,3-tribromo-1-iodo-1-propene",56020-82-7
"1,3,3-trimethyl-2,7-dioxa-bicyclo[2.2.1]heptane",16194-31-3
"1,3,3-trimethyl-7-oxabicyclo[4.1.0]heptane-2,5-dione",
"1,3,5,5-tetramethyl-1,3-cyclohexadiene",4724-89-4
"1,3,5,8-undecatetraene",38533-54-9
"1,3,5-benzenetriol (=phloroglucinol)",108-73-6
"1,3,5-cycloheptatriene",544-25-2
"1,3,5-octatriene",26555-19-1
"1,3,5-triisopropylbenzene",717-74-8
"1,3,5-trimethoxybenzene",621-23-8
"1,3,5-trimethylbenzene (=mesitylene)",108-67-8
"1,3,5-trimethylnaphthalene",2131-39-7
"1,3,5-trithiane",291-21-4
"1,3,5-undecatriene",16356-11-9
"1,3,6-octatriene",929-20-4
"1,3,7-octatriene",1002-35-3
"1,3,8-trimethylnaphthalene",17057-91-9
"1,3-benzenediol (=resorcinol)",108-46-3
"1,3-benzodioxole-5-carboxylic acid (=piperonylic acid)",94-53-1
"1,3-butadienylbenzene",1515-78-2
"1,3-butanediol",107-88-0
"1,3-butanediol (Z)-1-(2-methyl-2-butenoate) 3-(2-methylpropanoate)",
"1,3-butanediol diacetate",1117-31-3
"1,3-cyclohexadiene",592-57-4
"1,3-di-tert-butyl-2-methoxy-5-methylbenzene",1518-53-2
"1,3-di-tert-butylbenzene",1014-60-4
"1,3-diacetylbenzene",6781-42-6
"1,3-dibromo-2-propanone",816-39-7
"1,3-dichlorobenzene",541-73-1
"1,3-diethoxy-1-(3-methylbutoxy)propane",67233-87-8
"1,3-diethoxy-2-propanol",4043-59-8
"1,3-diethylbenzene",141-93-5
"1,3-dihydro-2H-indol-2-one",59-48-3
"1,3-dihydroxy-p-3-menthen-2-one (=1-hydroxy-&psi;-diosphenol)",57125-34-5
"1,3-dimethoxy-2-methylbenzene",5673-07-4
"1,3-dimethoxy-5-methylbenzene",4179-19-5
"1,3-dimethoxybenzene (=resorcinol dimethyl ether)",151-10-0
"1,3-dimethyl-2,4-imidazolidinedione",24039-08-5
"1,3-dimethyl-2-vinylbenzene",2039-90-9
"1,3-dimethyl-3-(4-methyl-3-pentenyl)-2-norbornanol",98205-39-1
"1,3-dimethylbenzene (=m-xylene)",108-38-3
"1,3-dimethylcyclohexane",591-21-9
"1,3-dimethylcyclopentane",2453-00-1
"1,3-dimethylnaphthalene",575-41-7
"1,3-dimethylpyrazole",694-48-4
"1,3-dimethylpyrrole",10524-65-9
"1,3-dimethylpyrrolo[1,2-a]pyrazine",64608-62-4
"1,3-dioxolane",646-06-0
"1,3-dithiane",505-23-7
"1,3-dithiethane",287-53-6
"1,3-hexadien-5-yne",10420-90-3
"1,3-octadiene",1002-33-1
"1,3-octanediol",23433-05-8
"1,3-octanediol diacetate",39846-61-2
"1,3-octanediol monoacetate",
"1,3-pentadiene (=piperylene)",504-60-9
"1,3-phytadiene (=3,7,11,15-tetramethyl-1,3-hexadecadiene)",21980-71-2
"1,3-propanediamine",109-76-2
"1,3-propanediol",504-63-2
"1,3-propanediol diacetate",628-66-0
"1,3-propanediol monoacetate (=3-acetoxy-1-propanol)",36678-05-4
"1,3-propanedithiol",109-80-8
"1,4,4-tribromo-1-chloro-3-buten-2-one",59228-08-9
"1,4,4-tribromo-3-buten-2-one",59228-05-6
"1,4,4-trimethylcycloheptadienone (unkn.str.)",
"1,4,5,7a-tetrahydro-1,4,4,7a-tetramethyl-2H-indene-1,2-diol",
"1,4,5-trimethylnaphthalene",2131-41-1
"1,4,8-menthatriene",28233-65-0
"1,4,9-cadalatriene",71609-04-6
"1,4-benzenedicarbaldehyde (=terephthalaldehyde)",623-27-8
"1,4-benzenediol (=hydroquinone)",123-31-9
"1,4-benzoquinone",106-51-4
"1,4-butanediamine (=putrescine)",110-60-1
"1,4-butanediol diacetate",628-67-1
"1,4-butanediol monoacetate (=4-acetoxy-1-butanol)",35435-68-8
"1,4-butanedithiol",1191-08-8
"1,4-cadinadien-3-ol",114791-16-1
"1,4-cadinadiene (=cubenene)",29837-12-5
"1,4-cineole",470-67-7
"1,4-diacetylbenzene",1009-61-6
"1,4-dibromo-1,4-dichloro-3-buten-2-one",59228-11-4
"1,4-dichlorobenzene",106-46-7
"1,4-diethylbenzene",105-05-5
"1,4-diisopropyl-2,5-dimethylbenzene",10375-96-9
"1,4-dimethoxy-2-methylbenzene",24599-58-4
"1,4-dimethoxybenzene",150-78-7
"1,4-dimethyl-2-vinylbenzene",2039-89-6
"1,4-dimethyl-4-vinylcyclohexene",1743-61-9
"1,4-dimethylbenzene (=p-xylene)",106-42-3
"1,4-dimethylcyclohexane",589-90-2
"1,4-dimethylnaphthalene",571-58-4
"1,4-dimethylpyrrolo[1,2-a]pyrazine",64608-63-5
"1,4-dioxane",123-91-1
"1,4-dioxaspiro[4.5]decane",177-10-6
"1,4-dithiin",290-79-9
"1,4-epidioxy-p-2,8-menthadiene",120749-17-9
"1,4-hexadiene",592-45-0
"1,4-naphthalenedione (=1,4-naphthoquinone)",130-15-4
"1,4-pentadiene",591-93-5
"1,5,5-trimethyl-1,3-cyclohexadiene",25866-59-5
"1,5,5-trimethyl-6-methylenecyclohexene",514-95-4
"1,5-di-tert-butyl-3,3-dimethylbicyclo-[3.1.0]hexen-2-one",19377-95-8
"1,5-dimethyl-2-pyrrolecarbaldehyde",1193-59-5
"1,5-dimethyl-6,8-dioxa-bicyclo[3.2.1]octane",84024-93-1
"1,5-dimethyl-6-methylene-spiro[2.4]heptane",62238-24-8
"1,5-dimethylnaphthalene",571-61-9
"1,5-heptadiene-3,4-diol",51945-98-3
"1,5-hexadiene",592-42-7
"1,5-octadien-3-ol",83861-74-9
"1,5-octadien-3-one",65213-86-7
"1,5-pentanedial (=glutaraldehyde)",111-30-8
"1,5-pentanediamine (=cadaverine)",462-94-2
"1,5-pentanedithiol",928-98-3
"1,6,7-trimethylnaphthalene",2245-38-7
"1,6-diaminohexane (= 1,6-hexanediamine, hexamethylenediamine)",124-09-4
"1,6-digalloyl glucose",
"1,6-dimethylindan",17059-48-2
"1,6-dimethylnaphthalene",575-43-9
"1,6-heptadien-4-ol",2883-45-6
"1,6-hexanedithiol",1191-43-1
"1,6-methano[10]annulen-11-one",36628-80-5
"1,6-naphtyridine",253-72-5
"1,6-octadiene",3710-41-6
"1,7,7-trimethyl-2-vinylbi-cyclo[2.2.1]hept-2-ene",130930-56-2
"1,7-di-epi-&alpha;-cedrene",50894-66-1
"1,7-diepi-&beta;-cedrene",79120-98-2
"1,7-dimethylnaphthalene",575-37-1
"1,8-cineole (=eucalyptol)",470-82-6
"1,8-dimethoxy-p-menthane",26946-66-7
"1,8-epoxy-p-menthyl acetate",
"1-(1,2-dimethyl-cyclopent-2-enyl)-ethanone",70987-82-5
"1-(1,2-dioxobutyl)pyrrole",13678-77-8
"1-(1,3-butadienyl)-2,4,5-trimethoxybenzene",79004-67-4
"1-(1-butenyl)-2,4,5-trimethoxybenzene",79004-66-3
1-(1-methoxyethoxy)-pentane,73142-32-2
1-(1-methylethoxy)-butane,1860-27-1
"1-(2,3,4-trimethoxyphenyl)-ethanone",13909-73-4
"1-(2,3,6-trimethylphenyl)-2-buten-1-one",56681-01-7
"1-(2,3,6-trimethylphenyl)-3-buten-2-one",54789-45-6
"1-(2,4,5-trimethoxyphenyl)-1-propanone",3904-18-5
"1-(2,4,5-trimethoxyphenyl)-2-propanone (=acoramone)",2020-90-8
"1-(2,4-decadienoyl)pyrrolidine",145398-84-1
"1-(2,4-dimethylphenyl)-1-propanone",35031-52-8
"1-(2,6,6-Trimethylcyclohexa-1,3-dienyl)-2-buten-1-one",23696-85-7
1-(2-butanoyl)pyrrole,98612-19-2
1-(2-butoxyethoxy)ethanol,54446-78-5
"1-(2-furyl)-1,2-butanedione",1438-90-0
"1-(2-furyl)-1,2-pentanedione",20894-91-1
"1-(2-furyl)-1,2-propanedione",1438-92-2
"1-(2-furyl)-1,3-pentanedione",52786-29-5
1-(2-furyl)-1-penten-3-one,770-48-9
1-(2-furyl)-2-buten-1-one,64677-61-8
1-(2-furyl)-2-heptanone (=furfuryl pentyl ketone),55107-03-4
1-(2-furyl)-2-octanone (=furfuryl hexyl ketone),87487-99-8
1-(2-furyl)-3-pentanone,69978-21-8
1-(2-methylbutoxy)-1-(3-methylbutoxy)ethane,13548-84-0
1-(2-methylbutoxy)-1-phenethoxyethane,
1-(2-methylbutyl)-2-pyrrole-carbaldehyde (=2-formyl-1-(2-methylbutyl)pyrrole),13678-71-2
1-(2-methylbutyl)pyrrole,13678-55-2
1-(2-methylphenyl)-1-propanone,2040-14-4
"1-(2-thienyl)-1,2-propanedione",13678-69-8
"1-(3-hydroxy-5,6-dimethylpyridine-2-yl)ethanone",
1-(3-hydroxy-5-methylpyridin-2-yl)ethanone,
1-(3-hydroxy-6-methylpyridin-2-yl)ethanone,
"1-(3-hydroxybutyl)-2,6,6-trimethyl-3-oxocyclohexene (=dihydro-4-oxo-&beta;-ionol)",27185-79-1
1-(3-hydroxypyridin-2-yl)ethanone,13210-29-2
1-(3-methylbutoxy)-1-pentoxyethane,
1-(3-methylbutoxy)-1-phenethoxyethane,
1-(3-methylbutoxy)-1-propoxy-3-methylbutane,
1-(3-methylbutoxy)-1-propoxyethane,238757-63-6
1-(3-methylbutoxy)-1-propoxypropane,
1-(3-methylfurfuryl)pyrrole,78368-72-6
"1-(3-oxo-(E)-1-butenyl)-2,6,6-trimethyl-(E,Z)-1,2,4-cyclohexanetriol",127643-61-2
"1-(3-thienyl)-1,2-propanedione",
1-(4-ethylphenyl)-1-propanone,27465-51-6
1-(4-hydroxyphenyl)-2-buten-1-one,939-49-1
1-(4-methoxyphenyl)-1-propanone,121-97-1
1-(4-methoxyphenyl)-2-propanone (=anisketone),122-84-9
"1-(5-methyl-2-furyl)-1,2-butanedione",13678-76-7
"1-(5-methyl-2-furyl)-1,2-propanedione",1197-20-2
1-(5-methyl-2-furyl)-2-butanone,13678-70-1
1-(5-methyl-2-furyl)-4-pentanone,106060-94-0
1-(5-methylfurfuryl)-2-pyrrolecarbaldehyde,78368-77-1
1-(5-methylfurfuryl)pyrrole,13678-52-9
1-(6-ethyl-3-hydroxypyridine-2-yl)ethanone,
1-(ethylthio)-1-propanethiol,31331-56-3
1-(ethylthio)ethanethiol,31331-54-1
1-(ethylthio)propan-2-one,20996-62-7
1-(isobutoxy)-1-(3-methylbutoxy)-3-methylbutane,
1-(methylthio)-1-propanethiol,31331-55-2
1-(methylthio)-2-butanone,13678-58-5
1-(methylthio)-3-octanone,61837-77-2
1-(methylthio)-3-pentanone,66735-69-1
1-(methylthio)ethanethiol,31331-53-0
1-(propylthio)ethanethiol,860210-40-8
1-Methoxycarbonyl-&beta;-carboline,3464-66-2
1-Methylthio-2-propanone,14109-72-9
1-[(2-methyl-3-furanyl)thio]- ethanethiol,124619-98-3
"1-[3-(1,3-benzodioxol-5-yl)-2-propenoyl]piperidine",
"1-[5-(1,3-benzodioxol-5-yl)-2-pentenoyl]pyrrolidine",145398-91-0
"1-[7-(1,3-benzodioxol-5-yl)-6-heptenoyl]pyrrolidine",145427-76-5
"1-[7-(1,3-benzodioxol-5-yl)-heptadienoyl]piperidine (unkn.str.)",
"1-[7-(1,3-benzodioxol-5-yl)-heptadienoyl]pyrrolidine (unkn.str.)",
"1-[9-(1,3-benzodioxol-5-yl)-8-nonenoyl]pyrrolidine",62510-52-5
1-[[1-(ethylthio)ethyl]thio]ethanethiol isomer I,1407182-54-0
1-[[1-(ethylthio)ethyl]thio]ethanethiol isomer II,1407182-54-0
1-[[1-(methylthio)ethyl]thio]ethanethiol isomer I,1407182-53-9
1-[[1-(methylthio)ethyl]thio]ethanethiol isomer II,1407182-53-9
1-acetonylpyrrole,4805-24-7
1-acetoxymenthone,58315-85-8
"1-acetyl-2,5-dimethylpyrrole",5044-31-5
1-acetyl-2-bromopyrrole,84455-06-1
1-acetyl-2-chloropyrrole,84455-05-0
1-acetyl-2-methylpyrrole,38207-11-3
1-acetyl-4-isopropenylcyclopentene,2704-76-9
1-acetyl-4-isopropylcyclopentene,73011-52-6
1-acetylcarboline,50892-83-6
1-acetylpiperidine,618-42-8
1-acetylpyrrole,609-41-6
1-acetylpyrrolidine,4030-18-6
"1-allyl-2,3,4,5-tetramethoxybenzene",15361-99-6
"1-allyl-2,3,4-trimethoxybenzene",5273-88-1
"1-allyl-2,4,5-trimethoxybenzene (=&gamma;-asarone)",5353-15-1
"1-allyl-2,4-dimethoxybenzene",3698-23-5
1-allyl-2-methylbenzene,1587-04-8
1-allyl-4-methoxybenzene,140-67-0
1-amino-2-propanol,78-96-6
1-benzyloxy-1-ethoxyethane,66222-24-0
1-bromo-2-chloroethane,107-04-0
1-bromo-2-propanone,598-31-2
1-bromo-3-iodo-2-propanone,59227-98-4
1-butanamine (=butylamine),109-73-9
1-butanethiol (=butyl mercaptan),109-79-5
1-butanol,71-36-3
1-buten-1-yl methyl sulfide (=2-thiahex-3-ene),32951-19-2
1-butene,106-98-9
1-butoxy-1-(2-methylbutoxy)ethane,77249-20-8
1-butoxy-1-(3-methylbutoxy)ethane,238757-27-2
1-butoxy-1-ethoxyethane,57006-87-8
1-butoxy-1-hexoxyethane,
1-butoxy-1-methoxyethane,75677-94-0
1-butoxy-1-pentoxyethane,
1-butylcyclohexene (unkn.str.),3282-53-9
1-butylpyrrole,589-33-3
1-butylpyrrolidine,767-10-2
1-chloro-2-methylbenzene,95-49-8
1-chloro-2-methylbutane,616-13-7
1-chloro-octadecane,3386-33-2
1-chloroethane (=ethyl chloride),75-00-3
1-chloroheptane,629-06-1
1-chlorohexadecane,4860-03-1
1-chlorooctane,
1-cyclohexenecarbaldehyde (=1-formylcyclohexene),1321-16-0
1-cyclohexylidene-2-propanone,874-68-0
1-decanol,112-30-1
1-decene,872-05-9
1-decyne,764-93-2
1-docosanol,661-19-8
1-docosene,1599-67-3
1-dodecanol,112-53-8
1-dodecanoylpiperidine,22342-28-5
1-dodecen-3-one,58879-39-3
1-dodecene,112-41-4
1-eicosanol,629-96-9
1-eicosene,3452-07-1
1-epibicyclosesquiphellandrene,54274-73-6
1-epicubenol,81939-29-9
1-ethenylhexylhydroperoxide,72755-76-1
1-ethoxy-1-(2-methylbutoxy)ethane,13602-09-0
1-ethoxy-1-(3-hexenoxy)ethane,88683-94-7
1-ethoxy-1-(3-methylbutoxy)butane,
1-ethoxy-1-(3-methylbutoxy)ethane,13442-90-5
1-ethoxy-1-(3-methylbutoxy)propane,
1-ethoxy-1-(4-methoxyphenyl)ethane,67233-95-8
1-ethoxy-1-hexoxyethane,54484-73-0
1-ethoxy-1-isobutoxy-2-methylpropane,
1-ethoxy-1-isobutoxy-3-methylbutane,
1-ethoxy-1-isobutoxyethane,6986-51-2
1-ethoxy-1-isobutoxypentane,
1-ethoxy-1-isobutoxypropane,67234-04-2
1-ethoxy-1-isopropoxyethane,25334-93-4
1-ethoxy-1-methoxyethane,10471-14-4
1-ethoxy-1-octoxyethane,54889-49-5
1-ethoxy-1-pentoxybutane,
1-ethoxy-1-pentoxyethane,13442-89-2
1-ethoxy-1-pentoxypentane,
1-ethoxy-1-phenethoxyethane,2556-10-7
1-ethoxy-1-propoxyethane,20680-10-8
1-ethoxy-2-methyl-1-(3-methylbutoxy)propane,
1-ethoxy-2-methyl-1-propoxypropane,
1-ethoxy-2-propanol,1569-02-4
1-ethoxy-3-methyl-1-(3-methylbutoxy)butane,
1-ethoxy-3-propoxy-2-propanol,13021-49-3
1-ethoxy-4-methoxybenzene,5076-72-2
1-ethoxy-4-methylbenzene,622-60-6
1-ethoxy-p-2-menthene,54982-74-0
1-ethyl-1-methylcyclopentane,
"1-ethyl-2,3-dimethylbenzene",933-98-2
"1-ethyl-2,4-dimethylbenzene",874-41-9
1-ethyl-2-methoxybenzene,14804-32-1
1-ethyl-2-methylbenzene (=o-ethyltoluene),611-14-3
1-ethyl-2-methylpyrrole,19983-83-6
"1-ethyl-2-pyrrolecarbaldehyde (=1-ethyl-2-formylpyrrole, 1-ethylpyrrole-2-aldehyde)",2167-14-8
"1-ethyl-3,5-dimethylbenzene",934-74-7
1-ethyl-3-methoxybenzene,10568-38-4
1-ethyl-3-methylbenzene (=m-ethyltoluene),620-14-4
1-ethyl-3-methylpyrrole,13028-51-8
1-ethyl-3-vinylbenzene,7525-62-4
1-ethyl-4-methoxybenzene,1515-95-3
1-ethyl-4-methylbenzene (=p-ethyltoluene),622-96-8
1-ethyl-5-methyl-2-pyrrolecarbaldehyde,39741-43-0
1-ethylhexyl acetate (=3-octyl acetate),4864-61-3
1-ethylindan,4830-99-3
1-ethylnaphthalene,1127-76-0
1-ethylpiperidine,766-09-6
1-ethylpyrrole,617-92-5
1-ethylpyrrolecarbaldehyde (unkn.str.) (=1-ethylformyl-pyrrole (unkn.str.)),
1-ethylpyrrolidine,7335-06-0
"1-furfuryl-2,3,5-trimethylpyrrole",78368-76-0
"1-furfuryl-2,3-dimethylpyrrole",78368-74-8
"1-furfuryl-2,5-dimethylpyrrole",5049-47-8
1-furfuryl-2-methylpyrrole,1438-95-5
1-furfuryl-2-pyrrolecarbaldehyde (=2-formyl-1-furfurylpyrrole),13788-32-4
1-furfuryl-3-methylpyrrole,78368-71-5
1-furfurylpyrrole,1438-94-4
1-heneicosene,1599-68-4
1-heptadecanol,1454-85-9
1-heptadecene,6765-39-5
1-heptanamine (=heptylamine),111-68-2
1-heptanethiol (=heptyl mercaptan),1639-09-4
1-heptanol,111-70-6
1-hepten-1-ol,789431-25-0
1-hepten-2-yl acetate,1541-02-2
1-hepten-3-ol,4938-52-7
1-hepten-3-one,2918-13-0
1-hepten-4-ol,3521-91-3
1-heptene,592-76-7
1-heptenyl acetate,35468-97-4
1-heptyl-2-pyrrolecarbaldehyde (=2-formyl-1-heptylpyrrole),
1-heptyne,628-71-7
1-hexadecanol (=cetanol),36653-82-4
1-hexadecene,629-73-2
1-hexanamine (=hexylamine),111-26-2
1-hexanethiol (=hexyl mercaptan),111-31-9
1-hexanol,111-27-3
1-hexen-3-ol,4798-44-1
1-hexen-3-one,1629-60-3
1-hexene,592-41-6
1-hexenyl acetate,28933-77-9
1-hexoxy-1-(2-methylbutoxy)ethane,
1-hexoxy-1-(3-methylbutoxy)ethane,
1-hexoxy-1-methoxyethane,54340-90-8
1-hexylcyclopentene,4291-99-0
1-hydroxy-2-butanone,5077-67-8
1-hydroxy-2-heptanone,17046-01-4
"1-hydroxy-2-propanone (=acetol, pyruvic alcohol)",116-09-6
1-hydroxyoctyl-3 acetate,90755-82-1
1-indanone,83-33-0
1-iodo-2-propanone,3019-04-3
1-iodooctadecane,629-93-6
1-iodooctane,629-27-6
1-iodopentane,628-17-1
1-iodopropane,107-08-4
1-isobutoxy-1-(3-methylbutoxy)ethane,75048-15-6
1-isobutoxy-2-methyl-1-(3-methylbutoxy)propane,
1-isobutoxy-2-methyl-1-propoxypropane,
1-isobutoxy-3-methyl-1-propoxybutane,
"1-isobutyl-2,5-dimethylpyrrole",21407-84-1
1-isobutyl-2-methylpyrrole,78368-63-5
1-isobutyl-3-methylpyrrole,78368-64-6
1-isobutyl-5-methyl-2-pyrrolecarbaldehyde,66054-34-0
1-isobutylpyrrole,20884-13-3
"1-isopentyl-2,5-dimethylpyrrole",78368-70-4
1-isopentyl-2-methylpyrrole,78368-67-9
1-isopentyl-2-pyrrolecarbaldehyde (=2-formyl-1-isopentylpyrrole),13678-79-0
1-isopentyl-3-methylpyrrole,78368-68-0
1-isopentylpyrrole,13679-79-3
"1-isopropenyl-3-methylbenzene (=&alpha;,m-dimethylstyrene, m-cymenene)",1124-20-5
"1-isopropenyl-4-methylbenzene (=&alpha;,p-dimethyl styrene, p-cymenene, dehydro-p-cymene)",1195-32-0
1-isopropenyl-4-methylene-5-hexenyl acetate,1069-67-6
1-isopropoxy-4-methylbenzene (=p-cresyl isopropyl ether),54191-22-9
"1-isopropyl-2,4-dimethylbenzene",4706-89-2
"1-isopropyl-2,5-dimethoxy-4-methylbenzene (=2,5-dimethoxy-p-cymene)",14753-08-3
"1-isopropyl-2-methoxy-4-methylbenzene (=methyl thymyl ether, methylthymol)",1076-56-8
1-isopropyl-2-methylbenzene (=o-cymene),527-84-4
1-isopropyl-3-methylbenzene (=m-cymene),535-77-3
1-isopropyl-4-methoxybenzene,4132-48-3
1-isopropyl-4-methylbenzene (=p-cymene),99-87-6
1-mercapto-2-propanone (=acetylmethyl mercaptan),24653-75-6
1-mercapto-3-butyl acetate,548774-68-1
1-mercapto-3-pentanol,463339-39-1
1-mercapto-3-pentanone,123728-54-1
1-mercapto-3-pentyl acetate,548774-73-8
"1-methoxy-1-(2,4,5-trimethoxy-phenyl)-2-propanol",146830-08-2
1-methoxy-1-pentoxyethane,
1-methoxy-1-propoxymethane,
"1-methoxy-2,3,5-trimethylbenzene",20469-61-8
"1-methoxy-2,4-dimethylbenzene",6738-23-4
1-methoxy-2-butanol,53778-73-7
1-methoxy-2-methylbenzene (=2-methylanisole),578-58-5
1-methoxy-2-octylbenzene (=o-octylanisol),20056-59-1
1-methoxy-2-phenylethanol,100303-82-0
"1-methoxy-2-phenylethene (=&beta;-methoxystyrene, methyl &alpha;-styryl ether)",4747-15-3
1-methoxy-2-propanol,107-98-2
1-methoxy-2-propanone,5878-19-3
1-methoxy-2-propyl acetate,
1-methoxy-3-hexanethiol,94291-50-6
1-methoxy-3-methylbenzene (=3-methylanisole),100-84-5
"1-methoxy-4-(3-oxobutyl)benzene (=anisylacetone, bramble ketone)",104-20-1
1-methoxy-4-isopropylcyclohexane,112548-32-0
"1-methoxy-4-methylbenzene (=4-methylanisole, 4-methoxy-toluene, p-cresyl methyl ether)",104-93-8
1-methoxy-4-propylbenzene (=4-propylbenzene),104-45-0
1-methoxy-4-vinylbenzene (=4-vinylanisole),637-69-4
1-methoxynaphthalene,2216-69-5
1-methyl-1-propenyl acetate (=2-acetoxy-2-butene),6203-88-9
"1-methyl-2,4-cyclohexadiene",19656-98-5
"1-methyl-2-oxopropyl acetate (=acetoin acetate, 3-acetoxy-2-butanone)",4906-24-5
1-methyl-2-oxopropyl butanoate (=acetoin butanoate),84642-61-5
1-methyl-2-oxopropyl hexanoate (=acetoin hexanoate),134782-31-3
1-methyl-2-oxopropyl octanoate (=acetoin octanoate),92038-24-9
1-methyl-2-propanoylpyrrole,17180-59-5
1-methyl-2-propenylbenzene (unkn.str.),
1-methyl-2-propylbenzene,1074-17-5
1-methyl-2-pyridinone,694-85-9
1-methyl-2-pyrrolecarbaldehyde (=2-formyl-1-methylpyrrole),1192-58-1
1-methyl-2-pyrrolidone,872-50-4
1-methyl-2-vinylbenzene (=o-methylstyrene),611-15-4
1-methyl-3-cyclohexenecarbaldehyde,931-96-4
1-methyl-3-propylbenzene,1074-43-7
1-methyl-4-propenylbenzene (unkn.str.) (=4-propenyltoluene (unkn.str.)),
1-methyl-4-propylbenzene,1074-55-1
1-methylbutyl acetate (=2-pentyl acetate),626-38-0
1-methylbutyl butanoate (=2-pentyl butanoate),60415-61-4
1-methylbutyl hexanoate,88164-61-8
1-methylbutyl octanoate,55193-30-1
1-methylheptyl acetate (=2-octyl acetate),2051-50-5
1-methylheptyl hexanoate,29803-24-5
1-methylhexyl acetate (=2-heptyl acetate),5921-82-4
1-methylhexyl benzoate,
1-methylhexyl butanoate (=2-heptyl butanoate),39026-94-3
1-methylhexyl hexanoate,6624-58-4
1-methylhexyl octanoate,55193-32-3
1-methylindan,767-58-8
1-methylindene,767-59-9
1-methylnaphthalene,90-12-0
1-methyloctyl acetate (=2-nonyl acetate),14936-66-4
1-methyloctyl butanoate (=2-nonyl butanoate),69727-42-0
1-methyloctyl hexanoate,55193-16-3
1-methyloctyl octanoate,55193-34-5
1-methylpentyl acetate (=2-hexyl acetate),5953-49-1
1-methylpentyl butanoate (=2-hexyl butanoate),6963-52-6
1-methylpiperazine,109-01-3
1-methylpiperidine,626-67-5
1-methylpyrazole,930-36-9
1-methylpyrrole,96-54-8
1-methylpyrrolidine,120-94-5
"1-methylpyrrolo[1,2-a]pyrazine",64608-59-9
1-naphthol,90-15-3
1-nitrohexane,646-14-0
1-nitropentane,628-05-7
1-nonadecanol,1454-84-8
1-nonadecene,18435-45-5
1-nonanamine (=nonylamine),112-20-9
1-nonanethiol (=nonyl mercaptan),1455-21-6
1-nonanol,143-08-8
1-nonen-3-ol,21964-44-3
1-nonen-3-one,24415-26-7
1-nonen-3-yl acetate,31795-37-6
1-nonen-4-ol,35192-73-5
1-nonen-4-one,61168-10-3
1-nonene,124-11-8
1-nonyne,3452-09-3
1-octadecanol,112-92-5
1-octadecene,112-88-9
1-octadecenoylpiperidine (unkn.str.),
1-octanamine (=octylamine ),111-86-4
1-octanethiol (=octyl mercaptan),111-88-6
1-octanol,111-87-5
1-octen-3-ol,3391-86-4
1-octen-3-one,4312-99-6
1-octen-3-yl acetate,2442-10-6
1-octen-3-yl formate,
1-octen-3-yl propanoate,63156-02-5
1-octene,111-66-0
1-octyne,629-05-0
1-oxacyclopentadec-6-en-2-one,120464-06-4
1-pentacosene,16980-85-1
1-pentadecanol,629-76-5
1-pentadecene,13360-61-7
1-pentanamine (=pentylamine),110-58-7
1-pentanethiol (=pentyl mercaptan),110-66-7
1-pentanol (=amyl alcohol),71-41-0
1-penten-3-ol,616-25-1
1-penten-3-one,1629-58-9
1-pentene,109-67-1
1-pentoxy-1-propoxyethane,
"1-pentyl-1,3-cyclohexadiene",76346-02-6
1-pentyl-2-propenyl butanoate,16491-54-6
1-pentyl-2-pyrrolecarbaldehyde (=2-formyl-1-pentylpyrrole),35250-62-5
1-pentylcyclopentene,4291-98-9
1-pentylpyrrole,699-22-9
1-phenethyl-2-pyrrolecarbaldehyde (=2-formyl-1-phenethylpyrrole),49795-42-8
1-phenethylpyrrole,50691-29-7
1-phenoxy-2-propanone,621-87-4
1-phenyl-1-butanone (=butyrophenone),495-40-9
1-phenyl-1-pentadecanone (=pentadecaphenone),4669-04-9
1-phenyl-1-pentanone (=valerophenone),1009-14-9
1-phenyl-1-propanol,93-54-9
1-phenyl-1-propanone (=propiophenone),93-55-0
1-phenyl-2-butanol,701-70-2
1-phenyl-2-butanone,1007-32-5
1-phenyl-2-hexanone,25870-62-6
1-phenyl-2-pentanol,705-73-7
1-phenyl-2-pentanone (=benzyl propyl ketone),6683-92-7
1-phenyl-2-propanone,103-79-7
"1-phenylbutane-1,3-dione",93-91-4
1-phenylethanol (=&alpha;-methylbenzyl alcohol),98-85-1
1-phenylheptanone (unkn.str.),1671-75-6
"1-phenylpropane-1,2-dione",579-07-7
"1-phytene (=3,7,11,15-tetramethyl-1-hexadecene)",30221-44-4
1-piperidinecarbaldehyde (=1-formylpiperidine),2591-86-8
1-propanamine (=propylamine),107-10-8
1-propanethiol (=propyl mercaptan),107-03-9
1-propanol (=propyl alcohol),71-23-8
1-propanoylpyrrole,59303-16-1
1-propene (=propylene),115-07-1
1-propene-1-thiol (=propenyl mercaptan),925-89-3
1-propenesulfenic acid,3736-99-0
1-propenyl propanedithioate,65901-84-0
1-propenyl propyl disulfide,5905-46-4
1-propenyl propyl sulfide,33922-70-2
1-propenyl propyl tetrasulfide,137363-90-7
1-propenyl propyl trisulfide,52868-85-6
1-propyl-2-pyrrolidone,3470-99-3
1-propylpyrrole,7057-97-8
1-propynylbenzene,673-32-5
1-pyrroline,5724-81-2
1-terpineol (=p-3-menthen-1-ol),586-82-3
"1-tert-butyl-2-methoxy-4-methyl-3,5-dinitrobenzene",83-66-9
1-tetracosene,10192-32-2
1-tetradecanol,112-72-1
1-tetradecene,1120-36-1
1-tricosanol,3133-01-5
1-tricosene,18835-32-0
1-tridecanol,112-70-9
1-tridecene,2437-56-1
1-undecanol,112-42-5
1-undecen-5-one,38945-65-2
1-undecene,821-95-4
"1-vinyl-4,8-dimethoxy-13-carboline",65236-62-6
"10,13,16,19-docosatetraenoic acid",26730-49-4
"10,13,16-docosatrienoic acid",1946-20-9
"10,13-octadecadienoic acid, methyl ester",56554-62-2
10-&gamma;-epi-eudesmol,15051-81-7
10-epi-&alpha;-cyperone,2303-31-3
10-epizonarene,41702-63-0
10-methyl-1-undecanol,20194-45-0
10-methyl-2-dodecanone,
10-methyl-2-undecanone,67882-99-9
10-methyl-2-undecenal,128926-06-7
"10-methyl-5,9-undecadien-1-ol",
10-methylnonadecane,56862-62-5
10-methylundecanoic acid,2724-56-3
10-nonacosanone,504-56-3
10-norcalamenen-10-one,57494-10-7
10-oxodecanoic acid,5578-80-3
10-pentadecenal,60671-80-9
10-santalen-2-ol,
10-undecen-1-ol,112-43-6
10-undecen-2-one,36219-73-5
10-undecenal,112-45-8
10-undecenoic acid,112-38-9
"11,11-dimethyl-4,8-dimethylenebicyclo[7.2.0]undecan-5-ol",
11-dodecenal,51148-68-6
11-eudesmen-4-ol (=intermedeol),6168-59-8
11-methyl-1-dodecanol,27458-92-0
11-methyl-2-dodecanone,67883-00-5
11-methyldodecanoic acid,5681-98-1
11-methyltridecanoic acid,29709-05-5
11-selinen-4-ol,16641-47-7
11-tetradeceniol acetate (unkn.str.),
12-(methylamino)dodecanoic acid,7408-81-3
12-Methyltridecanal,75853-49-5
12-hydroxyoctadec-9-enoic acid,7431-95-0
12-methyl-2-tridecenal,128926-07-8
12-methyltetradecanoic acid,5502-94-3
12-methyltridecanoic acid,2724-57-4
12-oxododecenoic acid (unkn.str.),62488-21-5
12-pentadecen-2-one,
13-epimanoyl oxide,1227-93-6
"13-hydroxytridecanoic acid lactone (=1,13-tridecanolide)",1725-04-8
13-methyl-1-tetradecanol,20194-47-2
13-methylpentadecanoic acid,20121-96-4
13-methyltetradecanoic acid,2485-71-4
13-tetradecenal,85896-31-7
14-hydroxy-&alpha;-humulene,
14-hydroxy-&alpha;-muurolene,105661-29-8
14-hydroxy-&beta;-caryophyllene,78683-81-5
14-hydroxy-&delta;-cadinene,153408-92-5
14-hydroxy-9-epi-&beta;-caryophyllene,123355-03-3
14-methylhexadecanoic acid,5918-29-6
14-methylpentadecanoic acid,4669-02-7
14-oxocalamenene,
15-hexadecenoic acid,4675-57-4
15-hydroxypentadecanoic acid omega-lactone (=pentadecanolide),106-02-5
15-kaurene,5947-50-2
15-methylheptadecanoic acid,29709-08-8
15-methylhexadecanoic acid,1603-03-8
"16,17-dihydroxy-9(11)-kauren-18-oic acid",55483-24-4
16-hydroxyhexadecanoic acid lactone,109-29-5
18-methylnonadecanoic acid,6250-72-2
"1H-indole-2,3-dione",91-56-5
1H-indole-3-carboxaldehyde,487-89-8
2'-AMP,130-49-4
2'-aminoacetophenone,551-93-9
2'-hydroxyacetophenone,118-93-4
"2(12),6(13)-caryophylladien-5-ol",38284-26-3
"2(12),6-caryophylladien-5&beta;-ol",
2(2(2-ethoxy)ethoxy)ethoxyethanol,112-50-5
"2(3),5-DIMETHYL-6,7-DIHYDRO-5H-CYCLOPENTAPYRAZINE",38917-62-3
2(3H)-benzoxazolone (=2-benzoxazolinone),59-49-4
2(3H)-dihydrothiophenone (=4-butanethioic acid lactone),1003-10-7
2(3H)-furanone (=4-hydroxy-3-butenoic acid lactone),20825-71-2
"2(5H)-furanone (=crotonolactone, 2-buten-4-olide, 4-hydroxy-2-butenoic acid lactone)",497-23-4
"2(or 3),5-diethyl-3(or 2)-methylpyrazine",39723-60-9
2(or 4)-butyloxazole (unkn.str.),
"2,10-dimethylundecane",17301-27-8
"2,2'-(ethylenedioxy)bisethanol (=triethylene glycol)",112-27-6
"2,2'-bifuran (=2-(2-furyl)furan, di-(2-furyl))",5905-00-0
"2,2'-methylenebisfuran (=2,2-difurylmethane)",1197-40-6
"2,2'-oxybisethanol (=diethylene glycol)",111-46-6
"2,2,4,4,6,6-hexamethyl-1,3,5-trithiane (=trithioacetone)",828-26-2
"2,2,4,4-tetramethylpentanoic acid",3302-12-3
"2,2,4,6,6-pentamethylheptane",13475-82-6
"2,2,4-trimethyl-1,3-dioxolane",1193-11-9
"2,2,4-trimethyl-1,3-dithiane",51288-07-4
"2,2,4-trimethyl-1,3-pentanediol bis(2-methylpropanoate)",6846-50-0
"2,2,4-trimethyl-1-pentanol",123-44-4
"2,2,4-trimethylcyclohexanone",35413-38-8
"2,2,4-trimethylheptane",14720-74-2
"2,2,4-trimethylpentane",540-84-1
"2,2,6,6-tetramethylheptane",40117-45-1
"2,2,6,8-tetramethyl-7,11-dioxatricyclo[6.2.1.0(1,6)]undec-4-ene (=Riesling acetal)",129601-94-1
"2,2,6-trimethyl-1,4-cyclohexanedione (=3,5,5-trimethyl-1,4-cyclohexanedione)",20547-99-3
"2,2,6-trimethyl-6-vinyl-tetrahydro-3-pyrone",33933-72-1
"2,2,6-trimethyl-7-oxabicyclo[4.3.0]non-1(9)-en-4-one",
"2,2,6-trimethylcyclohexanone",2408-37-9
"2,2,7,7-tetramethyl-1,6-dioxa-spiro[4.4]non-3-ene (=dihydrospiroacetal)",15031-05-7
"2,2,7,7-tetramethyl-1,6-dioxa-spiro[4.4]nona-3,8-diene (=spiroacetal)",15129-55-2
"2,2,8-trimethyldecane",62238-01-1
"2,2-dibromo-1-(bromomethyl)ethyl acetate",59228-01-2
"2,2-dibromo-1-(dibromomethyl)ethyl acetate",59228-02-3
"2,2-diethoxy-3-pentanone",79925-99-8
"2,2-diethoxyethanol",621-63-6
"2,2-diethyl-1-pentanol",14202-62-1
"2,2-dimethyl-1-(2-hydroxy-1-methylethyl)propyl 2-methylpropanoate",
"2,2-dimethyl-1-[2-(2-methyl-2-propanyl)cyclopropyl]-1-propanone",
"2,2-dimethyl-1-pentanol",2370-12-9
"2,2-dimethyl-1-propanol",75-84-3
"2,2-dimethyl-3,4-octadienal",590-71-6
"2,2-dimethyl-3-butanone",75-97-8
"2,2-dimethyl-3-butenoic acid",10276-09-2
"2,2-dimethyl-3-pentanone",564-04-5
"2,2-dimethyl-5-(1-methyl-1-propenyl)tetrahydrofuran",7416-35-5
"2,2-dimethyl-5-hexen-3-one",55532-07-5
"2,2-dimethylbicyclo[2.2.1]heptane-3-carbaldehyde",50705-16-3
"2,2-dimethylcyclobutanone",1192-14-9
"2,2-dimethyldecane",17302-37-3
"2,2-dimethylhexane",590-73-8
"2,2-dimethylpentan-3-ol",3970-62-5
"2,2-dimethylpropane (=neopentane)",463-82-1
"2,2-dimethylpropanoic acid (=trimethyl acetic acid, pivalic acid)",75-98-9
"2,3'-bifuran",27521-86-4
"2,3'-methylenebisfuran",107716-11-0
"2,3,4,5-tetrahydroanisole",931-57-7
"2,3,4,5-tetramethyl-2,3-dihydrofuran",
"2,3,4,5-tetramethylthiophene",14503-51-6
"2,3,4-trimethyl-2-cyclopenten-1-one",28790-86-5
"2,3,4-trimethylacetophenone",1467-36-3
"2,3,4-trimethylfuran",10599-57-2
"2,3,4-trimethylpentane",565-75-3
"2,3,4-trimethylthiophene",1795-04-6
"2,3,5,8-tetramethyldecane",192823-15-7
"2,3,5-trimethyl-2-cyclopenten-1-one",54562-24-2
"2,3,5-trimethylfuran",10504-04-8
"2,3,5-trimethylphenol",697-82-5
"2,3,5-trithiahexane (=(methyldithio) (methylthio) methane)",42474-44-2
"2,3,6-trimethylphenol",2416-94-6
"2,3-Epoxyhexanol",90528-63-5
"2,3-butanediol (=2,3-butylene glycol)",513-85-9
"2,3-butanediol diacetate",1114-92-7
"2,3-butanediol monoacetate (=3-acetoxy-2-butanol)",56255-48-2
"2,3-butanediol monobutanoate",59517-17-8
"2,3-butanediol monohexanoate",95200-55-8
"2,3-butanediol monooctanoate",134782-32-4
"2,3-butanedione (=diacetyl)",431-03-8
"2,3-butanedione monoxime",57-71-6
"2,3-dehydro-1,8-cineole",92760-25-3
"2,3-dehydro-4-oxo-&beta;-ionol",
"2,3-diethyl-5,6-dimethylpyrazine",106060-96-2
"2,3-diethyl-5-methylpyrazine",18138-04-0
"2,3-diethylpyrazine",15707-24-1
"2,3-dihydro-2-methylbenzofuran",1746-11-8
"2,3-dihydro-3,5-dihydroxy-6-methyl-4-pyrone (=5,6-dihydro-5-hydroxymaltol)",28564-83-2
"2,3-dihydro-3-(1-methylpropyl)furan",56805-32-4
"2,3-dihydro-4,6-dimethyl-thieno[2,3-c]furan (=homokahweofuran)",78798-06-8
"2,3-dihydro-5-hydroxy-1,4-naphthalenedione",6312-53-4
"2,3-dihydro-5-hydroxy-2-methyl-1,4-naphthalenedione",
"2,3-dihydro-6-methyl-1H-pyrrolizine-5-carbaldehyde",55041-87-7
"2,3-dihydro-6-methyl-thieno[2,3-c]furan (=kahweofuran)",26693-24-3
"2,3-dihydrobenzofuran (=coumaran)",496-16-2
"2,3-dihydrofarnesene",7681-88-1
"2,3-dihydrofarnesol",51411-24-6
"2,3-dihydrofuran",1191-99-7
"2,3-dihydroxy-2-methylbutanoic acid",14868-24-7
"2,3-dihydroxy-3-methylbutanoic acid",1756-18-9
"2,3-dihydroxyacetophenone",13494-10-5
"2,3-dihydroxybenzaldehyde",24677-78-9
"2,3-dihydroxybenzoic acid (=o-pyrocatechuic acid)",303-38-8
"2,3-diisopropyl-5-methylphenol",76138-68-6
"2,3-dimethoxycinnamic acid",7461-60-1
"2,3-dimethyl-1,3-butadiene",513-81-5
"2,3-dimethyl-1H-pyrrole",600-28-2
"2,3-dimethyl-2,3-butanediol (=pinacol)",76-09-5
"2,3-dimethyl-2-butanol",594-60-5
"2,3-dimethyl-2-cyclopenten-1-one",1121-05-7
"2,3-dimethyl-3-(4-methyl-3-pentenyl)-2-norbornanol",98205-40-4
"2,3-dimethyl-5-(2-methylbutyl)pyrazine",75492-01-2
"2,3-dimethyl-5-vinylfuran",59417-63-9
"2,3-dimethyl-5-vinylpyrazine",160818-30-4
"2,3-dimethyl-9H-fluorene",4612-63-9
"2,3-dimethylbutane",79-29-8
"2,3-dimethylcyclohexanone",13395-76-1
"2,3-dimethylfuran",
"2,3-dimethylhexane",584-94-1
"2,3-dimethylmaleimide",17825-86-4
"2,3-dimethylnaphthalene",581-40-8
"2,3-dimethyloctane",7146-60-3
"2,3-dimethylphenol",526-75-0
"2,3-dimethylpyrazine",5910-89-4
"2,3-dimethylpyridine (=2,3-lutidine)",583-61-9
"2,3-dimethylquinoline",1721-89-7
"2,3-dimethylquinoxaline",2379-55-7
"2,3-dimethylthiophene",632-16-6
"2,3-epoxy-2-methylbutane (=trimethyloxirane)",5076-19-7
"2,3-epoxy-4-(hydroxymethylene)-3,5,5-trimethylcyclohexanone",
"2,3-epoxy-p-menthan-6-one",
"2,3-heptanedione",96-04-8
"2,3-hexanedione",3848-24-6
"2,3-hydroxypropanoic acid (=glyceric acid)",473-81-4
"2,3-octanedione",585-25-1
"2,3-pentanedione (=acetylpropionyl)",600-14-6
"2,4,5,7-tetrathiaoctane",85544-38-3
"2,4,5-trimethyl-1,3-dioxolane",3299-32-9
"2,4,5-trimethyl-2,5-dihydro-1,3-thiazole (=2,4,5-trimethyl-3-thiazoline)",60633-24-1
"2,4,5-trimethyl-2-thiazoline",4145-93-1
"2,4,5-trimethyl-3(2H)-furanone",64880-73-5
"2,4,5-trimethyl-3-oxazoline",22694-96-8
"2,4,5-trimethylbenzaldehyde",5779-72-6
"2,4,5-trimethylphenol",496-78-6
"2,4,5-trimethylthiazole",13623-11-5
"2,4,5-trithiaheptane",183554-12-3
"2,4,6,10-tetramethylpentadecane",20265-60-5
"2,4,6-decatrienal",25462-05-9
"2,4,6-nonatrienal",56269-22-8
"2,4,6-tri-sec-butylphenol",5892-47-7
"2,4,6-tribromophenol",118-79-6
"2,4,6-trichloroanisole",87-40-1
"2,4,6-trichlorophenol",88-06-2
"2,4,6-trihydroxybenzoic acid",83-30-7
"2,4,6-trimethyl-1,3,5-trioxane (=paraldehyde)",123-63-7
"2,4,6-trimethyl-1,3,5-trithiane (=trithioacetaldehyde)",2765-04-0
"2,4,6-trimethylbenzaldehyde (=mesitylaldehyde)",487-68-3
"2,4,6-trimethylphenol",527-60-6
"2,4,6-trimethylpyridine (=s-collidine, &gamma;-collidine)",108-75-8
"2,4,7-decatrienal",51325-37-2
"2,4-decadien-1-ol",14507-02-9
"2,4-decadienal",2363-88-4
"2,4-di-tert-butylphenol",96-76-4
"2,4-di-tert-butylthiophene",33369-81-2
"2,4-dibromophenol",615-58-7
"2,4-dibutylphenol",2151-57-7
"2,4-diethyl-5-propyloxazole",77311-03-6
"2,4-diethyl-5-propylthiazole",87116-70-9
"2,4-diethyldihydro-6-methyl-1,3,5(4H)-dithiazine",54717-16-7
"2,4-diethylthiazole",32272-49-4
"2,4-dihydroxy-2,5-dimethyl-3(2H)-furan-3-one",10230-62-3
"2,4-dihydroxy-3,3-dimethylbutanoic acid lactone (=pantolactone)",599-04-2
"2,4-dihydroxy-3,6-dimethylbenzaldehyde",34883-14-2
"2,4-dihydroxyacetophenone",89-84-9
"2,4-dihydroxybenzoic acid (=&beta;-resorcylic acid)",89-86-1
"2,4-dihydroxypiperitone (=4-hydroxydiosphenol)",71843-50-0
"2,4-diisopropenylpyridine",142896-10-4
"2,4-diisopropyl-3-methylphenol",76138-69-7
"2,4-diisopropyl-5-methylphenol",40625-96-5
"2,4-dimethoxybenzoic acid",91-52-1
"2,4-dimethyl-1,3-dioxane",766-20-1
"2,4-dimethyl-1-vinylbenzene",2234-20-0
"2,4-dimethyl-2-hexanol",42328-76-7
"2,4-dimethyl-2-pentanol",625-06-9
"2,4-dimethyl-3(2H)-furanone",37713-48-7
"2,4-dimethyl-3-(methyldithio)thiophene",126876-24-2
"2,4-dimethyl-3-heptanol",19549-72-5
"2,4-dimethyl-3-oxazoline",77311-02-5
"2,4-dimethyl-3-pentanol",600-36-2
"2,4-dimethyl-3-pentanone",565-80-0
"2,4-dimethyl-3-thiazoline",60755-05-7
"2,4-dimethyl-5-pentylthiazole",96693-91-3
"2,4-dimethyl-5-propyloxazole",84027-86-1
"2,4-dimethyl-5-vinylthiazole",65505-18-2
"2,4-dimethylacetophenone",89-74-7
"2,4-dimethylbenzaldehyde",15764-16-6
"2,4-dimethylbenzofuran",53715-85-8
"2,4-dimethylbenzyl alcohol",16308-92-2
"2,4-dimethylfuran",3710-43-8
"2,4-dimethylheptan-3-one",18641-71-9
"2,4-dimethylheptane",2213-23-2
"2,4-dimethylheptanoic acid",2624-25-1
"2,4-dimethylhexane",589-43-5
"2,4-dimethyloxazole",7208-05-1
"2,4-dimethylpentane",108-08-7
"2,4-dimethylpentanol (unkn.str.)",
"2,4-dimethylphenol",105-67-9
"2,4-dimethylpyridine (=2,4-lutidine)",108-47-4
"2,4-dimethylpyrrole",625-82-1
"2,4-dimethylquinazoline",703-63-9
"2,4-dimethylquinoline",1198-37-4
"2,4-dimethylthiazole",541-58-2
"2,4-dimethylthiophene",638-00-6
"2,4-diphenylpyrrole",3274-56-4
"2,4-dithiapentane",1618-26-4
"2,4-dodecadienal",13162-47-5
"2,4-heptadien-1-ol",62488-55-5
"2,4-heptadienal",5910-85-0
"2,4-hexadien-1-ol",111-28-4
"2,4-hexadienal",80466-34-8
"2,4-hexadiene",592-46-1
"2,4-nonadien-1-ol",62488-56-6
"2,4-nonadienal",6750-03-4
"2,4-octadienal",5577-44-6
"2,4-pentadecadiene",123395-57-3
"2,4-pentadienal",764-40-9
"2,4-pentanediol",625-69-4
"2,4-pentanediol 2,4-diacetate",7371-86-0
"2,4-pentanedione (=acetylacetone)",123-54-6
"2,4-phytadiene (=3,7,11,15-tetramethyl-2,4-hexadecadiene)",87984-43-8
"2,4-undecadienal",13162-46-4
"2,5(or 2,6)-dimethyl-1,4-benzoquinone (incompletely defined substance)",95268-45-4
"2,5(or 6)-dimethylpyrazine",36731-40-5
"2,5,6-trimethyldecene (unkn.str.)",
"2,5,8-megastigmatriene-4,7-dione",
"2,5-bis(hydroxymethyl)furan",1883-75-6
"2,5-di-sec-butylthiophene",
"2,5-dibutyl-4-methyloxazole",88300-08-7
"2,5-diethyl-3,6-dimethylpyrazine",18903-30-5
"2,5-diethyl-3-methylpyrazine",32736-91-7
"2,5-diethyl-4-methylthiazole",41981-71-9
"2,5-diethyl-4-propylthiazole",4276-68-0
"2,5-diethylfuran",10504-06-0
"2,5-diethylphenol",876-20-0
"2,5-diethylpyrazine",13238-84-1
"2,5-diethyltetrahydrofuran",41239-48-9
"2,5-diethylthiazole",15729-76-7
"2,5-diethylthiophene",5069-23-8
"2,5-dihydroxybenzoic acid (=gentisic acid)",490-79-9
"2,5-diisobutylthiophene",54845-33-9
"2,5-diisopropyl-3-methylphenol",76138-70-0
"2,5-diisopropyl-4-methylphenol",15269-16-6
"2,5-diisopropylphenol",35946-91-9
"2,5-diisopropylthiophene",147871-89-4
"2,5-dimethoxybenzaldehyde",93-02-7
"2,5-dimethyl-1,3-dioxolan-4-one",4744-00-7
"2,5-dimethyl-1-(2-methylbutyl)-pyrrole",78368-69-1
"2,5-dimethyl-2,3-dihydrofuran",17108-52-0
"2,5-dimethyl-2,4-hexadiene",764-13-6
"2,5-dimethyl-2-cyclopenten-1-one",4041-11-6
"2,5-dimethyl-2-vinyl-4-hexenal",56134-05-5
"2,5-dimethyl-3(2H)-furanone",14400-67-0
"2,5-dimethyl-3-(2-methylbutyl)pyrazine",72668-36-1
"2,5-dimethyl-3-furyl methyl disulfide",61197-06-6
"2,5-dimethyl-3-furyl methyl sulfide",63359-63-7
"2,5-dimethyl-3-hexene",15910-22-2
"2,5-dimethyl-3-oxazoline",84272-63-9
"2,5-dimethyl-3-pentylpyrazine",56617-69-7
"2,5-dimethyl-3-propylpyrazine",18433-97-1
"2,5-dimethyl-3-thiophenecarbaldehyde",26421-44-3
"2,5-dimethyl-3-vinyl-1,4-hexadiene (=santolinatriene)",2153-66-4
"2,5-dimethyl-3-vinylpyrazine",80935-98-4
"2,5-dimethyl-4-propyloxazole",30674-60-3
"2,5-dimethylbenzaldehyde",5779-94-2
"2,5-dimethylbenzoxazole",5676-58-4
"2,5-dimethylfuran",625-86-5
"2,5-dimethylnonane",17302-27-1
"2,5-dimethyloctane",15869-89-3
"2,5-dimethyloxazole",23012-11-5
"2,5-dimethylphenol",95-87-4
"2,5-dimethylpyrazine",123-32-0
"2,5-dimethylpyridine (=2,5-lutidine)",589-93-5
"2,5-dimethylpyrimidine",22868-76-4
"2,5-dimethylpyrrole",625-84-3
"2,5-dimethylquinoxaline",26941-20-8
"2,5-dimethyltetrahydrofuran",1003-38-9
"2,5-dimethyltetrahydrothiophene",1551-31-1
"2,5-dimethylthiazole",4175-66-0
"2,5-dimethylthiophene",638-02-8
"2,5-dimethyltridecane",56292-66-1
"2,5-dimethylundecane",17301-22-3
"2,5-dithiaheptane",76229-75-9
"2,5-dithiaoctane",76229-76-0
"2,5-furandicarbaldehyde",823-82-5
"2,5-heptanedione",1703-51-1
"2,5-hexanediol",2935-44-6
"2,5-hexanedione (=acetonylacetone)",110-13-4
"2,5-octadien-1-ol",83861-75-0
"2,5-octadienal",
"2,5-thiophenedicarbaldehyde",932-95-6
"2,6,10,14-tetramethylhexadecane",638-36-8
"2,6,10,14-tetramethylpentadecane (=pristane)",1921-70-6
"2,6,10,15-tetramethylheptadecane",54833-48-6
"2,6,10-trimethylpentadecanone (unkn.str.)",87531-87-1
"2,6,10-trimethyltetradecane",14905-56-7
"2,6,10-trimethyltridecane",3891-99-4
"2,6,10-trimethylundecane",6864-53-5
"2,6,11,15-tetramethylhexadecane",504-44-9
"2,6,6-trimethyl-1,4-cyclohexadienecarbaldehyde",162376-82-1
"2,6,6-trimethyl-1-cyclohexene-1-acetaldehyde (= &beta;-homocyclocitral )",472-66-2
"2,6,6-trimethyl-2-cyclohexen-1-one",20013-73-4
"2,6,6-trimethyl-2-vinyl-tetrahydro-3-pyrone",
"2,6,6-trimethyl-3-oxo-1,4-cyclohexadienecarbaldehyde",33399-09-6
"2,6,9-trimethylundecane",75935-79-4
"2,6-di-tert-butyl-4-ethylphenol",4130-42-1
"2,6-di-tert-butyl-4-methylphenol (=B.H.T.)",128-37-0
"2,6-di-tert-butyl-p-benzoquinone",719-22-2
"2,6-dibromophenol",608-33-3
"2,6-diepishyobunone",
"2,6-diethyl-3,5-dimethylpyrazine",18940-74-4
"2,6-diethylpyrazine",13067-27-1
"2,6-dihydroxybenzoic acid (=&gamma;-resorcylic acid)",303-07-1
"2,6-diisobutyl-4-methylphenol",74926-87-7
"2,6-diisopropylphenol",2078-54-8
"2,6-dimethoxy-4-methylphenol (=4-methylsyringol)",6638-05-7
"2,6-dimethoxy-4-propenylphenol (unkn.str.) (=4-propenyl-syringol (unkn.str.))",6635-22-9
"2,6-dimethoxy-4-propylphenol (=4-propylsyringol)",6766-82-1
"2,6-dimethoxy-4-vinylphenol (=4-vinylsyringol)",28343-22-8
"2,6-dimethoxybenzoic acid",1466-76-8
"2,6-dimethoxyphenol (=syringol)",91-10-1
"2,6-dimethyl-1,3-dithiin",
"2,6-dimethyl-1,5,7-octatrien-3-ol",29414-56-0
"2,6-dimethyl-1,7-octadiene-3,6-diol",51276-33-6
"2,6-dimethyl-1,7-octadiene-3,6-diol, 2,6-diacetate",1067-86-3
"2,6-dimethyl-1,7-octadiene-3,6-diol, 6-acetate",41610-78-0
"2,6-dimethyl-1-heptene",3074-78-0
"2,6-dimethyl-2,5-heptadien-4-one",504-20-1
"2,6-dimethyl-2,5-heptadiene",6090-16-0
"2,6-dimethyl-2,6-octadienal",
"2,6-dimethyl-2,6-octadiene",2792-39-4
"2,6-dimethyl-2,7-octadiene-1,6-diol (=8-hydroxylinalool)",
"2,6-dimethyl-2-cyclohexen-1-one",40790-56-5
"2,6-dimethyl-2-heptenal",62105-65-1
"2,6-dimethyl-2-octanol (=tetrahydromyrcenol)",18479-57-7
"2,6-dimethyl-2-octene-1,6,7-triol 1-acetate",
"2,6-dimethyl-3,7-octadiene-1,6-diol",
"2,6-dimethyl-3,7-octadiene-2,6-diol",13741-21-4
"2,6-dimethyl-3,7-octadiene-2,6-diol, 6-acetate",41610-77-9
"2,6-dimethyl-3-heptanone",19549-83-8
"2,6-dimethyl-4,6-octadien-3-one",91056-18-7
"2,6-dimethyl-4-heptanol",108-82-7
"2,6-dimethyl-4-heptanone",108-83-8
"2,6-dimethyl-5-hepten-1-ol",4234-93-9
"2,6-dimethyl-5-heptenal",106-72-9
"2,6-dimethyl-5-oxoheptanoic acid",74457-59-3
"2,6-dimethyl-6-octen-3-one",2550-18-7
"2,6-dimethyl-7-octen-3-one",51117-36-3
"2,6-dimethylbenzenethiol",118-72-9
"2,6-dimethylbenzofuran",24410-51-3
"2,6-dimethyldithiin (unkn.str.)",51678-59-2
"2,6-dimethylheptadecane",54105-67-8
"2,6-dimethylheptane",1072-05-5
"2,6-dimethylnaphthalene",581-42-0
"2,6-dimethyloctadienediol (unkn.str.)",
"2,6-dimethyloctane",2051-30-1
"2,6-dimethylphenol",576-26-1
"2,6-dimethylpyrazine",108-50-9
"2,6-dimethylpyridine (=2,6-lutidine)",108-48-5
"2,6-dimethylquinoline",877-43-0
"2,6-nonadien-1-ol",7786-44-9
"2,6-nonadienal",26370-28-5
"2,6-octadiene",4974-27-0
"2,7(15)-caryophylladien-4&alpha;-ol",
"2,7-dimethyl-1,6-dioxa-spiro[4.4]nonane",30483-86-4
"2,7-dimethyl-1,6-octadiene",40195-09-3
"2,7-dimethyl-1-octanol",15250-22-3
"2,7-dimethyl-2,6-octadien-1-ol",22410-74-8
"2,7-dimethylnaphthalene",582-16-1
"2,7-octadien-1-ol",23578-51-0
"2,8-dimethyl-2-decene",56752-51-3
"2,8-epithio-cis-p-menthane",68398-18-5
"2,9-dimethyl-2-decene",56752-52-4
"2,9-dimethylundecane",17301-26-7
"2-(1,3-butadienyl)-1,3,4-trimethylbenzene",50686-96-9
"2-(1,3-butadienyl)-1,3,5-trimethylbenzene",5732-00-3
"2-(1,5-dimethyl-4-hexenyl)-4-methylphenol",
"2-(1,5-dimethyl-4-hexenyl)-5-methylphenol (=curcuphenol)",69301-27-5
"2-(1-butenyl)-1,3,4-trimethylbenzene",79925-92-1
2-(1-ethoxyethyl)-5-methylpyrazine,85985-31-5
"2-(2-butenyl)-1,3,4-trimethylbenzene",79925-93-2
2-(2-butoxyethoxy)ethanone,
"2-(2-ethoxyethoxy)ethyl acetate (=diethyleneglycol monoethyl ether acetate, carbitol acetate)",112-15-2
2-(2-ethylhexyloxy)ethanol,1559-35-9
"2-(2-furyl)-3,5-dimethylpyrazine",54300-11-7
2-(2-furyl)-3-methylpyrazine,32737-01-2
2-(2-furyl)-5(or 6)-methylpyrazine,66719-06-0
2-(2-furyl)-5-methylpyrazine,27610-38-4
2-(2-furyl)-6-methylpyrazine,32737-03-4
2-(2-hydroxy-4-methylphenyl)-3-pentanone,86843-15-4
2-(2-methylallyl)phenol,20944-88-1
2-(2-methylbutanoyl)furan,20895-17-4
2-(2-oxobutyl)furan,4208-63-3
2-(2-oxopropyl)furan (=2-acetonylfuran),6975-60-6
"2-(3,4-dihydroxyphenyl)ethanol (=hydroxytyrosol)",10597-60-1
2-(3-buten-2-yl)bicyclo[2.2.1]heptane,55170-90-6
"2-(3-butenyl)-1,3,4-trimethylbenzene",79925-94-3
2-(3-oxobutyl)furan,699-17-2
"2-(4,5-dimethyl-2-furyl)-5(or 6)-methylpyrazine (unkn.str.)",
2-(4-hydroxy-3-methoxyphenyl)acetic acid (=homovanillic acid),306-08-1
2-(4-hydroxy-3-methoxyphenyl)ethanol (=homovanillyl alcohol),2380-78-1
2-(4-hydroxy-methoxyphenyl)ethanol (unkn.str.),
2-(4-hydroxyphenyl)ethanol (=tyrosol),501-94-0
2-(4-hydroxyphenyl)ethyl acetate (=tyrosyl acetate),58556-55-1
2-(4-hydroxyphenyl)ethylamine (=tyramine),51-67-2
2-(4-methoxyphenoxy)propanoic acid,13794-15-5
2-(4-methoxyphenyl)ethanol,702-23-8
2-(4-methylphenyl)ethanol,699-02-5
2-(4-methylphenyl)propanal,5406-12-2
2-(4-prenyloxyphenyl)ethanol,119417-97-9
2-(5-methyl-2-furfuryl)methylpyrazine,107082-33-7
2-(chloromethyl)furan,617-88-9
2-(dimethylamino)ethanol,108-01-0
2-(ethoxymethyl)-3-(2-furyl)-2-propenal,79925-84-1
2-(hydroxyacetyl)furan (=2-furyl hydroxymethyl ketone),17678-19-2
2-(hydroxyethyl)-5-methylfuran,35942-94-0
2-(mercaptomethyl)-1-hexanol,87897-58-3
2-(mercaptomethyl)butanal,473438-36-7
2-(mercaptomethyl)hexanal,473438-38-9
2-(methoxymethyl)furan (=furfuryl methyl ether),13679-46-4
2-(methylthio)benzothiazole,615-22-5
2-(methylthio)ethanenitrile,35120-10-6
2-(methylthio)ethanol,5271-38-5
2-(methylthio)ethyl acetate,5862-47-5
2-(methylthio)phenol,1073-29-6
2-(methylthio)pyridine,18438-38-5
2-(methylthiomethyl)-2-butenal,40878-72-6
2-(octadecyloxy)ethanol,2136-72-3
2-(or 3)-methyl-5H-cyclopentapyrazine (unkn.str.),68914-28-3
2-(sec-butyl)-3-methoxypyrazine,24168-70-5
2-(tetradecyloxy)ethanol,2136-70-1
"2-Acetoxy-1,8-cineole",57709-95-2
"2-Amino-3,8-dimethylimidazo[4,5-f]quinoxaline",77500-04-0
"2-Amino-3-methyl-3H-imidazo[4,5-f]quinoline",76180-96-6
"2-Amino-6-methyldipyrido[1,2-a:3',2'-d]imidazole",67730-11-4
2-Hexylpyridine,1129-69-7
2-[(methylthio)methylthio]ethanol,10340-64-4
"2-[1(E),3(E)-hexadienyl]-5-methyltetrahydrofuran",79925-89-6
2-[5-(hydroxymethyl)-2-formyl-1-pyrrolyl]-3-methylbutanoic acid lactone,
2-[5-(hydroxymethyl)-2-formyl-1-pyrrolyl]-3-methylpentanoic acid lactone,
2-[5-(hydroxymethyl)-2-formyl-1-pyrrolyl]-4-methylpentanoic acid lactone,
2-acetonyl-5-methylfuran (=1-(5-methyl-2-furyl)-2-propanone),13678-74-5
2-acetoxy-1-hydroxy-p-8-menthene,
"2-acetyl-1,3-dimethylindole",
"2-acetyl-1,4,5,6-tetrahydropyridine",25343-57-1
2-acetyl-1-(methylfurfuryl)-pyrrole (unkn.str.),78369-55-8
2-acetyl-1-ethylpyrrole,39741-41-8
2-acetyl-1-furfurylpyrrole,13678-73-4
2-acetyl-1-methylpyrrole,932-16-1
2-acetyl-1-pentylpyrrole,
2-acetyl-1-pyrroline,85213-22-5
2-acetyl-2-thiazoline,29926-41-8
"2-acetyl-3,3-dimethylcyclohexanone",54200-63-4
"2-acetyl-3,4,5,6-tetrahydropyridine",27300-27-2
"2-acetyl-3,5-dimethylfuran",22940-86-9
"2-acetyl-3,5-dimethylpyrazine",54300-08-2
"2-acetyl-3,6-dimethylpyridine",79926-01-5
2-acetyl-3-ethylpyrazine,32974-92-8
2-acetyl-3-hydroxyfuran (=isomaltol),3420-59-5
2-acetyl-3-methylpyrazine,23787-80-6
2-acetyl-3-methylthiophene,13679-72-6
2-acetyl-4(or 3)-methylpyrrole,106100-50-9
"2-acetyl-4,5-dimethylfuran",73761-44-1
2-acetyl-4-isopropenyl pyridine,142896-11-5
2-acetyl-4-isopropylpyridine,142896-09-1
"2-acetyl-4-methyl-1,3-cyclopentanedione",4056-69-3
2-acetyl-4-methylfuran,33342-43-7
2-acetyl-4-methylthiazole,7533-07-5
2-acetyl-4-methylthiophene,13679-73-7
2-acetyl-5(or 6)-ethylpyrazine,72186-62-0
2-acetyl-5(or 6)-methylpyrazine,97485-52-4
2-acetyl-5-bromopyrrole,82678-01-1
2-acetyl-5-chloropyrrole,80311-19-9
2-acetyl-5-ethylfuran,24119-98-0
2-acetyl-5-ethylpyrazine,43108-58-3
2-acetyl-5-methylfuran,1193-79-9
2-acetyl-5-methylpyrazine,22047-27-4
2-acetyl-5-methylpyrrole,6982-72-5
2-acetyl-5-methylthiazole,59303-17-2
2-acetyl-5-methylthiophene,13679-74-8
2-acetyl-5-propylfuran,
2-acetyl-5-propylthiophene,832737-24-3
2-acetyl-6-ethylpyrazine,34413-34-8
2-acetyl-6-methylpyrazine,22047-26-3
2-acetyl-6-methylpyridine,6940-57-4
2-acetyl-methylpyridine (unkn.str.),78249-87-3
2-acetylbenzoic acid,577-56-0
"2-acetylfuran (=2-furyl methyl ketone, 1-(2-furyl)ethanone)",1192-62-7
2-acetylnaphthalene,93-08-3
2-acetyloxazole,77311-07-0
2-acetylpyridine,1122-62-9
2-acetylpyrrole (=methyl 2-pyrrolyl ketone),1072-83-9
2-acetyltetrahydrofuran,25252-64-6
2-acetyltetrahydropyridine (unkn.str.),
2-acetyltetrahydrothiophene,41137-44-4
2-acetylthiazole,24295-03-2
2-acetylthiophene,88-15-3
2-allyl-4-hydroxy-3-methyl-2-cyclopenten-1-one (=allethrolone),551-45-1
2-allylfuran,75135-41-0
2-allylphenol,1745-81-9
2-amino-1-propanol,78-91-1
"2-amino-3,4-dimethylimidazo(4,5-f)quinoline",77094-11-2
2-aminobenzaldehyde,529-23-7
"2-aminobenzoic acid (=anthranilic acid, o-aminobenzoic acid)",118-92-3
2-aminoethanol (=ethanolamine),141-43-5
2-aminopyridine,504-29-0
"2-azido-2,3,3-trimethylbutane",51677-41-9
2-benzyloxy-5-pentyl-tetrahydrofuran,78054-06-5
2-benzylpyridine,101-82-6
2-biphenylcarbaldehyde,1203-68-5
2-bromo-5-ethylnonane,55162-38-4
2-bromophenol,95-56-7
2-butanamine (=sec-butylamine),13952-84-6
2-butanethiol (=sec-butyl mercaptan),513-53-1
2-butanol (=sec-butanol),78-92-2
2-butanone (=ethyl methyl ketone),78-93-3
2-butanoyl-5-methylfuran,90673-55-5
2-butanoylfuran,100113-53-9
2-butanoylthiophene,5333-83-5
"2-buten-1-ol (=crotyl alcohol, crotonyl alcohol)",6117-91-5
2-butenal (=crotonaldehyde),4170-30-3
2-butene,107-01-7
2-butenoic acid (=crotonic acid),3724-65-0
2-butenyl butanoate,20279-26-9
2-butenyl isothiocyanate,2253-93-2
2-butenylbenzene,1560-06-1
2-butenylfuran,
2-butoxyethanol,111-76-2
2-butoxyethyl acetate,112-07-2
2-butyl-1-methylpyrrole,71707-51-2
2-butyl-1-octanol,3913-02-8
2-butyl-2-cyclopenten-1-one,5561-05-7
2-butyl-2-octenal,13019-16-4
2-butyl-2H-thiapyran,
"2-butyl-3,5-dimethylpyrazine",50888-63-6
2-butyl-3-methylpyrazine,15987-00-5
"2-butyl-4,5-diethyloxazole",94794-08-8
"2-butyl-4,5-dimethyloxazole",84027-97-4
"2-butyl-4,5-dimethylthiazole",76572-48-0
2-butyl-4-ethyl-5-methyloxazole,84028-03-5
"2-butyl-4-methyl-1,3-dioxolane",74094-60-3
2-butyl-4-propylthiazole,96693-89-9
2-butyl-5-ethyl-4-methyloxazole,84028-02-4
2-butyl-5-ethyl-4-methylthiazole,86290-20-2
2-butyl-5-ethylthiophene,54411-06-2
2-butyl-5-isobutylthiophene,54845-35-1
2-butyl-5-methyl-4-propyloxazole,94794-09-9
2-butyl-5-methyl-4-propylthiazole,
2-butyl-5-methylpyrazine,29461-04-9
2-butyl-6-methylpyrazine,32184-46-6
2-butyl-6-methylpyridine,5335-76-2
2-butylbenzothiazole,54798-95-7
2-butylcyclopentanone,934-42-9
"2-butyldihydro-4,6-dimethyl-1,3,5(4H)-dithiazine",101517-81-1
2-butylfuran,4466-24-4
2-butylhexanal,18459-51-3
2-butylindan,66324-75-2
2-butylpyridine,5058-19-5
2-butylpyrrole,1551-10-6
2-butyltetrahydrofuran,1004-29-1
2-butylthiophene,1455-20-5
2-caren-10-al,247911-68-8
2-carene,554-61-0
2-chloro-1-hexanol,63216-75-1
2-chloro-4-(4-methoxyphenyl)pyrimidine,75634-04-7
2-chlorobiphenyl,2051-60-7
2-chlorocyclohexanol,1561-86-0
2-chloronaphthalene,91-58-7
2-chloropropane,75-29-6
2-cis-(1-(E)-hexenyl)-5-methyltetrahydrofuran,79925-88-5
2-clovanone,11023-22-6
2-cyclohexen-1-ol,822-67-3
2-cyclohexen-1-one,930-68-7
2-cyclohexyl acetate (unkn.str.),
2-cyclohexylethyl acetate,21722-83-8
2-cyclopenten-1-one,930-30-3
"2-cyclopentene-1,4-dione",930-60-9
2-decanol,1120-06-5
2-decanone,693-54-9
2-decen-1-ol,22104-80-9
2-decen-4-one,63024-86-2
2-decen-5-one,65570-25-4
2-decenal,3913-71-1
2-decene,6816-17-7
2-decenedioic acid,6048-93-7
2-decenoic acid,3913-85-7
2-decylfuran,83469-85-6
2-dodecanol,10203-28-8
2-dodecanone,6175-49-1
2-dodecanone (branched),
2-dodecen-1-ol,22104-81-0
2-dodecen-4-one,65570-26-5
2-dodecen-5-one,65570-27-6
2-dodecenal,4826-62-4
2-eicosanone,29703-52-4
2-epi-&alpha;-cedrene,
"2-ethenyl-3,5-dimethylpyrazine",157615-33-3
2-ethenyl-3-ethyl-5-methylpyrazine,181589-32-2
"2-ethoxy-2,5-dihydrofuran",13436-44-7
2-ethoxy-3-ethylpyrazine,35243-43-7
2-ethoxy-3-isopropylpyrazine,72797-16-1
2-ethoxy-5-methylfuran,
2-ethoxy-5-pentyltetrahydrofuran,78054-00-9
2-ethoxybenzaldehyde,613-69-4
2-ethoxyethanol (=ethylene glycol monoethyl ether),110-80-5
2-ethoxyethyl acetate,111-15-9
2-ethoxypropanal,5393-69-1
2-ethoxythiazole,15679-19-3
2-ethyl-(2H)-thiapyran,
"2-ethyl-1,3-dimethylbenzene",2870-04-4
"2-ethyl-1,3-dioxolane",2568-96-9
"2-ethyl-1,4-dimethylbenzene",1758-88-9
2-ethyl-1-butanol,97-95-0
2-ethyl-1-decanol,21078-65-9
2-ethyl-1-furfuryl-5-methylpyrrole,78368-75-9
2-ethyl-1-hexanethiol,7341-17-5
2-ethyl-1-hexanol,104-76-7
2-ethyl-1-methyl-3-propylcyclobutane,61233-72-5
2-ethyl-1-methylpyrrole,24037-61-4
2-ethyl-1-octanol,20592-10-3
2-ethyl-1-pentanol,27522-11-8
2-ethyl-2-butenal,19780-25-7
2-ethyl-2-cyclopenten-1-one,2931-10-4
2-ethyl-2-hexenal,645-62-5
2-ethyl-2-hydroxy-3-oxobutanoic acid,3142-65-2
2-ethyl-2-imidazoline,930-52-9
"2-ethyl-3,5-dimethylpyrazine",13925-07-0
2-ethyl-3-(ethylthio)-1-butanol,183554-32-7
2-ethyl-3-(methylthio)pyrazine,72987-62-3
2-ethyl-3-hydroxy-4-pyrone (=ethyl maltol),4940-11-8
2-ethyl-3-isopropenylpyrazine,101510-82-1
2-ethyl-3-methoxypyrazine,25680-58-4
2-ethyl-3-methyl-2-pentenedioic anhydride,862119-20-8
2-ethyl-3-methylbutanal,26254-92-2
2-ethyl-3-methylbutanoic acid,32444-32-9
"2-ethyl-3-methylmaleic anhydride (=3-ethyl-4-methyl-2,5-furandione)",3552-33-8
"2-ethyl-3-methylmaleimide (=3-ethyl-4-methyl-1H-pyrrole-2,5-dione)",20189-42-8
2-ethyl-3-methylpyrazine,15707-23-0
2-ethyl-3-methylpyridine,56986-88-0
2-ethyl-3-thiophenecarbaldehyde,156386-50-4
"2-ethyl-4,5-dimethyl-1,3-dioxolane",24382-63-6
"2-ethyl-4,5-dimethyloxazole",53833-30-0
"2-ethyl-4,5-dimethylphenol",2219-78-5
"2-ethyl-4,5-dimethylthiazole",873-64-3
2-ethyl-4-hydroxy-5-methyl-3(2H)-furanone,27538-10-9
2-ethyl-4-isopropenylpyridine,142896-08-0
"2-ethyl-4-methyl-1,3-dioxolane",4359-46-0
2-ethyl-4-methyl-1-pentanol,106-67-2
2-ethyl-4-methyl-5-propyloxazole,102586-53-8
2-ethyl-4-methyloxazole,24667-03-6
2-ethyl-4-methylphenol,3855-26-3
2-ethyl-4-methylthiazole,15679-12-6
2-ethyl-4-pentenal,5204-80-8
2-ethyl-5(or 6)-methylpyrazine,36731-41-6
2-ethyl-5-hexylthiophene,42908-64-5
2-ethyl-5-isopropylpyrazine,38028-76-1
2-ethyl-5-methyldihydrothiophene (unkn.str.),50865-09-3
2-ethyl-5-methylfuran,1703-52-2
2-ethyl-5-methyloxazole,42463-54-7
2-ethyl-5-methylpyrazine,13360-64-0
2-ethyl-5-methylpyridine,18113-81-0
2-ethyl-5-methylthiazole,19961-53-6
2-ethyl-5-methylthiophene,40323-88-4
2-ethyl-5-pentanoylthiophene,82274-21-3
2-ethyl-5-pentylpyridine,5328-02-9
2-ethyl-5-pentylthiophene,133082-49-2
"2-ethyl-6,7-dihydro-5-methyl-5H-cyclopentapyrazine",65128-97-4
2-ethyl-6-methoxyphenol (=6-ethylguaiacol),90534-46-6
2-ethyl-6-methylpyrazine,13925-03-6
2-ethyl-6-methylpyridine,1122-69-6
2-ethyl-6-propylpyrazine,32736-92-8
2-ethyl-6-vinylpyrazine,32736-90-6
2-ethylbenzaldehyde,22927-13-5
2-ethylbutanal,97-96-1
2-ethylbutanoic acid,88-09-5
2-ethylcyclobutanol,35301-43-0
2-ethyldecanoic acid,2874-76-2
"2-ethyldihydro-4,6-dimethyl-1,3,5(4H)-dithiazine",54717-14-5
2-ethyldihydrothiophene (unkn.str.),
2-ethylfuran,3208-16-0
2-ethylheptanoic acid,3274-29-1
2-ethylhexanal,123-05-7
2-ethylhexanoic acid,149-57-5
2-ethylhexen-1-ol (unkn.str.),29594-61-4
2-ethylhexyl acetate,103-09-3
2-ethylhexyl benzoate,5444-75-7
2-ethylhexyl salicylate,118-60-5
2-ethylnaphthalene,939-27-5
2-ethyloctanal,37596-38-6
2-ethyloctanoic acid,25234-25-7
2-ethyloxazole,54300-19-5
2-ethylpentanoic acid,20225-24-5
2-ethylphenol,90-00-6
2-ethylphenyl acetate,3056-59-5
2-ethylpyridine,100-71-0
2-ethylpyrrole,1551-06-0
2-ethylsuccinic acid,636-48-6
2-ethylthiazole,15679-09-1
2-ethylthiophene,872-55-9
2-furanacetaldehyde,15022-16-9
2-furancarboxylic acid (=2-furoic acid),88-14-2
2-furanethanol (=2-(2-furyl)ethanol),35942-95-1
2-furanmethanethiol,98-02-2
2-furanoctanoic acid,27609-57-0
2-furanpropanal,4543-51-5
2-furfural,98-01-1
2-furfuryl 2-methyl-3-furyl disulfide,109537-55-5
2-furyl methyl sulfide (=furylthiomethane),13129-38-9
2-heptadecanol,16813-18-6
2-heptadecanone,2922-51-2
2-heptanethiol,628-00-2
2-heptanol,543-49-7
2-heptanone,110-43-0
2-heptanoylthiophene,30711-40-1
2-hepten-1-ol,22104-77-4
2-hepten-4-one,4643-25-8
2-heptenal,2463-63-0
2-heptene,592-77-8
2-heptenoic acid,18999-28-5
2-heptenylbenzene,61077-50-7
2-heptyl-2-decenal,24823-57-2
2-heptyl-2-dodecenal,104676-07-5
"2-heptyl-4,5-dimethylthiazole",87262-50-8
2-heptylbenzothiazole,69938-51-8
2-heptylfuran,3777-71-7
2-heptylpyridine,20815-27-4
2-heptylthiophene,18794-78-0
2-hexadecanol,14852-31-4
2-hexadecanone,18787-63-8
2-hexadecenal,3163-37-9
2-hexadecene,26741-29-7
2-hexanol,626-93-7
2-hexanone,591-78-6
2-hexanoylfuran,14360-50-0
2-hexen-1-ol,2305-21-7
2-hexenal,505-57-7
2-hexene,592-43-8
2-hexenedioic acid,4440-68-0
2-hexenoic acid,1191-04-4
2-hexenyl acetate,10094-40-3
2-hexenyl hexanoate,10448-24-5
2-hexenylbenzene,78633-31-5
2-hexenylfuran (unkn.str.),68062-17-9
2-hexoxy-5-pentyltetrahydrofuran,78054-02-1
2-hexyl-1-decanol,2425-77-6
2-hexyl-1-octanol,19780-79-1
2-hexyl-2-decenal,13893-39-5
2-hexyl-2-dodecenal,24934-61-0
2-hexyl-2-undecenal,24823-56-1
"2-hexyl-3-methylmaleic anhydride (=3-hexyl-4-methyl-2,5-furandione)",75052-75-4
"2-hexyl-4,5-dimethyloxazole",20662-87-7
"2-hexyl-4,5-dimethylthiazole",87262-49-5
2-hexyl-5-methyl-3(2H)-furanone,33922-66-6
2-hexyl-5-methyldihydrothiophene (unkn.str.),42862-17-9
2-hexyl-5-methylfuran,5312-82-3
2-hexylbenzothiazole,65718-88-9
2-hexylfuran,3777-70-6
2-hexylthiophene,18794-77-9
"2-hydroxy-2,6,6-trimethylcyclohexanone",7500-42-7
"2-hydroxy-2-(3,4-dimethoxyphenyl)acetic acid",13443-54-4
2-hydroxy-2-(4-methoxyphenyl)acetic acid,10502-44-0
2-hydroxy-2-cyclopenten-1-one,10493-98-8
2-hydroxy-2-methyl-3-butenyl (Z)-2-methyl-2-butenoate (=2-hydroxy-2-methyl-3-butenyl angelate),80758-67-4
2-hydroxy-2-methyl-3-oxobutanoic acid (=&alpha;-acetolactic acid),918-44-5
2-hydroxy-2-methylbutanedioic acid (=2-methylmalic acid),2306-22-1
2-hydroxy-2-methylbutanoic acid,3739-30-8
2-hydroxy-2-methylpropanoic acid,594-61-6
2-hydroxy-2-phenylacetic acid (=mandelic acid),90-64-2
2-hydroxy-2-phenylpropanal,
"2-hydroxy-3,4,4-trimethyl-2-cyclopenten-1-one",86702-81-0
"2-hydroxy-3,5,5-trimethyl-2-cyclohexen-1-one",4883-60-7
"2-hydroxy-3,5,5-trimethyl-2-cyclohexene-1,4-dione",35692-98-9
"2-hydroxy-3,5,5-trimethyl-2-cyclopenten-1-one",53263-56-2
2-hydroxy-3-(4-hydroxyphenyl)propanoic acid,306-23-0
2-hydroxy-3-(4-methoxyphenyl)propanoic acid,28030-15-1
2-hydroxy-3-methylbutanoic acid,4026-18-0
2-hydroxy-3-methylpentanoic acid,488-15-3
2-hydroxy-3-methylquinoline,2721-59-7
2-hydroxy-3-octanone,52279-26-2
2-hydroxy-3-pentanone,5704-20-1
2-hydroxy-3-pentyl-2-cyclopenten-1-one,55007-08-4
2-hydroxy-3-phenylpropanoic acid (=3-phenyllactic acid),156-05-8
"2-hydroxy-4,4,6-trimethyl-2,5-cyclohexadien-1-one",28750-52-9
2-hydroxy-4-(methylthio)butanoic acid,583-91-5
"2-hydroxy-4-isopropyl-2,4,6-cycloheptatrienone",499-44-5
2-hydroxy-4-methoxyacetophenone,552-41-0
2-hydroxy-4-methylacetophenone,6921-64-8
2-hydroxy-4-methylbenzaldehyde,698-27-1
2-hydroxy-4-methylpentanoic acid,498-36-2
2-hydroxy-5-methyl-2-cyclopenten-1-one,3250-08-6
2-hydroxy-5-methyl-3-hexanone,246511-74-0
2-hydroxy-5-methylacetophenone,1450-72-2
2-hydroxy-5-pentyltetrahydrofuran,78053-99-3
"2-hydroxy-p-1,4(8)-menthadien-3-one (=diosphenolene)",13854-90-5
2-hydroxybenzaldehyde (=salicylaldehyde),90-02-8
"2-hydroxybenzoic acid (=salicylic acid, o-hydroxybenzoic acid)",69-72-7
2-hydroxybutanoic acid,565-70-8
2-hydroxybutanoic acid lactone (=&alpha;-butyrolactone),19444-84-9
2-hydroxycineole,18679-48-6
2-hydroxycinnamic acid (=o-coumaric acid),583-17-5
2-hydroxydecanoic acid,5393-81-7
"2-hydroxyethyl acetate (=2-acetoxyethanol, 1,2-ethanediol monoacetate)",542-59-6
2-hydroxyethyl propionate,24567-27-9
2-hydroxyheptanoic acid,636-69-1
2-hydroxyhexanoic acid,6064-63-7
2-hydroxynonanoic acid lactone (=&alpha;-nonalactone),6008-27-1
2-hydroxyoctanoic acid,617-73-2
2-hydroxypentanedioic acid,2889-31-8
2-hydroxypiperitone (=diosphenol),490-03-9
2-hydroxypropanal acetate (=2-acetoxypropanal),22094-23-1
2-hydroxypropanoic acid (=lactic acid),598-82-3
2-hydroxypropyl butanoate,39556-37-1
2-hydroxypyridine (=2-pyridinol),142-08-5
2-imidazolecarbaldehyde (=2-formylimidazole),10111-08-7
2-iodoethanol,624-76-0
2-iodopropane,75-30-9
2-isobutenylfuran (unkn.str.),55276-11-4
2-isobutyl-1-octanol,75935-83-0
"2-isobutyl-3,5-diisopropyl-pyridine",
"2-isobutyl-3,5-dimethylpyrazine",70303-42-3
2-isobutyl-3-methoxypyrazine,24683-00-9
2-isobutyl-3-methylpyrazine,13925-06-9
"2-isobutyl-4,5-dimethyl-1,3-dioxolane",83584-14-9
"2-isobutyl-4,5-dimethyloxazole",26131-91-9
"2-isobutyl-4,5-dimethylthiazole",53498-32-1
"2-isobutyl-4-methyl-1,3-dioxolane",18433-93-7
2-isobutyl-5-isopropyl-2-cyclohexen-1-one,
2-isobutyl-5-methylpyrazine,29461-05-0
2-isobutyl-6-methylpyrazine,32184-48-8
2-isobutylpyrrole,
2-isobutylthiazole,18640-74-9
"2-isopentyl-3,5-dimethylpyrazine",111150-30-2
2-isopentyl-3-methylpyrazine,32737-06-7
2-isopentyl-6-methylpyrazine,91010-41-2
2-isopentylbenzothiazole,
2-isopentylfuran,15012-77-8
2-isopropenyl-5-methylfuran,10599-66-3
2-isopropoxyethanol,109-59-1
2-isopropyl-2-butenal,40878-71-5
"2-isopropyl-3,5-dimethylpyrazine",40790-19-0
2-isopropyl-3-methoxy-6-methylpyrazine,32021-41-3
2-isopropyl-3-methoxypyrazine,25773-40-4
2-isopropyl-3-methylpyrazine,15986-81-9
2-isopropyl-4(or 5)-methyloxazole (unkn.str.),106100-40-7
"2-isopropyl-4,5-dimethyl-1,3-dioxolane",24382-64-7
"2-isopropyl-4,5-dimethyloxazole",19519-45-0
"2-isopropyl-4,5-dimethylthiazole",53498-30-9
"2-isopropyl-4-methyl-1,3-dioxolane",67879-60-1
2-isopropyl-4-methylphenol (=isothymol),4427-56-9
2-isopropyl-4-methylpyridine,4855-56-5
2-isopropyl-4-methylthiazole,15679-13-7
2-isopropyl-4-propylthiazole,87116-69-6
"2-isopropyl-5-methyl-1,4-benzenediol (=thymohydroquinone)",2217-60-9
2-isopropyl-5-methyl-2-hexenal,35158-25-9
2-isopropyl-5-methylfuran,10504-05-9
2-isopropyl-5-methylpyrazine,13925-05-8
2-isopropyl-5-methylthiazole,
2-isopropyl-5-oxohexanoic acid,2543-54-6
2-isopropyl-6-methylpyrazine,24541-74-0
2-isopropylbenzimidazole,5851-43-4
2-isopropylcyclohexanol,96-07-1
2-isopropylcyclopentanone,14845-55-7
2-isopropylfuran,10599-59-4
2-isopropylnaphthalene,2027-17-0
2-isopropylphenol,88-69-7
2-isopropylpyridine,644-98-4
2-isopropylthiophene,4095-22-1
2-mercapto-3-methyl-1-butanol,116229-37-9
2-mercapto-3-pentanone,17042-24-9
2-mercaptoethanol (=2-hydroxy-ethanethiol),60-24-2
2-mercaptoethyl acetate,5862-40-8
"2-methoxy-&alpha;,&alpha;-dimethylbenzenepropanol",56052-48-3
"2-methoxy-1,3,5-trimethylbenzene",4028-66-4
"2-methoxy-1,3-dioxolane",19693-75-5
"2-methoxy-3,5,5-trimethyl-2-cyclohexene-1,4-dione",41654-27-7
"2-methoxy-3,5-dimethylpyrazine",92508-08-2
2-methoxy-3-methylpyrazine,2847-30-5
2-methoxy-3-pentylpyrazine,32737-12-5
2-methoxy-3-propylpyrazine,25680-57-3
"2-methoxy-4-methylphenol (=4-methylguaiacol, creosol)",93-51-6
2-methoxy-4-propylphenol (=4-propylguaiacol),2785-87-7
2-methoxy-4-vinylphenol (=4-vinylguaiacol),7786-61-0
2-methoxy-6-methylphenol (=6-methylguaiacol),2896-67-5
2-methoxy-6-methylpyrazine,2882-21-5
2-methoxy-furan,25414-22-6
"2-methoxy-p-1,4(8)-menthadien-3-one (=diospholene methyl ether)",57074-40-5
2-methoxyacetophenone,579-74-8
2-methoxybenzaldehyde,135-02-4
2-methoxybenzoic acid (=o-anisic acid),579-75-9
2-methoxybenzyl alcohol,612-16-8
2-methoxycinnamaldehyde,1504-74-1
2-methoxycinnamyl acetate,110823-66-0
2-methoxyethanol (=ethylene glycol monomethyl ether),109-86-4
2-methoxyethyl acetate,110-49-6
2-methoxyphenol (=guaiacol),90-05-1
2-methoxyphenylacetone,5211-62-1
2-methoxypiperitone (=diosphenol methyl ether),57074-38-1
2-methoxypropanal,6142-38-7
2-methoxyvinylphenol (unkn.str.) (=vinylguaiacol (unkn.str)),33907-13-0
2-methyl-(E)-2-butenyl acetate (=tiglyl acetate),19248-94-3
2-methyl-(Z)-2-butenyl acetate (=angelyl acetate),41414-68-0
"2-methyl-1,1-bis(3-methylbutoxy)propane",
"2-methyl-1,3,6-trioxocane",2781-01-3
"2-methyl-1,3-butadiene (=isoprene)",78-79-5
"2-methyl-1,3-butanedithiol",54812-83-8
"2-methyl-1,3-cyclopentanedione",765-69-5
"2-methyl-1,3-dioxolane",497-26-7
"2-methyl-1,3-propanediol (Z)-1-(2-methyl-2-butenoate) 3-(2-methylpropanoate)",
2-methyl-1-(2-methylbutyl)-pyrrole,78368-65-7
2-methyl-1-(3-methylbutoxy)-1-propoxypropane,
2-methyl-1-(5-methylfurfuryl)-pyrrole,78368-73-7
2-methyl-1-butanamine (=(2-methylbutyl)amine),96-15-1
2-methyl-1-butanethiol,1878-18-8
2-methyl-1-butanol (=active amyl alcohol),137-32-6
2-methyl-1-butene,563-46-2
2-methyl-1-heptanol,60435-70-3
2-methyl-1-hexadecanol,2490-48-4
2-methyl-1-hexanol,624-22-6
2-methyl-1-hexene,6094-02-6
2-methyl-1-nitropropane,625-74-1
2-methyl-1-octanol,818-81-5
2-methyl-1-pentanol,105-30-6
2-methyl-1-penten-3-ol,2088-07-5
2-methyl-1-penten-3-one,25044-01-3
2-methyl-1-pentene,763-29-1
2-methyl-1-phenyl-2-propanol,100-86-7
2-methyl-1-propanamine (=isobutylamine),78-81-9
2-methyl-1-propanethiol (=isobutyl mercaptan),513-44-0
2-methyl-1-propanol (=isobutanol),78-83-1
2-methyl-1-propene,115-11-7
2-methyl-1-propene-1-thiol,5954-69-8
2-methyl-1-propylpyrrole,24517-26-8
2-methyl-1-undecanol,10522-26-6
"2-methyl-2,4-pentanediol",107-41-5
2-methyl-2-(methylthio)propanal,16042-21-0
2-methyl-2-butanethiol,1679-09-0
2-methyl-2-butanol (=tert-amyl alcohol),75-85-4
2-methyl-2-buten-1-ol,4675-87-0
2-methyl-2-butenal,1115-11-3
2-methyl-2-butene,513-35-9
2-methyl-2-butenoic acid,13201-46-2
2-methyl-2-butenyl acetate,33425-30-8
2-methyl-2-cyclohexen-1-one,1121-18-2
2-methyl-2-cyclopenten-1-one,1120-73-6
2-methyl-2-heptanol,625-25-2
2-methyl-2-hepten-4-one,22319-24-0
2-methyl-2-heptenal,30567-26-1
2-methyl-2-hexanol,625-23-0
2-methyl-2-imidazoline,534-26-9
2-methyl-2-nonen-4-one,2903-23-3
2-methyl-2-octenal,73757-27-4
2-methyl-2-pentanol,590-36-3
2-methyl-2-pentenal,623-36-9
2-methyl-2-pentenoic acid,3142-72-1
2-methyl-2-prenyl-4-butanolide,
2-methyl-2-propanamine (=tert-butylamine ),75-64-9
"2-methyl-2-propanethiol (=tert-butyl mercaptan, tert-butylthiol)",75-66-1
2-methyl-2-propanol (=tert-butanol),75-65-0
2-methyl-2-propen-1-ol (=&beta;-methallyl alcohol),513-42-8
2-methyl-2-propenal (=methacrolein),78-85-3
2-methyl-2-propenoic acid (=methacrylic acid),79-41-4
2-methyl-2-propenyl (E)-2-methyl-2-butenoate (=2-methyl-2-propenyl tiglate),61692-82-8
2-methyl-2-propenyl (Z)-2-methyl-2-butenoate (=2-methyl-2-propenyl angelate),61692-78-2
2-methyl-2-propenyl 2-methyl-2-propenoate,816-74-0
2-methyl-2-propenyl 2-methylpropanoate (=2-methylallyl isobutanoate),816-73-9
2-methyl-2-propenyl acetate (=methallyl acetate),820-71-3
2-methyl-2-thiazoline,2346-00-1
2-methyl-3(2H)-dihydrothiophenone,13679-85-1
2-methyl-3(2H)-furanone,41763-99-9
2-methyl-3-(2-methylbutyl)pyrazine,
2-methyl-3-(4-methyl-2-furyl)pyrazine,54300-16-2
2-methyl-3-(5-methyl-2-furyl)pyrazine,54300-13-9
2-methyl-3-(ethylthio)furan,157529-95-8
2-methyl-3-(methylthio)propanoic acid,62574-23-6
2-methyl-3-buten-1-ol,4516-90-9
2-methyl-3-buten-2-ol,115-18-4
2-methyl-3-butyn-2-ol,115-19-5
2-methyl-3-decen-5-one,32064-75-8
2-methyl-3-furanthiol,28588-74-1
2-methyl-3-heptanone,13019-20-0
2-methyl-3-hexanol,617-29-8
2-methyl-3-hexanone,7379-12-6
2-methyl-3-mercaptothiophene,2527-76-6
2-methyl-3-methylidenecyclopentane-1-carbaldehyde,826337-64-8
2-methyl-3-octanone,923-28-4
2-methyl-3-oxazoline,77311-01-4
2-methyl-3-pentanethiol,1639-04-9
2-methyl-3-pentanol,565-67-3
2-methyl-3-pentanone,565-69-5
2-methyl-3-penten-1-ol,62238-37-3
2-methyl-3-penten-2-ol,63468-05-3
2-methyl-3-pentenoic acid,37674-63-8
2-methyl-3-pentylpyrazine,15987-02-7
2-methyl-3-phenyl-2-butanol,3280-08-8
2-methyl-3-propylpyrazine,15986-80-8
2-methyl-3-thiazoline,66867-06-9
2-methyl-3-thiophenecarbaldehyde,84815-20-3
2-methyl-3-vinylpyrazine,25058-19-9
"2-methyl-4,6-diethyldithiazine (unkn.str.)",137867-54-0
2-methyl-4-heptanone,626-33-5
2-methyl-4-nitro-2-butanol,72183-50-7
2-methyl-4-octanol,40575-41-5
2-methyl-4-pentenal,5187-71-3
2-methyl-4-pentyloxazole,102586-52-7
2-methyl-4-phenylpyrimidine,
"2-methyl-4-propyl-1,3-oxathiane",67715-80-4
2-methyl-5(or 6)-(1-propenyl)pyrazine,108338-91-6
2-methyl-5(or 6)-vinylpyrazine,35239-43-1
2-methyl-5-(1-propenyl)furan,5555-95-3
2-methyl-5-(1-propenyl)pyrazine,18217-82-8
2-methyl-5-(4-methyl-2-furyl)pyrazine,54300-17-3
2-methyl-5-(5-methyl-2-furyl)pyrazine,54300-14-0
2-methyl-5-hexen-1-ol,25913-88-6
2-methyl-5-hexenenitrile,30316-00-8
2-methyl-5-isopropenylpyridine,56057-93-3
2-methyl-5-nitroaniline,99-55-8
2-methyl-5-octyldihydrothiophene (unkn.str.),50865-11-7
2-methyl-5-pentanoylfuran,2349-16-8
2-methyl-5-pentylpyrazine,32737-07-8
2-methyl-5-pentylpyridine,39161-35-8
2-methyl-5-phenyl-2-hexenal,99532-37-3
2-methyl-5-phenylpyridine,3256-88-0
2-methyl-5-propanoylfuran,10599-69-6
2-methyl-5-propylfuran,1456-16-2
2-methyl-5-propyloxazole,80935-99-5
2-methyl-5-propylpyrazine,29461-03-8
2-methyl-5-propylpyridine,874-75-9
2-methyl-5-vinylfuran,10504-13-9
2-methyl-5-vinylpyrazine,13925-08-1
2-methyl-6-(1-propenyl)pyrazine,104638-11-1
2-methyl-6-(2-methylbutyl)pyrazine,159664-01-4
2-methyl-6-(4-methyl-2-furyl)pyrazine,54300-18-4
2-methyl-6-(4-methylphenyl)-1-hepten-3-one,86981-84-2
2-methyl-6-(4-methylphenyl)-3-heptanone,39027-62-8
2-methyl-6-(5-methyl-2-furyl)pyrazine,54300-15-1
"2-methyl-6-methylene-1,7-octadien-3-one",41702-60-7
"2-methyl-6-methylene-2,7-octadien-1-ol",57072-58-9
"2-methyl-6-methylene-2,7-octadienal",42448-75-9
2-methyl-6-methylene-2-octanol,18479-59-9
2-methyl-6-methylene-7-octen-3-one,55874-04-9
2-methyl-6-propylpyrazine,29444-46-0
2-methyl-6-vinylpyrazine,13925-09-2
2-methyl-propenylfuran (unkn.str.),
2-methylacetophenone,577-16-2
2-methylaniline,95-53-4
2-methylbenzaldehyde (=o-tolualdehyde),529-20-4
2-methylbenzofuran,4265-25-2
2-methylbenzoic acid (=o-toluic acid),118-90-1
2-methylbenzonitrile (=o-tolunitrile),529-19-1
2-methylbenzothiazole,120-75-2
2-methylbenzoxazole,95-21-6
2-methylbenzyl acetate,17373-93-2
2-methylbenzyl alcohol,89-95-2
2-methylbicyclo[3.3.0]octane,3868-64-2
2-methylbiphenyl,643-58-3
2-methylbutanal (=&alpha;-methylbutanal),96-17-3
2-methylbutane (=isopentane),78-78-4
2-methylbutanenitrile (=sec-butyl cyanide),18936-17-9
2-methylbutanoic acid,116-53-0
2-methylbutenal (unkn.str.),100365-71-7
2-methylbutyl (E)-2-methyl-2-butenoate (=2-methylbutyl tiglate),61692-80-6
2-methylbutyl (E)-cinnamate,74559-94-7
2-methylbutyl (Z)-2-methyl-2-butenoate (=2-methylbutyl angelate),61692-77-1
2-methylbutyl 2-hydroxypropanoate,
2-methylbutyl 2-methyl-2-propenoate,60608-94-8
2-methylbutyl 2-methylbutanoate,2445-78-5
2-methylbutyl 2-methylpropanoate (=2-methylbutyl isobutyrate),2445-69-4
2-methylbutyl 3-(methylthio)propanoate,
2-methylbutyl 3-methylbutanoate,2445-77-4
2-methylbutyl acetate,624-41-9
2-methylbutyl benzoate,52513-03-8
2-methylbutyl butanoate,51115-64-1
2-methylbutyl cinnamate,4654-29-9
2-methylbutyl decanoate,55195-23-8
2-methylbutyl dodecanoate (=2-methylbutyl laurate),55195-19-2
2-methylbutyl formate,35073-27-9
2-methylbutyl heptanoate,55195-33-0
2-methylbutyl hexadecanoate,94022-82-9
2-methylbutyl hexanoate,2601-13-0
2-methylbutyl octadecanoate,628-60-4
2-methylbutyl octanoate,67121-39-5
2-methylbutyl pentadecanoate,55195-09-0
2-methylbutyl pentanoate,55590-83-5
2-methylbutyl propanoate,2438-20-2
2-methylbutyl tetradecanoate,93805-23-3
"2-methylcyclohexane-1,3-dione",1193-55-1
2-methylcyclohexanol,583-59-5
2-methylcyclohexanone,583-60-8
2-methylcyclohexenylpropanal (unkn.str.),
2-methylcyclopentanol,24070-77-7
2-methylcyclopentanone,1120-72-5
2-methyldecane,6975-98-0
2-methyldecanoic acid,24323-23-7
2-methyldihydro-3(2H)-furanone,3188-00-9
2-methyldocosane,1560-81-2
2-methyldodecane,1560-97-0
"2-methylene-1,3-propanediol (Z)-1-(2-methyl-2-butenoate) 3-(2-methylpropanoate)",
"2-methylene-1,4-butanediol diacetate",90612-80-9
2-methylenebutyl acetate,55670-09-2
2-methylfuran,534-22-5
2-methylheneicosane,1560-82-3
2-methylheptacosane,1561-00-8
2-methylheptane,592-27-8
2-methylheptanoic acid,1188-02-9
2-methylheptene (unkn.str.),79075-20-0
2-methylhexacosane,1561-02-0
2-methylhexadecane,1560-92-5
2-methylhexanal,925-54-2
2-methylhexane,591-76-4
2-methylhexanoic acid,4536-23-6
2-methylhexyl butanoate,139087-69-7
2-methylindole,95-20-5
2-methylisoborneol,2371-42-8
2-methylnaphthalene,91-57-6
2-methylnonanal,24424-67-7
2-methylnonane,871-83-0
2-methylnonanoic acid,24323-21-5
2-methylnonene (unkn.str.),51317-33-0
2-methyloctacosane,1560-98-1
2-methyloctadecane,1560-88-9
2-methyloctane,3221-61-2
2-methyloctanoic acid,3004-93-1
2-methyloctene (unkn.str.),31387-92-5
2-methylpentacosane,629-87-8
2-methylpentanal,123-15-9
2-methylpentane (=isohexane),107-83-5
2-methylpentanoic acid,97-61-0
2-methylpentene (unkn.str.),27236-46-0
2-methylpentyl acetate,7789-99-3
2-methylphenol (=o-cresol),95-48-7
2-methylpiperazine,109-07-9
2-methylpiperidine,109-05-7
"2-methylpropanal (=isobutanal, isobutyraldehyde)",78-84-2
2-methylpropanamide (=isobutanamide),563-83-7
2-methylpropane (=isobutane),75-28-5
2-methylpropanenitrile (=isobutyronitrile),78-82-0
2-methylpropanoic acid (=isobutyric acid),79-31-2
2-methylpropanol (unkn.str.),
2-methylpropyl 4-methylpentanoate,25415-70-7
2-methylpropyl 8-methyl-6-nonenoate,1215128-15-6
2-methylpyridine (=&alpha;-picoline),109-06-8
2-methylpyrrole,636-41-9
2-methylquinazoline,700-79-8
2-methylquinoline,91-63-4
2-methylquinoxaline,7251-61-8
2-methylsuccinic acid,498-21-5
2-methyltetracosane,1560-78-7
2-methyltetradecane,1560-95-8
2-methyltetrahydrofuran,96-47-9
2-methyltetrahydrothiophene,1795-09-1
2-methylthiazole,3581-87-1
2-methylthiazolidine,24050-16-6
2-methylthiophene,554-14-3
2-methyltriacontane,1560-72-1
2-methyltricosane,1928-30-9
2-methyltridecane,1560-96-9
2-methylundecanal,110-41-8
2-methylundecane,7045-71-8
2-naphthol,135-19-3
2-nitro-4-methylphenol,119-33-5
2-nitropyridine,
2-nonadecanone,629-66-3
2-nonanol,628-99-9
2-nonanone,821-55-6
2-nonen-1-ol,22104-79-6
2-nonen-4-one,32064-72-5
2-nonenal,2463-53-8
2-nonenoic acid,3760-11-0
2-nonoxy-5-pentyltetrahydrofuran,78054-04-3
2-nonylbenzothiazole,6340-30-3
2-nonylphenol,136-83-4
2-nonylthiazole,
2-norbornanone,497-38-1
2-octadecanone,7373-13-9
2-octanol,123-96-6
2-octanone,111-13-7
2-octanoylthiophene,30711-41-2
2-octen-1-ol,22104-78-5
2-octen-4-one,4643-27-0
2-octenal,2363-89-5
2-octene,111-67-1
2-octenoic acid,1470-50-4
2-octoxy-5-pentyltetrahydrofuran,78054-03-2
2-octyl-2-decenal,24823-58-3
2-octyl-2-undecenal,89523-72-8
2-octylbenzothiazole,6634-55-5
2-octylfuran,4179-38-8
2-octylthiophene,880-36-4
2-oxo-3-phenylpropanoic acid (=3-phenylpyruvic acid),156-06-9
2-oxobutanal,4417-81-6
2-oxobutanedioic acid,328-42-7
2-oxobutanoic acid,600-18-0
2-oxobutyl acetate (=1-acetoxybutan-2-one),1575-57-1
2-oxohexanoic acid,2492-75-3
2-oxopentanedioic acid,328-50-7
2-oxopentyl acetate,68113-53-1
"2-oxopropanal (=pyruvaldehyde, methyl glyoxal, acetylformaldehyde)",78-98-8
"2-oxopropanoic acid (=pyruvic acid, acetylformic acid)",127-17-3
"2-oxopropyl acetate (=acetol acetate, 1-acetoxyacetone, acetonyl acetate)",592-20-1
2-oxopropyl propanoate,72845-79-5
2-pentadecanol,1653-34-5
2-pentadecanone,2345-28-0
2-pentadecenal,64462-00-6
2-pentanamine (= 2-pentylamine ),63493-28-7
2-pentanethiol,2084-19-7
2-pentanol,6032-29-7
2-pentanone,107-87-9
2-pentanoylfuran,3194-17-0
2-pentanoylthiophene,53119-25-8
2-penten-1-ol,20273-24-9
2-pentenal,764-39-6
2-pentene,109-68-2
2-pentenoic acid,626-98-2
2-pentoxy-5-pentyltetrahydrofuran,78054-01-0
2-pentyl (E)-3-hexenoate,203569-62-4
2-pentyl formate,58368-66-4
2-pentyl-(2H)-thiapyran,
"2-pentyl-4,5-dipropyloxazole",
2-pentyl-5-phenethoxytetrahydrofuran,78054-07-6
2-pentyl-5-propylthiazole,
2-pentyl-6-propylpyridine,
2-pentylbenzothiazole,20614-71-5
2-pentylfuran,3777-69-3
2-pentyloxazole,77311-05-8
2-pentylpyridine,2294-76-0
2-pentylpyrrole,1551-12-8
2-pentylthiazole,37645-62-8
2-pentylthiophene,4861-58-9
2-phenoxy-1-propanol,4169-04-4
"2-phenoxyethanol (=ethylene glycol monophenyl ether, phenylglycol)",122-99-6
"2-phenyl-1,3-butanediol",62559-36-8
2-phenyl-2-butanol,1565-75-9
2-phenyl-2-butenal,4411-89-6
2-phenyl-2-butenoic acid,4412-10-6
2-phenyl-2-hexenal,94133-59-2
2-phenyl-2-pentenal,3491-63-2
2-phenyl-2-propanol,617-94-7
2-phenyl-5-propylpyridine,85237-77-0
2-phenylacetamide (=benzeneacetamide),103-81-1
2-phenylbutanoic acid,90-27-7
"2-phenylethanethiol (=phenethylthiol, phenethyl mercaptan)",4410-99-5
2-phenylethanol,60-12-8
2-phenyloxazole,20662-88-8
2-phenylphenol (=2-biphenylol),90-43-7
2-phenylpropanal,93-53-8
2-phenylpropanoic acid,492-37-5
2-phenylpropyl acetate (=&beta;-phenylpropyl acetate),10402-52-5
2-phenylpyridine,1008-89-5
2-phenylthiophene,825-55-8
2-pinen-5-ol,168564-54-3
2-piperidineethanamine,15932-66-8
2-propanamine (=isopropylamine),75-31-0
2-propanethiol (=isopropyl mercaptan),75-33-2
2-propanol (=isopropyl alcohol),67-63-0
2-propanoylfuran,3194-15-8
2-propanoylpyridine,3238-55-9
2-propanoylpyrrole,1073-26-3
2-propanoylthiophene,13679-75-9
2-propen-1-ol (=allyl alcohol),107-18-6
2-propen-1-yl-cyclohexane,2114-42-3
2-propenal (=acrolein),107-02-8
"2-propene-1-thiol (=allyl mercaptan, allylthiol)",870-23-5
2-propenenitrile (=acrylonitrile),107-13-1
2-propenoic acid (=acrylic acid),79-10-7
2-propenylfuran (unkn.str.),10599-55-0
2-propionylpyrroline,133447-37-7
2-propionylthiazole,43039-98-1
2-propoxyethanol,2807-30-9
"2-propyl-1,3-dioxolane",3390-13-4
2-propyl-1-decanol,60671-35-4
2-propyl-2-cyclopenten-1-one,24105-07-5
2-propyl-3-thiophenecarbaldehyde,156386-51-5
2-propylbenzothiazole,17229-76-4
2-propylcyclohexanone,94-65-5
2-propyldihydrofuran (unkn.str.),
2-propylfuran,4229-91-8
2-propylpentanal,18295-59-5
2-propylphenol,644-35-9
2-propylpyridine,622-39-9
2-propylthiazole,17626-75-4
2-propylthiazolidine,24050-10-0
2-propylthiophene,1551-27-5
2-pyrazinecarboxamide,98-96-4
2-pyridinecarbaldehyde,1121-60-4
2-pyridinemethanol,586-98-1
"2-pyrone (=&alpha;-pyrone, 2H-pyran-2-one)",504-31-4
2-pyrrolecarbaldehyde (=2-formylpyrrole),1003-29-8
2-pyrrolecarboxylic acid (=pyrrolic acid),634-97-9
2-pyrroleethanol,22186-60-3
2-pyrrolidone (=&gamma;-butyrolactam),616-45-5
2-pyrrolidone-5-carboxylic acid (=pyroglutamic acid),15454-75-8
2-sec-butylthiazole,18277-27-5
"2-tert-butyl-1,4-benzoquinone",3602-55-9
2-tert-butyl-4-methoxyphenol (=B.H.A.),121-00-6
2-tert-butyl-4-methyl-furan,6141-68-0
2-tert-butyl-4-methylphenol,2409-55-4
2-tert-butyl-5-methylphenol,88-60-8
2-tert-butylindole,1805-65-8
2-tert-butylthiophene,1689-78-7
2-tetradecanol,4706-81-4
2-tetradecanone,2345-27-9
2-tetradecanone (branched),
2-tetradecen-1-ol,22104-82-1
2-tetradecenal,64461-99-0
2-thienyl mercaptan,7774-74-5
2-thiopheneacetaldehyde,15022-15-8
2-thiophenecarbaldehyde (=2-formylthiophene),98-03-3
2-thiophenecarboxylic acid,527-72-0
2-thiophenemethanethiol,6258-63-5
2-thiophenemethanol (=thenyl alcohol),636-72-6
2-trans-[1-(E)-hexenyl]-5-methyltetrahydrofuran,79981-21-8
2-tridecanol,1653-31-2
2-tridecanone,593-08-8
2-tridecanone (branched),
2-tridecenal,7774-82-5
2-undecanol,1653-30-1
2-undecanone,112-12-9
2-undecanone (branched),
2-undecen-1-ol,37617-03-1
2-undecenal,2463-77-6
2-vinyl-2-butenal,20521-42-0
2-vinyl-2-hexenal,136051-46-2
"2-vinyl-4H-1,3-dithiin",80028-57-5
2-vinylfuran,1487-18-9
2-vinylnaphthalene,827-54-3
2-vinylphenol,695-84-1
2-vinylthiophene,1918-82-7
20-methylheneicosanoic acid,6704-01-4
2H-pyran,289-66-7
2[bis(methylthio)methyl]-furan,33500-20-8
3'-AMP,84-21-9
3'-GMP,117-68-0
3'-hydroxyacetophenone,121-71-1
"3(12),6-caryophylladien-4-ol",
"3(12),7(13)-caryophylladien-6&alpha;-ol",
"3(2H)-Furanone, dihydro-5-isopropyl-",34004-69-8
3(2H)-dihydrothiophenone,1003-04-9
"3(S)-(acetyloxy)dihydro-2,5-furandione",59025-03-5
"3(or 2)-ethyl-2(or 3),5-dimethylpyrazine",27043-05-6
3(or 4)-methyl-2-propylfuran (unkn.str.),106100-52-1
"3,3',4',5,6,7,8-heptamethoxyflavone",1178-24-1
"3,3',4',5,6,7-hexamethoxyflavone",1251-84-9
"3,3'-bifuran (=di-(3-furyl))",13803-57-1
"3,3'-dimethyl-1,1'-biphenyl",612-75-9
"3,3'-methylenebisfuran",146699-68-5
"3,3,4,5-tetramethylcyclohexanone",14376-79-5
"3,3,4-trimethylhexane",16747-31-2
"3,3,5-trimethylcyclohexanone",873-94-9
"3,3,6-trimethyl-1,5-heptadien-4-one (=artemisia ketone)",546-49-6
"3,3,6-trimethyl-4,5-heptadien-2-one",81250-41-1
"3,3-dibromo-2-propenal",18328-08-0
"3,3-diethoxy-1-propanol",16777-87-0
"3,3-diethoxy-1-propene",3054-95-3
"3,3-diethoxy-2-butanone",51933-13-2
"3,3-diethylpentane",1067-20-5
"3,3-dimethyl-1,2-dithiolane",58384-57-9
"3,3-dimethyl-2-butanol",464-07-3
"3,3-dimethyl-4-oxo-1,2-dithiolane",62738-29-8
"3,3-dimethylcyclohexanone",2979-19-3
"3,3a,6,7-tetrahydro-3,3a,7,7-tetramethyl-2H-inden-2-ol",
"3,3a,6,7-tetrahydro-3,3a,7,7-tetramethylinden-2-one",
"3,4,4-trimethyl-2-cyclopenten-1-one",30434-65-2
"3,4,4a,5,8,8a-hexahydro-4a-methyl-2(1H)-naphthalenone",91967-81-6
"3,4,5-trihydroxy-1-cyclohexene-carboxylic acid (=shikimic acid)",138-59-0
"3,4,5-trihydroxybenzoic acid (=gallic acid)",149-91-7
"3,4,5-trimethoxybenzaldehyde",86-81-7
"3,4,5-trimethoxybenzoic acid",118-41-2
"3,4,5-trimethoxybenzyl alcohol",3840-31-1
"3,4,5-trimethoxybenzyl methyl ether",75921-68-5
"3,4,5-trimethoxycinnamic acid",90-50-6
"3,4,5-trimethoxyphenylacetic acid",951-82-6
"3,4,5-trimethyl-2(3H)-furanone",95326-09-3
"3,4,5-trimethyl-2(5H)-furanone",33488-51-6
"3,4,5-trimethyl-2-furfural (=5-trimethylfurfural)",116557-17-6
"3,4,5-trimethyl-2-thiophenecarboxylic acid",90953-80-3
"3,4,5-trimethylbenzoic acid",1076-88-6
"3,4,5-trimethylphenol",527-54-8
"3,4,5-trimethylpyrazole",5519-42-6
"3,4,6-trithiaoctane",183554-16-7
"3,4,7,8-tetrahydro-5,7,7-trimethyl-2(6H)-naphthalenone",
"3,4-Diethylthiophene",35686-14-7
"3,4-bis(ethoxymethyl)thiophene",
"3,4-dehydro-&beta;-ionone",1203-08-3
"3,4-dicaffeoylquinic acid",14534-61-3
"3,4-didehydro-&beta;-ionol",13215-89-9
"3,4-diethyl-1,1'-biphenyl",61141-66-0
"3,4-diethyl-1,5-hexadiene (R,S + S,R)",200264-34-2
"3,4-diethyl-1,5-hexadiene (meso)",200264-35-3
"3,4-diethylphenol",875-85-4
"3,4-dihydro-2H-pyran",110-87-2
"3,4-dihydro-2H-pyran-2-carbaldehyde",100-73-2
"3,4-dihydro-3-oxoedulan (unkn.str.)",
"3,4-dihydro-3-vinyl-1,2-dithiin",62488-53-3
"3,4-dihydro-4,7-dimethyl-1(2H)-naphthalenone",28449-86-7
"3,4-dihydro-8-hydroxy-3-methylisocoumarin",1200-93-7
"3,4-dihydrocoumarin",119-84-6
"3,4-dihydroxy-3-hexen-2,5-dione",10153-61-4
"3,4-dihydroxyacetophenone",1197-09-7
"3,4-dihydroxybenzaldehyde",139-85-5
"3,4-dihydroxybenzoic acid (=protocatechuic acid)",99-50-3
"3,4-dihydroxycinnamaldehyde",68149-78-0
"3,4-dihydroxycinnamic acid (=caffeic acid)",331-39-5
"3,4-dimethoxyacetophenone",1131-62-0
"3,4-dimethoxybenzaldehyde (=veratraldehyde, methylvanillin)",120-14-9
"3,4-dimethoxybenzoic acid (=veratric acid)",93-07-2
"3,4-dimethoxycinnamaldehyde",4497-40-9
"3,4-dimethoxycinnamic acid",2316-26-9
"3,4-dimethyl-1,2-cyclopentanedione",13494-06-9
"3,4-dimethyl-1-pentanol",6570-87-2
"3,4-dimethyl-2(3H)-dihydrothiophenone",
"3,4-dimethyl-2(5H)-furanone",1575-46-8
"3,4-dimethyl-2(5H)-thiophenone",33922-75-7
"3,4-dimethyl-2-(methyldithio)thiophene",126876-26-4
"3,4-dimethyl-2-(propyldithio)thiophene",126876-33-3
"3,4-dimethyl-2-pentene",24910-63-2
"3,4-dimethyl-5-pentyl-2(5H)-furanone (=dihydrobovolide)",10547-84-9
"3,4-dimethyl-5-pentyl-2-furanheptanoic acid",92745-17-0
"3,4-dimethyl-5-pentyl-2-furannonanoic acid",57818-40-3
"3,4-dimethyl-5-pentyl-2-furanpentanoic acid",116627-43-1
"3,4-dimethyl-5-pentyl-2-furanundecanoic acid",57818-36-7
"3,4-dimethyl-5-pentylidene-2(5H)-furanone (=bovolide)",774-64-1
"3,4-dimethylacetophenone",3637-01-2
"3,4-dimethylbenzaldehyde",5973-71-7
"3,4-dimethylcyclohexanol",5715-23-1
"3,4-dimethyldihydrothiophene-2,5-dione",10547-83-8
"3,4-dimethylfuran",20843-07-6
"3,4-dimethylphenol",95-65-8
"3,4-dimethylpyridine (=3,4-lutidine)",583-58-4
"3,4-dimethylpyrrolo[1,2-a]pyrazine",64608-64-6
"3,4-dimethylthiophene",632-15-5
"3,4-furandicarboxylic acid",3387-26-6
"3,4-heptanedione",13706-89-3
"3,4-hexanedione",4437-51-8
"3,5,24-trimethyltetracontane",55162-61-3
"3,5,5-trimethyl-1-hexanol",3452-97-9
"3,5,5-trimethyl-1-hexene",4316-65-8
"3,5,5-trimethyl-2(5H)-furanone",50598-50-0
"3,5,5-trimethyl-2-cyclohexen-1-one (=isophorone)",78-59-1
"3,5,5-trimethyl-2-cyclopenten-1-one",24156-95-4
"3,5,5-trimethyl-3-cyclohexen-1-one",471-01-2
"3,5,5-trimethyl-3-cyclohexene-1,2-dione",
"3,5,5-trimethyl-4-(3-oxo-1-butenyl)-2-cyclohexen-1-one",20194-68-7
"3,5,5-trimethyl-4-(3-oxo-1-butenylidene)-2-cyclohexen-1-one",120853-11-4
"3,5,5-trimethyl-4-(3-oxo-1-butenylidene)-2-cyclohexen-1-one (isomer)",127619-37-8
"3,5,5-trimethyl-4-(3-oxo-1-butynyl)-2-cyclohexen-1-one",120853-10-3
"3,5,5-trimethyl-4-methylene-2-cyclohexen-1-one",20548-00-9
"3,5-bis(1,1-dimethylethyl)phenol",1138-52-9
"3,5-decadien-2-one",95416-58-3
"3,5-dibutyl-1,2,4-trithiolane",163268-50-6
"3,5-dibutyl-2-pentylpyridine",7033-69-4
"3,5-diethyl-1,2,4-trithiolane",54644-28-9
"3,5-diethyl-2-methylpyrazine",18138-05-1
"3,5-dihydroxy-2-methyl-4-pyrone (=5-hydroxymaltol)",1073-96-7
"3,5-dihydroxybenzoic acid (=&alpha;-resorcylic acid)",99-10-5
"3,5-diisobutyl-1,2,4-trithiolane",92900-67-9
"3,5-diisopropyl-1,2,4-trithiolane",54934-99-5
"3,5-diisopropylphenol",26886-05-5
"3,5-dimethoxybenzaldehyde",7311-34-4
"3,5-dimethoxybenzoic acid",1132-21-4
"3,5-dimethoxybenzyl alcohol",705-76-0
"3,5-dimethyl-1,2,4-trithiolane",23654-92-4
"3,5-dimethyl-1,2-cyclopentanedione",13494-07-0
"3,5-dimethyl-1,3-oxazolidine-2,4-dione",58006-99-8
"3,5-dimethyl-1-vinylbenzene",5379-20-4
"3,5-dimethyl-2(5H)-furanone",5584-69-0
"3,5-dimethyl-2-(2-methylbutyl)pyrazine",56617-70-0
"3,5-dimethyl-2-cyclopenten-1-one",931-22-6
"3,5-dimethyl-2-octanone",19781-14-7
"3,5-dimethyl-2-pentylpyrazine",50888-62-5
"3,5-dimethyl-2-propylpyrazine",32350-16-6
"3,5-dimethyl-2-vinylfuran",59417-62-8
"3,5-dimethyl-5-pentyl-2(5H)-furanone",91401-70-6
"3,5-dimethylbenzaldehyde",5779-95-3
"3,5-dimethyldihydro-2(3H)-furanone",5145-01-7
"3,5-dimethylfurfural",79925-83-0
"3,5-dimethylheptane",926-82-9
"3,5-dimethylphenol (=3,5-xylenol)",108-68-9
"3,5-dimethylpyridine (=3,5-lutidine)",591-22-0
"3,5-ditert-butyl-4-hydroxybenzaldehyde",1620-98-0
"3,5-heptadien-2-one",3916-64-1
"3,5-nonadien-2-one",41628-40-4
"3,5-octadien-2-one",38284-27-4
"3,5-undecadien-2-one",68973-20-6
"3,6,6-trimethyl-2,4-cycloheptadienone",2767-18-2
"3,6-diethyl-2,4,5,7-tetrathiaoctane",69078-78-0
"3,6-dihydro-3-vinyl-1,2-dithiin",62488-52-2
"3,6-dimethyl-1,2,4,5-tetrathiane",67411-27-2
"3,6-dimethyl-2,4,5,7-tetrathiaoctane",69078-77-9
"3,6-dimethyl-3-octanol",151-19-9
"3,6-dimethyl-7-oxooctanoic acid",15313-65-2
"3,6-dimethylbenzofuran",24410-50-2
"3,6-nonadien-1-ol",76649-25-7
"3,6-octanedione",2955-65-9
"3,6-undecadienal",60671-76-3
"3,7(11)-selinadiene",6813-21-4
"3,7,11,15-tetramethyl-1,3,6,10,14-hexadecapentaene",110249-03-1
"3,7,11-trimethyl-1-dodecanol (=hexahydrofarnesol)",6750-34-1
"3,7-dimethyl-1,5,7-octatrien-3-ol (=hotrienol)",29957-43-5
"3,7-dimethyl-1,6-octadien-4-one",99541-37-4
"3,7-dimethyl-1,6-octadiene-3,5-diol (=5-hydroxylinalool)",75654-19-2
"3,7-dimethyl-1,7-octanediol (=hydroxycitronellol)",107-74-4
"3,7-dimethyl-1-octanol (=tetrahydrogeraniol)",106-21-8
"3,7-dimethyl-1-octene",4984-01-4
"3,7-dimethyl-1-octene-3,6,7-triol",73815-21-1
"3,7-dimethyl-1-octene-3,7-diol",29210-77-3
"3,7-dimethyl-2,5,7-octatrien-1-ol",
"3,7-dimethyl-2,5-octadiene-1,7-diol",111234-31-2
"3,7-dimethyl-2,6-octadienenitrile (=geranylnitrile)",5146-66-7
"3,7-dimethyl-2-octene-1,6,7-triol",120231-02-9
"3,7-dimethyl-5-octene-1,7-diol",
"3,7-dimethyl-6-oxooctanoic acid (=&beta;-methyl-&delta;-isobutyryl-valeric acid)",589-60-6
"3,7-dimethyl-7-octen-1-ol",141-25-3
"3,7-dimethyl-7-octen-3-ol (=isocitronellol)",18479-52-2
"3,7-dimethylocta-1,5-dien-3,7-diol",
"3,7-dimethyloctyl acetate",20780-49-8
"3,7-guaiadiene",6754-04-7
"3,8,9-menthanetriol orthoacetate",
"3,9-epoxy-1-menthene (=2,3,3a,4,5,7a-hexahydro-3,6-dimethylbenzofuran, dill ether)",70786-44-6
"3-(1,3-benzodioxol-5-yl)-2-propenal",119491-07-5
3-(1-acetoxy-3-hexyldithio)hexyl acetate,1403569-39-0
3-(1-acetoxy-3-hexyldithio)hexyl butanoate,
3-(1-acetoxy-3-hexyldithio)hexyl hexanoate,
3-(1-butyryloxy-3-hexyldithio)hexyl butanoate,
3-(1-butyryloxy-3-hexyldithio)hexyl hexanoate,
3-(1-hydroxy-3-hexyldithio)hexanol,344738-34-7
3-(1-hydroxy-3-hexyldithio)hexyl acetate,959111-37-6
3-(1-hydroxy-3-hexyldithio)hexyl butanoate,
3-(1E)-butenyl-4-propylpyridine,142505-13-3
3-(1E)-butenylpyridine,142505-11-1
3-(1Z)-1-buten-1-yl-pyridine,142505-10-0
3-(1Z)-butenyl-4-propylpyridine,142505-12-2
"3-(2,6,6-trimethyl-2-cyclohexenyl)-2-propenal (=&alpha;-cyclocitrylidenacetaldehyde)",29460-68-2
"3-(2-furyl)-2,5-dimethylpyrazine",54300-12-8
3-(2-furyl)-2-methyl-2-propenal,874-66-8
3-(2-furyl)-2-propenal,623-30-3
3-(2-hydroxy-4-methylphenyl)-2-butanone,83810-64-4
3-(2-hydroxyethyl)indole acetate,13137-14-9
3-(2-methoxyphenoxy-)-1-propanol (=guaiacylpropanol),136167-44-7
3-(2-methoxyphenyl)propanoic acid,6342-77-4
3-(2-thienyl)-2-propenal,14756-03-7
"3-(3',4',5'-trimethoxyphenyl)-2-propenyl propanoate",143390-84-5
"3-(3,4,5-trimethoxyphenyl)-(E)-prop-2-enyl acetate",87200-84-8
"3-(3,4,5-trimethoxyphenyl)-prop-2-enyl acetate",97094-25-2
"3-(3,4,5-trimethoxyphenyl)propanyl propanoate",143390-85-6
"3-(3,4,5-trimethoxyphenyl)propyl acetate",66779-68-8
"3-(3,4-dimethoxyphenyl)propanoic acid",2107-70-2
3-(3-ethyl-2-oxiranyl)-2-propenal,78307-41-2
3-(4-hydroxy-3-methoxyphenyl)propanal,80638-48-8
3-(4-hydroxyphenyl)-2-oxopropanoic acid,156-39-8
3-(4-hydroxyphenyl)propanoic acid,501-97-3
3-(4-hydroxyphenyl)propyl acetate,80373-18-8
3-(4-imidazolyl)-2-oxopropanoic acid,2504-83-8
3-(4-isopropylphenyl)-2-methylpropanal (=cyclamen aldehyde),103-95-7
3-(4-methyl-3-pentenyl)furan (=perillene),539-52-6
3-(4-methyl-3-pentenyl)thiophene,62429-57-6
3-(4-methylphenyl)butanal,16251-78-8
3-(4-prenyloxyphenyl)propanol,125289-66-9
3-(5-methyl-2-furyl)-2-propenal,5555-90-8
3-(S-acetylthio)-2-methylenepropanoic acid,56140-22-8
3-(S-acetylthio)-2-methylpropanoic acid,33325-40-5
3-(acetylthio)-2-(mercaptomethyl)propanoic acid,
3-(difluoromethyl)pyridine,76541-44-1
3-(ethyldithio)-1-butanol,183554-38-3
3-(ethyldithio)-2-methyl-1-butanol,183554-44-1
3-(ethylthio)-1-butanol,117013-33-9
3-(ethylthio)-1-propanol (=ethionol),18721-61-4
3-(ethylthio)-2-methyl-1-butanol,183554-29-2
3-(methyldithio)-1-butanol,183554-35-0
3-(methylsulfinyl)propyl isothiocyanate,505-44-2
3-(methylthio)-1-hexanol,51755-66-9
3-(methylthio)-1-propanol (=methionol),505-10-2
"3-(methylthio)-2,4-dithiapentane (=tris(methylthio)methane)",5418-86-0
3-(methylthio)-2-(methyl-thiomethyl)propanoic acid,62574-24-7
3-(methylthio)butanal,16630-52-7
3-(methylthio)heptanal,51755-70-5
3-(methylthio)hexanal,38433-74-8
3-(methylthio)hexyl acetate,51755-85-2
3-(methylthio)hexyl butanoate,136954-23-9
3-(methylthio)hexyl hexanoate,136954-24-0
3-(methylthio)propanal (=methional),3268-49-3
3-(methylthio)propanenitrile,54974-63-9
3-(methylthio)propanoic acid,646-01-5
3-(methylthio)propyl acetate (=methionyl acetate),16630-55-0
3-(methylthio)propyl butanoate (=methionyl butanoate),16630-60-7
3-(methylthio)propyl hexanoate,906079-63-8
3-(methylthio)propyl isothiocyanate,505-79-3
3-(propyldithio)-1-butanol,183554-42-9
3-(propylthio)-1-butanol,183554-26-9
3-Butylthiophene,34722-01-5
3-Ethylthiophene,1795-01-3
3-Heptylthiophene,65016-61-7
3-Hydroxy-5-methyl-2-hexanone,163038-04-8
3-Mercaptothiophene,7774-73-4
3-Methoxy-1-propenyl benzene,16277-67-1
"3-Methyl-1,2,4-trithiolane",51647-38-2
3-Phenylpropyl cinnamate,122-68-9
3-Propylthiophene,1518-75-8
3-[(2E)-2-hexen-1-yloxy]- hexanal,197235-62-4
3-[(3Z)-3-hexen-1-yloxy]- hexanal,326591-68-8
3-[(E)-1-propenyl]-&alpha;-terpineol,203569-58-8
"3-acetyl-2,5-dimethylpyrazine",54300-09-3
"3-acetyl-2,5-dimethylthiophene",2530-10-1
3-acetyl-4-hydroxy-6-methyl-2-pyrone,771-03-9
3-acetyl-5-methylthiophene,69213-96-3
3-acetylfuran,14313-09-8
3-acetylpyridine,350-03-8
3-acetylpyrrole,1072-82-8
3-acetylthiophene,1468-83-3
3-aminoacetophenone,99-03-6
3-benzylpyridine,620-95-1
3-biphenylcarbaldehyde (=3-phenylbenzaldehyde),1204-60-0
3-buten-1-ol,627-27-0
3-buten-2-ol,598-32-3
3-buten-2-one,78-94-4
"3-butenenitrile (=allyl cyanide, vinylacetonitrile)",109-75-1
3-butenyl butyl ether,34061-76-2
3-butenyl isothiocyanate,3386-97-8
3-butenyl-2-methylpyrrole (unkn.str.),
"3-butyl-2,5-dimethylpyrazine",40790-29-2
3-butyl-2-hydroxy-2-cyclopenten-1-one,29798-72-9
3-butyl-2-thiophenecarbaldehyde,163460-99-9
3-butyl-3-hexen-2-one,32064-70-3
"3-butyl-3a,4,5,6-tetrahydrophthalide (=sedanolide)",6415-59-4
"3-butyl-4,5-dihydrophthalide (=sedanenolide, senkyunolide)",63038-10-8
"3-butyl-5,6-dihydro-4H-2-isobenzofuran-1-one",141120-37-8
"3-butyl-5-methyl-1,2,4-trithiolane",
3-butylhexahydrophthalide,3553-34-2
"3-butylidene-4,5-dihydrophthalide (=ligustilide)",4431-01-0
3-butylidenephthalide,551-08-6
3-butylphthalide,6066-49-5
3-butylpyridine,539-32-2
3-carene,13466-78-9
3-chrysanthenol,55722-60-6
3-cyanopropanal,3515-93-3
3-cyclohexen-1-ol,822-66-2
3-decanol,1565-81-7
3-decanone,928-80-3
3-decen-2-one,10519-33-2
3-decenal,58474-80-9
3-dodecanone,1534-27-6
3-ethenyl-2-ethyl-5-methylpyrazine,181589-33-3
"3-ethoxy-1-(2,3,6-trimethyl-phenyl)-1-butene",
"3-ethoxy-1-(2,6,6-trimethyl-1,3-cyclohexadienyl)-1-butanone",67234-03-1
3-ethoxy-1-propanol,111-35-3
"3-ethoxy-2,4-dimethyl-4-hexen-1-ol",86227-45-4
3-ethoxy-2-butanone,1679-38-5
3-ethoxy-2-pentanone,65915-75-5
3-ethoxybenzaldehyde,22924-15-8
3-ethoxypropanal,2806-85-1
3-ethoxypropanoic acid,4324-38-3
"3-ethyl-1,2-benzenediol",933-99-3
"3-ethyl-1,2-cyclopentanedione",13494-08-1
"3-ethyl-1,4-hexadiene",2080-89-9
"3-ethyl-1,5-diisopropylbenzene",15181-13-2
3-ethyl-1-hexanol,41065-95-6
"3-ethyl-1-methyl-2,4-imidazolidinedione",71300-02-2
"3-ethyl-2,4,5,6-tetrathianonane",126876-32-2
"3-ethyl-2,4,5-trithiaheptane",53897-67-9
"3-ethyl-2,4,5-trithiaoctane",126876-22-0
"3-ethyl-2,4-dimethylpyrrole",517-22-6
"3-ethyl-2,5-dimethyl-1H-pyrrole",69687-78-1
"3-ethyl-2,5-dimethylpyrazine",13360-65-1
"3-ethyl-2,6-dimethylpyridine",23580-52-1
3-ethyl-2-hexanol,24448-19-9
3-ethyl-2-hydroxy-4-methyl-2-cyclopenten-1-one,42348-12-9
3-ethyl-2-hydroxy-5-methyl-2-cyclopenten-1-one,58228-72-1
"3-ethyl-2-methyl-1,3-hexadiene",61142-36-7
3-ethyl-2-pentene,816-79-5
3-ethyl-2-thiophenecarbaldehyde,21426-07-3
3-ethyl-3-methylhexane,3074-76-8
3-ethyl-3-methylpentane,1067-08-9
3-ethyl-3-pentanol,597-49-9
3-ethyl-4-heptanone,1528-25-2
3-ethyl-4-methyl-1-pentanol,38514-13-5
3-ethyl-4-methylhexane,3074-77-9
3-ethyl-4-methylpyrrole,488-92-6
"3-ethyl-4-methylpyrrolidine-2,5-dione",58501-92-1
"3-ethyl-5-isopropyl-1,2,4-trithiolane",121098-29-1
"3-ethyl-5-methyl-1,2,4-trithiolane",116505-59-0
"3-ethyl-5-propyl-1,2,4-trithiolane",121098-30-4
"3-ethyl-6,7-dihydro-2-methyl-5H-cyclopentapyrazine",41330-35-2
3-ethylacetophenone,22699-70-3
3-ethylbenzaldehyde,34246-54-3
3-ethylfuran,67363-95-5
3-ethylhexane,619-99-8
3-ethylphenol,620-17-7
3-ethylphenyl acetate,3056-60-8
3-ethylpyridine,536-78-7
"3-furancarbaldehyde (=3-formylfuran, 3-furaldehyde)",498-60-2
3-furancarboxylic acid (=3-furoic acid),488-93-7
3-furanmethanol,4412-91-3
3-heneicosanone,57755-77-8
3-heptadecanone,84534-29-2
3-heptadecene,
3-heptanol,589-82-2
3-heptanone,106-35-4
3-hepten-1-ol,10606-47-0
3-hepten-2-one,1119-44-4
3-heptene,592-78-9
3-heptenoic acid,29901-85-7
3-heptyl-2-thiophenecarbaldehyde,
3-heptylpyridine,103037-27-0
3-hexadecanone,18787-64-9
3-hexanol,623-37-0
3-hexanone,589-38-8
3-hexen-1-ol,544-12-7
3-hexen-2-one,763-93-9
3-hexenal,4440-65-7
"3-hexene-2,5-diol",7319-23-5
3-hexenoic acid,4219-24-3
3-hexenyl (E)-2-butenoate (=3-hexenyl (E)-crotonate),
3-hexenyl (Z)-2-butenoate (=3-hexenyl (Z)-crotonate),95405-61-1
3-hexenyl 3-methylbutanoate,10032-11-8
3-hexenyl acetate,1708-82-3
3-hexenyl benzoate,
3-hexenyl butanoate,2142-93-0
3-hexenyl formate,2315-09-5
3-hexenyl hexanoate,84434-19-5
3-hexenyl pentanoate,84808-28-6
3-hexyl-2-thiophenecarbaldehyde,222554-28-1
3-hexylpyridine,6311-92-8
3-hexyne,928-49-4
3-hydroxy-&beta;-damascone,56915-02-7
3-hydroxy-&beta;-ionol,33759-63-6
3-hydroxy-&beta;-ionone,116296-75-4
3-hydroxy-1-phenyl-2-butanone,62763-33-1
"3-hydroxy-2,2,4-trimethylpentyl 2-methylpropanoate",77-68-9
"3-hydroxy-2,6,6-trimethyl-4-oxo-2-cyclohexenecarbaldehyde",33399-08-5
3-hydroxy-2-butanone (=acetoin),513-86-0
3-hydroxy-2-methylidenebutyl (Z)-2-methyl-2-butenoate (=3-hydroxy-2-methylidenebutyl angelate),80758-70-9
3-hydroxy-2-methylpyridine,1121-25-1
3-hydroxy-2-methyltetrahydrofuran,29848-44-0
3-hydroxy-2-octanone,37160-77-3
3-hydroxy-2-oxobutanoic acid,1944-42-9
3-hydroxy-2-oxopropanoic acid,1113-60-6
3-hydroxy-2-pentanone (=acetyl ethyl carbinol),3142-66-3
3-hydroxy-2-phenylbutanal,
3-hydroxy-2-pyrone,496-64-0
3-hydroxy-3-(4-methoxyphenyl)propanoic acid,51410-49-2
3-hydroxy-3-methyl-2-butanone,115-22-0
3-hydroxy-3-methylbutanoic acid,625-08-1
3-hydroxy-3-penten-2-one,52704-36-6
3-hydroxy-4-methoxycinnamic acid (=isoferulic acid),537-73-5
3-hydroxy-4-pentenenitrile,27451-36-1
3-hydroxy-4-phenyl-2-butanone,5355-63-5
"3-hydroxy-5,6-epoxy-&beta;-ionone",38274-01-0
3-hydroxy-5-methyl-2-thiophenecarboxylic acid,
3-hydroxy-6-methyl-2H-pyran-2-one,73692-69-0
"3-hydroxy-7,8-dihydro-&beta;-ionol",172705-13-4
3-hydroxybenzaldehyde (=m-hydroxybenzaldehyde),100-83-4
3-hydroxybenzeneethanol,13398-94-2
3-hydroxybenzenemethanol,620-24-6
3-hydroxybenzoic acid (=m-hydroxybenzoic acid),99-06-9
3-hydroxybutanal,107-89-1
3-hydroxybutanoic acid,300-85-6
3-hydroxybutanoic acid lactone (=&beta;-butyrolactone),3068-88-0
3-hydroxycinnamic acid (=m-coumaric acid),588-30-7
3-hydroxycyclohexanone,823-19-8
3-hydroxydecanoic acid,14292-26-3
3-hydroxydodecanoic acid,1883-13-2
3-hydroxyedulan,
3-hydroxyheptanoic acid,17587-29-0
3-hydroxyhexanal,96013-98-8
3-hydroxyhexanoic acid,10191-24-9
3-hydroxynonanal,22418-62-8
3-hydroxynonanoic acid,40165-87-5
3-hydroxyoctanoic acid,14292-27-4
3-hydroxyoctyl acetate,39846-70-3
3-hydroxypropanal,2134-29-4
3-hydroxypropanoic acid,503-66-2
3-hydroxypyridine,109-00-2
3-indoleacetonitrile,771-51-7
3-indoleethanol (=tryptophol),526-55-6
"3-isobutyl-2,5-dimethylpyrazine",32736-94-0
3-isobutylidenephthalide,88542-70-5
3-isobutylpyridine,14159-61-6
"3-isopentyl-2,4-pentanedione",10225-31-7
"3-isopentyl-2,5-dimethylpyrazine",18433-98-2
3-isopentylidenephthalide,91909-70-5
3-isopropenylthiophene,42908-63-4
"3-isopropyl-1,2-cyclopentanedione",55277-47-9
"3-isopropyl-2,4,5-trithiahexane (=methyl 2-methyl-1-(methylthio)propyl disulfide, 4-isopropyl-2,3,5-trithiahexane)",69078-81-5
"3-isopropyl-2,4-dithiapentane (=1,1-bis(methylthio)-2-methylpropane)",63882-89-3
"3-isopropyl-2,5-dimethylpyrazine",40790-20-3
"3-isopropyl-5-methyl-1,2,4-trithiolane",121098-28-0
"3-isopropyl-6-methyl-1,2-benzenediol (=cymopyrocatechol)",490-06-2
3-isopropylphenol,618-45-1
3-isothujanol,35732-36-6
3-keto-''-ionone,98910-85-1
3-mercapto-1-butanol,31030-39-4
3-mercapto-1-butyl acetate,89534-38-3
3-mercapto-1-heptanol,548741-00-0
3-mercapto-1-hexanol,51755-83-0
3-mercapto-1-octanol,548741-01-1
3-mercapto-1-pentanol,548740-99-4
3-mercapto-1-propanol,19721-22-3
3-mercapto-2-(mercaptomethyl)propanoic acid (=dihydroasparagusic acid),7634-96-0
3-mercapto-2-butanone,40789-98-8
3-mercapto-2-ethylpropyl acetate,548774-77-2
3-mercapto-2-methyl-1-butanol,227456-33-9
3-mercapto-2-methyl-1-pentanol,227456-27-1
3-mercapto-2-methyl-1-propanol,56160-79-3
3-mercapto-2-methylbutyl acetate,548774-83-0
3-mercapto-2-methylpentanal,227456-28-2
3-mercapto-2-methylpropanoic acid,26473-47-2
3-mercapto-2-methylpropyl acetate,548774-75-0
3-mercapto-2-pentanone,67633-97-0
3-mercapto-3-methyl-1-butanol,34300-94-2
3-mercapto-3-methylbutanal,308805-43-8
3-mercapto-3-methylbutyl acetate,50746-09-3
3-mercapto-3-methylbutyl formate,50746-10-6
3-mercapto-4-methyl-1-pentanol,933455-14-2
3-mercapto-4-methylpentyl acetate,933455-15-3
3-mercaptoheptanal,473438-37-8
3-mercaptohexanal,51755-72-7
3-mercaptohexyl acetate,136954-20-6
3-mercaptohexyl butanoate,136954-21-7
3-mercaptohexyl hexanoate,136954-22-8
3-mercaptohexyl pentanoate,959029-79-9
3-mercaptooctanal,473438-39-0
3-mercaptooctyl acetate,548774-79-4
3-mercaptopentanal,473438-35-6
3-mercaptopentyl acetate,548774-76-1
3-mercaptopropyl acetate,26473-61-0
3-methoxy-2(5H)-furanone (=2-methoxy-2-buten-4-olide),35214-62-1
"3-methoxy-2,5-dimethylpyrazine",19846-22-1
3-methoxy-2-butanol,53778-72-6
3-methoxy-2-methyl-4-pyrone,4780-14-7
3-methoxy-p-3-menthen-2-one (=&psi;-diosphenol methyl ether),57074-39-2
3-methoxyacetophenone,586-37-8
3-methoxybenzaldehyde,591-31-1
3-methoxybenzoic acid (=m-anisic acid),586-38-9
3-methoxybutanol,2517-43-3
3-methoxyphenol,150-19-6
3-methoxypyridine,7295-76-3
"3-methyl-1,1-bis(3-methylbutoxy)butane",
"3-methyl-1,2,4-trithiane",43040-01-3
"3-methyl-1,2-benzenediol",488-17-5
"3-methyl-1,2-cyclopentanedione (=cyclotene) (=CAS no [80-71-7])",765-70-8
"3-methyl-1,3-butanediol",2568-33-4
"3-methyl-1,5-pentanediol",4457-71-0
3-methyl-1-(2-methylbutyl)-pyrrole,78368-66-8
3-methyl-1-butanamine (=isopentylamine),107-85-7
3-methyl-1-butanethiol,541-31-1
3-methyl-1-butanol (=isoamyl alcohol),123-51-3
3-methyl-1-buten-2-ol,79144-27-7
3-methyl-1-butene,563-45-1
3-methyl-1-hexanol,13231-81-7
3-methyl-1-indanone,6072-57-7
3-methyl-1-nitrobutane,627-67-8
3-methyl-1-pentanol,589-35-5
3-methyl-1-penten-3-ol,918-85-4
3-methyl-1H-pyrrole,616-43-3
3-methyl-2(3H)-furanone,25414-24-8
3-methyl-2(5H)-furanone,22122-36-7
"3-methyl-2,3-dihydrofuran",1708-27-6
"3-methyl-2,4,5-trithiaoctane",183554-14-5
"3-methyl-2,4-dithiaheptane (=1-(methylthio)-1-(propylthio)ethane)",183554-11-2
"3-methyl-2,4-dithiahexane (=1-(ethylthio)-1-(methylthio)ethane)",76229-82-8
"3-methyl-2,4-nonanedione",113486-29-6
"3-methyl-2,5-dihydrofuran",1708-31-2
3-methyl-2-(n-pentanyl)-2-cyclopenten-1-one (=dihydrojasmone),1128-08-1
3-methyl-2-[3-(4-methylphenyl)butyl]furan,
3-methyl-2-butanethiol,2084-18-6
3-methyl-2-butanol,598-75-4
3-methyl-2-butanone,563-80-4
3-methyl-2-buten-1-ol (=prenol),556-82-1
3-methyl-2-buten-1-yl 2-methyl-2-butenoate,765300-33-2
3-methyl-2-butenal (=prenal),107-86-8
3-methyl-2-butene-1-thiol,5287-45-6
3-methyl-2-butenoic acid (=senecioic acid),541-47-9
3-methyl-2-butenyl 2-methylbutanoate,84254-80-8
3-methyl-2-butenyl 3-methyl-2-butenoate (=3-methyl-2-butenyl senecioate),72779-06-7
3-methyl-2-butenyl 3-methylbutanoate,89026-29-9
3-methyl-2-butenyl acetate (=2-isopentenyl acetate),1191-16-8
3-methyl-2-butenyl formate (=prenyl formate),68480-28-4
3-methyl-2-butenyl hexanoate,76649-22-4
3-methyl-2-cyclohexen-1-one,1193-18-6
3-methyl-2-cyclopenten-1-one,2758-18-1
3-methyl-2-cyclopentene-1-thione,30221-52-4
3-methyl-2-heptanol,31367-46-1
3-methyl-2-heptanone,2371-19-9
3-methyl-2-hexanol,2313-65-7
3-methyl-2-hexen-1-ol,70771-72-1
3-methyl-2-hexenal,844467-54-5
3-methyl-2-nonen-4-one,84607-56-7
3-methyl-2-oxobutanoic acid,759-05-7
3-methyl-2-oxopentanoic acid,39748-49-7
3-methyl-2-pentanol,565-60-6
3-methyl-2-pentanone,565-61-7
3-methyl-2-pentene,922-61-2
3-methyl-2-pentylfuran,42908-62-3
3-methyl-2-pyridone,1003-56-1
3-methyl-2-thiophenecarbaldehyde,5834-16-2
3-methyl-2-vinylfuran,52559-01-0
3-methyl-3-buten-1-ol,763-32-6
3-methyl-3-buten-2-ol,10473-14-0
3-methyl-3-buten-2-one,814-78-8
3-methyl-3-butenenitrile,4786-19-0
3-methyl-3-butenoic acid,1617-31-8
3-methyl-3-butenyl 3-methyl-2-butenoate (=3-methyl-3-butenyl senecioate),72928-35-9
3-methyl-3-butenyl 3-methylbutanoate,54410-94-5
3-methyl-3-butenyl acetate,5205-07-2
3-methyl-3-butenyl butanoate,54702-13-5
3-methyl-3-butenyl hexanoate,53655-22-4
3-methyl-3-butenyl octanoate,121173-45-3
3-methyl-3-butenyl pentanoate,80039-51-6
3-methyl-3-butenyl propanoate,40882-88-0
3-methyl-3-heptanol,5582-82-1
3-methyl-3-hepten-2-one,39899-08-6
3-methyl-3-heptenal,1937209-25-0
3-methyl-3-octanol,5340-36-3
3-methyl-3-pentanol,77-74-7
3-methyl-4-decen-1-ol,58203-65-9
3-methyl-4-decenyl acetate,25523-95-9
3-methyl-4-heptanone,15726-15-5
3-methyl-4-isopropyl-phenol,3228-02-2
3-methyl-4-nonene,75935-82-9
3-methyl-4-penten-1-yl acetate,71487-16-6
"3-methyl-5-isobutyl-1,2,4-trithiolane",134281-06-4
"3-methyl-5-pentyl-1,2,4-trithiolane",101517-93-5
3-methyl-5-pentyl-2-furannonanoic acid,57818-39-0
3-methyl-5-pentyl-2-furanundecanoic acid,57818-37-8
3-methyl-6-nonen-2-one,
3-methylacetophenone,585-74-0
3-methylbenzaldehyde (=m-tolualdehyde),620-23-5
3-methylbenzonitrile (=m-tolunitrile),620-22-4
3-methylbicyclo[3.3.0]octane,32273-77-1
3-methylbiphenyl,643-93-6
"3-methylbutanal (=isopentanal, isovaleraldehyde)",590-86-3
3-methylbutanal N-formyl-N-methyl-hydrazone,61748-18-3
3-methylbutanal O-methyloxime,155167-55-8
3-methylbutanal oxime,626-90-4
3-methylbutanamide (=isovaleramide),541-46-8
3-methylbutanenitrile (=isobutyl cyanide),625-28-5
3-methylbutanoic acid (=isovaleric acid),503-74-2
3-methylbutenyl acetate (unkn.str.),87853-92-7
3-methylbutyl 3-methyl-2-butenoate,56922-73-7
3-methylbutyl 4-methyl-2-pentenoate,1215128-10-1
3-methylbutyl 4-methylpentanoate,25415-72-9
3-methylbutyl 5-methylhexanoate,1215127-87-9
"3-methylcyclohexane-1,2-dione",3008-43-3
3-methylcyclohexanol,591-23-1
3-methylcyclohexanone,591-24-2
3-methylcyclopentanone,1757-42-2
3-methyldecane,13151-34-3
3-methyldibenzothiophene,16587-52-3
3-methyldithian-4-one,90238-76-9
3-methyldocosane,72227-00-0
3-methyleicosane,6418-46-8
3-methylene-2-pentanone,4359-77-7
3-methylfuran,930-27-8
3-methylfurfural,33342-48-2
3-methylheneicosane,6418-47-9
3-methylheptacosane,14167-66-9
3-methylheptadecane,6418-44-6
3-methylheptane,589-81-1
3-methylheptanoic acid,53663-30-2
3-methylhexacosane,65820-56-6
3-methylhexane,589-34-4
3-methylhexanedioic acid (=&beta;-methyladipic acid),3058-01-3
3-methylhexanoic acid,3780-58-3
3-methylindene,767-60-2
3-methylindole (=skatole),83-34-1
3-methylisothiazole,693-92-5
3-methylnonacosane,14167-67-0
3-methylnonane,5911-04-6
3-methyloctacosane,55194-25-7
3-methyloctane,2216-33-3
3-methylpentacosane,6902-54-1
3-methylpentadecane,2882-96-4
3-methylpentanal,15877-57-3
3-methylpentane,96-14-0
3-methylpentanenitrile,21101-88-2
3-methylpentanoic acid,105-43-1
3-methylpentyl (Z)-2-methyl-2-butenoate (=3-methylpentyl angelate),83783-81-7
3-methylpentyl 2-methyl-2-propenoate,113615-00-2
3-methylpentyl 2-methylpropanoate,84254-84-2
3-methylpentyl 3-methylbutanoate,35852-41-6
3-methylpentyl isothiocyanate,123954-92-7
3-methylpentyl pentanoate,113615-01-3
3-methylphenol (=m-cresol),108-39-4
3-methylphenyl acetate,122-46-3
3-methylpyridine (=&beta;-picoline),108-99-6
3-methylpyrrolidin-2-one,
"3-methylpyrrolo[1,2-a]pyrazine",64608-61-3
3-methyltetracosane,65820-52-2
3-methyltetrahydropyran,26093-63-0
3-methylthiophene,616-44-4
3-methyltricosane,13410-45-2
3-methyltridecane,6418-41-3
3-nitrosothiazolidine,73870-33-4
3-nonadecanone,27372-42-5
3-nonanol,624-51-1
3-nonanone,925-78-0
3-nonen-1-ol,51494-28-1
3-nonen-2-one,14309-57-0
3-nonenoic acid,4124-88-3
3-nonylphenol,139-84-4
3-nonyne,20184-89-8
3-octadecanone,18261-92-2
3-octadecene,79647-77-1
3-octanol,589-98-0
3-octanone,106-68-3
3-octen-1-ol,18185-81-4
3-octen-2-one,1669-44-9
3-octenal,60671-71-8
3-octene,592-98-3
3-octenol (unkn.str.),
3-octenyl acetate,7380-48-5
3-octylpyridine,58069-37-7
3-oxo-&alpha;-damascone,53398-09-7
3-oxo-&alpha;-ionol,34318-21-3
3-oxo-&alpha;-ionone,79734-43-3
3-oxo-&beta;-ionone,29790-29-2
"3-oxo-7,8-dihydro-&alpha;-ionol",
"3-oxo-7,8-dihydro-&alpha;-ionone",74233-41-3
3-oxo-p-menth-1-en-7-al,160152-34-1
3-oxo-retro-&alpha;-ionol,
"3-oxo-retro-7,8-dehydro-&alpha;-ionol (unkn.str.)",
3-oxobutanoic acid,541-50-4
3-oxobutyl acetate,10150-87-5
3-oxoindole,67285-12-5
"3-oxopentanal (=1,3-pentanedione)",623-38-1
"3-oxopentyl-2 acetate (=2-hydroxy-3-pentanone, acetate)",2983-05-3
3-p-coumaroylquinic acid,87099-71-6
3-pentadecanone,18787-66-1
3-pentanol,584-02-1
3-pentanone,96-22-0
3-penten-1-ol,39161-19-8
3-penten-2-ol,1569-50-2
3-penten-2-one,625-33-2
3-pentenal,5604-55-7
3-pentenyl butanoate,88296-24-6
3-pentyl acetate,620-11-1
3-pentyl-2-thiophenecarbaldehyde,124843-00-1
3-pentylpyridine,1802-20-6
3-phenoxy-1-propanol,6180-61-6
"3-phenyl-1-propanol (=benzenepropanol, dihydrocinnamic alcohol)",122-97-4
"3-phenyl-2-propen-1-ol (=cinnamyl alcohol, cinnamic alcohol)",104-54-1
"3-phenyl-2-propenenitrile (=cinnamonitrile, styryl cyanide)",4360-47-8
3-phenyl-2-propenyl (E)-2-methyl-2-butenoate (=cinnamyl tiglate),61792-12-9
3-phenyl-4-propylpyridine,53911-35-6
3-phenylfuran,13679-41-9
3-phenylpropanal (=dihydrocinnamaldehyde),104-53-0
3-phenylpropanamide,102-93-2
"3-phenylpropanenitrile (=phenethyl cyanide, benzenepropanenitrile)",645-59-0
3-phenylpropanoic acid (=hydrocinnamic acid),501-52-0
3-phenylpropyl acetate (=hydrocinnamyl acetate),122-72-5
3-phenylpropyl butanoate,7402-29-1
3-phenylpropyl isothiocyanate,2627-27-2
3-phenylpropyl propanoate,122-74-7
3-phenylpyridine,1008-88-4
3-phenylthiophene,
3-pinen-2-ol,43119-66-0
3-propanoylpyridine,1570-48-5
"3-propyl-1,2-cyclopentanedione",25684-04-2
3-propylfuran,42908-61-2
3-propylphenol,621-27-2
3-propylpyridine,4673-31-8
3-propylquinoline,64828-52-0
"3-pyridinecarboxylic acid, hydrazide",553-53-7
"3-tert-butyl-1,2-dihydronaphthalene",55682-81-0
3-tert-butylthiophene,1689-79-8
3-tetradecanone,629-23-2
3-thiophenecarbaldehyde,498-62-4
3-thujyl acetate,72747-24-1
3-tridecanone,1534-26-5
3-undecanone,2216-87-7
3-undecen-2-one,10522-37-9
3-vinylpyridine,1121-55-7
3-vinylthiophene,13679-64-6
"3H-1,2-dithiole (=1,2-dithia-3-cyclopentene)",288-26-6
"3a,4,5,6,7,7a-hexahydro-3,3a,7,7-tetramethyl-1H-inden-1-one",31089-96-0
"3a,4-dihydro-3-isobutylidenephthalide",66983-88-8
"3a,4-dihydro-3-isopentylidenephthalide",99054-84-9
"4&beta;,5&beta;,7&alpha;,10&alpha;-selin-11-en-5-ol",
"4',5,6,7-tetramethoxyflavone",1168-42-9
4'-hydroxyacetophenone,99-93-4
4(14)-salvialen-1-one,73809-82-2
"4(14)-salvialene 1,5-oxide",88395-47-5
4(5)-carene,29050-33-7
4(or 3)-methylfurfuryl alcohol (unkn.str.),106188-67-4
"4,10,10-trimethyl-7-methylenebicyclo[6.2.0]decane-4-carbaldehyde",1140-71-2
"4,11,11-trimethyl-8-methylenebicyclo[7.2.0]undecan-5-one",
"4,11-selinadiene",17627-30-4
"4,4'-dimethyl-1,1'-biphenyl",613-33-2
"4,4,6-trimethyltetrahydro-2H-pyran-2-one",
"4,4-dibromo-1-iodo-3-buten-2-one",59228-06-7
"4,4-dibromo-3-buten-2-one",59228-04-5
"4,4-diethoxy-2-butanone",20082-91-1
"4,4-dimethyl-2,3,5-trithiahexane (=methyl 1-methyl-1-(methylthio)ethyl disulfide)",69078-84-8
"4,4-dimethyl-2-pentene",26232-98-4
"4,4-dimethyl-3-phenyl-2,5-cyclohexadien-1-one",55162-56-6
"4,4-dimethyltricyclo[6.3.2.0(2,5)]tridec-8-en-1-ol",104407-43-4
"4,4a,5,6-tetrahydro-4,4,7-trimethyl-2(3H)-naphthalenone",5835-19-8
"4,4a-epoxy-4,4a-dihydroedulan",
"4,5,7-trimethylindan",6682-06-0
"4,5-dibutyl-2-isopropylthiazole",
"4,5-dibutyl-2-methyloxazole",104638-08-6
"4,5-dibutyloxazole",104638-12-2
"4,5-diepiaristolochene",54868-40-5
"4,5-diethyl-2-pentyloxazole",
"4,5-diethyl-2-propylthiazole",77311-08-1
"4,5-dihydro-2-methylthiophene",4610-02-0
"4,5-dihydro-3-pentylidenephthalide",82427-00-7
"4,5-dihydro-3-pentylphthalide",128575-99-5
"4,5-dihydroxyhexanoic acid &gamma;-lactone (5-ring) (=sherry lactone, dihydrosolerone, solerole)",105814-63-9
"4,5-dihydroxyhexanoic acid lactone (5-ring), (4R,5R)- (=(4R,5R)-solerol)",114220-37-0
"4,5-dihydroxyhexanoic acid lactone (5-ring), (4R,5S)- (=(4R,5S)-solerol)",114420-35-8
"4,5-dihydroxyhexanoic acid lactone (5-ring), (4S,5R)- (=(4S,5R)-solerol)",89195-92-6
"4,5-dihydroxyhexanoic acid lactone (5-ring), (4S,5S)- (=(4S,5S)-solerol)",56452-73-4
"4,5-dimethyl-(2H,5H)-dihydrofuran-2,3-dione",
"4,5-dimethyl-1,3-dioxolane-2-propanamine",85236-72-2
"4,5-dimethyl-2(5H)-furanone",10547-85-0
"4,5-dimethyl-2-octylthiazole",87262-52-0
"4,5-dimethyl-2-pentyloxazole",84028-05-7
"4,5-dimethyl-2-pentylthiazole",86290-22-4
"4,5-dimethyl-2-propyl-1,3-dioxolane",6414-34-2
"4,5-dimethyl-2-propyl-3-thiophenecarbaldehyde",326591-77-9
"4,5-dimethyl-2-propyloxazole",53833-32-2
"4,5-dimethyl-2-propylthiazole",41981-72-0
"4,5-dimethyl-3H-1,2-dithiol-3-thione",3354-39-0
"4,5-dimethyl-4-cyclopentene-1,3-dione",18515-43-0
"4,5-dimethylisoxazole",7064-40-6
"4,5-dimethyloxazole",20662-83-3
"4,5-dimethylthiazole",3581-91-7
"4,5-epithio-3-hydroxypentanenitrile",30381-35-2
"4,5-epithiocaryophyllene",65563-95-3
"4,5-epithiohumulene",74841-84-2
"4,5-epithiopentanenitrile",54096-45-6
"4,5-epoxy-p-1-menthene",17023-75-5
"4,5-octanedione",5455-24-3
"4,6,8-megastigmatrien-3-ol",13215-90-2
"4,6,8-megastigmatrien-3-one",13215-88-8
"4,6,8-megastigmatriene",55497-53-5
"4,6-decadiene",55682-65-0
"4,6-dibutyldihydro-2-methyl-1,3,5(4H)-dithiazine",101517-82-2
"4,6-dihydroxy-2,3-dimethylbenzaldehyde",2990-31-0
"4,6-dihydroxyhexanoic acid lactone (5-ring)",78344-33-9
"4,6-dimethoxy-3(2H)-benzofuranone",4225-35-8
"4,6-dimethyl-2,3,5,7-tetrathiaoctane",
"4,6-dimethyl-4-octanol",56065-43-1
"4,6-dimethyldecanoic acid",56078-96-7
"4,6-dimethyldodecane",61141-72-8
"4,6-dimethylnonanoic acid",56078-94-5
"4,6-dimethyloctanoic acid",19343-70-5
"4,6-dimethylpyrimidine",1558-17-4
"4,6-dipropyldodecane",75935-80-7
"4,7,10,13,16,19-docosahexaenoic acid",2091-24-9
"4,7,9-megastigmatrien-3-one",
"4,7-dimethyl-4-octanol",19781-13-6
"4,7-dimethylbenzofuran",28715-26-6
"4,7-dimethylbicyclo[3.2.1]oct-3-en-2-one",185148-39-4
"4,8-decadienoic acid",13159-49-4
"4,8-dihydroxycarvotanacetone",
"4,8-dimethyl-1,3,7-nonatriene",51911-82-1
"4,8-dimethyl-4,7-nonadien-2-one",6820-03-7
"4,8-dimethyldecanoic acid",87106-36-3
"4,8-dimethylquinoline",13362-80-6
"4,8-dimethyltridecane",55030-62-1
"4-(1,1-dimethylpropyl)-phenol",80-46-6
"4-(1,3-butadienyl)-1,2-dimethoxybenzene",56633-34-2
"4-(1-butenyl)-1,2-dimethoxybenzene",68719-73-3
4-(1-ethoxyethyl)-2-methoxyphenol,6331-23-3
4-(1-ethoxyethyl)-phenol,90422-07-4
"4-(2,2,3,3-tetramethylbutyl)phenol",54932-78-4
"4-(2,2,6-trimethyl-1-cyclohexyl)-3-buten-2-one",36208-32-9
"4-(2,3,6-trimethylphenyl)-3-buten-2-one",56681-06-2
"4-(2,6,6-trimethyl-1,3-cyclohexadien-1-yl)-3-butyn-2-ol",79925-81-8
"4-(2,6,6-trimethyl-2,4-cyclohexadienyl)-3-buten-2-ol",79925-79-4
"4-(2,6,6-trimethylcyclohexyl)-2-butanone (=tetrahydroionone)",6138-85-8
4-(2-furyl)-3-buten-2-one,623-15-4
4-(2-methylbutoxy)-2-pentanone,79926-00-4
"4-(3,4-dimethoxyphenyl)-2-butanone (=methylzingerone)",6302-60-9
"4-(3-hydroxy-1-butenylidene)-3,5,5-trimethyl-2-cyclohexen-1-one",
4-(3-methylbutoxy)-2-pentanone,79925-97-6
"4-(4-hydroxyphenyl)-2-butanone (=raspberry ketone, frambinone)",5471-51-2
4-(4-hydroxyphenyl)-3-methyl-2-butanone,66422-88-6
4-(4-hydroxyphenyl)butanoic acid,7021-11-6
4-(4-methylphenyl)pentanal,4895-19-6
"4-(5-hydroxy-2,6,6-trimethyl-1-cyclohexen-1-yl)-3-buten-2-one",69050-59-5
4-(5-methyl-2-furyl)-2-butanone,13679-56-6
4-(5-methyl-2-furyl)-3-buten-2-one,23120-57-2
"4-(6,6-dimethyl-2-methylene-3-cyclohexenyl)-3-buten-2-ol",79925-80-7
4-(ethoxycarbonyl)-4-hydroxy-butanoic acid lactone,26817-24-3
"4-(hydroxymethyl)-2-methyl-1,3-dioxolane",3773-93-1
4-(iso)hydroxyisopulegone,18194-21-3
4-(methylsulfinyl)but-3-enyl isothiocyanate,
4-(methylsulfinyl)butanenitrile,61121-65-1
4-(methylsulfinyl)butyl isothiocyanate,4478-93-7
4-(methylsulfonyl)but-3-enyl isothiocyanate,
4-(methylsulfonyl)butanenitrile,34502-60-8
4-(methylthio)-1-butanol,20582-85-8
4-(methylthio)-2-butanone,34047-39-7
4-(methylthio)-2-oxobutanoic acid,583-92-6
4-(methylthio)-3-butenenitrile,36756-71-5
4-(methylthio)-3-butenyl isothiocyanate,51598-96-0
4-(methylthio)acetophenone,1778-09-2
4-(methylthio)butanenitrile (=3-(methylthio)propyl cyanide),59121-24-3
4-(methylthio)butyl isothiocyanate,4430-36-8
"4-(sec-butyl)-2,3,5-trithiahexane (=methyl 2-methyl-1-(methylthio)butyl disulfide)",69078-83-7
4-Aminobutyric acid,56-12-2
4-O-caffeoylquinic acid,905-99-7
4-O-feruloylquinic acid,2613-86-7
4-Phenyl-2-butyl acetate,10415-88-0
4-[2-(dimethylamino)ethyl]phenol (=hordenine),539-15-1
4-acetoxy-&alpha;-vinylbenzenemethanol (=1-hydroxychavicol acetate),101135-02-8
"4-acetoxy-2,2,6-trimethyl-6-vinyltetrahydropyran",54927-99-0
"4-acetoxy-2,5-dimethyl-3(2H)-furanone (=furaneol acetate)",4166-20-5
4-acetoxyisomenthone,57426-90-1
4-acetoxyisopulegone,
"4-acetyl-1,4-dimethylcyclohexene",43219-68-7
4-acetyl-1-methylcyclohexene,6090-09-1
4-acetyl-2-isopropenylpyridine,142896-12-6
4-acetyl-2-methylpyrimidine,67860-38-2
4-acetylpyrazole,25016-16-4
4-acetylpyridine,1122-54-9
4-allyl-1-ethoxy-2-methoxybenzene,74368-00-6
"4-allyl-2,6-dimethoxyphenol (=5-methoxyeugenol)",6627-88-9
4-allylphenol (=chavicol),501-92-8
4-allylphenyl acetate (=chavicol acetate),61499-22-7
4-aminoacetophenone,99-92-3
4-aminophenol,123-30-8
4-biphenylamine (=p-phenylaniline),92-67-1
4-biphenylcarbaldehyde (=4-phenylbenzaldehyde),3218-36-8
4-bromophenol,106-41-2
4-butoxy-1-butanol,4161-24-4
"4-butyl-1,2-dimethoxybenzene",59056-76-7
4-butyl-2(or 5)-methyloxazole (unkn.str.),
"4-butyl-2,5-dimethyloxazole",30408-62-9
"4-butyl-2,5-dimethylthiazole",41981-77-5
4-butyl-2-methyloxazole,84027-87-2
4-butyl-2-thiophenecarbaldehyde,163461-01-6
"4-butyldihydro-2,6-dimethyl-1,3,5(4H)-dithiazine",101517-79-7
"4-butyldihydro-2-methyl-6-pentyl-1,3,5(4H)-dithiazine",120882-14-6
"4-butyldihydro-6-methyl-2-propyl-1,3,5(4H)-dithiazine",134281-19-9
4-butyloxazole,79886-36-5
4-butylphenol,1638-22-8
4-butylpyridine,5335-75-1
4-butylquinoline,74808-78-9
4-butylthiazole,53833-33-3
4-chloro-3-methylphenol,59-50-7
4-chlorophenol,106-48-9
4-cyclopentylidene-2-butanone,51004-21-8
4-decanone,624-16-8
4-decen-1-ol,72255-83-5
4-decen-3-one,
4-decenal,30390-50-2
4-decenoic acid,26303-90-2
4-decenyl acetate,67452-28-2
4-decyne,2384-86-3
4-dodecenal,30390-51-3
"4-ethoxy-2,5-dimethyl-3(2H)-furanone",65330-49-6
4-ethoxy-2-butanone,60044-74-8
4-ethoxy-2-pentanone,33330-50-6
4-ethoxy-4-hydroxybutanoic acid lactone,932-85-4
4-ethoxy-6-methyl-2-heptanone,79925-98-7
4-ethoxybenzaldehyde,10031-82-0
4-ethoxybenzoic acid (=p-ethoxybenzoic acid),619-86-3
"4-ethyl-1,2-benzenediol",1124-39-6
"4-ethyl-1,2-dimethoxybenzene",5888-51-7
"4-ethyl-1,2-dimethylbenzene",934-80-5
"4-ethyl-1,3-benzenediol",2896-60-8
4-ethyl-1-octyn-3-ol,5877-42-9
"4-ethyl-2,3,5,6,7-pentathiaoctane",126876-34-4
"4-ethyl-2,3,5,6-tetrathia-7-nonene",126876-31-1
"4-ethyl-2,3,5,6-tetrathiaheptane",126876-42-4
"4-ethyl-2,3,5,6-tetrathianonane",126876-30-0
"4-ethyl-2,3,5-trithia-6-octene",126876-23-1
"4-ethyl-2,3,5-trithiahexane (=methyl 1-(methylthio)propyl disulfide)",53897-66-8
"4-ethyl-2,3,5-trithiaoctane",126876-21-9
"4-ethyl-2,5-dimethyl-3-oxazoline",60633-23-0
"4-ethyl-2,5-dimethyloxazole",30408-61-8
"4-ethyl-2,5-dimethylthiazole",32272-57-4
"4-ethyl-2,5-dipropylthiazole",
"4-ethyl-2,6-dimethoxyphenol (=4-ethylsyringol)",14059-92-8
"4-ethyl-2,6-dimethyl-4-heptanol",54460-99-0
"4-ethyl-2,6-dimethyl-4H-1,3,5-dithiazine",137867-52-8
4-ethyl-2-heptyl-5-methylthiazole,87262-51-9
4-ethyl-2-hydroxy-3-methyl-2-cyclopenten-1-one,71387-71-8
4-ethyl-2-isobutyl-5-methyloxazole,
4-ethyl-2-isopropyl-5-methyloxazole,84027-96-3
4-ethyl-2-isopropyl-5-methylthiazole,87116-68-5
4-ethyl-2-methoxyphenol (=4-ethylguaiacol),2785-89-9
4-ethyl-2-methyl-5-propyloxazole,88300-06-5
4-ethyl-2-methyl-5-propylthiazole,41981-75-3
4-ethyl-2-methyloxazole,53833-20-8
4-ethyl-2-methylphenol,2219-73-0
4-ethyl-2-methylthiazole,32272-48-3
4-ethyl-2-methylthiophene,66577-04-6
4-ethyl-2-thiophenecarbaldehyde,21426-18-6
"4-ethyl-3,4-dimethyl-2,5-cyclohexadien-1-one",17429-35-5
"4-ethyl-3,5,6-trithianonane",137887-24-2
4-ethyl-3-octene,53966-51-1
"4-ethyl-4-methyl-2,3,5-trithiahexane",
4-ethyl-5-methyl-2-propylthiazole,86290-19-9
4-ethyl-5-methyloxazole,53833-28-6
4-ethyl-5-methylthiazole,52414-91-2
4-ethyl-5-pentyloxazole,79886-43-4
"4-ethyl-6-pentyl-1,2,3,5-tetrathiane",126876-38-8
4-ethylacetophenone,937-30-4
4-ethylbenzaldehyde,4748-78-1
4-ethylbenzoic acid,619-64-7
4-ethylcyclohexanol,4534-74-1
4-ethylcyclohexanone,5441-51-0
"4-ethyldihydro-2,6-dimethyl-1,3,5(4H)-dithiazine",54717-13-4
"4-ethyldihydro-6-methyl-2-propyl-1,3,5(4H)-dithiazine",121098-20-2
4-ethylheptanoic acid,132735-95-6
4-ethyloctanoic acid,16493-80-4
4-ethyloxazole,54300-20-8
4-ethylphenol,123-07-9
4-ethylpyridine,536-75-4
4-ethyltetradecane,55045-14-2
4-ethylthiazole,17626-72-1
4-heptanol,589-55-9
4-heptanone,123-19-3
4-hepten-1-ol,20851-55-2
4-hepten-2-ol,66642-85-1
4-hepten-2-one,24332-22-7
4-heptenal,62238-34-0
4-hexen-1-ol,6126-50-7
4-hexen-3-one,2497-21-4
4-hexenoic acid,35194-36-6
"4-hexyl-2,5-dimethyloxazole",20662-86-6
4-hydroxy-&beta;-ionol,27185-80-4
4-hydroxy-&beta;-ionone,14398-34-6
4-hydroxy-1-methyldecanoic acid lactone,77811-13-3
"4-hydroxy-2,2,6-trimethyl-6-vinyltetrahydropyran",54928-00-6
"4-hydroxy-2,2,6-trimethylcyclohexanone",20548-02-1
"4-hydroxy-2,6,6-trimethyl-1-cyclohexene-1-acetaldehyde",83646-56-4
"4-hydroxy-2,6,6-trimethyl-1-cyclohexenecarbaldehyde (=4-hydroxysafranal)",35692-94-5
"4-hydroxy-2,6,6-trimethyl-2-cyclohexen-1-one",19620-37-2
"4-hydroxy-2,6,6-trimethyl-3-oxo-1,4-cyclohexadienecarbaldehyde",35692-95-6
"4-hydroxy-2,6,6-trimethyl-3-oxo-1-cyclohexenecarbaldehyde",
4-hydroxy-2-(hydroxymethyl)-5-methyl-3(2H)-furanone,17678-20-5
4-hydroxy-2-butanone,590-90-9
4-hydroxy-2-methoxybenzaldehyde,18278-34-7
4-hydroxy-2-methoxycinnamaldehyde,127321-19-1
"4-hydroxy-2-methyl-1,3-cyclopentanedione",4800-04-8
4-hydroxy-2-methylbutanoic acid lactone (=3-methyltetrahydrofuran-2-one),1679-47-6
"4-hydroxy-2-octenoic acid lactone (=2-octen-4-olide, 5-butyl-2(5H)-furanone)",30336-14-2
4-hydroxy-2-pentanone,4161-60-8
4-hydroxy-2-vinylbenzenemethanol di-acetate (=1-acetoxychavicol acetate),52946-22-2
"4-hydroxy-3,5,5-trimethyl-2-cyclohexen-1-one",14203-59-9
"4-hydroxy-3,5,5-trimethyl-4-(3-oxo-1-butynyl)-2-cyclohexen-1-one",120853-12-5
"4-hydroxy-3,5,6-trimethyl-4-(3-oxo-1-butenyl)-2-cyclohexen-1-one",77846-84-5
"4-hydroxy-3,5-dimethoxybenzoic acid (=syringic acid)",530-57-4
"4-hydroxy-3,5-dimethoxycinnamic acid (=sinapic acid)",530-59-6
4-hydroxy-3-(methylthio)butanoic acid lactone,40587-54-0
4-hydroxy-3-hexanone (=propionoin),4984-85-4
4-hydroxy-3-methoxy-&alpha;-vinyl-benzenemethanol diacetate (=1-acetoxyeugenol acetate),53890-24-7
"4-hydroxy-3-methoxybenzaldehyde 2,3-butanediyl acetal",4359-31-3
4-hydroxy-3-methoxybenzoic acid (=vanillic acid),121-34-6
4-hydroxy-3-methoxybenzyl alcohol (=vanillin alcohol),498-00-0
4-hydroxy-3-methoxybenzyl methyl ether (=methyl vanillyl ether),5533-03-9
4-hydroxy-3-methoxycinnamic acid (=ferulic acid),1135-24-6
4-hydroxy-3-methylbutanoic acid lactone,1679-49-8
4-hydroxy-3-methylnonanoic acid lactone,33673-62-0
4-hydroxy-3-methyloctanoic acid lactone,39212-23-2
4-hydroxy-3-methylpentanoic acid lactone,6971-63-7
4-hydroxy-3-propyl-2-hexanone,134332-15-3
"4-hydroxy-4-(3xi-hydroxy-1-butenyl)-3,5,5-trimethyl-2-cyclohexen-1-one",24427-77-8
"4-hydroxy-4-(3xi-hydroxy-1-butenyl)-3,5,5-trimethyl-2-cyclohexen-1-one (isomer)",
4-hydroxy-4-ethylheptanoic acid lactone,917596-08-8
4-hydroxy-4-ethylnonanoic acid lactone,214263-84-0
4-hydroxy-4-ethyloctanoic acid lactone,68188-98-7
4-hydroxy-4-methyl-2-cyclohexen-1-one,70150-56-0
4-hydroxy-4-methyl-2-pentanone (=diacetone alcohol),123-42-2
"4-hydroxy-4-methyl-5-hexenoic acid lactone (=lavender lactone, 5-methyl-5-vinyldihydro-2(3H)-furanone)",1073-11-6
4-hydroxy-4-methyldecanoic acid lactone,7011-83-8
4-hydroxy-4-methylheptanoic acid lactone,3284-93-3
4-hydroxy-4-methylhexanoic acid lactone,2865-82-9
4-hydroxy-4-methylnonanoic acid lactone,52908-82-4
4-hydroxy-4-methyloctanoic acid lactone,3285-00-5
"4-hydroxy-4-methylpentanoic acid lactone (=4,4-dimethylbutanolide)",3123-97-5
4-hydroxy-4-methyltetrahydro-2H-pyran-2-one,674-26-0
4-hydroxy-5-hexenoic acid lactone,21963-38-2
4-hydroxy-5-oxoheptanoic acid lactone,61892-49-7
4-hydroxy-5-oxohexanoic acid lactone (5-ring) (=solerone),29393-32-6
4-hydroxy-6-dodecenoic acid lactone,15456-69-6
4-hydroxy-6-isopropyl-3-methyl-2-cyclohexen-1-one,141978-04-3
"4-hydroxy-7-decenoic acid lactone (=7-decen-4-olide, &gamma;-jasmolactone)",67114-38-9
4-hydroxy-methylbutanoic acid lactone (unkn.str.),82000-10-0
4-hydroxy-methylheptanoic acid lactone (unkn.str.),
4-hydroxybenzaldehyde (=4-formylphenol),123-08-0
4-hydroxybenzoic acid (=p-hydroxybenzoic acid),99-96-7
4-hydroxybenzyl alcohol,623-05-2
4-hydroxybenzyl methyl ether,5355-17-9
4-hydroxybutanoic acid,591-81-1
4-hydroxybutanoic acid lactone,96-48-0
4-hydroxycinnamic acid (=p-coumaric acid),7400-08-0
"4-hydroxydecanoic acid lactone (=4-decanolide, &gamma;-decalactone)",706-14-9
4-hydroxydodec-2-enoic acid lactone (=&gamma;-2-dodecenolactone),17756-68-2
"4-hydroxydodecanoic acid lactone (=4-dodecanolide, &gamma;-dodecalactone)",2305-05-7
4-hydroxyglucobrassicin,83327-20-2
4-hydroxyheptadecanoic acid lactone,110071-72-2
"4-hydroxyheptanoic acid lactone (=4-heptanolide, &gamma;-heptalactone)",105-21-5
4-hydroxyhexadecanoic acid lactone,730-46-1
"4-hydroxyhexanoic acid lactone (=&gamma;-hexalactone, &gamma;-caprolactone, 4-hexanolide)",695-06-7
4-hydroxyisomenthone,74219-28-6
4-hydroxymenthone,7599-80-6
4-hydroxynonanoic acid lactone,104-61-0
4-hydroxyoctadecanoic acid lactone,502-26-1
"4-hydroxyoctanoic acid lactone (=4-octanolide, &gamma;-octalactone, 5-butyldihydro-2(3H)-furanone)",104-50-7
4-hydroxypentadecanoic acid lactone,29619-77-0
"4-hydroxypentanoic acid lactone (=&gamma;-valerolactone, 4-pentanolide)",108-29-2
4-hydroxyphenylacetonitrile,14191-95-8
4-hydroxypiperitone,41853-05-8
4-hydroxypiperitone oxide,125185-60-6
4-hydroxytetradecanoic acid lactone (=&gamma;-tetradecalactone),2721-23-5
"4-hydroxytridecanoic acid lactone (=4-tridecanolide, &gamma;-tridecalactone)",7370-36-7
"4-hydroxyundecanoic acid lactone (=4-undecanolide, &gamma;-undecalactone)",104-67-6
"4-isobutyl-2,3,5-trithiahexane (=methyl 3-methyl-1-(methylthio)butyl disulfide)",69078-82-6
4-isopropenyl-2-methylpyridine,13854-02-9
"4-isopropenyl-3-methylenecyclohexene (=o-1(7),5,8-menthatriene)",76786-83-9
4-isopropenylbenzaldehyde,10133-50-3
4-isopropenylcyclohexanone,22460-53-3
4-isopropenylcyclohexenecarbaldehyde (unkn.str.),
4-isopropenylpyridine,17755-30-5
4-isopropyl-1-methyl-2(Z)-(1-propenyl)benzene,79925-91-0
"4-isopropyl-2,6-dimethoxyphenol (=4-isopropylsyringol)",53667-10-0
4-isopropyl-2-cyclohexen-1-one (=cryptone),500-02-7
4-isopropyl-2-methoxy-1-methylbenzene (=methylcarvacrol),6379-73-3
4-isopropyl-2-methoxyphenol (=4-isopropylguaiacol),53587-16-9
4-isopropyl-2-methyl-3-octanone,103088-62-6
4-isopropyl-2-methylpyridine,13854-03-0
4-isopropyl-3-methoxybenzyl alcohol,66498-33-7
4-isopropyl-N-phenylaniline,5650-10-2
4-isopropylacetophenone (=p-acetylcumene),645-13-6
4-isopropylbenzaldehyde (=cuminaldehyde),122-03-2
4-isopropylbenzoic acid (=cumic acid),536-66-3
"4-isopropylbenzyl alcohol (=cumic alcohol, p-cymen-7-ol)",536-60-7
4-isopropylcyclohexanol,4621-04-9
4-isopropylcyclohexanone,5432-85-9
4-isopropylidene-2-cyclohexen-1-one,64317-84-6
4-isopropylphenol,99-89-8
4-maalien-3-one,
4-mercapto-3-hexanone,1229617-42-8
4-mercapto-4-methyl-1-pentanol,1316844-15-1
4-mercapto-4-methyl-2-pentanone,19872-52-7
4-mercapto-4-methyl-2-pentyl acetate,50746-11-7
4-mercapto-5-methyl-2-hexanone,181356-02-5
"4-methoxy-2,5-dimethyl-3(2H)-furanone (=mesifurane)",4077-47-8
4-methoxy-2-methyl-2-butanethiol,94087-83-9
4-methoxyacetophenone (=acetanisole),100-06-1
4-methoxybenzaldehyde (=anisaldehyde),123-11-5
4-methoxybenzaldehyde oxime,3717-21-3
4-methoxybenzoic acid (=p-anisic acid),100-09-4
4-methoxybenzyl alcohol (=anis alcohol),105-13-5
4-methoxybenzyl methyl ether (=anisyl methyl ether),1515-81-7
4-methoxybenzyl propanoate (=anisyl propanoate),101773-23-3
4-methoxycinnamaldehyde,1963-36-6
4-methoxycinnamic acid,830-09-1
4-methoxyphenol (=p-guaiacol),150-76-5
4-methoxyphenyl methyl sulfide (=p-methoxythioanisole),1879-16-9
"4-methyl-1,2-benzenediol",452-86-8
"4-methyl-1,3-benzenediol",496-73-1
4-methyl-1-heptyn-3-ol,
4-methyl-1-hexanol,818-49-5
4-methyl-1-hexene,3769-23-1
4-methyl-1-indanone,24644-78-8
4-methyl-1-pentanol,626-89-1
4-methyl-1-penten-3-ol,4798-45-2
4-methyl-2(5H)-furanone,6124-79-4
"4-methyl-2,3,5-trithiaheptane",183554-17-8
"4-methyl-2,3,5-trithiahexane (=methyl 1-(methylthio)ethyl disulfide)",4413-29-0
"4-methyl-2,3-dihydrofuran",34314-83-5
"4-methyl-2,3-pentanedione",7493-58-5
"4-methyl-2,5-dipropylthiazole",87116-71-0
"4-methyl-2-(3-methyl-1,3-butadienyl)-2,3,6,7-tetrahydrooxepin (=quince oxepin)",130021-98-6
4-methyl-2-(methylthiomethyl)-2-pentenal,40878-73-7
4-methyl-2-cyclohexen-1-one,5515-76-4
4-methyl-2-heptanol,56298-90-9
4-methyl-2-hexanone,105-42-0
4-methyl-2-hexenal,70979-34-9
4-methyl-2-hexenoic acid,37549-83-0
4-methyl-2-oxopentanoic acid,816-66-0
4-methyl-2-pentanol,108-11-2
4-methyl-2-pentanone,108-10-1
4-methyl-2-pentenal,5362-56-1
4-methyl-2-pentenoic acid,10321-71-8
4-methyl-2-pentyloxazole,52713-58-3
4-methyl-2-pentylpyridine,84625-54-7
"4-methyl-2-phenyl-1,3-dioxolane",2568-25-4
4-methyl-2-phenyl-2-hexenal,
4-methyl-2-phenyl-2-pentenal,26643-91-4
4-methyl-2-propanoylthiazole,13679-83-9
"4-methyl-2-propyl-1,3-dioxolane",4352-99-2
4-methyl-2-propyl-3-thiophenecarbaldehyde,326591-75-7
4-methyl-2-propylphenol,4074-46-8
4-methyl-2-thiophenecarbaldehyde,6030-36-0
4-methyl-2-vinylfuran,59417-61-7
"4-methyl-3,5,6-trithianonane",183554-20-3
4-methyl-3-cyclohexenone,5259-65-4
4-methyl-3-heptanone,6137-11-7
4-methyl-3-oxopentanoic acid,5650-76-0
4-methyl-3-penten-1-ol,763-89-3
4-methyl-3-penten-2-one (=mesityl oxide),141-79-7
4-methyl-3-pentenoic acid (=isohexenoic acid),504-85-8
4-methyl-3-thiazoline,52558-99-3
4-methyl-4-heptanol,598-01-6
4-methyl-4-hepten-3-one,22319-31-9
4-methyl-4-penten-1-ol,22508-64-1
4-methyl-4-penten-2-one,3744-02-3
4-methyl-4-phenyl-2-pentanone,7403-42-1
4-methyl-5-vinylthiazole,1759-28-0
4-methylacetophenone,122-00-9
4-methylbenzaldehyde (=p-tolualdehyde),104-87-0
4-methylbenzoic acid (=p-toluic acid),99-94-5
4-methylbenzonitrile,104-85-8
4-methylbenzyl alcohol,589-18-4
4-methylbiphenyl,644-08-6
4-methylcyclohexanone,589-92-4
4-methyldecan-5-ol,
4-methyldecane,2847-72-5
4-methyldibenzothiophene,7372-88-5
4-methylfurfural,33342-49-3
4-methylheptane,589-53-7
4-methylhexanal,41065-97-8
4-methylhexanoic acid,1561-11-1
4-methylhexenoic acid (unkn.str.),68062-14-6
4-methylmorpholine,109-02-4
4-methylnonanal,
4-methylnonane,17301-94-9
4-methylnonanoic acid,45019-28-1
4-methyloctane,2216-34-4
4-methyloctanoic acid (=hircinoic acid),54947-74-9
4-methylpentanenitrile,542-54-1
4-methylpentanoic acid (=isocaproic acid),646-07-1
4-methylpentyl 2-methylbutanoate,35852-40-5
4-methylpentyl 2-methylpropanoate,35852-44-9
4-methylpentyl 3-methylbutanoate,850309-45-4
4-methylpentyl 4-methyl-2-pentenoate,1215128-13-4
4-methylpentyl 4-methylpentanoate,35852-42-7
4-methylpentyl 5-methylhexanoate,1008763-07-2
4-methylpentyl 8-methyl-6-nonenoate,1215128-18-9
4-methylpentyl acetate,628-95-5
4-methylpentyl butanoate,83471-19-6
4-methylpentyl hexanoate,35852-49-4
4-methylpentyl isothiocyanate,17608-07-0
4-methylpentyl pentanoate,35852-47-2
4-methylphenol (=p-cresol),106-44-5
4-methylphenyl acetate,140-39-6
4-methylpyridine (=&gamma;-picoline),108-89-4
"4-methylpyrrolo[1,2-a]pyrazine",64608-60-2
4-methylquinoline,491-35-0
4-methylthiazole,693-95-8
4-nonanone,4485-09-0
4-nonylphenol,104-40-5
4-nonyne,20184-91-2
4-octanol,589-62-8
4-octanone,589-63-9
4-octen-3-one,14129-48-7
4-octene,592-99-4
4-oxo-&beta;-ionol,29790-30-5
4-oxohexanoic acid,1117-74-4
4-oxoisophorone,1125-21-9
4-oxononanal,74327-29-0
4-oxooctanoic acid (unkn.str.),4316-44-3
4-oxopentanoic acid (=levulinic acid),123-76-2
4-p-coumaroylquinic acid,1108200-72-1
4-penten-1-ol,821-09-0
4-penten-2-ol,625-31-0
4-penten-2-one,13891-87-7
4-pentenal,2100-17-6
4-pentenenitrile,592-51-8
4-pentenyl acetate,1576-85-8
4-pentenyl isothiocyanate,18060-79-2
4-pentenyl thiocyanate,20243-54-3
4-pentyl-2-thiophenecarbaldehyde,2097508-25-1
4-phenyl-1-butanol (=benzenebutanol),3360-41-6
"4-phenyl-2,3,5-trithiahexane",69078-76-8
4-phenyl-2-butanol,2344-70-9
4-phenyl-2-butanone (=benzylacetone),2550-26-7
4-phenyl-2-butenal,13910-23-1
4-phenyl-3-buten-2-one,122-57-6
4-phenylbutanal,18328-11-5
4-phenylbutanoic acid,1821-12-1
4-phenylisothiazole,936-46-9
4-phenylpyridine,939-23-1
4-propenylphenol (unkn.str.),539-12-8
4-propoxyphenol,18979-50-5
"4-propyl-2,3,5-trithiahexane (=methyl 1-(methylthio)butyl disulfide)",69078-85-9
4-propylbenzaldehyde,28785-06-0
4-propylheptane,3178-29-8
4-propylphenol,645-56-7
4-propylpyridine,1122-81-2
4-pyridone,
4-pyridoxic acid lactone,4753-19-9
4-pyrone (=&gamma;-pyrone),108-97-4
4-terpinenyl acetate,4821-04-9
4-terpineol (=terpinen-4-ol),562-74-3
4-tert-butylphenol,98-54-4
4-thujyl acetate,87553-42-2
4-undecanone,14476-37-0
4-undecen-2-one,22616-88-2
4-undecene,20810-21-3
"4-vinyl-1,2-benzenediol",6053-02-7
4-vinylphenol,2628-17-3
4-vinylpyridine,100-43-6
"4H-1,2,3-trithiin",290-30-2
"5&alpha;,7&alpha;,10&alpha;-selina-3,11-dien-2-one",86917-80-8
"5&alpha;,7&alpha;,10&beta;-selina-3,11-dien-2-one",86917-81-9
5&alpha;-androst-16-en-3&alpha;-ol,1153-51-1
5&alpha;-androst-16-en-3-one,18339-16-7
"5&beta;,7&alpha;,10&alpha;-selina-3,11-dien-2-one",
"5&beta;,7&alpha;,10&alpha;-selina-3,11-dien-5-ol",
"5&beta;,7&beta;,10&alpha;-selina-3,11-diene",36217-41-1
5'-ADP,58-64-0
5'-ATP,56-65-5
5'-UMP,58-97-9
5'-methylthioadenosine,2457-80-9
5(or 6)-methylquinoxaline,
"5,10(15)-cadinen-4-ol",
"5,10-heptadecadiene",
"5,5'-dimethyl-2,2'-bifuran",17490-66-3
"5,5'-dimethyl-2,2'-methylenebisfuran",13679-43-1
"5,5-dimethyl-1-vinylbicyclo[2.1.1]hexane",
"5,5-dimethyl-2(5H)-furanone (=4,4-dimethyl-2-buten-1,4-olide)",20019-64-1
"5,5-dimethyl-2-cyclohexene-1,4-dione",45731-99-5
"5,5-dimethyl-2-oxo-1,3-dithiolane",125370-44-7
"5,6,7,8-tetrahydro-2,3-dimethylquinoxaline",35149-10-1
"5,6,7,8-tetrahydro-2-ethylquinoxaline",55968-42-8
"5,6,7,8-tetrahydro-2-methylquinoxaline",38917-65-6
"5,6,7,8-tetrahydro-5,7-dimethylquinoxaline",52517-55-2
"5,6,7,8-tetrahydro-5,8-dimethylquinoxaline",52517-56-3
"5,6,7,8-tetrahydro-5-methylquinoxaline",52517-54-1
"5,6,7,8-tetrahydroquinoxaline",34413-35-9
"5,6,7-trimethoxycoumarin",55085-47-7
"5,6-dihydro-2H-pyran-2-carbaldehyde",53897-26-0
"5,6-dihydroxy-&beta;-ionone",28494-34-0
"5,6-dihydroxyhexanoic acid lactone (unkn.str.)",
"5,6-dimethyl-2,3,7-trithiabicyclo[2.2.1]heptane",126898-39-3
"5,6-epithiohexanenitrile",58130-94-2
"5,6-epoxy-&beta;-ionone",23267-57-4
"5,7-diethyl-1,2,3,4,6-pentathiepane",126876-40-2
"5,7-dimethoxycoumarin (=limettin, citropten)",487-06-9
"5,7-dimethylhexadecane",75935-81-8
"5,8,11,14,17-eicosapentaenoic acid",10417-94-4
"5,8,11,14-eicosatetraenoic acid",7771-44-0
"5,8-dimethoxypsoralen (=isopimpinellin)",482-27-9
"5,8-megastigmadien-4-one",67401-27-8
"5,8-tridecadienal",60671-79-6
"5-(1,3-benzodioxol-5-yl)-N-isobutyl-2,4-pentadienamide",65937-45-3
"5-(1,3-benzodioxol-5-yl)-N-isobutyl-2-pentenamide",145398-89-6
"5-(1,5-dimethyl-4-hexenyl)-2-methylphenol (=xanthorrhizol)",30199-26-9
"5-(2',3'-dihydroxy-3'-methylbutyloxy)-7-methoxycoumarin",143390-82-3
"5-(2',3'-epoxy-3'-methylbutyloxy)-7-methoxycoumarin",143390-83-4
"5-(2,3-dihydroxyisopentoxy)psoralen (=oxypeucedanin hydrate)",2643-85-8
"5-(2-furyl)-2,3-dimethylpyrazine",36238-34-3
5-(2-furyl)-2-pentanone,84099-60-5
5-(2-hydroxyethyl)-4-methylthiazole,137-00-8
"5-(3'-methylbut-2'-enyloxy)-8-(2',3'-dihydroxy-3'-methylbutyloxy)psoralen",143390-86-7
5-(3-furyl)-2-methyl-1-penten-3-one (=lepalone),80445-58-5
"5-(6-formyl-3,6-dimethyl-2-heptenoxy)psoralen",
5-(Z)-(1-octenyl)-2(3H)-dihydrofuranone,156318-46-6
5-(acetoxymethyl)-furfural,10551-58-3
5-(ethoxymethyl)furfural,1917-65-3
5-(hydroxymethyl)furfural,67-47-0
"5-(isopent-2-enyloxy)-8-(2,3-epoxyisopentoxy)psoralen",117030-02-1
5-(methylsulfinyl)pentanenitrile,61121-66-2
5-(methylsulfinyl)pentyl isothiocyanate,
5-(methylthio)-1-pentanol,57774-99-9
5-(methylthio)-4-pentenenitrile,68547-66-0
5-(methylthio)furfural,932-94-5
5-(methylthio)pentanenitrile,59121-25-4
5-(methylthio)pentyl isothiocyanate,4430-42-6
5-(p-Aminophenyl)-4-(o-tolyl)-2-thiazolamine,
5-O-feruloylquinic acid,1899-29-2
"5-acetyl-2,3-dihydro-1H-pyrrolizine",55041-85-5
"5-acetyl-2,3-dihydro-6-methyl-1H-pyrrolizine",55041-86-6
"5-acetyl-2,3-dimethylpyrazine",54300-10-6
"5-acetyl-2,4-dimethyloxazole",23012-25-1
5-acetyl-2-methyloxazole,78503-09-0
"5-allyl-1,2,3-trimethoxybenzene (=elemicin)",487-11-6
"5-allyl-1,2,3-trimethylbenzene",101773-24-4
"5-allyl-1,3-benzodioxole (=safrole)",94-59-7
5-allyl-2-methoxyphenol (=chavibetol),501-19-9
"5-allyl-4,7-dimethoxy-1,3-benzodioxole (=apiole, parsley apiole)",523-80-8
5-amino-2-oxohexanoic acid,19456-81-6
5-aminoindan-1-one,3470-54-0
5-butyl-1-cyclopentene-1-carbaldehyde,163268-53-9
5-butyl-2(3H)-furanone,31450-61-0
"5-butyl-2,3-dimethylpyrazine",15834-78-3
"5-butyl-2,4-dimethyloxazole",88300-07-6
"5-butyl-2,4-dimethylthiazole",85425-42-9
5-butyl-2-ethyloxazole,77311-04-7
5-butyl-2-methylpyridine,702-16-9
5-butyl-2-thiophenecarbaldehyde,98954-25-7
5-butyl-4-ethyl-2-methyloxazole,84027-98-5
5-butylethylmethyloxazole (unkn.str.),106100-43-0
5-butylthiazole,52414-90-1
5-decanol,5205-34-5
5-decen-4-one,69024-85-7
5-decenal,60671-72-9
5-decenyl acetate,38421-90-8
5-dodecenyl acetate,16677-02-4
5-epi-7-epi-&alpha;-eudesmol,446050-56-2
5-epineointermedeol,
"5-ethoxy-3,7-dimethyl-1,6-octadien-3-ol",
5-ethoxythiazole,25115-63-3
"5-ethyl-1,2,3-trimethoxybenzene",56438-71-2
5-ethyl-1-cyclopentene-1-carbaldehyde,36431-60-4
5-ethyl-2(3H)-furanone (=4-hydroxy-3-hexenoic acid lactone),2313-01-1
"5-ethyl-2(5H)-furanone (=4-ethyl-2-butenolide, 2-hexen-4-olide)",2407-43-4
"5-ethyl-2,3,4,6-tetrathiaheptane",126876-25-3
"5-ethyl-2,3-dimethylpyrazine",15707-34-3
"5-ethyl-2,4-dimethyl-1,3-dioxolane",29923-84-0
"5-ethyl-2,4-dimethyl-3-oxazoline",60633-22-9
"5-ethyl-2,4-dimethyloxazole",33318-74-0
"5-ethyl-2,4-dimethylthiazole",38205-61-7
5-ethyl-2-(4-ethylphenyl)pyrimidine,
5-ethyl-2-heptanol,19780-40-6
5-ethyl-2-hexyl-4-methyloxazole,84028-19-3
5-ethyl-2-hexyl-4-methylthiazole,
5-ethyl-2-hydroxy-3-methyl-2-cyclopenten-1-one,53263-58-4
5-ethyl-2-isopropyl-4-methyloxazole,102586-54-9
5-ethyl-2-isopropyl-4-methylthiazole,53498-31-0
5-ethyl-2-methyl-4-propyloxazole,84027-92-9
5-ethyl-2-methyl-4-propylthiazole,4276-67-9
5-ethyl-2-methyloctane,62016-18-6
5-ethyl-2-methyloxazole,53833-29-7
5-ethyl-2-methylpyridine,104-90-5
5-ethyl-2-methylthiazole,19961-52-5
5-ethyl-2-propanoylthiophene,108223-66-1
5-ethyl-2-propylthiazole,54300-07-1
"5-ethyl-3,4,6-trithianonane",183554-24-7
"5-ethyl-3,4,6-trithiaoctane",183554-18-9
5-ethyl-3-hydroxy-4-methyl-2(5H)-furanone (=abhexone),698-10-2
5-ethyl-3-methylphenol,698-71-5
5-ethyl-4-hydroxy-2-methyl-3(2H)-furanone,27538-09-6
5-ethyl-4-methyl-2-octylthiazole,
5-ethyl-4-methyl-2-pentyloxazole,84028-13-7
5-ethyl-4-methyloxazole,29584-92-7
5-ethyl-4-methylthiazole,31883-01-9
5-ethyl-5-methyldecane,17312-74-2
5-ethyl-5-propylundecane,2755-07-9
"5-ethyl-6,7-dihydro-2-methyl-5H-cyclopentapyrazine",104638-09-7
"5-ethyl-6,7-dihydro-5H-cyclopentapyrazine",52517-53-0
5-ethylfurfural,23074-10-4
5-ethylfurfuryl methyl sulfide,
5-ethyloxazole,32999-02-3
5-ethylthiazole,17626-73-2
5-geranoxy-7-methoxycoumarin,7380-39-4
5-geranoxypsoralen (=bergamottin),7380-40-7
5-guanidino-2-oxopentanoic acid,3715-10-4
5-heptadecene,138472-85-2
5-hepten-2-one,6714-00-7
5-hexadecene,53137-47-6
5-hexen-1-ol,821-41-0
5-hexenenitrile,5048-19-1
5-hexenoic acid,1577-22-6
5-hexenyl 5-hexenoate,77131-17-0
5-hexenyl 7-octenoate,108058-86-2
5-hexenyl acetate,5048-26-0
5-hexenyl butanoate,108058-75-9
5-hexenyl hexanoate,108058-81-7
5-hexenyl isothiocyanate,49776-81-0
5-hexenyl octanoate,108058-85-1
"5-hexyl-2,4-dimethyloxazole",20662-85-5
5-hexyl-2-methylpyridine,710-40-7
"5-hydroxy-1,4-naphthalenedione (=juglone, regianin)",481-39-0
5-hydroxy-10-methylundecanoic acid lactone,1310721-21-1
5-hydroxy-11-methyldodecanoic acid lactone,1310721-22-2
"5-hydroxy-2,3,6-trimethyl-5H-cyclopentapyrazine",
"5-hydroxy-2,4-decadienoic acid lactone (=6-methyl-&alpha;-pyrone)",27593-23-3
5-hydroxy-2-decenoic acid lactone (=massoilactone),54814-64-1
"5-hydroxy-2-methyl-1,3-dioxane",
5-hydroxy-2-methyl-4-pyrone,644-46-2
5-hydroxy-2-methylpyridine (=6-methyl-3-pyridinol),1121-78-4
"5-hydroxy-3,4-dimethyl-5-pentyl-2(5H)-furanone (=hydroxybovolide)",75657-23-7
5-hydroxy-3-methyl-2-pentenoic acid lactone (=anhydromevalolactone),2381-87-5
5-hydroxy-3-methylhexanoic acid lactone,3720-20-5
5-hydroxy-4-methylhexanoic acid lactone,10413-18-0
5-hydroxy-4-octanone,496-77-5
5-hydroxy-5-methylhexanoic acid lactone,2610-95-9
5-hydroxy-6-heptenoic acid lactone,41980-00-1
5-hydroxy-7-decenoic acid lactone,34686-71-0
5-hydroxy-9-decenoic acid lactone,74585-00-5
5-hydroxy-p-menth-6-en-2-one,61570-82-9
5-hydroxycarvone,56423-48-4
"5-hydroxydecanoic acid lactone (=5-decanolide, &delta;-decalactone)",705-86-2
5-hydroxydecenoic acid lactone (unkn.str.),
5-hydroxydodec-9-enoic acid lactone,
"5-hydroxydodecanoic acid lactone (=5-dodecanolide, &delta;-dodecalactone)",713-95-1
5-hydroxyheptadecanoic acid lactone,153953-65-2
5-hydroxyheptanoic acid lactone (=&delta;-heptalactone),3301-90-4
5-hydroxyhexadecanoic acid lactone,7370-44-7
"5-hydroxyhexanoic acid lactone (=&delta;-caprolactone, &delta;-hexalactone)",823-22-3
5-hydroxynon-4-enoic acid lactone,4054-95-9
"5-hydroxynonanoic acid lactone (=5-nonanolide, &delta;-nonalactone)",3301-94-8
5-hydroxyoctadecanoic acid lactone,1227-51-6
"5-hydroxyoctanoic acid lactone (=5-octanolide, &delta;-octalactone)",698-76-0
5-hydroxyoctenoic acid lactone (unkn.str.),
5-hydroxypentadecanoic acid lactone,68922-03-2
5-hydroxypentanal,4221-03-8
"5-hydroxypentanoic acid lactone (=&delta;-pentalactone, tetrahydro-2-pyrone)",542-28-9
5-hydroxypsoralen (=bergaptol),486-60-2
5-hydroxytetradecanoic acid lactone (=&delta;-tetradecalactone),2721-22-4
"5-hydroxytridecanoic acid lactone (=5-tridecanolide, &delta;-tridecalactone)",7370-92-5
"5-hydroxyundecanoic acid lactone (=5-undecanolide, &delta;-undecalactone)",710-04-3
"5-isobutyl-2,3-dimethylpyrazine",54410-83-2
5-isopentenoxy-7-methoxycoumarin,35590-41-1
5-isopentenoxypsoralen (=isoimperatorin),482-45-1
"5-isopentyl-2,3-dimethylpyrazine",18450-01-6
5-isopropenyl-2-methylphenol (=dehydrocarvacrol),56423-47-3
5-isopropyl-2-heptanone,21889-85-0
5-isopropyl-2-methyl-1-cyclopentenecarbaldehyde,54043-82-2
5-isopropyl-2-methyl-2-vinyltetrahydrofuran,71635-17-1
5-isopropyl-2-methyl-acetophenone (=2-acetyl-p-cymene),1202-08-0
5-isopropyl-2-propyl-2-cyclohexen-1-one,79862-14-9
5-methoxy-2-pentanone,17429-04-8
5-methoxy-8-geranyloxypsoralen,17182-52-4
5-methoxy-osthol,17245-25-9
5-methoxyfurfural,21300-07-2
5-methoxypsoralen (=bergapten),484-20-8
"5-methyl-1,2-dithiane-4-carboxylic acid",
"5-methyl-1,3-benzenediol",504-15-4
5-methyl-1-hexanol,627-98-5
5-methyl-1-hexene,3524-73-0
5-methyl-1-phenethyl-2-pyrrolecarbaldehyde,
"5-methyl-2(3H)-furanone (=4-hydroxy-3-pentenoic acid lactone, &alpha;-angelica lactone)",591-12-8
"5-methyl-2(5H)-furanone (=&beta;-angelica lactone, 4-methyl-2-butenolide)",591-11-7
"5-methyl-2,2'-methylenebisfuran (=(2-furyl)-(5-methylfuryl-2)methane)",13678-51-8
"5-methyl-2,3-hexanedione",13706-86-0
5-methyl-2-cyclohexen-1-one,7214-50-8
5-methyl-2-furancarbonitrile (=2-cyano-5-methylfuran),13714-86-8
5-methyl-2-furanmethanethiol,59303-05-8
5-methyl-2-heptanol,54630-50-1
5-methyl-2-heptanone,18217-12-4
5-methyl-2-hexanol,627-59-8
5-methyl-2-hexanone,110-12-3
5-methyl-2-hexenal,56423-39-3
5-methyl-2-hexenoic acid,41653-96-7
5-methyl-2-methoxyphenol,1195-09-1
5-methyl-2-octyl-3(2H)-furanone,57877-72-2
5-methyl-2-pentylthiazole,86290-21-3
5-methyl-2-phenyl-2-hexenal,21834-92-4
5-methyl-2-phenylhexanal,75935-84-1
5-methyl-2-propanoylthiophene,59303-13-8
5-methyl-2-propyloxazole,53833-31-1
5-methyl-2-propylphenol,31143-55-2
5-methyl-2-pyrrolecarbaldehyde (=2-formyl-5-methylpyrrole),1192-79-6
5-methyl-2-thiophenecarbaldehyde,13679-70-4
5-methyl-2-undecene,56851-34-4
5-methyl-3(2H)-furanone,3511-32-8
"5-methyl-3,3'-methylenebisfuran",
"5-methyl-3,4,6-trithiaheptane",183554-13-4
"5-methyl-3,4,6-trithiaoctane",94944-48-6
"5-methyl-3,4-heptanedione",13678-56-3
5-methyl-3-heptanone,541-85-5
5-methyl-3-hexanol,623-55-2
5-methyl-3-hexanone,623-56-3
5-methyl-3-hexen-2-one,5166-53-0
5-methyl-4-hexen-3-one,13905-10-7
5-methyl-5-phenyl-2-hexanone,14128-61-1
5-methyl-5-vinyl-tetrahydrofuran-2-ol (=lavender lactol),40478-73-7
5-methyl-5H-cyclopentapyrazine,65128-99-6
5-methyl-[2-(furanyl)methyl]- 2(5H)-furanone (unkn.str.),
5-methylene-2(5H)-furanone,108-28-1
5-methylfurfural,620-02-0
5-methylfurfuryl alcohol,3857-25-8
5-methylfurfuryl methyl disulfide,78818-78-7
5-methylhexanenitrile,19424-34-1
5-methylhexanoic acid,628-46-6
5-methylhexyl 4-methylpentanoate,35852-51-8
5-methylindan,874-35-1
5-methylindole,614-96-0
5-methylnonanal,52432-75-4
5-methylnonane,15869-85-9
5-methylphthalide,54120-64-8
5-methylquinoxaline,13708-12-8
5-methylthiazole,3581-89-3
5-methyltridecane,25117-31-1
5-nonanol,623-93-8
5-nonanone,502-56-7
5-nonen-2-one,27039-84-5
5-octadecenal,56554-88-2
5-octadecene,18899-24-6
"5-octene-1,3-diol",187874-12-0
5-p-coumaroylquinic acid,1899-30-5
5-pentadecene,53137-46-5
"5-pentyl-1,3-cyclohexadiene",56318-84-4
5-pentyl-1-cyclopentene-1-carbaldehyde,1187056-57-0
"5-pentyl-2(5H)-furanone (=2-nonen-4-olide, 4-pentyl-2-butenolide)",21963-26-8
5-pentyl-2-pyrone,23079-71-2
5-pentyl-2-thiophenecarbaldehyde,100943-44-0
5-pentylfurfural,68532-62-7
5-phenyl-2-pentanone,2235-83-8
5-phenyl-2-propylpyridine,81879-87-0
5-propyl-1-cyclopentene-1-carbaldehyde,959311-75-2
5-propyl-4-nonanone,103088-61-5
5-propyltridecane,55045-11-9
"5-sec-butyl-2,3-dimethylpyrazine",32263-00-6
5-terpineol,55708-42-4
5-undecanol,37493-70-2
5-undecanone,33083-83-9
5-vinyl-2-methoxyphenol,621-58-9
5-vinyloxazolidine-2-thione,13190-34-6
5H-cyclopentapyrazine,25042-83-5
"5[(1,6-epoxy-3,7-dimethyl-oct-2-enyl)oxy]psoralen",
6(or 7)-methylquinoline,612-60-2
"6,10,14-trimethyl-2-pentadecanone (=hexahydrofarnesylacetone)",502-69-2
"6,10-dimethyl-1-undecene",104256-36-2
"6,10-dimethyl-2-undecanone",1604-34-8
"6,10-dimethyl-3,5,9-undecatrien-2-one (=&psi;-ionone, pseudoionone)",141-10-6
"6,10-dimethyl-5,9-undecadien-2-one",689-67-8
"6,10-dimethylundecanone (unkn.str.)",
"6,6-dimethyl-2-methylene-3-cyclohexenecarbaldehyde",33399-07-4
"6,7,8,8a-tetrahydro-2,5,5,8a-tetramethyl-5H-1-benzopyran",5552-30-7
"6,7-dihydro-2(or 3),5-dimethyl-5H-cyclopentapyrazine (unkn.str.)",
"6,7-dihydro-2(or 3),6-dimethyl-5H-cyclopentapyrazine (unkn.str.)",
"6,7-dihydro-2,3,5-trimethyl-5H-cyclopentapyrazine",41330-39-6
"6,7-dihydro-2,3-dimethyl-5H-cyclopentapyrazine",38917-63-4
"6,7-dihydro-2,5,7-trimethyl-5H-cyclopentapyrazine",
"6,7-dihydro-2,5-dimethyl-5H-cyclopentapyrazine",38917-61-2
"6,7-dihydro-2,6-dimethyl-5H-cyclopentapyrazine",61928-63-0
"6,7-dihydro-2-ethyl-5H-cyclopentapyrazine",38917-60-1
"6,7-dihydro-2-methyl-5H-cyclopentapyrazine",23747-46-8
"6,7-dihydro-3,3a,7,7-tetramethyl-(3aH)-indene",
"6,7-dihydro-3,5-dimethyl-5H-cyclopentapyrazine",38917-62-3
"6,7-dihydro-5,7-dimethyl-5H-cyclopentapyrazine",41330-21-6
"6,7-dihydro-5-methyl-5H-cyclopentapyrazine",23747-48-0
"6,7-dihydro-5H-cyclopentapyrazine",23747-47-9
"6,7-dihydro-8-hydroxy-7-(1-hydroxy-1-methylethyl)psoralen (=rutaretin)",13895-92-6
"6,7-dihydro-8-hydroxy-7-isopropenylpsoralen (=apiumetin)",70610-24-1
"6,7-dihydroxycoumarin (=aesculetin)",305-01-1
"6,7-dimethoxycoumarin",120-08-1
"6,7-epoxy-3,7-dimethyl-1-octen-3-ol, acetate",
"6,7-epoxy-3,7-dimethyl-2-octen-1-ol, acetate",
"6,7-epoxytheaspirane",
"6,8-dimethyldecanoic acid",56078-95-6
"6,8-epoxy-p-1-menthene (=pinol)",2437-97-0
"6,9,12,15-octadecatetraenoic acid",2091-28-3
"6,9,13-pentadecatrien-2-one",
"6,9-epoxy-p-1-menthene",
"6,9-guaiadiene",37839-64-8
"6,9-heptadecadiene",81265-03-4
"6,9-pentadecadien-2-one",2516-30-5
6-(methylsulfinyl)hexyl isothiocyanate,4430-35-7
6-(methylthio)hexanenitrile (=5-methyl thiopentyl cyanide),72931-29-4
6-(methylthio)hexyl isothiocyanate,4430-39-1
"6-acetoxy-6-methyl-3,7-octadien-2-one",
"6-allyl-4,5-dimethoxy-1,3-benzodioxole (=dill apiole)",484-31-1
"6-allyl-5-methoxy-1,3-benzodioxole (=sarisan)",18607-93-7
6-amino-2-oxohexanoic acid,10606-14-1
6-decenal,127818-71-7
6-epishyobunone (=epishyobunone),39020-72-9
"6-ethyl-2-methyl-1,3(4H)-dithiin",
"6-ethyl-4,5,7,8-tetrathiaundecane",126876-35-5
"6-ethyl-4,5,7-trithia-2,8-decadiene",126876-28-6
"6-ethyl-4,5,7-trithiadec-2-ene",126876-29-7
"6-ethyl-4,5,7-trithiadecane",126876-27-5
6-heptenyl isothiocyanate,49776-82-1
6-hexalactam,105-60-2
"6-hydroxy-2,6-dimethyl-2,7-octadien-4-one",64661-54-7
"6-hydroxy-2,6-dimethyl-7-octen-4-one (=tagetonol)",23007-34-3
6-hydroxycarvotanacetone,131486-99-2
6-hydroxycinnamic acid (unkn.str.),25429-38-3
6-hydroxyhexanoic acid lactone,502-44-3
6-hydroxytetradecanoic acid lactone,3041-18-7
6-mercapto-1-hexanol,1633-78-9
"6-methyl-1,2-dithian-4-one",
6-methyl-1-heptanol (=isooctanol),1653-40-3
"6-methyl-2,5-heptanedione",13901-85-4
6-methyl-2-heptanol,4730-22-7
6-methyl-2-heptanone,928-68-7
6-methyl-2-hepten-1-ol,53372-16-0
6-methyl-2-heptenal,80780-70-7
"6-methyl-3,4-heptanedione",3131-90-6
"6-methyl-3,5-heptadien-2-one",1604-28-0
6-methyl-3-heptanol,18720-66-6
6-methyl-3-heptanone,624-42-0
6-methyl-3-undecene,112548-33-1
6-methyl-5-hepten-1-ol,13175-35-4
6-methyl-5-hepten-2-ol,1569-60-4
6-methyl-5-hepten-2-one,110-93-0
6-methyl-5-hepten-3-one,86883-66-1
6-methyl-5-heptenal,68654-16-0
6-methyl-5H-cyclopentapyrazine,61929-04-2
6-methylcoumarin,92-48-8
6-methyldocosane,55124-81-7
6-methylheptanal,63885-09-6
6-methylheptanoic acid,929-10-2
6-methylhepten-2-one (unkn.str.),70003-34-8
6-methylheptyl 2-propenoate (=isooctyl acrylate),29590-42-9
6-methylheptyl acetate,31565-19-2
6-methyloctadecane,10544-96-4
6-methyloctanal,30689-75-9
6-methyloctanoic acid,504-99-4
6-methylquinoline,91-62-3
6-methylquinoxaline,6344-72-5
6-nonen-1-ol,40709-05-5
6-nonen-2-one,82873-10-7
6-nonenal,6728-35-4
"6-octadecenoic acid, methyl ester, (Z)-",2777-58-4
6-oxo-&alpha;-terpinyl 8-acetate (=8-acetoxycarvotanacetone),87578-93-6
6-pentadecen-2-one,26932-08-1
6-propyltridecane,55045-10-8
6-tridecene,24949-38-0
6-undecanol,23708-56-7
6-undecanone,927-49-1
6-undecen-2-ol,
6-undecenal,60671-73-0
"7,10,13,16,19-docosapentaenoic acid",2234-74-4
"7,13-abietadiene",35241-40-8
"7,7-dimethyl-6,8-dioxabicyclo[3.2.1]octane",90580-80-6
"7,8-dihydro-4-hydroxy-&beta;-ionol",113110-02-4
"7,8-dihydro-4-hydroxy-&beta;-ionone (=4-(3-hydroxy-2,6,6-trimethyl-1-cyclohexenyl)-2-butanone)",112379-21-2
"7,8-dihydro-8,8-dimethylbenzo-[1,2,b:5,4,b']dipyran-2,6-dione (=graveolone)",16499-05-1
"7,8-dihydrovomifoliol",36151-01-6
"7,8-dihydroxycoumarin",486-35-1
"7,9(11)-drimadiene",156258-51-4
"7,9-dimethylhexadecane",21164-95-4
7-&alpha;-epi-eudesmol,123123-38-6
"7-(2-furyl)-2,3-heptanedione",
7-(3'-methylbut-2'-enyloxy)coumarin,10387-50-5
7-(methylsulfinyl)heptyl isothiocyanate,129244-98-0
7-(methylthio)heptanenitrile,75272-78-5
7-(methylthio)heptyl isothiocyanate,4430-38-0
"7-[(6,7-dihydroxy-3,7-dimethyl-2-octenyl)oxy]coumarin (=marmin)",14957-38-1
7-acetoxy-4-methylcoumarin,2747-05-9
7-dodecenal,60671-75-2
7-epi-&alpha;-cyperone,547-26-2
7-epi-&alpha;-selinen-2-one,35387-23-6
7-epi-&alpha;-selinene,123123-37-5
7-epi-sesquithujene,159407-35-9
"7-ethyl-5-pentyl-1,2,3,4,6-pentathiepane",126876-41-3
7-geranoxycoumarin (=aurapten C19H22O3),495-02-3
7-heptadecene,54290-12-9
7-hydroxy-6-methoxycoumarin (=scopoletin),92-61-5
7-hydroxy-8-(3-methyl-2-butenyl)-coumarin (=osthenol),484-14-0
7-hydroxy-8-methoxy-6-(3-methyl-2-butenyl)coumarin (=apigravin),72963-64-5
7-hydroxycoumarin (=umbelliferone),93-35-6
7-hydroxygermacrene,72274-51-2
"7-methoxy-1,3-benzodioxole-5-carboxylic acid",526-34-1
"7-methoxy-3,7-dimethyloctanal",3613-30-7
7-methoxy-6-(3-methyl-2-butenyl)coumarin (=suberosin),581-31-7
7-methoxy-8-(3-methyl-2-butenyl)coumarin (=osthol),484-12-8
7-methoxybenzofuran,7168-85-6
7-methoxycoumarin (=herniarin),531-59-9
7-methyl-1-octanol,2430-22-0
7-methyl-1-octene,13151-06-9
7-methyl-1-undecene,74630-42-5
7-methyl-2-octanone,1482-13-9
7-methyl-3-methylene-6-octenyl acetate,20776-25-4
7-methyl-3-octen-2-one,33046-81-0
7-methyl-4-octanone,20809-46-5
7-methyl-5H-cyclopentapyrazine,52958-28-8
7-methyl-Z-tetradecen-1-ol acetate,959269-58-0
7-methylbenzofuran,17059-52-8
7-methyloctanal,49824-43-3
7-methyloctanoic acid,693-19-6
7-octen-2-one,3664-60-6
7-octen-4-ol,53907-72-5
7-octenoic acid,18719-24-9
7-oxabicyclo[4.1.0]heptane,286-20-4
7-tetradecene,10374-74-0
7-thiabicyclo[4.1.0]heptane,286-28-2
"8,11,14-eicosatrienoic acid",7324-41-6
"8,9-dehydro-neoisolongifolene",
"8,9-dehydrotheaspirone",85248-56-2
"8,9-didehydro-&alpha;-vetivone",
"8,9-didehydronootkatone",5090-63-1
"8,9-epithiohumulene",
"8-(2,3-dihydroxyisopentoxy)-5-methoxypsoralen (=byak-angelicin)",482-25-7
8-(2-formyl-2-methylpropyl)-7-methoxycoumarin,5980-07-4
8-(2-hydroxy-3-methyl-3-butenyl)-7-methoxycoumarin (=auraptenol),1221-43-8
"8-(7',8'-epoxygeranyloxy)psoralen",143390-87-8
8-(acetylthio)-p-menthan-3-one,94293-57-9
8-(acetylthio)piperitone,
8-(methylthio)octanenitrile,58214-93-0
8-(methylthio)octyl isothiocyanate,4430-41-5
8-acetoxyisomenthone,
8-acetoxylinalool,
8-geranoxypsoralen,7437-55-0
8-heptadecene,2579-04-6
8-hydroxy-4-p-menthen-3-one,83212-19-5
8-hydroxy-5-methoxypsoralen,
8-hydroxymenthone,3304-24-3
8-hydroxyquinoline,148-24-3
8-isopentenoxy-5-methoxypsoralen (=phellopterin),2543-94-4
8-isopentenoxypsoralen (=imperatorin),482-44-0
8-mercapto-p-menthan-3-one,38462-22-5
8-methoxypsoralen (=xanthotoxin),298-81-7
8-methyl-2-nonanone,64303-47-5
8-methyl-2-nonenal,128926-05-6
8-methyl-5-nonenal,60671-74-1
8-methyldecanal,127793-88-8
8-methyldecanoic acid,5601-60-5
8-methylnonanal,3085-26-5
8-methylnonanoic acid,5963-14-4
8-methylquinoline,611-32-5
8-nonen-2-one,5009-32-5
8-octadecenal,56554-94-0
8-tridecenal,60671-77-4
"8S,14-cedranediol",62600-05-9
9&beta;-methyl-2-decalone,943-95-3
"9,10,13-trihydroxy-octadec-11-enoic acid",29907-57-1
"9,12,15-octadecatrienoic acid",1955-33-5
"9,12-octadecadienoic acid",2197-37-7
"9,17-octadecadienal",85263-73-6
9-(methylthio)nonanenitrile,58214-94-1
9-Octadecenamide,3322-62-1
9-Octadecene,5557-31-3
9-acetoxy-8-hydroxy-p-1-menthene,
9-acetylanthracene,784-04-3
9-alloaromadendrene,220437-48-9
9-butyldocosane,55282-14-9
9-decen-1-ol,13019-22-2
9-decenal,39770-05-3
9-decenoic acid,14436-32-9
9-eicosyne,71899-38-2
9-heptadecanone,540-08-9
9-hexadecenoic acid,2091-29-4
9-hexylheptadecane,55124-79-3
9-methyl-1-decanol,55505-28-7
9-methyl-2-decanone,68067-35-6
9-methyl-2-decenal,58196-32-0
9-methyl-3-undecene,112548-34-2
9-methyldecanal,137352-60-4
9-methyldecanoic acid,1119-63-7
9-methylheptadecane,18869-72-2
9-methylundecanoic acid,17001-17-1
"9-octadecen-12-ynoic acid, methyl ester",56847-05-3
9-octadecenal,5090-41-5
9-octadecenoic acid,2027-47-6
9-octylheptadecane,7225-64-1
9-oxodecanoic acid,1422-26-0
9-oxonerolidol,58865-88-6
9-oxononanoic acid,2553-17-5
9-oxonootkatone,
9-tetradecen-2-one,
9-tetradecenal,60671-78-5
9-tetradecenoic acid,13147-06-3
Acetaldehyde hexyl isoamyl acetal,233665-90-2
"Adenosine monophosphate; monosodium, or disodium adenylate",61-19-8
Allyl methyl tetrasulfide,90195-83-8
Arg-Lys-Tyr-Glu-Glu-Val-Ala-Arg,
Asparagine,70-47-3
"Benzeneethanol, alpha-methyl-3-(1-methylethyl)-",54518-11-5
Benzyl lactate,2051-96-9
Betaine,107-43-7
Caffeine,58-08-2
Carnitine,541-15-1
Carnosine,
Cinnamyl isobutyrate,103-59-3
Cinnamyl isovalerate,140-27-2
Citronellyl decanoate,72934-06-6
Citronellyl dodecanoate,72934-07-7
Creatine,57-00-1
Creatinine,60-27-5
D-Ribose,50-69-1
D-glucose,50-99-7
Decyl propionate,5454-19-3
Dihydromintlactone,92015-65-1
Gentiopicroside,20831-76-9
Gentioside,529-48-6
Gentioside isomer,
Gentisin,437-50-3
Guanilic acid,85-32-5
Hex-5-en-2-one,109-49-9
"Hexadec-7-en-1,16-lactone",123-69-3
Hypoxanthine,68-94-0
Ile-Val-Gly-Arg-Pro-Arg-His-Gln-Gly,
Isobornyl formate,1200-67-5
Isoquercitrin,
L-Alanine,56-41-7
L-Arg-Gly-L-Pro-L-Pro-L-Phe-L-Ile-L-Val,
L-Arginine,74-79-3
L-Aspartic acid,56-84-8
L-Cystine,56-89-3
L-Glutamic acid,56-86-0
L-Glutamine,56-85-9
L-Glycine,56-40-6
L-Histidine,71-00-1
L-Isoleucine,73-32-5
L-Leucine,61-90-5
L-Lysine,56-87-1
L-Methionine,63-68-3
L-Ornitine,70-26-8
L-Phenylalanine,63-91-2
L-Proline,147-85-3
L-Rhamnose,3615-41-6
L-Threonine,72-19-5
L-Tyrosine,60-18-4
L-Valine,72-18-4
L-citronellol,7540-51-4
L-malic acid,97-67-6
LINALOOL,129-91-0
Levoverbenone,1196-01-6
Logan acid,22255-40-9
Met-Asp-Ala-Ile-Lys-Lys-Met-Gln,
Methyl Ferulate,
Methyl arachidonate,2566-89-4
"N,2-dimethylsuccinimide",15542-96-8
"N,N'-bis(3-aminopropyl)-1,4-butanediamine (=spermine)",71-44-3
"N,N'-dimethyl-1,4-butanediamine",16011-97-5
"N,N-bis(1-methylethyl)-1,2-ethanediamine",121-05-1
"N,N-cyclohexyldiethylamine",91-65-6
"N,N-cyclohexyldimethylamine",98-94-2
"N,N-dibutylacetamide",1563-90-2
"N,N-dibutylethylamine",4458-33-7
"N,N-dibutylformamide",761-65-9
"N,N-dibutylhexanamide",52868-51-6
"N,N-dibutylmethylamine",3405-45-6
"N,N-dibutylpropylamine",36874-77-8
"N,N-diethylacetamide",685-91-6
"N,N-diethylformamide",617-84-5
"N,N-diethylmethylamine",616-39-7
"N,N-diethylpentylamine",2162-91-6
"N,N-diethylpropylamine",4458-31-5
"N,N-dimethyl-1,4-butanediamine",3529-10-0
"N,N-dimethylacetamide",127-19-5
"N,N-dimethylaniline",121-69-7
"N,N-dimethylformamide",68-12-2
"N,N-dimethylmethanethioamide",758-16-7
"N,N-dimethyloctylamine",7378-99-6
"N,N-dimethylphenethylamine",1126-71-2
"N,N-dimethylpiperazine",106-58-1
"N,N-dimethylpropanamide",758-96-3
N-(2-furfurylidene)phenethylamine,
N-(2-methyl-1-propenyl)- (2-methylpropylidene)amine,77144-87-7
N-(2-methylbutyl)acetamide,54824-90-7
N-(2-phenethyl)acetamide,877-95-2
N-(2-phenethyl)formamide,23069-99-0
"N-(3-aminopropyl)-1,4-butanediamine (=spermidine)",124-20-9
N-(3-methylbutylidene)phenethylamine,92195-46-5
N-(5-methyl-2-furfurylidene)phenethylamine,
N-(phenylmethylene)-N-benzylamine,780-25-6
N-[(5-methyl-2-pyrrolyl)methylene]phenethylamine,
N-[3-(methylthio)propyl]acetamide,54824-91-8
N-[4-[hydroxy(methyl)amino]butanoyl]glycine,
N-acetylalanine,97-69-8
"N-acetylalanine, ethyl ester",5686-40-8
N-benzyl O-ethyl carbamate,2621-78-5
N-benzyl O-ethyl thiocarbamate,55365-86-1
N-benzyldimethylamine,103-83-3
N-benzylidenephenethylamine,3240-95-7
N-benzylmethylamine,103-67-3
N-butyl-N-methylacetamide,10601-67-9
N-butyl-N-nitroso-1-butanamine,924-16-3
N-butyl-sec-butylamine,4444-67-1
N-butylacetamide,1119-49-9
N-butylacetamide (unkn.str.),
N-butyldiethylamine,4444-68-2
N-butyldimethylamine,927-62-8
N-butyldipropylamine,4444-71-7
N-butylethylamine,13360-63-9
N-butylhexylamine,38202-69-6
N-butylisobutylamine,20810-06-4
N-butylisopropylamine,39099-23-5
N-butylmethylamine,110-68-9
N-butylpentylamine,39536-61-3
N-butylpropylamine,20193-21-9
N-cyclohexylacetamide,1124-53-4
N-cyclohexylisopropylamine,1195-42-2
N-ethyl-1-propanamine (=N-ethyl-1-propanamine),20193-20-8
N-ethyl-sec-heptylamine,83701-03-5
N-ethyl-sec-nonylamine,96892-38-5
N-ethylacetamide,625-50-3
N-ethylaniline,103-69-5
N-ethyldimethylamine,598-56-1
N-ethylethanamine (=diethylamine),109-89-7
N-ethylheptylamine,66793-76-8
N-ethylpentylamine,17839-26-8
N-ethylpropanamide,5129-72-6
N-ethylsuccinimide,2314-78-5
N-formylanthranilic acid,3342-77-6
N-furfurylacetamide,5663-62-7
N-heptyldimethylamine,5277-11-2
N-hexylacetamide,7501-79-3
N-hexyldipropylamine,96624-60-1
"N-isobutyl-2,4-eicosadienamide",54794-71-7
N-isobutylacetamide,1540-94-9
N-isobutyldimethylamine,7239-24-9
N-isobutylformamide,6281-96-5
N-isobutylheptylamine,90105-57-0
N-isobutylhexylamine,78579-56-3
N-isobutylisopentylamine,81760-10-3
N-isobutyloctadecatrienamide (unkn.str.),
N-isobutylpentylamine,78579-55-2
N-isobutylpropylamine,39190-66-4
N-isopentylacetamide,13434-12-3
N-isopentylhexylamine,78579-60-9
N-isopropyl-2-propanamine (=diisopropylamine),108-18-9
N-isopropylacetamide,1118-69-0
N-isopropyldimethylamine,996-35-0
N-isopropylheptylamine,90105-56-9
N-isopropylmethylamine,4747-21-1
N-isopropyloctylamine,25513-58-0
N-methionylacetamide (unkn.str.),23361-37-7
N-methyl-1-propanamine (=N-methylpropylamine),627-35-0
N-methyl-sec-pentylamine,22431-10-3
N-methylacetamide,79-16-3
N-methylaniline,100-61-8
N-methylbutylacetamide (unkn.str.),
N-methyldipentylamine,76257-73-3
N-methyldipropylamine,3405-42-3
N-methylethanamine (=N-ethylmethylamine),624-78-2
N-methylformamide,123-39-7
N-methylheptylamine,36343-05-2
N-methylhexadecanamide,7388-58-1
N-methylhexylamine,35161-70-7
N-methylmethanamine (=dimethylamine),124-40-3
N-methylphenethylamine,589-08-2
N-methylsuccinimide,1121-07-9
N-nitrosodimethylamine,62-75-9
N-nonyldipropylamine,90105-55-8
N-pentylacetamide,2524-60-9
N-pentyldipropylamine,6402-46-6
N-phenethyl[(2-pyrrolyl)methylene]amine,
N-prop-2-enylpropan-1-amine (=N-allylpropylamine),5666-21-7
N-propyl-1-propanamine (=dipropylamine),142-84-7
N-propylacetamide (=N-acetylpropylamine),5331-48-6
N-propylheptylamine,75898-39-4
N-propylhexylamine,20193-23-1
N-sec-butylacetamide,1189-05-5
N-sec-butyldiethylamine,13422-60-1
N-sec-butylisobutylamine,39190-88-0
N-sec-butylpentylamine,41781-25-3
N-sec-methylheptylamine,540-43-2
N-sec-propyloctylamine,81760-14-7
N-tert-butylacetamide,762-84-5
N-tert-butyldiethylamine,60021-88-7
N-tert-butylethylamine,4432-77-3
N-tert-butylheptylamine,78579-52-9
N-tert-butylhexylamine,4307-08-8
N-tert-butylisobutylamine,56951-66-7
N-tert-butylpentylamine,4266-04-0
"O,S-diethyl thiocarbonate",3554-12-9
"O,S-dimethyl thiocarbonate",38103-95-6
ORIN LACTONE,134359-15-2
Picrasin A,27368-79-2
Picrasin B,26121-56-2
Quassin,76-78-8
R-(+)-citronellal,2385-77-5
"S,S'-ethylidene dithioacetate",20266-80-2
S-(-)-citronellal,5949-05-3
S-(3-hydroxypropyl) acetothioate,115051-66-6
S-[(methylthio)methyl] 2-methylbutanethioate,74416-64-1
S-[(methylthio)methyl] 2-methylpropanethioate,77974-85-7
S-[(methylthio)methyl] 3-methylbutanethioate,77974-86-8
S-[(methylthio)methyl] 4-methylpentanethioate,77974-87-9
S-[(methylthio)methyl] hexanethioate,77974-88-0
S-decyl butanethioate,2432-55-5
S-ethyl 2-methylbutanethioate,20761-78-8
S-ethyl acetothioate,625-60-5
S-ethyl butanethioate,20807-99-2
S-ethyl propanethioate,2432-42-0
S-furfuryl acetothioate,13678-68-7
S-isopropyl 3-(methylthio)-2-butenethioate,
S-methyl 2-methylbutanethioate,42075-45-6
S-methyl 2-methylpropanethioate,42075-42-3
S-methyl 3-methylbutanethioate,23747-45-7
S-methyl 4-methylpentanethioate,61122-71-2
S-methyl 5-methylhexanethioate,
S-methyl acetothioate (=methanethiol acetate),1534-08-3
S-methyl butanethioate (=2-thiahexan-3-one),2432-51-1
S-methyl butenethioate (unkn.str.),
S-methyl decanethioate,1680-29-1
S-methyl heptanethioate,2432-82-8
S-methyl hexanethioate,2432-77-1
S-methyl nonanethioate,86211-08-7
S-methyl octanethioate,2432-83-9
S-methyl pentanethioate,42075-43-4
S-methyl propanethioate,5925-75-7
S-methyl thioformate,27798-35-2
S-propyl 1-propene-1-sulfonothioate,34139-14-5
S-propyl acetothioate,2307-10-0
S-propyl propanesulfinothioate,1948-52-3
S-propyl propanethioate,2432-43-1
Serine,302-84-1
Sweroside,14215-86-2
Swertiamarin,17388-39-5
T-muurolol,19912-62-0
Taurine,107-35-7
"Tetrahydro-2,4-dimethyl-4H-pyrrolo[2,1-d]-1,3,5-dithiazine",116505-60-3
"Tomato Lycopene (=lycopene, psi,psi-carotene, 2,6,10,14,19,23,27,31-Octamethyl-dotriaconta-2,6,8,10,12,14,16,18,20,22,24,26,30-tridecae)",502-65-8
Tryptophan,73-22-3
Tyr-Val-Gly-Asp-Glu-Ala-Gln-Ser-Lys-Arg-Gly,
Uridine,58-96-8
Vaccenic acid,506-17-2
Val-Asn-Val-Asp-Glu-Val-Gly-Gly-Glu-Ala-Leu-Gly-Arg,
Yuzu lactone,79894-05-6
Zeaxanthin,144-68-3
[10]-gingerol,23513-15-7
[4]-gingerdiol,53254-75-4
[6]-gingerol,23513-14-6
[6]-shogaol,555-66-8
[8]-gingerol,23513-08-8
"[R-(Z)]- 5-octene-1,3-diol",130272-38-7
abscisic acid,7773-56-0
acenaphthene,83-32-9
acenaphthylene,208-96-8
acetaldehyde,75-07-0
acetaldehyde N-formyl-N-methyl-hydrazone,16568-02-8
acetamide,60-35-5
acetic acid,64-19-7
acetic anhydride (=acetyl acetate),108-24-7
acetic formic anhydride (=acetyl formate),2258-42-6
"acetone (=2-propanone, dimethyl ketone)",67-64-1
acetonyl furfuryl ether (=2-furfuryloxyacetone),147380-69-6
acetonylpyrazine,6784-62-9
acetophenone (=1-phenylethanone),98-86-2
acetosyringone,2478-38-8
acetovanillone (= 4-hydroxy-3-methoxyacetophenone ),498-02-2
acetyl-ethylpyrazine (unkn.str.),38890-44-7
acetylcyclohexane,823-76-7
acetylfuran (unkn.str.),25154-45-4
acetylmethoxybenzene (unkn.str.) (=acetylanisole),51279-50-6
acetylnaphthalene (unkn.str.),1333-52-4
acetylpyrazine,22047-25-2
acetylpyrrole (unkn.str.),
acetylthiazole (unkn.str.),72186-67-5
acolamone,39012-14-1
acoragermacrone,50281-45-3
acorenone,5956-05-8
acorone,10121-28-5
acoronene,33983-45-8
"actinidol (=2,4,5,7a-tetrahydro-&alpha;,4,4,7a-tetramethyl-2-benzofuranmethanol)",17092-94-3
adenosine,58-61-7
adrenaline,329-65-7
agarospirol,1460-73-7
allicin,539-86-6
allo-aromadendrene epoxide,
alloaromadendrene,25246-27-9
alloaromadendrene oxide,85760-81-2
alloocimene,673-84-7
allyl (E)-1-propenyl tetrasulfide,382161-84-4
allyl (E)-1-propenyl trisulfide,382161-78-6
allyl (Z)-1-propenyl tetrasulfide,382161-81-1
allyl (Z)-1-propenyl trisulfide,382161-75-3
allyl 1-propenyl disulfide,33368-82-0
allyl 2-butenoate (=allyl crotonate),20474-93-5
allyl 2-furancarboxylate (=allyl pyromucatate),4208-49-5
"allyl 4-oxopentanoate (=allyl levulate, allyl levulinate)",115764-31-3
allyl acetate,591-87-7
allyl ethyl ether (=3-ethoxy-1-propene),557-31-3
allyl formate (=2-propenyl formate),1838-59-1
allyl heptanoate,142-19-8
allyl hexanoate,123-68-2
allyl isopropyl disulfide,67421-85-6
allyl isothiocyanate (=allyl mustard oil),57-06-7
allyl isovalerate,2835-39-4
allyl methyl disulfide,2179-58-0
allyl methyl sulfide (=1-(methylthio)-2-propene),10152-76-8
allyl methyl trisulfide,34135-85-8
allyl phenylacetate,1797-74-6
allyl propyl disulfide,2179-59-1
allyl propyl sulfide,27817-67-0
allyl propyl trisulfide,33922-73-5
allyl thiocyanate,764-49-8
allyl-trimethoxybenzene (unkn.str.),83103-61-1
allylamine,107-11-9
allylbenzene,300-57-2
alpha-terpinene,99-86-5
alpha-thujene,2867-05-2
amarogentine,21018-84-8
aminoacetophenone (unkn.str.),27941-88-4
ammonia,7664-41-7
"amorpha-4,9-dien-2-ol",394251-66-2
amorphene,65323-72-0
anethole (=1-methoxy-4-(1-propenyl)benzene),104-46-1
anhydrolinalool oxide (5),13679-86-2
"anhydrolinalool oxide (6) (=2,2,6-trimethyl-6-vinyl-tetrahydropyran)",7392-19-0
aniline,62-53-3
"anthanthrene (=dibenzo[def,mno]chrysene)",191-26-4
anthracene,120-12-7
apigenin,520-36-5
ar-abietatriene (=dehydroabietane),19407-28-4
ar-turmerol,38142-57-3
ar-turmerone,532-65-0
arachidonic acid,506-32-1
aristolene,6831-16-9
aromadendrene,72747-25-2
aromadendrene oxide,85710-39-0
artemisia alcohol,29887-38-5
asaronaldehyde,4460-86-0
ascaridole,512-85-6
ascaridole glycol,6790-83-6
ascorbic acid,50-81-7
astaxanthin,472-61-7
asymm. diethyl citrate,32074-56-9
aucantene,
azulene,275-51-4
"benz[a]anthracene (=1,2-benzanthracene)",56-55-3
benzaldehyde,100-52-7
benzaldehyde diethyl acetal,774-48-1
benzaldehydecyanhydrin,532-28-5
benzamide,55-21-0
benzene,71-43-2
benzenediol (unkn.str.),12385-08-9
benzenethiol (=thiophenol),108-98-5
"benzo[a]fluorene (=1,2-benzofluorene)",238-84-6
"benzo[a]pyrene (=1,2-benzopyrene)",50-32-8
"benzo[b]fluoranthene (=2,3-benzofluoranthene)",205-99-2
"benzo[b]thiophene (=1-benzothiophene, thionaphthene)",95-15-8
benzo[c]thiophene (=2-benzothiophene),270-82-6
"benzo[e]pyrene (=4,5-benzopyrene)",192-97-2
"benzo[ghi]perylene (=1,12-benzoperylene)",191-24-2
benzofuran,271-89-6
benzoic acid,65-85-0
benzonitrile,100-47-0
benzophenone,119-61-9
benzoquinone (unkn.str.),52904-95-7
"benzothiazole (=1,3-benzothiazole)",95-16-9
benzothiophene,11095-43-5
benzoxazole,273-53-0
benzyl (E)-2-butenoate (=benzyl crotonate),65416-24-2
benzyl (E)-2-methyl-2-butenoate (=benzyl tiglate),37526-88-8
benzyl (Z)-2-methyl-2-butenoate (=benzyl angelate),37526-87-7
benzyl 2-hydroxybenzoate (=benzyl salicylate),118-58-1
benzyl 2-methylbutanoate,56423-40-6
benzyl 2-methylpropanoate (=benzyl isobutyrate),103-28-6
benzyl 3-methylbutanoate,103-38-8
benzyl 3-methylbutyl ether,122-73-6
benzyl 3-oxobutanoate,5396-89-4
benzyl acetate,140-11-4
benzyl alcohol (=benzenemethanol),100-51-6
benzyl benzoate,120-51-4
benzyl benzothioate,13402-51-2
benzyl butanoate,103-37-7
benzyl butyl ether,588-67-0
benzyl chloride (=(chloromethyl)benzene),100-44-7
benzyl ethyl ether,539-30-0
benzyl formate,104-57-4
benzyl hexanoate,6938-45-0
benzyl isothiocyanate,622-78-6
benzyl methyl ether,538-86-3
benzyl methyl sulfide (=(methylthiomethyl)benzene),766-92-7
benzyl octyl ether,54852-64-1
benzyl pentanoate,10361-39-4
benzyl propanoate,122-63-4
benzyl propenyl ether,15895-87-1
benzylamine,100-46-9
benzylhydrazine,555-96-4
bicyclo[3.1.1]heptane,286-34-0
bicyclo[3.3.1]non-2-en-9-one,4844-11-5
"bicyclo[4.2.0]octa-1,3,5-triene",694-87-1
bicyclo[5.1.0]octane,286-43-1
bicycloelemene,32531-56-9
bicyclogermacrene,24703-35-3
bicyclosesquiphellandrene,54324-03-7
bifuran (unkn.str.) (=difuryl (unkn.str.)),37294-47-6
biotin,58-85-5
biphenyl,92-52-4
bis(1-propenyl) disulfide,53925-82-9
bis(1-propenyl) sulfide,33922-80-4
bis(1-propenyl) tetrasulfide,115868-74-1
bis(1-propenyl) trisulfide,115868-72-9
bis(2-hydroxyethyl) disulfide,1892-29-1
bis(2-methoxyethyl) phthalate,117-82-8
bis(2-methyl-3-furyl) disulfide,28588-75-2
bis(2-methylbutyl) malate,
bis(2-methylbutyl) succinate,623-89-2
"bis(3-methoxy-1,1-dimethylpropyl)-disulfide",
bis(5-methylfurfuryl) disulfide,
bis(methylbutyl) carbonate (unkn.str.),
bisabolene (unkn.str.),
bisabolol (unkn.str.),
bisabolol oxide (unkn.str.),
bisabolone oxide (unkn.str.),
bisdemethoxycurcumin,
bixin,6983-79-5
bornyl 3-methylbutanoate,76-50-6
bornyl acetate,76-49-3
bornyl chloride,464-41-5
bornyl ethyl ether,19316-72-4
bornyl formate,7492-41-3
bornyl methyl ether,10395-54-7
bornyl propanoate,
"bornylene (=1,7,7-trimethylbicyclo[2.2.1]hept-2-ene)",464-17-5
bourbonene (unkn.str.),99751-49-2
bromo-chloro-iodomethane,34970-00-8
bromo-diiodomethane,557-95-9
bromo-iodomethane,557-68-6
bromo-trichloromethane,75-62-7
bromochloromethane,74-97-5
bromonaphthalene (unkn.str.),27497-51-4
bulnesene (unkn.str.),
bulnesol,22451-73-6
butanal (=butyraldehyde),123-72-8
butanal N-formyl-N-methylhydrazone,62080-57-3
butanal oxime,110-69-0
butanamide,541-35-5
butane,106-97-8
butanediol acetal (unkn.str.),
butanediol diacetate (unkn.str.),
butanediol monoacetate (unkn.str.),
"butanenitrile (=butyronitrile, propyl cyanide)",109-74-0
butanoic acid,107-92-6
butene (unkn.str.),25167-67-3
butenol (unkn.str.),57323-59-8
butenyl isothiocyanate (unkn.str.),
butenyl phenethyl ether (unkn.str.),
butoxy-ethoxyethanol (unkn.str.),
butyl (E)-2-butenoate (=butyl (E)-crotonate),591-63-9
butyl (E)-2-hexenoate,54411-16-4
butyl (E)-2-methyl-2-butenoate (=butyl tiglate),7785-66-2
butyl (E)-3-hexenoate,118869-62-8
butyl (E)-4-decenoate,
"butyl (E,Z)-2,4-decadienoate",28369-24-6
butyl (S)-2-methylbutanoate,72447-48-4
butyl (Z)-2-methyl-2-butenoate (=butyl angelate),7785-64-0
butyl 2-butenoate (=butyl crotonate),7299-91-4
butyl 2-furancarboxylate,583-33-5
butyl 2-hydroxybenzoate (=butyl salicylate),2052-14-4
butyl 2-hydroxypropanoate (=butyl lactate),138-22-7
butyl 2-methyl-2-butenoate,66917-60-0
butyl 2-methyl-2-propenoate (=butyl methacrylate),97-88-1
butyl 2-methylbutanoate,15706-73-7
butyl 2-methylbutyl succinate,
butyl 2-methylpentanoate,6297-41-2
butyl 2-methylpropanoate (=butyl isobutyrate),97-87-0
butyl 2-octenoate,57403-32-4
butyl 2-oxobutanoate,16942-56-6
butyl 3-(methylthio)propanoate,54732-83-1
butyl 3-butenoate,14036-56-7
butyl 3-hexenoate,41519-01-1
butyl 3-hydroxy-2-methylidenebutanoate,22141-40-8
butyl 3-hydroxybutanoate,53605-94-0
butyl 3-hydroxyhexanoate,179177-72-1
butyl 3-hydroxyoctanoate,
butyl 3-methyl-2-butenoate,54056-51-8
butyl 3-methylbutanoate (=butyl isovalerate),109-19-3
butyl 4-methoxybenzoate (=butyl anisate),6946-35-6
butyl 5-octenoate,
butyl 7-octenoate,108058-80-6
butyl acetate,123-86-4
butyl benzoate,136-60-7
butyl butanoate,109-21-7
butyl decanoate,30673-36-0
butyl dodecanoate (=butyl laurate),106-18-3
butyl ethyl disulfide,63986-03-8
butyl ethyl ether,628-81-9
butyl ethyl malate,
butyl ethyl succinate,67233-92-5
butyl ethyl sulfide (=1-(ethylthio)butane),638-46-0
butyl formate,592-84-7
butyl heptanoate,5454-28-4
butyl hexadecanoate,111-06-8
butyl hexanoate,626-82-4
butyl isobutyl phthalate,17851-53-5
butyl isobutyl succinate,
butyl isocyanate,111-36-4
butyl isopentyl succinate,
butyl isopropyl disulfide,72437-53-7
butyl isothiocyanate,592-82-5
butyl lactyllactate,
butyl methyl disulfide,60779-24-0
butyl methyl sulfide (=1-(methylthio)butane),628-29-5
butyl nicotinate,6938-06-3
butyl nonanoate,50623-57-9
butyl octadecanoate,123-95-5
butyl octanoate,589-75-3
butyl pentanoate,591-68-4
butyl pentanoate (branched),
butyl phenyl ether (=1-phenoxybutane),1126-79-0
butyl phenylacetate,122-43-0
butyl propanoate,590-01-2
butyl propyl disulfide,72437-64-0
butyl propyl malate (unkn.str.),
butyl propyl sulfide (=1-(propylthio)butane),1613-46-3
butyl tetradecanoate,110-36-1
butyl-dimethylpyrazine (unkn.str.),97485-49-9
butyl-methylpyrazine (unkn.str.),106100-48-5
butyl-methylpyridine (unkn.str.),
butyl-trimethylpyrazine,10132-38-4
butylbenzene,104-51-8
butylbenzene (unkn.str.),68411-44-9
butylcyclohexane,1678-93-9
butylcyclohexene (unkn.str.),31620-25-4
butylcyclopentane,2040-95-1
butylethylbenzene (unkn.str.),82169-27-5
butylfuran (unkn.str.),64079-00-1
butylhexahydrophthalide (unkn.str.),
butylphenol (unkn.str.),28805-86-9
butylpyrazine,29460-91-1
butylpyridine (unkn.str.),31388-09-7
butylthiophene (unkn.str.),103696-17-9
butyrosyringone,69271-91-6
byakangelicol,26091-79-2
cadalene,483-78-3
cadinene (unkn.str.),
cadinenol (unkn.str.),
cadinol (unkn.str.),
cadinol-T,5937-11-1
caffeic acid hexoside,
caffeoylmalic acid (unkn.str.),
caftaric acid,67879-58-7
calacone,5957-62-0
calacorene (unkn.str.),38599-17-6
calamendiol (=calameon),30167-28-3
calamene,1406-50-4
"calamenen-1,11-epoxide",143785-42-6
calamenene,483-77-2
calamusenone,71305-96-9
calarene,17334-55-3
"camphane (=1,7,7-trimethylbicyclo[2.2.1]heptane)",464-15-3
"camphene (=2,2-dimethyl-3-methylenebicyclo[2.2.1]heptane)",79-92-5
camphene hydrate,465-31-6
campherenol,18530-03-5
campherenone,18530-02-4
campholenal (unkn.str.),
camphoraldehyde,4374-98-5
car-3-en-2-one,53585-45-8
"carbamic acid, monoammonium salt",1111-78-0
carbon disulfide,75-15-0
carbondioxide,124-38-9
carbonyl diiodide,13353-01-0
carbonyl sulfide,463-58-1
carene (unkn.str.),
"carene 3,4-epoxide",2225-98-1
carotol,465-28-1
cartol,
carvacrol (=5-isopropyl-2-methylphenol),499-75-2
carvacryl acetate,6380-28-5
carvenone (=p-3-menthen-2-one),499-74-1
carvenyl acetate,85392-37-6
"carveol (=p-1(6),8-menthadien-2-ol)",99-48-9
carveol I,
carveol II,
"carveol, 6,7-epoxide, acetate",
carvomenthone (=trans-carvomenthone),499-70-7
carvomenthyl acetate,5256-66-6
carvon-10-acetate,56423-44-0
carvone,99-49-0
"carvone 1,2-oxide",33204-74-9
"carvone 8,9-oxide",56423-45-1
carvone oxide (unkn.str.),36616-60-1
carvotanacetol,586-23-2
carvotanacetone (=p-1-menthen-6-one),499-71-8
carvyl acetate,97-42-7
carvyl ethyl ether,69744-17-8
caryolan-1-ol,52104-11-7
"caryophylla-4(12),8(13)-dien-5&alpha;-ol",19431-79-9
caryophylladienol (unkn.str.),
caryophyllane,20479-00-9
caryophyllen-5-al (unkn.str.),
"caryophyllene 2,12:5,6-dioxide",60479-10-9
caryophyllene alcohol (unkn.str.) (=hydroxycaryophyllene (unkn.str.)),56747-96-7
caryophyllene formate,58096-46-1
caryophyllene ketone,
caryophyllenol (unkn.str.),
caryophyllenol I,32214-88-3
caryophyllenol II,32214-89-4
caryophyllenol III,
caryophyllenol IV,
catechin,7295-85-4
cedranediol (unkn.str.),
cedrenol,28231-03-0
cedrol,77-53-2
cedryl acetate,77-54-3
chamazulene,529-05-5
chavicine,495-91-0
chlorobenzaldehyde (unkn.str.),35913-09-8
chlorobenzene,108-90-7
chlorogenic acid,327-97-9
chloromethane,74-87-3
chlorophyll a,479-61-8
chlorophyll b,519-62-0
cholesterol,57-88-5
choline,62-49-7
choline (CL),67-48-1
chrysanthenone,473-06-3
chrysanthenyl acetate,54324-99-1
"chrysene (=1,2,5,6-dibenzonaphthalene)",218-01-9
chrysin,480-40-0
chrysophanic acid,481-74-3
cinnamaldehyde (=3-phenyl-2-propenal),104-55-2
cinnamic acid,621-82-9
cinnamyl acetate,103-54-8
cinnamyl butanoate,103-61-7
cis-&alpha;-bergamotene,18252-46-5
cis-&alpha;-bisabolene,29837-07-8
cis-&alpha;-cadinol,
cis-&alpha;-copaen-8-ol,
cis-&beta;-bergamotene,15438-93-4
cis-&beta;-copaene,41530-63-6
cis-&beta;-guaiene,372162-07-7
cis-&beta;-sesquiphellandrol,56144-26-4
cis-&beta;-terpineol,7299-40-3
cis-&gamma;-bisabolene,13062-00-5
cis-&gamma;-cadinene,
"cis-(2R,5R)-linalool oxide (6)",
"cis-(2R,5S)-linalool oxide (5)",
"cis-(2S,5R)-linalool oxide (5)",23007-29-6
"cis-(2S,5S)-linalool oxide (6)",
"cis-1,2-epoxy-&alpha;-terpinyl acetate",
"cis-1,2-epoxy-4-terpineol",
cis-1-isopropenyl-2-methylcyclohexane,15582-53-3
"cis-2,4-dimethyl-1,3-dioxolane",100760-25-6
"cis-2,5-diethyltetrahydrofuran",5921-97-1
"cis-2,7-dimethyl-4-octene-2,7-diol",160790-49-8
cis-2-acetoxyisomenthone,57074-32-5
cis-2-acetoxypulegone,31147-61-2
"cis-2-hydroxy-3,4,5-trimethyl-2-cyclopenten-1-one",125476-24-6
cis-2-hydroxyisomenthone,57129-11-0
"cis-2-isobutyl-4-methyl-1,3-dioxolane",122045-45-8
"cis-2-methyl-4-propyl-1,3-oxathiane",59323-76-1
cis-2-methyltetrahydrothiophene-3-ol,62614-75-9
cis-2-tert-butylcyclohexanol acetate,20298-69-5
cis-2-thujen-4-ol,69651-92-9
"cis-3,5-diethyl-1,2,4-trithiolane",38348-25-3
"cis-3,5-dimethyl-1,2,4-trithiolane",38348-23-1
"cis-3,5-muuroladiene",157374-44-2
"cis-3,7-dimethyl-2,6-octadienyl 3-methylbutanoate (=neryl isovalerate)",3915-83-1
"cis-3-(1-propylidene)-4,5-dihydrophthalide",
"cis-3-butyl-3a,4,5,6-tetrahydrophthalide (=neocnidilide)",2550-44-9
"cis-3-ethyl-5-methyl-1,2,4-trithiolane",69098-45-9
"cis-3-isopropyl-5-methyl-1,2,4-trithiolane",71300-00-0
cis-3-pinen-2-ol,38211-97-1
"cis-4(14),5-muuroladiene",157477-72-0
"cis-4,5-epoxy-(E)-2-decenal",154002-67-2
"cis-4,7-dimethylbicyclo[3.2.1]oct-3-en-6-one",70497-06-2
"cis-4-(hydroxymethyl)-2-methyl-1,3-dioxolane",3674-21-3
"cis-4-hydroxy-2-methyl-1,3-dioxolane",
cis-4-hydroxy-3-methyldecanoic acid lactone,121644-12-0
cis-4-thujyl acetate,77318-48-0
cis-5-dodecenyl acetate,16676-96-3
"cis-5-hydroxy-2-methyl-1,3-dioxane",3674-23-5
cis-5-hydroxy-4-methyldecanoic acid lactone,145441-22-1
cis-5-hydroxy-4-methyloctanoic acid lactone,770729-51-6
cis-5-methyltetrahydrofurfuryl alcohol,123931-60-2
"cis-6-ethyl-4,5,7-trithiaoct-2-ene",56019-32-0
cis-6-hydroxy-&alpha;-terpinyl acetate,
cis-8-(acetylthio)-p-menthan-3-one,57129-12-1
cis-8-(methylthio)-p-menthan-3-one,32637-94-8
cis-8-mercapto-p-menthan-3-one,33284-96-7
cis-anhydrolinalool oxide (unkn.str.),
cis-cadin-4-en-7-ol,217650-27-6
"cis-cadina-1(6),4-diene",246522-85-0
cis-calamenene,72937-55-4
"cis-carveol (= cis-p-1(6),8-menthadien-2-ol)",1197-06-4
"cis-carvone 1,2-oxide",39903-97-4
cis-carvotanacetol,536-30-1
cis-carvyl acetate,1205-42-1
cis-carvyl formate,56423-41-7
cis-carvyl propanoate,145032-50-4
cis-caryophyllene oxide,60594-23-2
cis-chrysanthenyl acetate,67999-48-8
cis-decahydronaphthalene,493-01-6
cis-dihydrocarvone,3792-53-8
cis-dihydrolinalool oxide (5),77939-96-9
cis-epoxydihydrolinalool,
cis-isoascaridole,
"cis-isocarveol (=cis-p-1(7),8-menthadien-2-ol)",22626-43-3
cis-isogeraniol,5944-20-7
cis-isopiperitenol,4017-76-9
cis-isopulegone,52152-10-0
"cis-limonene 1,2-oxide",13837-75-7
cis-linalool oxide (5),5989-33-3
"cis-linalool oxide (5), acetate",56469-39-7
"cis-linalool oxide (6), acetate",56779-64-7
cis-linalool oxide (unkn.str.),11063-77-7
cis-marmelo oxide,89103-56-0
cis-marmelolactone,74133-35-0
cis-nerone,41766-72-7
"cis-octahydro-4a,7,7-trimethyl-2(1H)-naphthalenone",7056-56-6
"cis-p-1(7),5-menthadien-2-ol",29332-99-8
"cis-p-1-menthene-3,6-diol",78037-71-5
"cis-p-2,8-menthadien-1-ol",3886-78-0
"cis-p-2,8-menthadien-1-yl hydroperoxide",123406-79-1
cis-p-2-menthen-1-ol,29803-81-4
"cis-p-2-menthene-1,8-diol",54164-91-9
"cis-p-2-menthene-1,8-diol, 8-acetate",
"cis-p-menthane-1,8-diol (=cis-terpin)",565-48-0
cis-piceid,148766-36-3
cis-pinene hydrate,4948-28-1
cis-pinocarveol,6712-79-4
cis-piperitol,16721-38-3
cis-piperitol oxide,94133-24-1
cis-piperitone oxide,57130-28-6
cis-pulegone oxide,7599-91-9
cis-resveratrol,61434-67-1
cis-rose oxide,876-17-5
cis-sabinene hydrate (=cis-4-thujanol),15537-55-0
cis-sabinol (=cis-4(10)-thujenol),3310-02-9
cis-sabinyl acetate,53833-85-5
cis-selinen-4-ol,75479-20-8
cis-sesquisabinene hydrate,58319-05-4
cis-spiro[4.5]decenone (unkn.str.),
cis-theaspirone,23024-52-4
cis-verbenol,1845-30-3
cis-vitispirane,99881-85-3
cis-whiskey lactone,55013-32-6
"citral (=3,7-dimethyl-2,6-octadienal)",5392-40-5
citric acid,77-92-9
"citronellal (=3,7-dimethyl-6-octenal)",106-23-0
citronellic acid,502-47-6
citronellol (=&beta;-citronellol),106-22-9
citronellyl 2-methylbutanoate,
citronellyl 3-methyl-2-butenoate,
citronellyl 3-methylbutanoate (=citronellyl isovalerate),68922-10-1
citronellyl acetate,150-84-5
citronellyl benzoate,
citronellyl butanoate,141-16-2
citronellyl citronellate,
citronellyl formate,105-85-1
citronellyl hexanoate,10580-25-3
citronellyl methyl ether,55915-70-3
citronellyl propanoate,141-14-0
clovan-2-ol,11023-21-5
clovandiol,2649-64-1
cnidicin,14348-21-1
cnidilide,3674-03-1
coniferaldehyde (=4-hydroxy-3-methoxy-cinnamaldehyde),458-36-6
coniferyl alcohol,458-35-5
copaborneol,21966-93-8
copacamphene,16641-59-1
copaene (unkn.str.),947-59-1
coronene,191-07-1
coumaric acid (unkn.str.),
coumarin (=2H-1-benzopyran-2-one),91-64-5
coumaroylmalic acid (unkn.str.),
coumaroyltartaric acid (unkn.str.),
cubeban-11-ol,220766-71-2
cubebene (unkn.str.),28673-14-5
cubebol,23445-02-5
cubenol,21284-22-0
cuparene,16982-00-6
curcumadiol,31946-48-2
curcumalactone,98263-92-4
curcumanolide A,97550-04-4
curcumanolide B,97452-55-6
curcumenol,19431-84-6
curcumenone,100347-96-4
curcumin,
curcumol,4871-97-0
curdione,13657-68-6
curzerenone,20493-56-5
cyanidin-3-glucoside,
cycloalliin,455-41-4
cyclobutanol,2919-23-5
cyclobutene,
cyclocitral (unkn.str.),52844-21-0
cyclocopacamphene,24112-86-5
cyclodecene,3618-12-0
cyclododecane,294-62-2
cyclododecanone,830-13-7
cyclododecene,1501-82-2
cyclofenchene,488-97-1
cyclohexane,110-82-7
cyclohexaneethanol,4442-79-9
cyclohexanemethanol,100-49-2
cyclohexanol,108-93-0
cyclohexanone,108-94-1
cyclohexene,110-83-8
cyclohexyl acetate,622-45-7
cyclohexyl butanoate,1551-44-6
cyclohexyl hexanoate,6243-10-3
cyclohexyl isothiocyanate,1122-82-3
cyclohexyl methyl sulfide (=methylthiocyclohexane),7133-37-1
cyclohexylamine,108-91-8
cycloisosativene,406485-43-6
cyclolongifolene,
cyclononene,3618-11-9
cyclooctane,292-64-8
cyclooctanone,502-49-8
cyclooctatetraene,629-20-9
cyclooctene,931-88-4
cyclopentadiene,542-92-7
cyclopentane,287-92-3
"cyclopentane, 1,1,3,4-tetramethyl-, cis-",53907-60-1
cyclopentanediol (unkn.str.),90366-23-7
cyclopentanol,96-41-3
cyclopentanone,120-92-3
cyclopentene,142-29-0
cyclopentenone (unkn.str.),28982-58-3
cyclopentyl butanoate,6290-13-7
cyclotene (=see also [765-70-8]),80-71-7
cyclotetracosane,297-03-0
cyclotetradecane,295-17-0
cycloundecene,6568-15-6
cymen-8-ol (unkn.str.),
cymenol (unkn.str.),32713-30-7
cytidine,65-46-3
cytidinemonofosfaat,63-37-6
d-Xylose,58-86-6
d-camphor,464-49-3
d-nerolidol,142-50-7
"dauca-5,8-diene",142928-08-3
daucene,16661-00-0
daucol,887-08-1
davana furan,
decadienal (unkn.str.),30551-18-9
decadiene (unkn.str.),147730-40-3
decadienoic acid (unkn.str.),63889-75-8
"decahydro-&alpha;,&alpha;,4a,8-tetramethyldidehydro-2-naphthalenemethanol (unkn.str.)",
decahydronaphthalene (=decalin),91-17-8
decanal (=capraldehyde),112-31-2
decanal (unkn.str.),
decane,124-18-5
decane (branched),34464-38-5
decanedioic acid (=sebacic acid),111-20-6
decanenitrile,1975-78-6
decanoic acid (=capric acid),334-48-5
decanone (unkn.str.),29221-56-5
decen-2-one (unkn.str.),67881-17-8
decenal (unkn.str.),25447-70-5
decene (unkn.str.),25339-53-1
decenoic acid (unkn.str.),26446-27-5
decenol (unkn.str.),62053-09-2
decenyl acetate (unkn.str.),67412-66-2
decenyl butanoate (unkn.str.),
decenyl hexanoate (unkn.str.),
decyl 3-methylbutanoate,72928-48-4
decyl acetate,112-17-4
decyl butanoate,5454-09-1
decyl hexanoate,52363-43-6
decylbenzene,104-72-3
decylcyclohexane,1795-16-0
"dehydro-1,8-cineole",66113-06-2
"dehydro-1,8-cineole (unkn.str.)",
dehydroascorbic acid,490-83-5
dehydrocurdione,38230-32-9
dehydrodihydroionol,57069-86-0
dehydroionene,
dehydrololiolide,1133-04-6
"dehydrosabinene (=thuja-2,4(10)-diene)",36262-09-6
dehydrovomifoliol,7070-24-8
dehydrovomifoliol (cis),120925-93-1
dehydrovomifoliol (isomer),14398-38-0
dehydrovomifoliol (trans),39763-33-2
delphinidin-3-glucoside,50986-17-9
demethoxycurcumin,
dendrolasin,23262-34-2
desmethylhexahydrocurcumin,
"dextro-2,3-butanediol",19132-06-0
di(ep)oxylinalool (unkn.str.),
di-2-butyl trisulfide,5943-32-8
di-epi-&alpha;-cedrene epoxide,919286-24-1
di-p-tolylmethane,4957-14-6
di-sec-butyl disulfide,5943-30-6
di-tert-butyl disulfide,110-06-5
di-tert-butyl peroxide,110-05-4
"di-tert-butyl-1,4-benzoquinone (unkn.str.)",55299-14-4
di-tert-butylphenol (unkn.str.),26746-38-3
diallyl disulfide,2179-57-9
"diallyl sulfide (=thioallyl ether, 1-(allylthio)-2-propene)",592-88-1
diallyl tetrasulfide,2444-49-7
diallyl trisulfide,2050-87-5
diallylamine,124-02-7
"dibenzo[a,h]anthracene (=1,2,5,6-dibenzanthracene)",53-70-3
dibenzofuran,132-64-9
dibenzothiophene,132-65-0
dibromo-chloromethane,124-48-1
dibromo-iodomethane,593-94-2
dibromoacetaldehyde,3039-13-2
dibromomethane,74-95-3
dibutyl disulfide,629-45-8
dibutyl hexanedioate (=dibutyl adipate),105-99-7
dibutyl malate,1587-18-4
dibutyl octanedioate (=dibutyl suberate),16090-77-0
dibutyl phthalate,84-74-2
dibutyl succinate,141-03-7
dibutyl sulfide (=1-(butylthio)butane),544-40-1
dibutyl trisulfide,5943-31-7
dibutylamine,111-92-2
dichlorobenzene (unkn.str.),25321-22-6
dichloroethane (unkn.str.),1300-21-6
dichloromethane (=methylene chloride),75-09-2
didehydro-&gamma;-ionone,79934-55-7
diethoxyethyl acetate,6065-82-3
diethyl 2-acetoxysuccinate,84262-70-4
diethyl 2-hydroxy-2-methylbutanedioate,41096-35-9
diethyl 2-hydroxypentanedioate,69134-53-8
diethyl 2-methylbutanedioate,4676-51-1
diethyl 2-oxopentanedioate,5965-53-7
diethyl carbonate,105-58-8
"diethyl disulfide (=ethyldithioethane, 3,4-dithiahexane)",110-81-6
diethyl ether,60-29-7
diethyl fumarate,623-91-6
diethyl heptanedioate (=diethyl pimelate),2050-20-6
diethyl hexanedioate (=diethyl adipate),141-28-6
diethyl malate,7554-12-3
diethyl maleate,141-05-9
diethyl malonate,105-53-3
diethyl nonanedioate,624-17-9
diethyl octanedioate,2050-23-9
diethyl oxalate,95-92-1
diethyl pentanedioate (=diethyl glutarate),818-38-2
diethyl phosphate,598-02-7
diethyl phthalate,84-66-2
diethyl succinate (=diethyl butanedioate),123-25-1
diethyl sulfide (=ethylthioethane),352-93-2
diethyl tartrate,87-91-2
diethyl tetrasulfide,13730-34-2
diethyl trisulfide (=ethyltrithioethane),3600-24-6
diethyl-dimethylpyrazine (unkn.str.),
diethyl-methylpyrazine (unkn.str.),
diethyl-propylpyrazine (unkn.str.),
diethylbenzene (unkn.str.),25340-17-4
diethylcyclohexane (unkn.str.),
diethyldimethylbenzene (unkn.str.),28013-18-5
diethylene glycol diethyl ether,98531-35-2
diethylene glycol monobutyl ether (=2-(2-butoxyethoxy)ethanol),112-34-5
diethylene glycol monoethyl ether (=carbitol),111-90-0
diethylene glycol monomethyl ether (=methyl carbitol),111-77-3
diethylene glycol monophenyl ether,104-68-7
diethylphenol (unkn.str.),26967-65-7
diethylpyrazine (unkn.str.),87250-91-7
diferulic acid (isomer 1),
diferulic acid (isomer 2),
diferulic acid (isomer 3),
diferulic acid (isomer 4),
diferulic acid (isomer 5),
difurfuryl disulfide,4437-20-1
difurfuryl ether,4437-22-3
difurfuryl sulfide,13678-67-6
difurylmethane (unkn.str.),
dihexoxymethane,54815-12-2
dihexyl ether,112-58-3
dihomo-&gamma;-linolenic acid,1783-84-2
dihydro-&alpha;-agarofuran,20053-66-1
"dihydro-&alpha;-ionone (=4-(2,6,6-trimethyl-2-cyclohexenyl)-2-butanone)",31499-72-6
dihydro-&alpha;-terpinyl acetate,80-25-1
dihydro-&beta;-ionol,3293-47-8
"dihydro-&beta;-ionone (=4-(2,6,6-trimethyl-1-cyclohexenyl)-2-butanone)",17283-81-7
"dihydro-2,4,6-triethyl-1,3,5(4H)-dithiazine",54717-17-8
"dihydro-2,4,6-trimethyl-1,3,5(4H)-dithiazine (=thialdine)",638-17-5
"dihydro-2,4,6-trimethyl-4H-1,3,5-oxathiazine",115421-50-6
"dihydro-2,4-diisopropyl-6-methyl-1,3,5(4H)-dithiazine",121098-13-3
"dihydro-2,4-dimethyl-6-pentyl-1,3,5(4H)-dithiazine",101517-91-3
"dihydro-2,4-dimethyl-6-propyl-1,3,5(4H)-dithiazine",104691-39-6
"dihydro-2,5-dimethyl-3(2H)-thiophenone",26486-19-1
"dihydro-2-isopropyl-4,6-dimethyl-1,3,5(4H)-dithiazine",104691-40-9
dihydro-2H-pyran (unkn.str.),25512-65-6
"dihydro-3-hydroxy-4,4-dimethyl-2(3H)-furanone",79-50-5
"dihydro-3-methylene-2,5-furandione",2170-03-8
"dihydro-4,6-dimethyl-1,3,5(4H)-dithiazine",51647-36-0
"dihydro-4,6-dimethyl-2-pentyl-1,3,5(4H)-dithiazine",101517-90-2
"dihydro-4,6-dimethyl-2-propyl-1,3,5(4H)-dithiazine",104691-38-5
dihydro-5-methyl-3(2H)-thiophenone,50565-24-7
dihydro-6-hydroxytheaspirane,53398-90-6
"dihydro-6-isopropyl-2,4-dimethyl-1,3,5(4H)-dithiazine",104691-41-0
dihydro-ar-turmerone,4179-20-8
dihydroactinidiolide,15356-74-8
dihydrocarveol,38049-26-2
dihydrocarvone (=p-8-menthen-2-one),7764-50-3
dihydrocarvyl acetate,20777-49-5
dihydrocolumellarin,66873-38-9
dihydroconiferyl alcohol,2305-13-7
"dihydrodehydro-&beta;-ionone (=4-(2,6,6-trimethylcyclohexa-1,3-dienyl)-2-butanone)",20483-36-7
dihydroedulan,72746-44-2
dihydroedulan I,63335-66-0
dihydroedulan II,41678-32-4
dihydrofuran (unkn.str.),36312-17-1
dihydroionone (unkn.str.),
dihydrolinalool oxide (5),56058-63-0
dihydrolinalyl acetate,108597-90-6
dihydromaltol,38877-21-3
dihydromyrcenol,18479-58-8
dihydrophytol,645-72-7
dihydropiperettine,
dihydrosesquicineol,
dihydrotagetone,1879-00-1
dihydroterpineol (unkn.str.),58985-02-7
dihydroterpinyl acetate,58985-18-5
dihydrotrimethylnaphthalene (unkn.str.),80793-13-1
"dihydroxy-9,10-anthracenedione (unkn.str.)",1322-60-7
dihydroxybenzaldehyde (unkn.str.),
dihydroxybenzoic acid (unkn.str.),27138-57-4
dihydroxymenthofuran oxide (unkn.str.),
diiodomethane,75-11-6
diisobutanoic acid disulfide,33325-42-7
diisobutyl disulfide,1518-72-5
diisobutyl hexanedioate (=(di-)isobutyl adipate),141-04-8
diisobutyl isophthalate,1528-64-9
diisobutyl phthalate,84-69-5
diisobutyl succinate,925-06-4
diisobutylamine,110-96-3
diisooctyl phthalate,27554-26-3
diisopentyl 2-hydroxy-2-methylbutanedioate,
diisopentyl ether,544-01-4
diisopentyl malate,1587-19-5
diisopentyl phthalate,605-50-5
diisopentyl succinate,818-04-2
diisopentyl sulfide,544-02-5
diisopentylamine,544-00-3
diisopropyl disulfide,4253-89-8
diisopropyl sulfide (=2-(isopropylthio)propane),625-80-9
diisopropyl trisulfide,5943-34-0
dilactide,95-96-5
dillfuran,
dimethoxy-vinylbenzene (unkn.str.),83103-62-2
dimethoxydihydrofuran (unkn.str.),81624-01-3
dimethoxymethylbenzene,1125-88-8
dimethoxypropenylbenzene (unkn.str.),73105-29-0
dimethyl carbonate,616-38-6
dimethyl disulfide (=methyldithiomethane),624-92-0
"dimethyl disulfide 1,1,2-trioxide",14128-56-4
dimethyl ether,115-10-6
dimethyl hexanedioate (=dimethyl adipate),627-93-0
dimethyl malate,1587-15-1
dimethyl malonate (=dimethyl propanedioate),108-59-8
dimethyl octanedioate (=dimethyl suberate),1732-09-8
dimethyl oxalate,553-90-2
dimethyl pentasulfide,7330-31-6
dimethyl phthalate,131-11-3
dimethyl succinate (=dimethyl butanedioate),106-65-0
dimethyl sulfide,75-18-3
dimethyl sulfone (=methylsulfonylmethane),67-71-0
dimethyl sulfoxide (=methylsulfinylmethane),67-68-5
dimethyl tetrasulfide (=methyltetrathiomethane),5756-24-1
dimethyl trisulfide,3658-80-8
dimethyl trisulfide 2-oxide,
"dimethyl-1,2-benzenediol (unkn.str.)",69845-49-4
dimethyl-2-cyclohexenone (unkn.str.),127798-16-7
dimethyl-2-thiophenecarbaldehyde (unkn.str.),123698-37-3
dimethyl-2-vinylfuran (unkn.str.),125972-38-5
dimethyl-3-hepten-2-one (unkn.str.),
dimethyl-3-penten-2-one (unkn.str.),
dimethyl-5H-cyclopentapyrazine (unkn.str.),61891-57-4
dimethyl-propylpyrazine (unkn.str.),97485-48-8
dimethyl-vinylpyrazine (unkn.str.),81352-79-6
dimethylbenzaldehyde (unkn.str.),28351-09-9
dimethylbenzene (unkn.str.) (=xylene (unkn.str.)),1330-20-7
dimethylbenzofuran (unkn.str.),25586-39-4
dimethylbenzothiophene (unkn.str.),30027-44-2
dimethylbiphenyl (unkn.str.),28013-11-8
dimethylbutene (unkn.str.),59139-36-5
dimethylcyanamide,1467-79-4
dimethylcyclohexane (unkn.str.),590-66-9
dimethyldecanoic acid (unkn.str.),
dimethylfuran (unkn.str.),28802-49-5
dimethylfurfural (unkn.str.),106100-49-6
dimethylheptanoic acid (unkn.str.),97259-93-3
dimethylindan (unkn.str.),53563-67-0
dimethylmaleic anhydride,766-39-2
dimethylnaphthalene (unkn.str.),28804-88-8
dimethylnonanoic acid (unkn.str.),136366-71-7
dimethyloctane (unkn.str.),63335-88-6
dimethyloctanoic acid (unkn.str.),82430-11-3
dimethyloctenol (unkn.str.),
dimethyloxazole (unkn.str.),
dimethylphenol (unkn.str.),1300-71-6
dimethylphenylethanol (unkn.str.),
dimethylpiperazine (unkn.str.),25155-35-5
dimethylpyrazine (unkn.str.),25704-73-8
dimethylpyridine (unkn.str.) (=lutidine (unkn.str.)),27175-64-0
dimethylpyrrole (unkn.str.),49813-61-8
dimethyltetrathiane (unkn.str.),
dimethylthiazole (unkn.str.),52006-65-2
dimethylthiophene (unkn.str.),28632-15-7
dimethyltrithiolane (unkn.str.),
dimethylundecane (unkn.str.),79004-83-4
dimethylvinylbenzene (unkn.str.),27576-03-0
dimyrcene,532-87-6
dimyrcene IIa,221272-82-8
dimyrcene IIb,855126-77-1
dimyrcene Ia,855126-75-9
dimyrcene Ib,855126-76-0
dioctyl hexanedioate (=dioctyl adipate),123-79-5
dioctyl phthalate,117-84-0
diosmin,520-27-4
dioxane (unkn.str.),
dipentyl ether,693-65-2
dipentyl succinate,645-69-2
dipentyl sulfide,872-10-6
diphenethyl carbonate,67879-62-3
diphenyl ether (=diphenyl oxide),101-84-8
diphenylacetylene,501-65-5
diphenylamine (=N-phenylaniline),122-39-4
diphenylmethane,101-81-5
dipropyl disulfide,629-19-6
dipropyl phthalate,131-16-8
dipropyl succinate,
dipropyl sulfide (=1-(propylthio)propane),111-47-7
dipropyl tetrasulfide,52687-98-6
dipropyl trisulfide,6028-61-1
dipropylthiazole (unkn.str.),
dithiolane (unkn. str.),
dl-camphor,76-22-2
dl-menthone,89-80-5
docosahexaenoic acid,6217-54-5
docosahexaenoic acid (unkn.str.),25167-62-8
docosane,629-97-0
docosane (branched),69198-89-6
docosanoic acid,112-85-6
docosenoic acid (unkn.str.),25378-26-1
dodecadiene (unkn.str.),38725-48-3
dodecadienoic acid (unkn.str.),30025-92-4
dodecanal,112-54-9
dodecane,112-40-3
dodecane (branched),31807-55-3
dodecanedioic acid,693-23-2
dodecanenitrile,2437-25-4
dodecanoic acid (=lauric acid),143-07-7
dodecanol (unkn.str.),27342-88-7
dodecen-2-one (unkn.str.),
dodecenal (unkn.str.),82107-89-9
dodecene (unkn.str.),25378-22-7
dodecenoic acid (unkn.str.),1289-45-8
dodecenol (unkn.str.),
dodecenone (unkn.str.),57782-13-5
dodecyl 2-methylpropanoate (=dodecyl isobutyrate),6624-71-1
dodecyl acetate (=lauryl acetate),112-66-3
dopamine,51-61-6
dotriacontane,544-85-4
dotriacontene,85792-05-8
ectocarpene,33156-93-3
edulan I,58116-28-2
edulan II,58116-29-3
edulan III,72468-40-7
eicosadienoic acid,25448-01-5
eicosane,112-95-8
eicosane (branched),52845-07-5
eicosanoic acid (=arachidic acid),506-30-9
eicosanyl acetate,822-24-2
eicosatetraenoic acid (unkn.str.),27400-91-5
eicosene (unkn.str.),27400-78-8
eicosenoic acid (unkn.str.),26764-41-0
elemene (unkn.str.),11029-06-4
elemol,639-99-6
elixene,3242-08-8
ellagic acid,476-66-4
endo-1-bourbonanol,131435-09-1
endo-2-norbornanol,497-36-9
"endo-4(14)-salvialene 1,5-oxide",
endo-borneol,507-70-0
endo-isocamphanone,
epi-&alpha;-bisabolol,78148-59-1
epi-&alpha;-selinene,35387-23-6
epi-&beta;-bisabolol,235421-59-7
epi-&beta;-santalene,25532-78-9
epi-cedrol,19903-73-2
epi-cubebol,38230-60-3
epi-longipinanol,54275-23-9
epi-menthofurolactone,
epiaromadendrene,55721-09-0
epibulgarene,
epicatechin,17334-50-8
epicatechin gallate (unkn.str.),
epicubenol,19912-67-5
epicurzerenone,20085-85-2
epigallocatechin (unkn.str.),
epiglobulol,88728-58-9
epimuurolene,483-74-9
epoxyaurapten,21499-17-2
epoxybergamottin,206978-14-5
epoxybergamottin hydrate,
epoxydihydrolinalool,15249-35-1
eremoligenol,10219-71-3
eremophilene,10219-75-7
ergost-5-en-3-ol,474-62-4
"erythro-2,3-butanediol diacetate",17998-02-6
"erythro-2,3-butanediol monoacetate (=erythro-3-acetoxy-2-butanol)",54927-98-9
ethanamine (=ethylamine),75-04-7
ethane,74-84-0
ethanedial (=glyoxal),107-22-2
ethanethiol (=ethyl mercaptan),75-08-1
ethanol,64-17-5
ethene (=ethylene),74-85-1
ethenyl dodecanoate,2146-71-6
ethenyl icosyl carbonate,623-53-0
ethoxybenzaldehyde (unkn.str.),
ethoxybenzene (=phenetole),103-73-1
ethoxyethyl acetate (unkn.str.),
ethyl &alpha;-acetylcinnamate,620-80-4
ethyl &alpha;-terpinyl ether,27153-54-4
ethyl &beta;-terpinyl ether,
ethyl (2R)-2-hydroxy-2-methylbutanoate,478555-48-5
"ethyl (2S,3S)-2-hydroxy-3-methylpentanoate",124600-88-0
ethyl (4-hydroxyphenyl)acetate,17138-28-2
ethyl (4-hydroxyphenyl)propanoate (unkn.str.),
ethyl (E)-11-hexadecenoate,428818-84-2
ethyl (E)-2-butenoate (=ethyl (E)-crotonate),623-70-1
ethyl (E)-2-decenoate,7367-88-6
ethyl (E)-2-dodecenoate,28290-90-6
ethyl (E)-2-heptenoate,54340-72-6
ethyl (E)-2-hexenoate,27829-72-7
ethyl (E)-2-methyl-2-butenoate (=ethyl tiglate),5837-78-5
ethyl (E)-2-octenoate,7367-82-0
ethyl (E)-2-pentenoate,24410-84-2
ethyl (E)-3-hexenoate,26553-46-8
ethyl (E)-3-octenoate,26553-47-9
ethyl (E)-4-decenoate,76649-16-6
ethyl (E)-4-heptenoate,54340-70-4
ethyl (E)-4-hydroxy-2-butenoate,10080-68-9
ethyl (E)-4-methoxycinnamate,24393-56-4
ethyl (E)-4-octenoate,78989-37-4
ethyl (E)-6-nonenoate,75567-02-1
ethyl (E)-6-octenoate,25143-92-4
ethyl (E)-7-dodecenoate,101773-20-0
ethyl (E)-9-octadecenoate (=ethyl elaidate),6114-18-7
ethyl (E)-9-tetradecenoate,68862-25-9
ethyl (E)-cinnamate,4192-77-2
"ethyl (E,E)-2,4-decadienoate",7328-34-9
"ethyl (E,E)-2,4-hexadienoate (=ethyl sorbate)",2396-84-1
"ethyl (E,E,Z)-2,4,7-decatrienoate",28290-88-2
"ethyl (E,E,Z)-2,4,8-tetradecatrienoate",
"ethyl (E,Z)-2,4-decadienoate",3025-30-7
"ethyl (E,Z)-2,6-decadienoate",
"ethyl (E,Z)-2,6-dodecadienoate",28380-08-7
"ethyl (E,Z,Z)-2,4,7-decatrienoate",142676-19-5
"ethyl (E,Z,Z)-2,6,9-dodecatrienoate",28369-23-5
ethyl (R)-2-hydroxy-4-methylpentanoate,60856-83-9
ethyl (R)-2-methylbutanoate,40917-00-8
ethyl (R)-3-hydroxyhexanoate,84314-29-4
ethyl (R)-3-hydroxyoctanoate,118918-31-3
ethyl (R)-5-(Z)-3-hydroxyoctenoate,182510-22-1
ethyl (S)-2-hydroxy-4-methylpentanoate,60856-85-1
ethyl (S)-2-methylbutanoate,10307-61-6
ethyl (Z)-2-butenoate (=ethyl (Z)-crotonate),6776-19-8
ethyl (Z)-2-hexenoate,27829-71-6
ethyl (Z)-2-methyl-2-butenoate (=ethyl angelate),16509-44-7
ethyl (Z)-3-decenoate,82561-68-0
ethyl (Z)-3-hexenoate,64187-83-3
ethyl (Z)-3-octenoate,69668-87-7
ethyl (Z)-4-decenoate,7367-84-2
ethyl (Z)-4-heptenoate,39924-27-1
ethyl (Z)-4-hexenoate,34495-73-3
ethyl (Z)-4-octenoate,34495-71-1
ethyl (Z)-5-octenoate,72820-74-7
ethyl (Z)-5-tetradecenoate,28380-10-1
ethyl (Z)-6-dodecenoate,
ethyl (Z)-6-nonenoate,101773-19-7
ethyl (Z)-6-octenoate,101773-18-6
ethyl (Z)-8-tetradecenoate,
ethyl (Z)-9-hexadecenoate (=ethyl palmitoleate),56219-10-4
ethyl (Z)-9-octadecenoate (=ethyl oleate),111-62-6
ethyl (Z)-9-tetradecenoate,24880-50-0
ethyl (Z)-cinnamate,4610-69-9
"ethyl (Z,E)-2,4-decadienoate",3025-31-8
"ethyl (Z,Z)-2,4-decadienoate",123474-79-3
"ethyl (Z,Z)-3,6-decadienoate",183554-58-7
"ethyl (Z,Z)-5,8-tetradecadienoate",28369-25-7
"ethyl (Z,Z)-9,12-octadecadienoate (=ethyl linoleate)",544-35-4
"ethyl (Z,Z,Z)-6,9,12-octadecatrienoate",31450-14-3
"ethyl (Z,Z,Z)-9,12,15-octadecatrienoate (=ethyl linolenate)",1191-41-9
ethyl (methylthio)acetate,4455-13-4
"ethyl 1,2-dithiolane-4-carboxylate",62488-50-0
ethyl 10-undecenoate,692-86-4
"ethyl 2,2-diethoxypropanoate",7476-20-2
"ethyl 2,3-epoxybutanoate",19780-35-9
"ethyl 2,4,7-decatrienoate",78417-28-4
"ethyl 2,4-decadienoate",37549-74-9
"ethyl 2,6-decadienoate",68039-70-3
"ethyl 2,6-dodecadienoate",78417-29-5
ethyl 2-(butanoyloxy)propanoate,33942-58-4
ethyl 2-acetoxy-3-methylbutanoate,25409-27-2
ethyl 2-acetoxy-4-methylpentanoate,2985-25-3
ethyl 2-acetoxypropanoate,2985-28-6
ethyl 2-amino-3-phenylpropanoate (=ethyl phenylalaninate),1795-96-6
ethyl 2-butenoate (=ethyl crotonate),10544-63-5
ethyl 2-decenoate,37486-72-9
ethyl 2-dodecenoate,78217-11-5
ethyl 2-ethyl-3-methylbutanoate,63791-85-5
ethyl 2-ethylbutanoate,2983-38-2
ethyl 2-furancarboxylate (=ethyl 2-furoate),614-99-3
ethyl 2-furanpropanoate,10031-90-0
ethyl 2-hexenoate,1552-67-6
ethyl 2-hydroxy-2-methyl-3-oxobutanoate,16508-89-7
ethyl 2-hydroxy-2-methylbutanoate,77-70-3
ethyl 2-hydroxy-2-methylpentanoate,1617-38-5
ethyl 2-hydroxy-3-methyl-pentanoate,24323-38-4
ethyl 2-hydroxy-3-methylbutanoate,2441-06-7
ethyl 2-hydroxy-3-phenylpropanoate,5764-85-2
ethyl 2-hydroxy-4-methylpentanoate,10348-47-7
ethyl 2-hydroxybenzoate (=ethyl salicylate),118-61-6
ethyl 2-hydroxybutanoate,52089-54-0
ethyl 2-hydroxyhexanoate,52089-55-1
ethyl 2-hydroxyoctanoate,126784-42-7
ethyl 2-hydroxypentanedioate lactone,1126-51-8
ethyl 2-hydroxypentanoate,6938-26-7
ethyl 2-hydroxypropanoate (=ethyl lactate),97-64-3
ethyl 2-mercaptopropanoate,19788-49-9
ethyl 2-methoxybenzoate,7335-26-4
ethyl 2-methyl-(E)-2-pentenoate,1617-40-9
ethyl 2-methyl-(Z)-2-pentenoate,1617-39-6
ethyl 2-methyl-2-butenoate,55514-48-2
ethyl 2-methyl-2-propenoate (=ethyl methacrylate),97-63-2
ethyl 2-methylbenzoate,87-24-1
ethyl 2-methylbutanoate,7452-79-1
ethyl 2-methylbutyl malate,
ethyl 2-methylbutyl succinate,
ethyl 2-methylnonanoate,2458-99-3
ethyl 2-methylpentanoate,39255-32-8
ethyl 2-methylpropanoate (=ethyl isobutyrate),97-62-1
ethyl 2-octenoate,2351-90-8
ethyl 2-oxobutanoate,15933-07-0
ethyl 2-oxopropanoate,617-35-6
ethyl 2-pentenoate,2445-93-4
ethyl 2-phenylpropanoate,2510-99-8
ethyl 2-propenoate,140-88-5
ethyl 2-pyrrolidone-5-carboxylate,
ethyl 2-thiophenecarboxylate,2810-04-0
"ethyl 3,4-dihydroxycinnamate",102-37-4
"ethyl 3,6-dimethyl-7-oxooctanoate",75640-24-3
ethyl 3-(2-furyl)-2-propenoate,623-20-1
ethyl 3-(4-hydroxyphenyl)propanoate,23795-02-0
ethyl 3-(methylthio)-(E)-2-propenoate,136115-65-6
ethyl 3-(methylthio)-(Z)-2-propenoate,136115-66-7
ethyl 3-(methylthio)propanoate,13327-56-5
ethyl 3-acetoxy-2-methylbutanoate,139564-43-5
ethyl 3-acetoxybutanoate,27846-49-7
ethyl 3-acetoxyhexanoate,21188-61-4
ethyl 3-acetoxyoctanoate,85554-66-1
ethyl 3-acetoxypentanoate,27846-50-0
ethyl 3-butenoate,1617-18-1
ethyl 3-ethoxypropanoate (=ethyl 4-oxahexanoate),763-69-9
ethyl 3-heptenoate,21994-75-2
ethyl 3-hexenoate,2396-83-0
ethyl 3-hydroxy-2-methylbutanoate,27372-03-8
ethyl 3-hydroxy-3-methylbutanoate,18267-36-2
ethyl 3-hydroxy-3-methylpentanoate,31033-23-5
ethyl 3-hydroxy-4-methoxybenzoate,148527-38-2
ethyl 3-hydroxybutanoate,5405-41-4
ethyl 3-hydroxydecanoate,6071-25-6
ethyl 3-hydroxyhexanoate,2305-25-1
ethyl 3-hydroxyoctanoate,7367-90-0
ethyl 3-hydroxypentanoate,54074-85-0
ethyl 3-hydroxypropanoate,623-72-3
ethyl 3-mercaptopropanoate,5466-06-8
ethyl 3-methyl-2-butenoate (=ethyl senecioate),638-10-8
ethyl 3-methylbutanoate (=ethyl isovalerate),108-64-5
ethyl 3-methylpentanoate,5870-68-8
ethyl 3-octenoate,1117-65-3
ethyl 3-oxobutanoate,141-97-9
ethyl 3-phenylpropanoate (=ethyl hydrocinnamate),2021-28-5
"ethyl 4,7-octadienoate",72276-09-6
"ethyl 4,8-decadienoate",60388-64-9
ethyl 4-acetoxybutanoate,25560-91-2
ethyl 4-acetoxyhexanoate,121308-81-4
ethyl 4-acetoxyoctanoate,121312-01-4
ethyl 4-acetoxypentanoate,27846-52-2
ethyl 4-aminobutanoate,5959-36-4
ethyl 4-decenoate,6142-44-5
ethyl 4-ethoxybenzoate,23676-09-7
ethyl 4-ethoxypentanoate,79925-86-3
ethyl 4-heptenoate,
"ethyl 4-hydroxy-3,5-dimethoxybenzoate (=ethyl syringate)",3943-80-4
ethyl 4-hydroxy-3-methoxybenzoate (=ethyl vanillate),617-05-0
ethyl 4-hydroxy-3-methoxybenzyl ether (=ethyl vanillyl ether),25007-53-8
ethyl 4-hydroxy-3-methoxycinnamate,4046-02-0
ethyl 4-hydroxy-5-oxohexanoate,105469-26-9
ethyl 4-hydroxybenzoate,120-47-8
ethyl 4-hydroxybenzyl ether (=4-(ethoxymethyl)phenol),57726-26-8
ethyl 4-hydroxybutanoate,999-10-0
ethyl 4-hydroxyhexanoate,101853-50-3
ethyl 4-hydroxyoctanoate,57753-66-9
ethyl 4-hydroxypentanoate,6149-46-8
ethyl 4-methoxybenzoate (=ethyl anisate),94-30-4
ethyl 4-methoxybenzyl ether (=anisyl ethyl ether),55249-73-5
ethyl 4-methyl-2-pentenoate,2351-97-5
ethyl 4-methyl-3-pentenoate,6849-18-9
ethyl 4-methyloctanoate,56196-53-3
ethyl 4-methylpentanoate,25415-67-2
ethyl 4-oxobutanoate,10138-10-0
"ethyl 4-oxopentanoate (=ethyl levulate, ethyl levulinate)",539-88-8
ethyl 4-phenyl-3-butenoate,5629-57-2
ethyl 4-terpinenyl ether,54982-76-2
ethyl 4-thujanyl ether,
ethyl 5-(Z)-3-hydroxyoctenoate,71677-20-8
ethyl 5-(hydroxymethyl)furan-2-carboxylate,76448-73-2
ethyl 5-acetoxyhexanoate,35234-24-3
ethyl 5-acetoxyoctanoate,35234-25-4
ethyl 5-hexenoate,54653-25-7
ethyl 5-hydroxydecanoate,75587-06-3
ethyl 5-hydroxyhexanoate,20266-62-0
ethyl 5-hydroxyoctanoate,75587-05-2
ethyl 5-methylfurfuryl ether,35901-19-0
ethyl 5-methylhexanoate,10236-10-9
ethyl 5-octenoate,108058-76-0
ethyl 6-hydroxyhexanoate,5299-60-5
ethyl 7-hexadecenoate,121230-26-0
ethyl 7-hexadecynoate (=ethyl palmitolate),
ethyl 7-octenoate,35194-38-8
"ethyl 9,12,15-octadecatrienoate",92177-52-1
"ethyl 9,12-octadecadienoate",7619-08-1
ethyl 9-decenoate,67233-91-4
ethyl 9-hexadecenoate,54546-22-4
ethyl 9-hydroxynonanoate,3639-34-7
ethyl 9-octadecenoate,6512-99-8
"ethyl N,N-dimethylcarbamate",687-48-9
ethyl N-acetylglycinate (=ethyl acetamidoacetate),1906-82-7
ethyl N-acetylleucinate,1114-55-2
ethyl N-acetylvalinate,56430-36-5
ethyl N-methylanthranilate,35472-56-1
ethyl acetate,141-78-6
ethyl acetothioate (=ethyl thioacetate),59094-77-8
ethyl acetoxyacetate,623-86-9
ethyl alaninate,17344-99-9
ethyl anthranilate,87-25-2
ethyl benzoate,93-89-0
ethyl benzoylformate,1603-79-8
ethyl butanoate,105-54-4
ethyl butenoate (unkn.str.),85481-49-8
ethyl carbamate (=urethane),51-79-6
ethyl cinnamate,103-36-6
ethyl cis-4-thujanyl ether,54982-73-9
ethyl cyclohexanecarboxylate,3289-28-9
ethyl decadienoate (unkn.str.),64613-68-9
ethyl decanoate (=ethyl caprate),110-38-3
ethyl decanoate (branched),
ethyl decenoate (unkn.str.),80512-16-9
ethyl dodecadienoate (unkn.str.),27710-64-1
ethyl dodecanoate (=ethyl laurate),106-33-2
ethyl dodecenoate (unkn.str.),64613-69-0
ethyl fenchyl ether,67800-86-6
ethyl formate,109-94-4
ethyl furancarboxylate (unkn.str.),
ethyl furfuryl ether (=2-(ethoxymethyl)furan),6270-56-0
ethyl furfuryl sulfide,2024-70-6
ethyl gallate,831-61-8
ethyl geranate,32659-21-5
ethyl geranyl ether,40267-72-9
ethyl glycinate (=ethyl aminoacetate),459-73-4
ethyl heptadecanoate,14010-23-2
ethyl heptanoate,106-30-9
ethyl heptenoate (unkn.str.),42862-16-8
ethyl hexadecadienoate (unkn.str.),36117-20-1
ethyl hexadecanoate (=ethyl palmitate),628-97-7
ethyl hexadecenoate (unkn.str.),27710-66-3
ethyl hexadienoate (unkn.str.),110318-09-7
ethyl hexanoate (=ethyl caproate),123-66-0
ethyl hexenoate (unkn.str.),34495-74-4
ethyl hexyl succinate,67233-94-7
ethyl isobornyl ether,1888-80-8
ethyl isobutyl malate,
ethyl isobutyl phthalate,94491-96-0
ethyl isobutyl succinate (=ethyl isobutyl butanedioate),52762-24-0
ethyl isoleucinate,55056-62-7
ethyl isopentyl 2-hydroxy-2-methylbutanedioate,
ethyl isopentyl disulfide,72437-60-6
ethyl isopentyl malate,
ethyl isopentyl pentanedioate,
ethyl isopentyl succinate,28024-16-0
ethyl isopropyl disulfide,53966-36-2
ethyl isopropyl ether,625-54-7
ethyl isopropyl succinate,75968-86-4
ethyl isopropyl sulfide (=2-(ethylthio)propane),5145-99-3
ethyl isopropyl trisulfide,72437-45-7
ethyl isothiocyanate (=ethyl mustard oil),542-85-8
ethyl lactyllactate,
ethyl leucinate,10331-78-9
ethyl linalyl ether,72845-33-1
ethyl lysinate,39978-33-1
ethyl mandelate,774-40-3
ethyl methanesulfinate,819-75-0
ethyl methioninate,452-95-9
ethyl methoxyacetate,3938-96-3
"ethyl methyl 1,4-dioxane (unkn.str.)",
ethyl methyl disulfide (=methyldithioethane),20333-39-5
ethyl methyl ether (=methoxyethane),540-67-0
ethyl methyl malate,
ethyl methyl malonate (=ethyl methyl propanedioate),6186-89-6
ethyl methyl pentanedioate,51503-30-1
ethyl methyl succinate (=ethyl methyl butanedioate),627-73-6
ethyl methyl sulfide (=methylthioethane),624-89-5
ethyl methyl trisulfide (=methyltrithioethane),31499-71-5
ethyl methylbutanoate (unkn.str.),
ethyl methylbutyl malate,
ethyl methylbutyl succinate (unkn.str.),
ethyl methylhexanoate (unkn.str.),
ethyl nicotinate,614-18-6
ethyl nonanoate,123-29-5
ethyl nonanoate (branched),
ethyl nonenoate (unkn.str.),17463-01-3
ethyl octadecanoate (=ethyl stearate),111-61-5
ethyl octadecenoate (unkn.str.),
ethyl octadienoate (unkn.str.),69620-78-6
ethyl octanoate,106-32-1
ethyl octenoate (unkn.str.),82567-91-7
ethyl p-1-menthen-3-yl ether,
ethyl pentadecanoate,41114-00-5
ethyl pentanoate,539-82-2
ethyl pentyl disulfide,72437-59-3
ethyl pentyl ether,17952-11-3
ethyl pentyl malate,102764-80-7
ethyl pentyl sulfide,26158-99-6
ethyl phenethyl succinate,77761-64-9
ethyl phenylacetate,101-97-3
ethyl phenylpropanoate (unkn.str.),
ethyl phthalate (unkn.str.),
ethyl prolinate,60169-67-7
ethyl propanoate,105-37-3
ethyl propyl disulfide,30453-31-7
ethyl propyl ether (=1-ethoxypropane),628-32-0
ethyl propyl malate,
ethyl propyl succinate (=ethyl propyl butanedioate),52762-25-1
ethyl propyl sulfide (=1-(ethylthio)propane),4110-50-3
ethyl propyl trisulfide,31499-70-4
ethyl pyranoate (unkn.str.),
ethyl sabinyl ether,
ethyl serinate,
ethyl tetradecadienoate (unkn.str.),64613-70-3
ethyl tetradecanoate (=ethyl myristate),124-06-1
ethyl tetradecenoate (unkn.str.),71178-24-0
ethyl tetrahydropyranyl ether (unkn.str.),4819-83-4
ethyl thiocyanate,542-90-5
ethyl threoninate,3182-94-3
ethyl tridecanoate,28267-29-0
ethyl tyrosinate,34081-17-9
ethyl undecanoate,627-90-7
ethyl valinate (=ethyl &alpha;-aminoisovalerate),13893-45-3
ethyl vinyl disulfide (=vinyldithioethane),24298-49-5
ethyl vinyl ether,109-92-2
ethyl-1-pentanol (unkn.str.),
ethyl-2-isopropylmethyloxazole (unkn.str.),106100-44-1
ethyl-2-isopropyloxazole (unkn.str.),
ethyl-2-methoxyphenol (unkn.str.) (=ethylguaiacol (unkn.str.)),
ethyl-dimethyl-vinylpyrazine (unkn.str.),
ethyl-dimethylfuran (unkn.str.),90024-12-7
ethyl-dimethylthiazole (unkn.str.),
ethyl-isobutyl-methylpyrazine (unkn.str.),
ethyl-methoxyphenol (unkn.str.),80652-16-0
ethyl-methyl-vinylpyrazine (unkn.str.),106100-51-0
ethyl-methylcyclopentanone (unkn.str.),80961-19-9
ethyl-methylphenol (unkn.str.),30230-52-5
ethyl-methylpyrazine (unkn.str.),33504-66-4
ethyl-methylpyridine (unkn.str.),27987-10-6
ethyl-methylpyrrole (unkn.str.),39723-59-6
ethyl-trimethylpyrazine,17398-16-2
ethyl-vinylpyrazine (unkn.str.),59094-70-1
ethylacetophenone (unkn.str.),25496-14-4
ethylbenzaldehyde (unkn.str.),53951-50-1
ethylbenzene (=&alpha;-methyltoluene),100-41-4
ethylbenzothiophene (unkn.str.),54385-63-6
ethylcyclohexane,1678-91-7
ethylcyclopentene (unkn.str.),30233-85-3
ethyldimethylbenzene (unkn.str.),29224-55-3
ethyldimethylpyrazine (unkn.str.),71607-73-3
ethyldimethylpyrrole (unkn.str.),
ethylene sulfide (=thiirane),420-12-2
ethylfuran (unkn.str.),27252-25-1
ethylheptanoic acid (unkn.str.),132642-86-5
ethylheptenoic acid (unkn.str.),
ethylindole (unkn.str.),97542-81-9
ethylmethyl-4-propyloxazole (unkn.str.),106123-28-8
ethylmethylbenzene (unkn.str.),25550-14-5
ethylmethylheptane (unkn.str.),65436-56-8
ethylmethyloxazole (unkn.str.),
ethylmethylpropylpyrazine,106100-47-4
ethylnaphthalene (unkn.str.),27138-19-8
ethylphenol (unkn.str.),29471-88-3
ethylphenyl acetate (unkn.str.),
ethylpyrazine (=2-ethylpyrazine),13925-00-3
ethylpyridine (unkn.str.),28631-77-8
ethylpyrrole (unkn.str.),92933-61-4
ethylvinylbenzene (unkn.str.) (=ethylstyrene (unkn.str.),28106-30-1
ethynylbenzene,536-74-3
eucarvone,503-93-5
eudesm-7(11)-en-4-ol acetate,67987-89-7
eudesmol (unkn.str.),
eugenol,97-53-0
eugenyl acetate (=acetyl eugenol),93-28-7
"exo-4(14)-salvialene 1,5-oxide",
"exo-7-butyl-5-methyl-6,8-dioxabicyclo[3.2.1]octane",79925-90-9
"fagomine (=3,4-dihydroxy-2-piperidinemethanol)",53185-12-9
falcarindiol,55297-87-5
falcarinol,21852-80-2
farnesal,19317-11-4
farnesane,3891-98-3
farnesene (unkn.str.),
farnesol,4602-84-0
farnesyl acetate,29548-30-9
farnesyl valerate,126182-13-6
farnesylacetone,1117-52-8
fenchene (unkn.str.),
fenchol (=fenchyl alcohol),1632-73-1
fenchol (unkn.str.),
fenchone,1195-79-5
fenchyl acetate,13851-11-1
fertaric acid (unkn.str.),
feruloylmalic acid,39015-76-4
feruloyltartaric acid (unkn.str.),
flavone,525-82-6
fluoranthene,206-44-0
fluorene,86-73-7
foeniculin,78259-41-3
fokienol,33440-00-5
folic acid,59-30-3
formaldehyde (=methanal),50-00-0
formamide,75-12-7
formic acid,64-18-6
formic acid hydrazide,624-84-0
fragranol,108645-56-3
frambinol,69617-84-1
fructose,53188-23-1
"fucaserratene (=(E,Z)-1,3,5-octatriene)",33580-05-1
fumaric acid (=(E)-butenedioic acid),110-17-8
furamintone,65817-24-5
furan,110-00-9
furancarboxylic acid (unkn.str.),26447-28-9
furaneol,3658-77-3
furanodienone,24268-41-5
furfural diethyl acetal,13529-27-6
"furfural, diisopentyl acetal",18091-14-0
"furfural, ethyl 2-methylbutyl acetal",
"furfural, ethyl isobutyl acetal",
"furfural, ethyl isopentyl acetal",
"furfural, ethyl propyl acetal",
"furfural, isobutyl isopentyl acetal",
furfuryl 2-butenoate,59020-84-7
furfuryl 2-methylbutanoate,13678-61-0
furfuryl 2-methylpropanoate,6270-55-9
furfuryl 3-methyl-2-butenoate,83783-84-0
furfuryl 3-methylbutanoate,13678-60-9
furfuryl 5-methylfurfuryl ether,13678-72-3
furfuryl acetate (=2-furanmethanol acetate),623-17-6
"furfuryl alcohol (=(2-furyl)-methanol, 2-furanmethanol)",98-00-0
furfuryl butanoate,623-21-2
furfuryl formate (=2-furfuryl formate),13493-97-5
furfuryl hexanoate,39252-02-3
furfuryl methyl disulfide,57500-00-2
furfuryl methyl sulfide (=furfurylthiomethane),1438-91-1
furfuryl methyl trisulfide,66169-00-4
furfuryl pentanoate,36701-01-6
furfuryl propanoate,623-19-8
furosardonine A,74638-12-3
furoyl methyl sulfide (=furoylthiomethane),13679-61-3
gadoleic acid,
galacturonic acid,685-73-4
gallocatechin (unkn.str.),
geijerene,6902-73-4
genistein,446-72-0
geosmin,19700-21-1
geranial (=&alpha;-citral),141-27-5
geranic acid,459-80-3
geraniol,106-24-1
geranyl (Z)-2-methyl-2-butenoate (=geranyl angelate),84254-88-6
geranyl 2-methyl-2-butenoate (=geranyl tiglate),7785-33-3
geranyl 2-methylbutanoate,68705-63-5
geranyl 2-methylpropanoate (=geranyl isobutyrate),2345-26-8
geranyl 3-methylbutanoate (=geranyl isovalerate),109-20-6
geranyl acetate,105-87-3
geranyl butanoate,106-29-6
geranyl formate,105-86-2
geranyl hexanoate,10032-02-7
geranyl octanoate,134782-33-5
geranyl pentanoate,10402-47-8
geranyl propanoate,105-90-8
geranylacetone,3796-70-1
geranyllinalool,1113-21-9
"germacra-4(15),5,10(14)-trien-1&alpha;-ol",81968-62-9
"germacra-4(15),5,10(14)-trien-1-ol",65882-79-3
germacrene (unkn.str.),105453-16-5
germacrene A,28387-44-2
germacrene B,15423-57-1
germacrene C,34323-15-4
germacrene D,23986-74-5
germacrene D-4-ol,198991-79-6
germacrone,6902-91-6
gingerdione,79067-90-6
gingerol (unkn.str.),99742-03-7
gingerone,122-48-5
gleenol,72203-99-7
globulol,51371-47-2
glucaric acid (unkn.str.),
glucobrassicin,4356-52-9
gluconasturtiin,499-30-9
gluconic acid (unkn.str.),
glucoraphanin,21414-41-5
"glycerol (=1,2,3-propanetriol, glycerin)",56-81-5
glycerylphosphorylcholine,563-24-6
gomerol,58917-35-4
gondoic acid,5561-99-9
gossonorol,92691-77-5
grandisol,26532-22-9
guaiene (unkn.str.),
guaiol,489-86-1
guanosine,118-00-3
hedycaryol,21657-90-9
heneicosane,629-94-7
heneicosane (branched),52845-08-6
heneicosanoic acid,2363-71-5
heneicosene (unkn.str.),27400-79-9
hentriacontane,630-04-6
hentriacontene (unkn.str.),77046-64-1
heptacosane,593-49-7
heptacosene (unkn.str.),67537-80-8
heptadecanal,629-90-3
heptadecanal (branched),93843-21-1
heptadecane,629-78-7
heptadecane (branched),72123-29-6
heptadecanoic acid (=margaric acid),506-12-7
heptadecanoic acid (branched),36787-43-6
heptadecene (unkn.str.),26266-05-7
heptadecenoic acid (unkn.str.),26265-99-6
heptadecyl acetate,822-20-8
heptadienal (unkn.str.),
heptadiene (unkn.str.),42441-75-8
heptamethoxyflavone (unkn.str.),
heptanal,111-71-7
heptanal (branched),73181-02-9
heptane,142-82-5
heptane (unkn.str.),31394-54-4
heptanedioic acid (=pimelic acid),111-16-0
heptanenitrile,629-08-3
heptanoic acid (=enanthic acid),111-14-8
heptanoic acid (branched),1330-19-4
heptanol (unkn.str.),53535-33-4
heptanone (unkn.str.),29299-43-2
heptatriacontane,7194-84-5
heptatriacontene (unkn.str.),77046-53-8
hepten-2-one (unkn.str.),30640-40-5
heptenal (unkn.str.),29381-66-6
heptenoic acid (unkn.str.),25377-46-2
heptyl (Z)-2-methyl-2-butenoate (=heptyl angelate),83783-78-2
heptyl 2-methylbutanoate,50862-12-9
heptyl 2-methylpropanoate (=heptyl isobutyrate),2349-13-5
heptyl 3-methylbutanoate,56423-43-9
heptyl 4-methylpentanoate,35852-52-9
heptyl acetate,112-06-1
heptyl butanoate,5870-93-9
heptyl formate,112-23-2
heptyl hexanoate,6976-72-3
heptyl nitrate,20633-12-9
heptyl pentanoate,5451-80-9
heptyl propanoate,2216-81-1
heptylbenzene,1078-71-3
heptylcyclohexane,5617-41-4
heraclenin,2880-49-1
heraclenol,31575-93-6
hexachloro-2-propanone,116-16-5
hexacosane,630-01-3
hexacosanoic acid,506-46-7
hexadecadiene (unkn.str.),28040-07-5
hexadecahydropyrene,2435-85-0
hexadecanal,629-80-1
hexadecanamide,629-54-9
hexadecane,544-76-3
hexadecane (branched),60908-77-2
hexadecanenitrile,629-79-8
hexadecanethiol,2917-26-2
hexadecanoic acid (=palmitic acid),57-10-3
hexadecanoic acid (branched),32844-67-0
hexadecanol (unkn.str.),29354-98-1
hexadecene (unkn.str.),26952-14-7
hexadecenoic acid (unkn.str.),25447-95-4
hexadecyl acetate,629-70-9
hexadecyl propanoate,6221-96-1
hexadienal (unkn.str.),73506-81-7
hexadiene (unkn.str.),42296-74-2
"hexadienoic acid, isomer (unkn.str.)",103475-72-5
hexahydro-1H-azepine,111-49-9
hexahydrocurcumin,36062-05-2
hexahydrophthalic anhydride,85-42-7
hexamethylbenzene,87-85-4
hexanal,66-25-1
hexanal (branched),73513-30-1
hexanal N-formyl-N-methylhydrazone,57590-22-4
hexanedioic acid (=adipic acid),124-04-9
hexanenitrile,628-73-9
hexanoic acid (=caproic acid),142-62-1
hexanol (unkn.str.),25917-35-5
hexen-1-ol (unkn.str.),
hexenal (unkn.str.),1335-39-3
hexene (unkn.str.),25264-93-1
hexenoic acid (unkn.str.),1289-40-3
hexenol (unkn.str.),28261-03-2
hexenone (unkn.str.),54686-84-9
hexenyl 3-methylbutanoate (unkn.str.),
hexenyl acetate (unkn.str.),
hexenyl benzoate (unkn.str.),
hexenyl butanoate (unkn.str.),26912-31-2
hexenyl octanoate (unkn.str.),
hexenyl pentanoate (unkn.str.),84818-96-2
hexenyl propanoate (unkn.str.),
hexenylfuran (unkn.str.),96344-65-9
hexyl (E)-2-butenoate (=hexyl (E)-crotonate),1617-25-0
hexyl (E)-2-hexenoate,33855-57-1
"hexyl (E,E)-2,4-decadienoate",
"hexyl (E,Z)-2,4-decadienoate",28380-11-2
hexyl (S)-2-methylbutanoate,144831-67-4
hexyl (Z)-2-methyl-2-butenoate (=hexyl angelate),65652-33-7
hexyl (Z)-3-hexenoate,89352-68-1
hexyl 2-butenoate (=hexyl crotonate),19089-92-0
hexyl 2-furancarboxylate (=hexyl furoate),39251-86-0
hexyl 2-hydroxybenzoate (=hexyl salicylate),6259-76-3
hexyl 2-hydroxypropanoate (=hexyl lactate),20279-51-0
hexyl 2-methyl-2-butenoate,16931-10-5
hexyl 2-methylbutanoate,10032-15-2
hexyl 2-methylpropanoate (=hexyl isobutyrate),2349-07-7
hexyl 3-(methylthio)-(E)-2-propenoate,749269-42-9
hexyl 3-(methylthio)propanoate,
hexyl 3-hexenoate,41599-57-9
hexyl 3-hydroxybutanoate,87128-51-6
hexyl 3-hydroxyhexanoate,
hexyl 3-hydroxyoctanoate,
hexyl 3-methylbutanoate (=hexyl isovalerate),10032-13-0
hexyl 4-methyl-2-pentenoate,1215128-14-5
hexyl 4-methylpentanoate,29289-90-5
hexyl 5-hexenoate,106917-23-1
hexyl 5-methylhexanoate,1215127-88-0
hexyl 7-octenoate,108058-84-0
hexyl acetate,142-92-7
hexyl acetate (branched),84813-55-8
hexyl benzoate,6789-88-4
hexyl butanoate,2639-63-6
hexyl decanoate,10448-26-7
hexyl decenoate (unkn.str.),
hexyl dodecanoate (=hexyl laurate),34316-64-8
hexyl formate,629-33-4
hexyl heptanoate,1119-06-8
hexyl hexanoate,6378-65-0
hexyl isothiocyanate,6803-40-3
hexyl methyl ether,4747-07-3
hexyl nitrate,20633-11-8
hexyl octanoate,1117-55-1
hexyl pentanoate,1117-59-5
hexyl phenylacetate,5421-17-0
hexyl propanoate,2445-76-3
hexyl tetradecanoate,42231-99-2
hexyl tiglate,16930-96-4
hexylbenzene,1077-16-3
hexylcyclohexane,4292-75-5
hexylcyclopentane,4457-00-5
hexylfuran (unkn.str.),
himachalene (unkn.str.),
himachalene epoxide,64825-84-9
himachalol,1891-45-8
hinesol,23811-08-7
histamine,51-45-6
hop ether,19901-95-2
humuladienone,24405-90-1
humulen-7-ol,80408-11-3
humulene diepoxide,40822-04-6
humulene diepoxide 1,120668-49-7
humulene diepoxide 2,120668-50-0
humulene diepoxide 3,120668-51-1
humulene diepoxide 4,120668-52-2
humulene diepoxide II,
humulene epoxide (unkn.str.),
humulene epoxide I,19888-33-6
humulene epoxide II,19888-34-7
humulene epoxide III,21624-36-2
humulenol (unkn.str.),19888-01-8
humulenol II,19888-00-7
humulenone II,19888-05-2
humulol,24405-58-1
hydrocyanic acid,74-90-8
hydrogen pentyl disulfide (=1-pentanesulfenothioic acid),86849-52-7
hydrogen sulfide,7783-06-4
hydroquinone monoacetate,3233-32-7
hydroxy-2-butanone (unkn.str.),29994-40-9
hydroxy-2-oxobutanoic acid (unkn.str.),22136-38-5
hydroxyacetic acid (=glycolic acid),79-14-1
hydroxyacetophenone (unkn.str.),41903-50-8
hydroxybenzaldehyde (unkn.str.),28777-87-9
"hydroxycitronellal (=7-hydroxy-3,7-dimethyloctanal)",107-75-5
hydroxycitronellal dimethyl acetal,141-92-4
hydroxydecanoic acid (unkn.str.),85791-94-2
hydroxydodecanoic acid (unkn.str.),
hydroxygermacrene (unkn.str.),
hydroxyhexadecanoic acid (unkn.str.),
hydroxyisocarvomenthol,33669-76-0
hydroxyisogermafurenolide,
hydroxymintlactone,213969-56-3
hydroxynonanoic acid lactone (unkn.str.),
hydroxyoctanoic acid (unkn.str.),
hydroxypentanoic acid lactone (unkn.str.),
hydroxypentanone (unkn.str.),
hyperoside,
indane,496-11-7
indene,95-13-6
indole,120-72-9
indole-2-carboxylic acid,1477-50-5
indoline,496-15-1
inosine,58-63-9
inosinic acid,131-99-7
inositol,87-89-8
iodomethane,74-88-4
ionol,
ionone (unkn.str.),8013-90-9
iso-&beta;-elemene,783322-21-4
iso-&beta;-terpineol,
isoacolamone,39012-15-2
isoacorone,6168-64-5
isoamyl 3-hydroxy-2-methylidenebutanoate,80758-72-1
isoascaridol,
isobergapten,482-48-4
isobicyclogermacrenal,73256-82-3
isoborneol,124-76-5
isobornyl 3-methylbutanoate,7779-73-9
isobornyl acetate,125-12-2
isobornyl methyl ether,5331-32-8
isobornyl propanoate,2756-56-1
isobutyl (E)-2-methyl-2-butenoate (=isobutyl tiglate),61692-84-0
isobutyl (E)-4-decenoate,
isobutyl (E)-cinnamate,31416-74-7
isobutyl (Z)-2-methyl-2-butenoate (=isobutyl angelate),7779-81-9
isobutyl 2-butenoate (=isobutyl crotonate),589-66-2
isobutyl 2-ethylhexanoate,7434-89-1
isobutyl 2-furancarboxylate,20279-53-2
isobutyl 2-hydroxypropanoate (=isobutyl lactate),585-24-0
isobutyl 2-methyl-2-butenoate,66917-61-1
isobutyl 2-methyl-2-propenoate (=isobutyl methacrylate),97-86-9
isobutyl 2-methylbutanoate (=2-methylpropyl 2-methylbutanoate),2445-67-2
isobutyl 2-methylpropanoate (=isobutyl isobutyrate),97-85-8
isobutyl 3-(methylthio)propanoate,
isobutyl 3-hydroxy-2-methylidenebutanoate,80758-68-5
isobutyl 3-hydroxybutanoate,85762-19-2
isobutyl 3-methylbutanoate (=isobutyl isovalerate),589-59-3
isobutyl 4-hydroxybutanoate,
isobutyl 5-hexenoate,108058-74-8
isobutyl 5-octenoate,108058-78-2
isobutyl 7-octenoate,106917-25-3
isobutyl 9-decenoate,
isobutyl acetate (=2-methylpropyl acetate),110-19-0
isobutyl benzoate,120-50-3
isobutyl butanoate,539-90-2
isobutyl cinnamate,122-67-8
isobutyl decanoate,30673-38-2
isobutyl decenoate (unkn.str.),
isobutyl dodecanoate (=isobutyl laurate),37811-72-6
isobutyl formate,542-55-2
isobutyl heptanoate,7779-80-8
isobutyl hexadecanoate,110-34-9
isobutyl hexanoate,105-79-3
isobutyl isopentyl succinate,
isobutyl isothiocyanate,591-82-2
isobutyl methyl disulfide,67421-83-4
isobutyl methyl ether (=1-methoxy-2-methylpropane),625-44-5
isobutyl methylbutanoate (unkn.str.),
isobutyl nonanoate,30982-03-7
isobutyl octanoate,5461-06-3
isobutyl pentanoate,10588-10-0
isobutyl phenylacetate (=2-methylpropyl phenylacetate),102-13-6
isobutyl phthalate (unkn.str.),
isobutyl propanoate (=2-methylpropyl propanoate),540-42-1
isobutyl tetradecanoate,25263-97-2
isobutyl thiocyanate,591-84-4
isobutyl-dimethylpyrazine (unkn.str.),38888-81-2
isobutyl-trimethylpyrazine,46187-37-5
isobutylbenzene,538-93-2
isobutylcyclohexane,1678-98-4
isobutylcyclopentane,3788-32-7
isobutylpyrrole (unkn.str.),
isocalamendiol,25330-21-6
isocalamusenone,71305-87-8
isocampherenol,
"isocarveol (=p-1(7),8-menthadien-2-ol)",35907-10-9
isocaryolanol,
isocaryophyllene alcohol (unkn.str.),
isocaryophyllene oxide,103475-43-0
isochavicine,30511-77-4
isocurcumenol,24063-71-6
isodihydrocarveol,18675-35-9
isodihydrocarvone,12705-70-3
isoeugenol (=2-methoxy-4-(1-propenyl)-phenol),97-54-1
isofuranodienone,24268-42-6
isofuranogermacrene (=curzerene),17910-09-7
isogentisin,491-64-5
isogeranial,72203-98-6
isohumulone,25522-96-7
isoisopulegol,59905-54-3
isoisopulegone,
isoledene,95910-36-4
isolongifolan-7-&alpha;-ol,57566-26-4
isolongifolene,1135-66-6
isomenthol,3623-52-7
isomenthone,491-07-6
isomenthyl acetate,20777-45-1
isomeranzin,1088-17-1
isomintlactone,75684-66-1
isomyrcenol,6994-89-4
isoneral,72203-97-5
isonicotinaldehyde,872-85-5
isooctyl phthalate (unkn.str.),
isopentyl (E)-2-methyl-2-butenoate (=isopentyl tiglate),41519-18-0
isopentyl (E)-cinnamate,85180-66-1
isopentyl (Z)-2-methyl-2-butenoate (=isopentyl angelate),10482-55-0
isopentyl 2-butenoate (=isoamyl crotonate),25415-77-4
isopentyl 2-furancarboxylate,615-12-3
isopentyl 2-hydroxybenzoate (=isopentyl salicylate),87-20-7
isopentyl 2-hydroxypropanoate (=isoamyl lactate),19329-89-6
isopentyl 2-methyl-2-butenoate,66917-62-2
isopentyl 2-methyl-2-propenoate,7336-27-8
isopentyl 2-methylbutanoate (=3-methylbutyl 2-methylbutanoate),27625-35-0
isopentyl 2-methylpropanoate (=isoamyl isobutyrate),2050-01-3
isopentyl 3-(2-furyl)-2-propenoate,79925-85-2
isopentyl 3-(methylthio)propanoate,916791-81-6
isopentyl 3-hydroxybutanoate,85762-20-5
"isopentyl 3-methylbutanoate (=3-methylbutyl 3-methylbutanoate, isoamyl isovalerate)",659-70-1
isopentyl 4-acetoxybutanoate,74108-97-7
isopentyl 4-decenoate,68067-34-5
isopentyl 4-hydroxybutanoate,149834-42-4
"isopentyl acetate (=3-methylbutyl acetate, isoamyl acetate)",123-92-2
isopentyl benzoate,94-46-2
"isopentyl butanoate (=3-methylbutyl butanoate, isoamyl butyrate)",106-27-4
isopentyl cinnamate,7779-65-9
isopentyl decanoate (=3-methylbutyl decanoate),2306-91-4
isopentyl decenoate (unkn.str.),
"isopentyl dodecanoate (=3-methylbutyl dodecanoate, isoamyl laurate)",6309-51-9
isopentyl formate,110-45-2
isopentyl heptanoate,109-25-1
isopentyl hexadecanoate (=isoamyl palmitate),81974-61-0
isopentyl hexanoate (=3-methylbutyl hexanoate),2198-61-0
isopentyl isothiocyanate,628-03-5
isopentyl methyl disulfide,72437-56-0
isopentyl methyl sulfide (=5-methyl-2-thiahexane),13286-90-3
isopentyl nicotinate,50917-69-6
isopentyl nonanoate,7779-70-6
isopentyl octadecanoate,627-88-3
isopentyl octanoate,2035-99-6
isopentyl pentadecanoate,
isopentyl pentanoate (=3-methylbutyl pentanoate),2050-09-1
isopentyl phenylacetate,102-19-2
isopentyl propanoate,105-68-0
isopentyl tetradecanoate,62488-24-8
isopentyl undecanoate,
isopentyl-dimethylpyrazine (unkn.str.),75492-04-5
isopentylfuran (unkn.str.),
isopentylpyrazine,40790-22-5
isopentyltrimethylpyrazine,10132-43-1
isophthalide (= 2(3H)-benzofuranone),553-86-6
isophytol,505-32-8
isopimaradiene,1686-66-4
isopinocamphene,
isopinocampheol,27779-29-9
isopinocamphone,15358-88-0
isopiperine,30511-76-3
isopiperitenol,491-05-4
isopiperitenone,529-01-1
isopiperitone,58615-39-7
isopropenyl acetate (=1-propen-2-ol acetate),108-22-5
isopropenyl-methylpyrazine (unkn.str.),80840-36-4
isopropenylbenzene,98-83-9
isopropenylmethylbenzene (unkn.str.),
isopropenylpyrazine,38713-41-6
isopropenyltoluene,3290-53-7
isopropyl (Z)-2-methyl-2-butenoate (=isopropyl angelate),61692-76-0
isopropyl 1-propenyl disulfide,
isopropyl 2-butenoate (=isopropyl crotonate),18060-77-0
isopropyl 2-methylbutanoate,66576-71-4
isopropyl 2-methylpropanoate (=isopropyl isobutyrate),617-50-5
isopropyl 2-propenoate,689-12-3
isopropyl acetate,108-21-4
isopropyl apiosylglucoside,147742-24-3
isopropyl benzoate,939-48-0
isopropyl butanoate,638-11-9
isopropyl decanoate,2311-59-3
isopropyl dodecanoate (=isopropyl laurate),10233-13-3
isopropyl formate,625-55-8
isopropyl hexadecanoate,142-91-6
isopropyl hexanoate,2311-46-8
isopropyl isothiocyanate,625-59-2
isopropyl methyl disulfide,40136-65-0
isopropyl methyl sulfide (=2-(methylthio)propane),1551-21-9
isopropyl nonanoate,28267-32-5
isopropyl octanoate,5458-59-3
isopropyl pentanoate,18362-97-5
isopropyl propanoate,637-78-5
isopropyl propyl disulfide,33672-51-4
isopropyl propyl sulfide (=2-(propylthio)propane),5008-73-1
isopropyl propyl trisulfide,
isopropyl tetradecanoate,110-27-0
isopropyl vinyl ether,926-65-8
isopropyl-dimethylpyrazine (unkn.str.),
isopropyl-methoxy-methylbenzene (unkn.str.) (=methoxy-cymene (unkn.str.)),
isopropyl-methoxybenzene (unkn.str.),27476-56-8
isopropyl-methylpyrazine (unkn.str.),110516-62-6
isopropyl-trimethylpyrazine,104638-10-0
isopropylbenzaldehyde (unkn.str.),55012-32-3
isopropylbenzene (=cumene),98-82-8
isopropylbenzoic acid (unkn.str.),28134-32-9
isopropylcyclohexane,696-29-7
isopropylcyclopropane,3638-35-5
isopropyldimethylbenzene (unkn.str.),25321-29-3
isopropylketene,69009-29-6
isopropylmalic acid (unkn.str.),
isopropylmethylbenzene (unkn.str.) (=cymene (unkn.str.)),25155-15-1
isopropylnaphthalene (unkn.str.),29253-36-9
isopropylphenol (unkn.str.),25168-06-3
isopropylpyrazine,29460-90-0
isopulegol,50373-36-9
isopulegol epoxide,294634-38-1
isopulegone,529-00-0
isopulegyl acetate,89-49-6
isoquinoline,119-65-3
isorhamnetin,480-19-3
isorhamnetin 3-gentiobioside,17429-69-5
isorhamnetin 3-sophoroside-7-glucoside,17331-29-2
isoshyobunone,21698-46-4
isospathulenol,88395-46-4
isosylvestrene,38738-60-2
isothujone (=&beta;-thujone),471-15-8
italicene,94535-52-1
jasmone,68043-00-5
junenol,472-07-1
juniper camphor,473-04-1
kaempferol,520-18-3
kaempferol 3-O-feruloyl-sophoroside 7-O-glucoside,
kaempferol 3-O-sinapoyl-sophoroside 7-O-glucoside,
kaempferol 3-gentiobioside,22149-35-5
kaempferol 3-sophoroside 7-glucoside,55136-76-0
kaempferol 3-sophorotrioside,80714-53-0
kaempherol-3-glucoside,480-10-4
"karahana ether (=8,8-dimethyl-2-methylene-6-oxabicyclo- [3.2.1]octane)",19901-96-3
karahanaenone,19822-67-4
khusimone,30557-76-7
khusinol,24268-34-6
l-Arabinose,5328-37-0
l-Bornyl acetate,5655-61-8
l-menthol,2216-51-5
lanceol acetate,199273-99-9
laureatin,18762-30-6
laurinterol,10539-87-4
lavandulol,498-16-8
lavandulyl 2-methylbutanoate,17609-96-0
lavandulyl 3-methylbutanoate,51117-21-6
lavandulyl acetate,25905-14-0
lavandulyl butanoate,17609-95-9
ledol,577-27-5
ledrene,56690-80-3
"levo-2,3-butanediol",24347-58-8
ligstroside-aglycone monoaldehyde,
ligustroside aglycone,174511-64-9
lilac alcohol,35997-39-8
lilac aldehyde C,53447-48-6
lilac aldehyde D,53447-47-5
lilial,80-54-6
"limonen-10-ol (=p-1,8(10)-menthadien-9-ol)",3269-90-7
"limonen-4-ol (=p-1,8-menthadien-4-ol)",3419-02-1
limonene,138-86-3
"limonene 1,2-oxide",1195-92-2
"limonene 8,9-oxide",31684-93-2
limonene diepoxide,96-08-2
limonene oxide (unkn.str.),
linalool,78-70-6
linalool oxide (5),60047-17-8
linalool oxide (6),14049-11-7
linalool oxide (unkn.str.),1365-19-1
"linalool oxide C (trans, 6-ring)",39028-58-5
"linalool oxide D (cis, 6-ring)",14009-71-3
linalyl 2-methylpropanoate (=linalyl isobutyrate),78-35-3
linalyl 3-methylbutanoate,1118-27-0
linalyl acetate,115-95-7
linalyl benzoate,126-64-7
linalyl butanoate,78-36-4
linalyl formate,115-99-1
linalyl pentanoate,10471-96-2
linalyl propanoate,144-39-8
linamarine,554-35-8
linden ether,125811-37-2
loliolide,5989-02-6
longicyclene,1137-12-8
longifolene,475-20-7
longipinene epoxide,142792-93-6
lotaustralin,534-67-8
lutein,127-40-2
luteolin,491-70-3
lyoniresinol (unkn. str.),
"m-4,6-menthadien-8-ol",41747-12-0
m-camphorene,20016-73-3
m-cymen-8-ol,5208-37-7
maleic acid (=(Z)-butenedioic acid),110-16-7
"maleic anhydride (=2,5-furandione)",108-31-6
malic acid (=hydroxybutanedioic acid),6915-15-7
malonic acid (=propanedioic acid),141-82-2
maltol,118-71-8
maltose,133-99-3
maltoxazine,80933-73-9
malvidin-3-acetylglucoside,101072-66-6
malvidin-3-caffeoylglucoside,
malvidin-3-cis-p-coumaroylglucoside,
malvidin-3-glucoside,18470-06-9
malvidin-3-trans-p-coumaroylglucoside,
manool,596-85-0
manoyl oxide,596-84-9
marmelolactone,78548-56-8
megastigmatetraene (unkn.str.),
melezitose,597-12-6
menthadienol (unkn.str.),
menthofuran,494-90-6
menthofuran oxide,
menthofurolactone,16642-41-4
menthol,89-78-1
menthone,10458-14-7
menthyl 3-methylbutanoate,16409-46-4
menthyl acetate,89-48-5
menthyl cinnamate,73285-58-2
menthyl formate,2230-90-2
menthyl hexanoate,6070-16-2
menthyl pentanoate,89-47-4
menthyl phenylacetate,1154-92-3
meranzin,23971-42-8
meranzin hydrate,5875-49-0
mercaptomethyl acetate,7337-23-7
"meso-2,3-butanediol",5341-95-7
methacrylamide,79-39-0
methanamine (=methylamine),74-89-5
methane,74-82-8
methanethiol (=methyl mercaptan),74-93-1
methanol,67-56-1
methoxy-methylbenzene (unkn.str.),26897-24-5
methoxy-methylphenol (unkn.str.),32391-38-1
methoxy-propylbenzene (unkn.str.),
methoxyacetaldehyde,10312-83-1
methoxybenzaldehyde (unkn.str.),50984-52-6
"methoxybenzene (=anisole, methyl phenyl ether)",100-66-3
methoxybenzoic acid (unkn.str.),1335-08-6
methoxycinnamic acid (unkn.str.),66169-96-8
methoxyeugenol (unkn.str.),
methoxynaphthalene (unkn.str.),57982-68-0
methoxyphenol (unkn.str.),26638-03-9
methoxyphenyl oxime,67160-14-9
methoxypropenylphenol (unkn.str.),156468-04-1
methoxypyrazine,3149-28-8
methyl &alpha;-terpinyl ether,84161-98-8
methyl &beta;-terpinyl ether,26946-68-9
methyl (1Z)-propenyl sulfide,52195-40-1
"methyl (2R,3S)-2-hydroxy-3-methylpentanoate",56577-29-8
"methyl (2S,3S)-2-hydroxy-3-methylpentanoate",56577-28-7
methyl (E)-1-propenyl disulfide,23838-19-9
methyl (E)-1-propenyl pentasulfide,137909-33-2
methyl (E)-1-propenyl trisulfide,23838-25-7
methyl (E)-2-butenoate (=methyl (E)-crotonate),623-43-8
methyl (E)-2-decenoate,7367-85-3
methyl (E)-2-dodecenoate,6208-91-9
methyl (E)-2-hexenoate,13894-63-8
methyl (E)-2-methyl-2-butenoate (=methyl tiglate),6622-76-0
methyl (E)-2-octenoate,7367-81-9
methyl (E)-2-pentenoate,16957-70-3
methyl (E)-3-hexenoate,13894-61-6
methyl (E)-3-octenoate,35234-16-3
methyl (E)-4-decenoate,93979-14-7
methyl (E)-4-hexenoate,14017-81-3
methyl (E)-4-hydroxy-2-butenoate,29576-13-4
methyl (E)-4-methoxycinnamate,3901-07-3
methyl (E)-9-hexadecenoate,10030-74-7
methyl (E)-9-octadecenoate,1937-62-8
methyl (E)-cinnamate,1754-62-7
methyl (E)-geranate,1189-09-9
"methyl (E,E)-2,4-decadienoate",7328-33-8
"methyl (E,E)-2,4-hexadienoate (=methyl sorbate)",689-89-4
"methyl (E,E)-farnesate",3675-00-1
"methyl (E,E,Z)-2,4,7-decatrienoate",150922-04-6
"methyl (E,E,Z)-2,4,8-tetradecatrienoate",108351-47-9
"methyl (E,Z)-2,4-decadienoate",4493-42-9
"methyl (E,Z)-2,6-dodecadienoate",28369-22-4
"methyl (E,Z,Z)-2,4,7-decatrienoate",
methyl (R)-2-methylbutanoate,55449-44-0
methyl (S)-2-methylbutanoate,10307-60-5
methyl (Z)-1-propenyl disulfide,23838-18-8
methyl (Z)-1-propenyl pentasulfide,137887-22-0
methyl (Z)-1-propenyl trisulfide,23838-24-6
methyl (Z)-2-hexenoate,13894-64-9
methyl (Z)-3-hexenoate,13894-62-7
methyl (Z)-3-octenoate,69668-85-5
methyl (Z)-4-decenoate,7367-83-1
methyl (Z)-4-heptenoate,39924-30-6
methyl (Z)-4-octenoate,21063-71-8
methyl (Z)-5-octenoate,41654-15-3
methyl (Z)-5-tetradecenoate,28369-26-8
methyl (Z)-8-tetradecenoate,61012-45-1
methyl (Z)-9-hexadecenoate (=methyl palmitoleate),1120-25-8
methyl (Z)-9-octadecenoate (=methyl oleate),112-62-9
methyl (Z)-cinnamate,19713-73-6
methyl (Z)-epijasmonate,42536-97-0
methyl (Z)-jasmonate,1211-29-6
"methyl (Z,E)-2,4-decadienoate",108965-84-0
"methyl (Z,Z)-5,8-tetradecadienoate",18829-89-5
"methyl (Z,Z)-9,12-octadecadienoate (=methyl linoleate)",112-63-0
"methyl (Z,Z,Z)-9,12,15-octadecatrienoate (=methyl linolenoate)",301-00-8
methyl (methylthio)acetate,16630-66-3
methyl (z)-7-hexadecenoate,
"methyl 1,2-dithiolane-4-carboxylate",7389-17-5
"methyl 1,3-benzodioxole-5-carboxylate",326-56-7
methyl 1-methylprolinate,27957-91-1
methyl 1-methylpyrrole-2-carboxylate,37619-24-2
methyl 1-propenyl disulfide,5905-47-5
methyl 1-propenyl sulfide (=1-(methylthio)-1-propene),10152-77-9
methyl 1-propenyl tetrasulfide,123136-50-5
methyl 1-propenyl trisulfide,33368-80-8
methyl 10-methylheptadecanoate,2490-25-7
methyl 10-octadecenoate,13038-45-4
methyl 11(Z)-octadecenoate,1937-63-9
methyl 12-methyltetradecanoate,5129-66-8
methyl 13-methylpentadecanoate,5487-50-3
"methyl 14,17-octadecadienoate",
methyl 14-methylpentadecanoate,
methyl 14-octadecenoate,56554-48-4
"methyl 2,4,6-trimethylundecanoate",55955-76-5
"methyl 2,4-decadienoate",53172-59-1
"methyl 2,4-hexadienoate",1515-80-6
"methyl 2,5-dimethylhexanoate",137768-72-0
"methyl 2,6-nonadienoate",115946-84-4
"methyl 2,8-dimethylundecanoate",55955-74-3
methyl 2-acetoxybenzoate,580-02-9
methyl 2-butenoate (=methyl crotonate),18707-60-3
methyl 2-ethyl-3-hydroxy-3-methylbutanoate,79925-87-4
methyl 2-ethylhexanoate,816-19-3
methyl 2-furancarboxylate,611-13-2
methyl 2-hexenoate,2396-77-2
methyl 2-hydroxy-2-methylbutanoate,32793-34-3
methyl 2-hydroxy-3-methylbutanoate,17417-00-4
methyl 2-hydroxy-3-methylpentanoate,41654-19-7
methyl 2-hydroxy-4-methylpentanoate,40348-72-9
methyl 2-hydroxybutanoate,29674-47-3
methyl 2-hydroxyhexanoate,68756-64-9
methyl 2-hydroxyoctanoate,92572-96-8
methyl 2-hydroxypropanoate (=methyl lactate),547-64-8
methyl 2-hydroxytetradecanoate,56009-40-6
methyl 2-mercaptoacetate,2365-48-2
methyl 2-methoxybenzoate,606-45-1
methyl 2-methyl-2-butenoate,41725-90-0
methyl 2-methyl-2-propenoate (=methyl methacrylate),80-62-6
methyl 2-methyl-3-butenoate,51747-33-2
methyl 2-methyl-3-furyl disulfide,65505-17-1
methyl 2-methyl-3-furyl sulfide,63012-97-5
methyl 2-methylbenzoate,89-71-4
methyl 2-methylbutanoate,868-57-5
methyl 2-methylbutyl disulfide,163268-48-2
methyl 2-methylene-4-pentenoate,51122-89-5
methyl 2-methylhexadecanoate,2490-53-1
methyl 2-methylpentanoate,2177-77-7
methyl 2-methylpropanoate (=methyl isobutyrate),547-63-7
methyl 2-methyltridecanoate,55955-78-7
methyl 2-octenoate,2396-85-2
methyl 2-oxobutanoate,3952-66-7
methyl 2-oxohexanoate,6395-83-1
methyl 2-oxopropanoate (=methyl pyruvate),600-22-6
methyl 2-pentenoate,818-59-7
methyl 2-propenoate (=methyl acrylate),96-33-3
methyl 2-pyrrolecarboxylate,1193-62-0
methyl 2-thiophenecarboxylate,5380-42-7
methyl 2-undecenoate,22104-71-8
"methyl 3,4,5-trimethoxybenzoate",1916-07-0
"methyl 3,4-dihydroxycinnamate",3843-74-1
"methyl 3,5-dimethoxybenzoate",2150-37-0
methyl 3-(S-acetylthio)-2-methylenepropanoate,56750-67-5
methyl 3-(methylthio)-(E)-2-propenoate,15904-85-5
methyl 3-(methylthio)-(Z)-2-propenoate,15904-84-4
methyl 3-(methylthio)propanoate,13532-18-8
methyl 3-acetoxy-2-methylbutanoate,139564-42-4
methyl 3-acetoxybutanoate,89422-42-4
methyl 3-acetoxyhexanoate,77118-93-5
methyl 3-acetoxyoctanoate,35234-21-0
methyl 3-butenoate,3724-55-8
methyl 3-hexenoate,2396-78-3
methyl 3-hydroxy-2-methylbutanoate,34293-67-9
methyl 3-hydroxy-3-methylbutanoate,6149-45-7
methyl 3-hydroxy-4-methoxybenzoate,6702-50-7
methyl 3-hydroxybenzoate,19438-10-9
methyl 3-hydroxybutanoate,1487-49-6
methyl 3-hydroxyheptanoate,15889-95-9
methyl 3-hydroxyhexanoate,21188-58-9
methyl 3-hydroxyoctanoate,7367-87-5
methyl 3-hydroxypentanoate,56009-31-5
methyl 3-mercaptopropionate,
methyl 3-methyl-2-butenoate (=methyl senecioate),924-50-5
methyl 3-methyl-2-butenyl sulfide (=5-methyl-2-thiahex-4-ene),5897-45-0
methyl 3-methylbutanoate (=methyl isovalerate),556-24-1
methyl 3-methylpentanoate,2177-78-8
methyl 3-nonenoate,13481-87-3
methyl 3-octenoate,74023-04-4
methyl 3-oxobutanoate,105-45-3
methyl 3-phenylpropanoate (=methyl hydrocinnamate),103-25-3
"methyl 4,8-decadienoate",1191-03-3
"methyl 4-(1,5-dimethyl-3-oxo-hexyl)-1-cyclohexenecarboxylate",19908-46-4
methyl 4-(methylthio)butanoate,53053-51-3
methyl 4-acetoxyhexanoate,112059-09-3
methyl 4-acetoxyoctanoate,60121-04-2
methyl 4-decenoate,1191-02-2
"methyl 4-hydroxy-3,5-dimethoxybenzoate (=methyl syringate)",884-35-5
methyl 4-hydroxy-3-methoxybenzoate (=methyl vanillate),3943-74-6
methyl 4-hydroxybenzoate,99-76-3
methyl 4-hydroxybutanoate,925-57-5
methyl 4-hydroxyhexanoate,101853-52-5
methyl 4-hydroxyoctanoate,101853-51-4
methyl 4-methoxybenzoate (=methyl anisate),121-98-2
methyl 4-methyl-2-hexenoate,2445-71-8
methyl 4-methylhexanoate,2177-82-4
methyl 4-methylhexenoate (unkn.str.),
methyl 4-methylpentanoate,2412-80-8
methyl 4-nonenoate,20731-19-5
methyl 4-oxohexanoate,2955-62-6
methyl 4-oxononanoate,33566-57-3
"methyl 5,6-dihydro-3,4-dimethyl-2H-pyran-6-carboxylate",24588-61-2
methyl 5-acetoxyheptanoate,139564-44-6
methyl 5-acetoxyhexanoate,35234-22-1
methyl 5-acetoxyoctanoate,35234-23-2
methyl 5-hexenoate,2396-80-7
methyl 5-hydroxy-(E)-2-hexenoate,19870-59-8
methyl 5-hydroxyhexanoate,62593-13-9
methyl 5-hydroxyoctanoate,101853-49-0
methyl 5-methyl-2-furancarboxylate,2527-96-0
methyl 5-methyl-2-furyl sulfide,13678-59-6
methyl 5-methylfurfuryl sulfide,13679-60-2
methyl 5-methylhexanoate,2177-83-5
methyl 5-nonenoate,
methyl 5-oxohexanoate,13984-50-4
methyl 6-heptenoate,1745-17-1
methyl 6-methylheptanoate,2519-37-1
methyl 6-methylsalicylate,33528-09-5
methyl 6-octadecenoate,52355-31-4
methyl 6-pentanoyl-1-cyclohexenecarboxylate (=methyl sedanonate),
methyl 7-methylnonanoate,5129-63-5
methyl 7-methyloctanoate,5129-53-3
methyl 8-dodecenoate,62472-92-8
methyl 8-methyl-6-nonenoate,80500-58-9
methyl 8-methylnonanoate,5129-54-4
"methyl 9,12,15-octadecatrienoate",7361-80-0
"methyl 9,12-octadecadienoate",2462-85-3
methyl 9-hexadecenoate,3913-63-1
methyl 9-methyldecanoate,5129-55-5
methyl 9-octadecenoate,2462-84-2
methyl 9-oxononanoate,1931-63-1
"methyl N,N-dimethylglycinate",7148-06-3
methyl N-acetylanthranilate,2719-08-6
methyl N-formylanthranilate,90564-02-6
methyl N-methylanthranilate,85-91-6
methyl acetate,79-20-9
methyl acetodithioate (=methyl dithioacetate),2168-84-5
methyl anthranilate,134-20-3
methyl benzoate,93-58-3
methyl benzothioate,5925-68-8
methyl butanoate,623-42-7
methyl cinnamate,103-26-4
methyl citronellate,2270-60-2
methyl cyanide,75-05-8
methyl cyclohexanecarboxylate,4630-82-4
methyl cyclohexylacetate,14352-61-5
methyl decadienoate (unkn.str.),66573-83-9
methyl decanoate,110-42-9
methyl decanoate (branched),
methyl decenoate (unkn.str.),54750-32-2
methyl dihydrojasmonate,24851-98-7
methyl dodecadienoate (unkn.str.),66573-85-1
methyl dodecanoate (=methyl laurate),111-82-0
methyl dodecenoate (unkn.str.),38098-09-8
methyl ethanesulfonothioate,2144-05-0
methyl formate,107-31-3
methyl furancarboxylate (unkn.str.),1334-76-5
methyl geranate,2349-14-6
methyl heptadecanoate,1731-92-6
methyl heptanethioate,
methyl heptanoate,106-73-0
methyl hexadecanoate (=methyl palmitate),112-39-0
methyl hexadecenoate (unkn.str.),29960-49-4
methyl hexanoate (=methyl caproate),106-70-7
methyl hexenoate (unkn.str.),
methyl hydroxyacetate,96-35-5
methyl indole-3-acetate,1912-33-0
methyl isoheptadecanoate (branched),27137-12-8
methyl isohexadecanoate (branched),
methyl isoleucinate (=methyl 2-amino-3-methylpentanoate),18869-44-8
methyl isopentadecanoate (branched),
methyl isothiocyanate,556-61-6
methyl jasmonate,39924-52-2
methyl linalyl ether,60763-44-2
methyl methanesulfinothioate,13882-12-7
methyl methanesulfonothioate,2949-92-0
methyl methylbutanoate (unkn.str.),
methyl methylundecanoate (unkn.str.),
methyl myrcenyl ether,24202-00-4
methyl myrtenate,30649-97-9
methyl nicotinate,93-60-7
methyl nonanoate,1731-84-6
methyl nonanoate (branched),
methyl nonenoate (unkn.str.),37822-76-7
methyl nonyl ether,7289-51-2
methyl nonyl sulfide,59973-07-8
methyl o-cresol (unkn.str.),
methyl octadecadienoate (unkn.str.),28061-47-4
methyl octadecanoate (=methyl stearate),112-61-8
methyl octadecenoate (unkn.str.),27234-05-5
methyl octanoate,111-11-5
methyl octanoate (branched),90453-99-9
methyl octenoate (unkn.str.),31423-91-3
methyl octyl sulfide,3698-95-1
methyl pentadecanoate,7132-64-1
methyl pentanoate,624-24-8
methyl pentyl disulfide,72437-68-4
methyl pentyl sulfide,1741-83-9
methyl phenethyl ether,3558-60-9
methyl phenyl disulfide (=methyldithiobenzene),14173-25-2
"methyl phenyl sulfide (=(methylthio)benzene, thioanisole)",100-68-5
methyl phenylacetate,101-41-7
methyl phthalate (unkn.str.),
methyl propanedithioate,5415-95-2
methyl propanethioate,52880-45-2
methyl propanoate,554-12-1
methyl propyl disulfide,2179-60-4
methyl propyl ether,557-17-5
methyl propyl pentasulfide,115868-75-2
methyl propyl sulfide (=1-(methylthio)propane),3877-15-4
methyl propyl tetrasulfide (=methyltetrathiopropane),87148-08-1
methyl propyl trisulfide,17619-36-2
methyl protocatechuate,2150-43-8
methyl salicylate,119-36-8
methyl tetradecanoate (=methyl myristate),124-10-7
methyl thiocyanate,556-64-9
methyl tridecanoate,1731-88-0
methyl tridecenoate (unkn.str.),66607-94-1
methyl undecadienoate (unkn.str.),
methyl undecanoate,1731-86-8
methyl undecenoate (unkn.str.),66573-84-0
methyl valinate (=methyl &alpha;-aminoisovalerate),18869-42-6
methyl vinyl sulfone (=1-(methanesulfonyl)ethylene),3680-02-2
methyl-1-hexanol (unkn.str.),61949-26-6
methyl-2-butenal (unkn.str.),67391-92-8
methyl-2-heptanol (unkn.str.),
methyl-2-hexanone (unkn.str.),91606-98-3
methyl-2-propylfuran (unkn.str.),
methyl-2-tetradecanone (unkn.str.),67881-20-3
methyl-2-thiophenecarbaldehyde (unkn.str.),80539-88-4
methyl-9H-fluorene (unkn.str.),26914-17-0
methyl-dimethyl dithiocarbamate,3735-92-0
methyl-propenylpyrazine (unkn.str.),
methyl-propylphenol (unkn.str.),62744-64-3
methylacetophenone (unkn.str.),26444-19-9
methylaniline (unkn.str.) (=toluidine (unkn.str.)),26915-12-8
methylbenzaldehyde (unkn.str.) (=tolualdehyde (unkn.str.)),1334-78-7
methylbenzene (=toluene),108-88-3
methylbenzenethiol (unkn.str.) (=thiocresol (unkn.str.)),26445-03-4
methylbenzofuran (unkn.str.),25586-38-3
methylbenzothiophene (unkn.str.),31393-23-4
methylbiphenyl (unkn.str.),28652-72-4
methylbutanal (unkn.str.),26140-47-6
methylbutanoic acid (unkn.str.),35915-22-1
methylbutanol (unkn.str.),
methylbutene (unkn.str.),102056-78-0
methylbutenol (unkn.str.),60766-00-9
methylbutyl 2-hydroxypropanoate (unkn.str.),
methylbutyl 2-methylbutanoate (unkn.str.),
methylbutyl 2-methylpropanoate (unkn.str.),
methylbutyl 9-decenoate (unkn.str.),
methylbutyl acetate (unkn.str.),
methylbutyl benzoate (unkn.str.),
methylbutyl butanoate (unkn.str.),
methylbutyl decanoate (unkn.str.),
methylbutyl dodecanoate (unkn.str.),
methylbutyl formate (unkn.str.),
methylbutyl hexadecanoate (unkn.str.),
methylbutyl hexanoate (unkn.str.),
methylbutyl octanoate (unkn.str.),
methylbutyl pentanoate (unkn.str.),
methylbutyl propanoate (unkn.str.),
methylbutyl tetradecanoate (unkn.str.),
methylcinnamaldehyde (unkn.str.),86390-61-6
methylcyclohexane,108-87-2
methylcyclohexene (unkn.str.),
methylcyclohexenone (unkn.str.),93842-53-6
methylcyclopentane,96-37-7
methylcyclopentanol (unkn.str.),77110-32-8
methyldecane (unkn.str.),61193-21-3
methyldecanoic acid (unkn.str.),
methyldihydrothiophenone (unkn.str.),
"methyleugenol (=4-allyl-1,2-dimethoxybenzene)",93-15-2
methylfuran (unkn.str.),27137-41-3
methylfurfural (unkn.str.),
methylgingerol,
methylheptadienone (unkn.str.),
methylheptanoic acid (unkn.str.),91433-72-6
methylheptanol (unkn.str.),51174-83-5
methylheptanone (unkn.str.),29466-99-7
methylheptenol (unkn.str.),1335-09-7
methylheptenone (unkn.str.),409-02-9
methylhexanoic acid (unkn.str.),104490-70-2
methylhydrazine,60-34-4
methylindan (unkn.str.),27133-93-3
methylindene (unkn.str.),29036-25-7
methylindole (unkn.str.),27323-28-0
"methylisoeugenol (=1,2-dimethoxy-4-(1-propenyl)benzene)",93-16-3
"methylmaleic anhydride (=3-methyl-2,5-furandione)",616-02-4
methylnaphthalene (unkn.str.),1321-94-4
methylnonane (unkn.str.),63335-87-5
methylnonanoic acid (unkn.str.),26403-17-8
methyloctane (unkn.str.),61193-19-9
methyloctanoic acid (unkn.str.),26896-18-4
methylpentane (unkn.str.),43133-95-5
methylpentanol (unkn.str.),69203-06-1
methylpentenal (unkn.str.),85527-93-1
methylpentyloxazole (unkn.str.),
methylphenanthrene (unkn.str.),31711-53-2
methylphenol (=cresol),
methylphenol (mixture),1319-77-3
methylphenyl acetate (unkn.str.),1333-46-6
methylphthalide (unkn.str.),
methylpropenylbenzene (unkn.str.),28654-77-5
methylpropylbenzene (unkn.str.) (=propyltoluene (unkn.str.)),28729-54-6
methylpyrazine,109-08-0
methylpyridine (unkn.str.) (=picoline (unkn.str.)),1333-41-1
methylpyrrole (unkn.str.),27417-39-6
methylpyrrolecarbaldehyde (unkn.str.) (=formyl-methylpyrrole (unkn.str.)),119738-91-9
methylshogaol,
"methylsuccinic anhydride (=3-methyldihydro-2,5-furandione)",4100-80-5
methyltetradecane (unkn.str.),125086-23-9
methyltetradecanoic acid (unkn.str.),
methylthiobenzothiazole (unkn.str.),31621-01-9
methylthiophene (unkn.str.),25154-40-9
methylthiophenecarbaldehyde (unkn.str.),109578-87-2
methylthiopropyl isothiocyanate (unkn.str.),
methylthiopropyl thiocyanate (unkn.str.),86702-84-3
methylvinylbenzene (unkn.str.),25013-15-4
mintlactone,13341-72-5
mintsulfide,72445-42-2
mono-(2-ethylhexyl) hexanedioate,4337-65-9
mono-2-methylbutyl succinate,
monobutyl malate,27178-06-9
monobutyl succinate,5150-93-6
monoethyl 2-hydroxy-2-isopropylbutanedioate,
monoethyl 2-hydroxy-2-methylbutanedioate,75369-71-0
monoethyl citrate,30306-93-5
monoethyl malate,28514-63-8
monoethyl nonanedioate,1593-55-1
monoethyl pentanedioate,1070-62-8
monoethyl phthalate,2306-33-4
monoethyl succinate (=monoethyl butanedioate),1070-34-4
monoethyl tartrate,608-89-9
monoisobutyl succinate,20279-40-7
monoisopentyl succinate,20279-41-8
monomethyl succinate (=monomethyl butanedioate),3878-55-5
monopropyl succinate,6946-88-9
morpholine,110-91-8
multifidene,52886-04-1
"muurola-4,10(14)-dien-1-&beta;-ol",257293-90-6
muurolene (unkn.str.),69671-15-4
myrcene disulfide,73188-23-5
myrcene epoxide,29414-55-9
myrcene oxide,79468-29-4
myrcene sulfide,73188-25-7
myrcene trisulfide,73188-26-8
myrcenol,543-39-5
myrcenone,539-70-8
myrcenyl acetate,1118-39-4
myricetin,529-44-2
myricetin-3-glucoside,19833-12-6
myricetin-3-glucuronide,77363-65-6
myricitrin,17912-87-7
myristicin,607-91-0
myrtanol,514-99-8
myrtanyl acetate,29021-36-1
myrtenal,564-94-3
myrtenol,515-00-4
myrtenol methyl ether,10300-03-5
myrtenyl acetate,1079-01-2
myrtenyl formate,72928-52-0
n-hexane,110-54-3
naphthalene,91-20-3
naphthalenethiol (unkn.str.),27460-00-0
naphthodioxane (unkn.str.),
naphthol (unkn.str.),1321-67-1
neoacorone,
neobyakangelicol,35214-82-5
neocurdione,108944-67-8
neodihydrocarveol,18675-33-7
neodihydrocarvyl acetate,56422-50-5
neoglucobrassicin,5187-84-8
neoisodihydrocarveol,18675-34-8
neoisoisopulegol,21290-09-5
neoisomenthol,491-02-1
neoisomenthyl acetate,20777-36-0
neoisopulegol,29141-10-4
neoisothujyl alcohol,31187-53-8
neomenthol,3623-51-6
"neomenthol 1,2-oxide",
neomenthyl acetate,2230-87-7
"neophytadiene (=7,11,15-trimethyl-3-methylene-1-hexadecene)",504-96-1
neoverbanyl acetate,73366-10-6
nepetalactone,490-10-8
neral (=&beta;-citral),106-26-3
nerol,106-25-2
nerol oxide,1786-08-9
"nerolidol (= 3,7,11-trimethyl-1,6,10-dodecatrien-3-ol )",7212-44-4
nerolidol oxide (unkn.str.),
nervonic acid,506-37-6
neryl 2-methylbutanoate,51117-19-2
neryl 2-methylpropanoate (=neryl isobutyrate),2345-24-6
neryl acetate,141-12-8
neryl butanoate,999-40-6
neryl formate,2142-94-1
neryl hexanoate,68310-59-8
neryl methyl ether,2565-83-5
neryl propanoate,105-91-9
nicotinaldehyde,500-22-1
nicotine,54-11-5
nicotinic acid (=3-pyridinecarboxylic acid),59-67-6
nicotinylacetone,6302-03-0
"nitric acid, ethyl ester",625-58-1
nitrobenzene,98-95-3
nitromethane,75-52-5
nobiletin,478-01-3
nonacosane,630-03-5
nonacosene (unkn.str.),77046-61-8
nonadecane,629-92-5
nonadecane (branched),72123-31-0
nonadecanoic acid,646-30-0
nonadecene (unkn.str.),27400-77-7
nonadecenoic acid (unkn.str.),26444-05-3
nonadienal (unkn.str.),30551-17-8
nonadiene (unkn.str.),71030-52-9
nonadienol (unkn.str.),63450-36-2
nonanal (=pelargonaldehyde),124-19-6
nonanal (branched),35127-50-5
nonanal (unkn.str.),
nonane,111-84-2
nonane (branched),34464-40-9
nonanedioic acid (=azelaic acid),123-99-9
nonanenitrile,2243-27-8
nonanoic acid (=pelargonic acid),112-05-0
nonanone (unkn.str.),30642-09-2
nonen-2-ol (unkn.str.),
nonen-2-one (unkn.str.),27936-13-6
nonenal (unkn.str.),30551-15-6
nonene (unkn.str.),27215-95-8
nonenoic acid (unkn.str.),29830-11-3
nonenol (unkn.str.),26634-58-2
nonyl (Z)-2-methyl-2-butenoate (=nonyl angelate),83783-79-3
nonyl acetate,143-13-5
nonyl butanoate,2639-64-7
nonylbenzene,1081-77-2
nonylcyclohexane,2883-02-5
nonylphenol (unkn.str.),25154-52-3
nonyn-3-yl acetate (unkn.str.),83108-06-9
nootkatene,5090-61-9
nootkatol,50763-67-2
nootkatone,4674-50-4
nopinone,24903-95-5
norbornane,279-23-2
norbornyl acetate,34640-76-1
norfuraneol (= 4-hydroxy-5-methyl-3(2H)-furanone ),19322-27-1
nuciferyl acetate,163254-77-1
o-chloroaniline,95-51-2
o-vanillin,148-53-8
ocimene epoxide (unkn.str.),85624-39-1
ocimene oxide,
ocimenol,5986-38-9
octacosane,630-02-4
octacosanoic acid (=montanic acid),506-48-9
octadecadienal (unkn.str.),28982-40-3
octadecadienoic acid (unkn.str.),26764-25-0
octadecanal,638-66-4
octadecane,593-45-3
octadecane (branched),
octadecanoic acid (=stearic acid),57-11-4
octadecatrienoic acid (unkn.str.),25448-03-7
octadecenal (unkn.str.),71873-66-0
octadecene (unkn.str.),27070-58-2
octadecenoic acid (unkn.str.),26764-26-1
octadecenyl acetate (unkn.str.),64661-64-9
octadecyl acetate,822-23-1
octadiene (unkn.str.),63597-41-1
octaethylene glycol monododecyl ether,3055-98-9
"octahydro-1,4,9,9-tetramethyl-1H,3a,7-methanoazulene (=patchoulane)",25491-20-7
"octahydro-3,6-bis(methylene)benzofuran",959304-04-2
"octahydro-4a,7,7-trimethyl-2(1H)-naphthalenone",93427-92-0
octanal (=caprylaldehyde),124-13-0
octanal (branched),26637-24-1
octanal (unkn.str.),
octanal N-formyl-N-methylhydrazone,61748-13-8
octane,111-65-9
octane (branched),26635-64-3
octanedioic acid (=suberic acid),505-48-6
octanenitrile,124-12-9
octanoic acid (=caprylic acid),124-07-2
"octanoic acid, 2-ethylhexyl ester",63321-70-0
octanol (unkn.str.),29063-28-3
octanone (unkn.str.),27457-18-7
octen-3-one (unkn.str.),
octenal (unkn.str.),25447-69-2
octene (unkn.str.),25377-83-7
octenoic acid (unkn.str.),28962-27-8
octenol (unkn.str.),60621-20-7
octenone (unkn.str.),70772-23-5
octenyl acetate (unkn.str.),37366-04-4
octopamine (=4-(2-amino-1-hydroxyethyl)phenol),104-14-3
octyl (Z)-2-methyl-2-butenoate (=octyl angelate),83803-42-3
octyl 2-methylbutanoate,29811-50-5
octyl 2-methylpropanoate (=octyl isobutyrate),109-15-9
octyl 3-methylbutanoate,7786-58-5
octyl acetate,112-14-1
octyl butanoate,110-39-4
octyl ether,629-82-3
octyl formate,112-32-3
octyl hexanoate,4887-30-3
octyl nitrate,629-39-0
octyl octanoate,2306-88-9
octyl pentanoate,5451-85-4
octyl prop-2-enoate,2499-59-4
octyl propanoate,142-60-9
octylbenzene,2189-60-8
octylcyclohexane,1795-15-9
octylthiophene (unkn.str.),95892-43-6
octyne (unkn.str.),32073-03-3
oleacein,149183-75-5
oleocanthal,289030-99-5
oleuropein aglycone,31773-95-2
oppositol,50906-52-0
oxacycloundecan-2-one,5579-79-3
oxalic acid (=ethanedioic acid),144-62-7
oxaluric acid,585-05-7
oxazole,288-42-6
oxazoline (unkn.str.),30969-75-6
oxoacetic acid (=glyoxylic acid),298-12-4
oxoheptenoic acid (unkn.str.),91422-04-7
oxypeucedanin,26091-73-6
"p-1(7),2-menthadien-4-ol",55708-39-9
"p-1(7),8(10)-menthadien-9-ol",29548-13-8
"p-1(7),8-menthadien-2-yl acetate",71660-03-2
"p-1(7),8-menthadiene",499-97-8
"p-1,3,8-menthatriene",18368-95-1
"p-1,3-menthadien-7-al (=&alpha;-terpinen-7-al)",1197-15-5
"p-1,4-menthadien-7-al",22580-90-1
"p-1,4-menthadien-7-ol",22539-72-6
"p-1,5-menthadien-7-ol",19876-45-0
"p-1,8(10)-menthadien-9-yl acetate",15111-97-4
"p-1,8-menthadien-10-al",57074-31-4
"p-1,8-menthadien-2-yl acetate",24348-08-1
"p-1,8-menthadien-5-ol",20019-62-9
"p-1,8-menthadien-7-al",2111-75-3
"p-1,8-menthadien-9-yl propanoate",158300-70-0
"p-1,8-menthadienoic acid (=perillic acid)",7694-45-3
p-1-menthen-9-al,29548-14-9
p-1-menthen-9-ol,18479-68-0
p-1-menthen-9-yl acetate,28839-13-6
p-1-menthen-9-yl propanoate,158300-69-7
p-1-menthene,5502-88-5
p-1-menthene-8-thiol,71159-90-5
"p-2,4(8)-menthadiene (=isoterpinolene)",586-63-0
"p-2,4-menthadiene",586-68-5
"p-2,8-menthadien-1-ol",22771-44-4
"p-2,8-menthadien-1-yl acetic acid",68754-14-3
p-2-menthen-1-ol,619-62-5
p-2-menthen-7-ol,72687-68-4
p-2-menthene,5256-65-5
"p-3,8-menthadien-1-ol",55708-38-8
"p-3,8-menthadiene",586-67-4
"p-3,8-menthanediol (=8-hydroxymenthol)",42822-86-6
p-3-menthen-7-al,27841-22-1
p-3-menthen-7-ol,21425-79-6
p-3-menthen-9-ol,15714-10-0
p-3-menthene,500-00-5
p-4(8)-menthen-7-ol,
p-4(8)-menthene,1124-27-2
"p-4,8-menthadien-9-ol",
"p-5,8-menthadien-2-one",53892-46-9
p-8-menthen-10-ol (=dihydrolimonen-10-ol),5502-99-8
p-8-menthen-10-yl acetate,
p-8-menthen-7-ol (=shisol),18479-64-6
"p-8-menthene-1,2-diol",1946-00-5
p-anisyl acetate,104-21-2
p-anisyl formate,122-91-8
p-camphorene,20016-72-2
p-chloroaniline,106-47-8
p-cymen-4-ol (unkn.str.),
"p-cymen-8-ol (=&alpha;,&alpha;,p-trimethylbenzyl alcohol)",1197-01-9
p-cymen-8-ol methyl ether,55708-37-7
p-cymen-8-yl ethyl ether (=8-ethoxy-p-cymene),68279-51-6
p-cymen-9-ol,4371-50-0
p-cymenol (unkn.str.),
"p-menth-1-ene-7,8-diol",5502-74-9
p-menth-3-en-8-ol,18479-65-7
p-menth-4(8)-en-9-ol,15714-11-1
p-menth-6-en-2-one,43205-82-9
p-menth-7-ol,13828-37-0
p-menth-8-ol,498-81-7
"p-mentha-1,5-dien-7-al",79925-82-9
p-menthadien-10-yl acetate (unkn.str.),
p-menthadien-8-ol (unkn.str.),
p-menthadienol (unkn.str.),65391-05-1
p-menthane,99-82-1
"p-menthane-1,2,4-triol",22555-61-9
"p-menthane-1,3-diol (=1-hydroxymenthol)",17948-62-8
"p-menthane-1,8-diol (=terpin)",80-53-5
p-menthatriene (unkn.str.),
p-menthen-9-al (unkn.str.),
p-menthen-9-ol (unkn.str.),
p-menthene (unkn.str.),
p-menthol-1,21129-27-1
pabulenol,33889-70-2
pacifenol,33880-90-9
palustrol (ledum),5986-49-2
paradol (=[6]-paradol),27113-22-0
patchoulol (=patchouli alcohol),5986-55-0
pentacosane,629-99-2
pentacosene (unkn.str.),30551-31-6
pentadecadien-2-one (unkn.str.),68062-16-8
pentadecadiene (unkn.str.),75081-19-5
pentadecanal,2765-11-9
pentadecane,629-62-9
pentadecane (branched),72123-28-5
pentadecanenitrile,18300-91-9
pentadecanoic acid,1002-84-2
pentadecanoic acid (unkn.str.),50973-09-6
pentadecanol (unkn.str.),31389-11-4
pentadecanone (unkn.str.),76940-91-5
pentadecen-2-one (unkn.str.),68062-15-7
pentadecenal (unkn.str.),
pentadecene (unkn.str.),27251-68-9
pentadecenoic acid (unkn.str.),26444-04-2
pentadecyl acetate,629-58-3
pentadiene (unkn.str.),41050-31-1
pentamethylheptane,30586-18-6
pentanal (=valeraldehyde),110-62-3
pentanal N-formyl-N-methyl-hydrazone,57590-20-2
pentanamide,626-97-1
pentane,109-66-0
pentanedioic acid (=glutaric acid),110-94-1
pentanenitrile,110-59-8
pentanoic acid (=valeric acid),109-52-4
pentanol (unkn.str.),30899-19-5
pentatriacontane,630-07-9
pentatriacontene (unkn.str.),69198-75-0
penten-1-ol (unkn.str.),
penten-3-ol (unkn.str.),77035-93-9
pentenal (unkn.str.),31424-04-1
pentene (unkn.str.),25377-72-4
pentenoic acid (unkn.str.),27516-53-6
pentenol (unkn.str.),11098-57-0
pentenyl acetate (unkn.str.),59472-39-8
pentenyl benzoate (unkn.str.),
pentenyl hexanoate (unkn.str.),
pentyl (E)-2-methyl-2-butenoate (=pentyl tiglate),7785-65-1
pentyl (Z)-2-methyl-2-butenoate (=pentyl angelate),7785-63-9
pentyl 2-hydroxypropanoate (=amyl lactate),6382-06-5
pentyl 2-methylbutanoate,68039-26-9
pentyl 2-methylpropanoate (=amyl isobutyrate),2445-72-9
pentyl 3-(methylthio)propanoate,93762-35-7
pentyl 3-methylbutanoate (=amyl isovalerate),25415-62-7
pentyl 4-methylpentanoate,25415-71-8
pentyl acetate (=amyl acetate),628-63-7
pentyl benzoate,2049-96-9
pentyl butanoate,540-18-1
pentyl decanoate,5933-87-9
pentyl ethyl succinate,67233-93-6
pentyl formate,638-49-3
pentyl hexanoate,540-07-8
pentyl isothiocyanate,32446-40-5
pentyl nitrate,1002-16-0
pentyl octanoate,638-25-5
pentyl pentanoate,2173-56-0
pentyl pentanoate (branched),
pentyl propanoate,624-54-4
pentyl propanoate (branched),
"pentyl-1,3-cyclohexadiene (unkn.str.)",28553-95-9
pentyl-methylpyrazine (unkn.str.),97485-50-2
pentylbenzene,538-68-1
pentylcyclohexadiene (unkn.str.),
pentylcyclohexane,4292-92-6
pentylfuran (unkn.str.),64079-01-2
pentylpyrazine,6303-75-9
pentylpyridine (unkn.str.),65307-85-9
peonidin-3-glucoside,68795-37-9
"perilla alcohol (=p-1,8-menthadien-7-ol)",536-59-4
perillyl acetate,15111-96-3
"perylene (=dibenz[de,kl]anthracene)",198-55-0
petunidin-3-glucoside,71991-88-3
petunidin-3-p-coumaroylglucoside,
phellandral,21391-98-0
phellandrene (unkn.str.),1329-99-3
phenanthrene,85-01-8
phenethyl (E)-2-methyl-2-butenoate (=phenethyl tiglate),55719-85-2
phenethyl (Z)-2-methyl-2-butenoate (=phenethyl angelate),61692-79-3
phenethyl 2-hydroxypropanoate (=phenethyl lactate),10138-63-3
phenethyl 2-methylbutanoate,24817-51-4
phenethyl 2-methylpropanoate (=phenethyl isobutyrate),103-48-0
phenethyl 3-methylbutanoate (=phenethyl isovalerate),140-26-1
phenethyl acetate (=2-phenylethyl acetate),103-45-7
phenethyl benzoate,94-47-3
phenethyl butanoate,103-52-6
phenethyl butenoate (unkn.str.),85762-16-9
phenethyl decanoate,61810-55-7
phenethyl dodecanoate (=phenethyl laurate),6309-54-2
phenethyl formate,104-62-1
phenethyl hexanoate,6290-37-5
phenethyl isothiocyanate,2257-09-2
phenethyl nicotinate,71653-43-5
phenethyl octanoate,5457-70-5
phenethyl pentanoate,7460-74-4
phenethyl propanoate,122-70-3
phenethyl thiocyanate,5654-72-8
phenethylamine,64-04-0
phenol,108-95-2
phenyl acetate,122-79-2
phenyl butanoate,4346-18-3
phenyl hexanoate,7780-16-7
phenyl pentanoate,20115-23-5
phenyl propyl sulfide (=propylthiobenzene),874-79-3
phenyl vinyl sulfide (=vinylthiobenzene),1822-73-7
phenylacetaldehyde (=benzeneacetaldehyde),122-78-1
phenylacetaldehyde (E)-O-methyl oxime,
phenylacetaldehyde (Z)-O-methyl oxime,
phenylacetaldehyde dimethyl acetal,101-48-4
phenylacetic acid,103-82-2
"phenylacetonitrile (=benzyl cyanide, benzeneacetonitrile)",140-29-4
phenylfuran (unkn.str.),38890-45-8
phenylmethanethiol (=benzyl mercaptan),100-53-8
phenylpropanoic acid (unkn.str.),
phenylpropanol,93842-54-7
phenylpropyl acetate (unkn.str.),75038-26-5
photocitral A,1125-49-1
phthalic acid,88-99-3
"phthalic anhydride (=2-benzofuran-1,3-dione)",85-44-9
phthalide (=1(3H)-isobenzofuranone),87-41-2
phytadiene (unkn.str.),
phytol,150-86-7
pimaradiene,1686-61-9
pinane (=dihydropinene),473-55-2
pinanone (unkn.str.),
pinene (unkn.str.),
pinocamphone,547-60-4
pinocarveol,5947-36-4
pinocarvone,30460-92-5
pinocarvyl acetate,1078-95-1
pinoresinol,
piperanine (=dihydropiperine),23512-46-1
piperazine,110-85-0
piperettine,583-34-6
piperidine,110-89-4
piperine,94-62-2
piperitenone,491-09-8
piperitenone oxide,35178-55-3
piperitenyl acetate,
piperitol,491-04-3
piperitone,89-81-6
piperitone oxide,5286-38-4
piperoleine A,30505-92-1
piperoleine B,30505-89-6
"piperonal (=heliotropin, 1,3-benzodioxole-5-carbaldehyde )",120-57-0
piperonyl acetate,326-61-4
piperyline,25924-78-1
pogostol,21698-41-9
pregeijerene,20082-17-1
pregeijerene B,556799-96-3
preisocalamendiol,25645-19-6
"prenyl (E)-3,4-dimethoxycinnamate",
procyanidin B1,20315-25-7
procyanidin B2,29106-49-8
progoitrin,585-95-5
proline anhydride,19943-27-2
propanal (=propionaldehyde),123-38-6
propanal N-formyl-N-methyl-hydrazone,
propanamide,79-05-0
propane,74-98-6
propanedial (=malonaldehyde),542-78-9
propanenitrile (=ethyl cyanide),107-12-0
propanethial S-oxide,32157-29-2
propanoic acid (=propionic acid),79-09-4
propanoylfuran (unkn.str.),25154-46-5
propenethiol (unkn.str.),122694-34-2
propenyl propyl trisulfide (unkn.str.),33368-79-5
propiosyringone,5650-43-1
propiovanillone,1835-14-9
propyl (E)-2-methyl-2-butenoate (=propyl tiglate),61692-83-9
"propyl (E,E)-2,4-decadienoate",3025-32-9
"propyl (E,Z)-2,4-decadienoate",28316-62-3
propyl (S)-2-methylbutanoate,151409-47-1
propyl (Z)-2-methyl-2-butenoate (=propyl angelate),53082-57-8
"propyl 2,4-decadienoate",84788-08-9
propyl 2-butenoate (=propyl crotonate),10352-87-1
propyl 2-hydroxypropanoate (=propyl lactate),616-09-1
propyl 2-methyl-2-butenoate,70475-38-6
propyl 2-methylbutanoate,37064-20-3
propyl 2-methylpropanoate (=propyl isobutyrate),644-49-5
propyl 3-(methylthio)-(E)-2-propenoate,
propyl 3-(methylthio)propanoate,690210-31-2
propyl 3-hydroxybutanoate,116310-04-4
propyl 3-methyl-2-butenoate (=propyl senecioate),56922-71-5
propyl 3-methylbutanoate (=propyl isovalerate),557-00-6
propyl 7-octenoate,108058-77-1
propyl acetate,109-60-4
propyl benzoate,2315-68-6
propyl butanoate,105-66-8
propyl decanoate,30673-60-0
propyl dodecanoate (=propyl laurate),3681-78-5
propyl formate,110-74-7
propyl heptanoate,7778-87-2
propyl hexadecanoate,2239-78-3
propyl hexanoate,626-77-7
propyl isothiocyanate,628-30-8
propyl methanesulfinothioate,119151-97-2
propyl methanesulfonothioate,24387-69-7
propyl nitrite,543-67-9
propyl nonanoate,6513-03-7
propyl octanoate,624-13-5
propyl pentanoate,141-06-0
propyl propanedithioate,
propyl propanesulfonothioate,1113-13-9
propyl propanoate,106-36-5
propyl tetradecanoate,14303-70-9
propyl vinyl ether,764-47-6
propylbenzene,103-65-1
propylcyclohexane,1678-92-8
propylene carbonate,108-32-7
propylheptanoic acid (unkn.str.),
propylnaphthalene (unkn.str.),27378-74-1
propylphenol (unkn.str.),31019-46-2
propylpyrazine,18138-03-9
propylpyridine (unkn.str.),65307-84-8
propynyl hexanoate (unkn.str.),
pseudodiosphenol,54783-36-7
psoralen (=furocoumarin),66-97-7
pulegol,529-02-2
pulegone (=(R)-Pulegone),89-82-7
pulegone oxide,17677-87-1
pyrazine,290-37-9
pyrazole,288-13-1
pyrene,129-00-0
pyridine,110-86-1
pyridinecarboxylic acid (unkn.str.),32075-31-3
pyridoxine,65-23-6
pyrocurzerenone,20013-75-6
pyrrole,109-97-7
pyrrolecarbaldehyde (unkn.str.) (=formylpyrrole (unkn.str.)),89145-04-0
pyrrolidine,123-75-1
pyrroline (unkn.str.),28350-87-0
"pyrrolo[1,2-a]pyrazine",274-55-5
quercetin,117-39-5
quercetin 3-sophoroside 7-glucoside,
quercetin-3-glucuronide,482-35-9
quinic acid,77-95-2
quinoline,91-22-5
quinoxaline,91-19-0
retinol,68-26-8
riboflavin,83-88-5
rimuene,1686-67-5
rose furan,15186-51-3
rose oxide,16409-43-1
rosefuran epoxide,92356-06-4
rotundone,18374-76-0
rutin,153-18-4
rutin hydrate,207671-50-9
s-guaiazulene (=guaiazulene),489-84-9
sabina ketone,513-20-2
sabinene,3387-41-5
sabinene hydrate (=4-thujanol),546-79-2
sabinol (=4(10)-thujenol),471-16-9
sabinyl 3-methylbutanoate,5281-02-7
sabinyl acetate,3536-54-7
"safranal (=2,6,6-trimethyl-1,3-cyclohexadienecarbaldehyde)",116-26-7
santalene (unkn.str.),
"santene (=(1R,4S)-2,3-dimethylbicyclo[2.2.1]hept-2-ene))",529-16-8
santenol,
santenone,20529-87-7
sativene,6813-05-4
scapanene,66105-37-1
sclareol,515-03-7
sclareol oxide,5153-92-4
sec-butyl (E)-2-methyl-2-butenoate (=sec-butyl tiglate),28127-58-4
sec-butyl (E)-propenyl disulfide,24351-71-1
sec-butyl (Z)-2-methyl-2-butenoate (=sec-butyl angelate),93283-00-2
sec-butyl (Z)-propenyl disulfide,24351-70-0
sec-butyl 2-hydroxypropanoate (=sec-butyl lactate),18449-60-0
sec-butyl 3-(methylthio)propanoate,
sec-butyl 9-decenoate,108058-82-8
"sec-butyl acetate (=2-butyl acetate, 1-methylpropyl acetate)",105-46-4
sec-butyl benzoate,3306-36-3
sec-butyl butanoate,819-97-6
sec-butyl decanoate,55195-24-9
sec-butyl ethyl ether,2679-87-0
sec-butyl formate,589-40-2
sec-butyl hexanoate,3115-28-4
sec-butyl isothiocyanate,4426-79-3
sec-butyl octanoate,5458-61-7
sec-butyl propanoate,591-34-4
sec-butyl propyl disulfide,59849-54-6
sec-nonanol (unkn.str.),65572-87-4
sec-octanethiol (unkn.str.),25265-79-6
sec-octyl acetate (unkn.str.),
sec-pentanol (unkn.str.) (=2(or 3)-pentanol),26635-63-2
sedanonic anhydride,66983-89-9
"selina-3,5,11-trien-2-one",
selinadiene (unkn.str.),72382-94-6
selinene (unkn.str.),27104-12-7
serotonine,50-67-9
seselin,523-59-1
sesquiphellandrene,73744-93-1
sesquisabinene,58319-04-3
sesquithujene,58319-06-5
seychellene,20085-93-2
shyobunone,21698-44-2
"sinapaldehyde (=4-hydroxy-3,5-dimethoxy-cinnamaldehyde)",4206-58-0
sinapyl alcohol,
sinensetin,2306-27-6
sinigrin,534-69-0
sitosterol (unkn.str.),
"sotolone (=3-hydroxy-4,5-dimethyl-2(5H)-furanone)",28664-35-9
spathulenol,6750-60-3
spicatine,11053-08-0
"squalene (=2,6,10,15,19,23-hexamethyl-2,6,10,14,18,22-tetracosahexaene)",111-02-4
stigmasterol,83-48-7
styryl acetate,10521-96-7
succinic acid (=butanedioic acid),110-15-6
sucrose,57-50-1
sulfur dioxide,7446-09-5
sulfur molecule S8,10544-50-0
"sulfurous acid, cyclohexylmethyl hexyl ester",
"sulfurous acid, diethyl ester",623-81-4
symm. diethyl citrate,101996-63-8
"syringaldehyde (=4-hydroxy-3,5-dimethoxybenzaldehyde)",134-96-3
tangeretin,481-53-8
tartaric acid,526-83-0
"terahydro-4-methyl-2-ethyl-4H-pyrrolo[2,1-d]-1,3,5-dithiazine",163268-51-7
teresantalol,29550-55-8
terpinene (unkn.str.),8013-00-1
terpineol (unkn.str.),8000-41-7
terpinolene,586-62-9
"terpinolene 4,8-oxide",4584-23-0
terpinolene oxide (unkn.str.),
terpinyl acetate (unkn.str.),8007-35-0
terpinyl butanoate (unkn.str.),
terpinyl formate (unkn.str.),
tert-butyl (Z)-2-methyl-2-butenoate (=tert-butyl angelate),82105-54-2
"tert-butyl acetate (=1,1-dimethylethyl acetate)",540-88-5
tert-butyl ethyl ether,637-92-3
tert-butyl isobutyl disulfide,72437-49-1
tert-butyl methyl ether (=2-methoxy-2-methylpropane),1634-04-4
tert-butyl propanoate,20487-40-5
tert-butyl-2-methoxyphenol (unkn.str.),53894-31-8
tert-butylthiophene (unkn.str.),
tert-heptanethiol (unkn.str.),25360-13-8
tetrabromomethane,558-13-4
"tetrachloro-1,4-dimethoxybenzene",944-78-5
tetrachlorobenzene (unkn.str.),12408-10-5
tetrachloroethane (unkn.str.),25322-20-7
tetrachloroethene (=tetrachloroethylene),127-18-4
tetrachloromethane (=carbon tetrachloride),56-23-5
tetracosane,646-31-1
tetracosanoic acid (=lignoceric acid),557-59-5
tetracosenoic acid (unkn.str.),26444-06-4
tetradecadien-2-one (unkn.str.),67881-15-6
tetradecadiene (unkn.str.),25447-84-1
tetradecanal,124-25-4
tetradecane,629-59-4
tetradecane (branched),34464-41-0
tetradecanenitrile,629-63-0
tetradecanoic acid (=myristic acid),544-63-8
tetradecanoic acid (branched),65437-21-0
tetradecanol (unkn.str.),27196-00-5
tetradecen-2-one (unkn.str.),68062-19-1
tetradecenal (unkn.str.),
tetradecene (unkn.str.),26952-13-6
tetradecenoic acid (unkn.str.),26444-03-1
tetradecyl acetate,638-59-5
tetradecylcyclohexane,1795-18-2
"tetrahydro-1,1,6-trimethylnaphthalene (unkn.str.)",
"tetrahydro-2,4,6-trimethyl-1,3,5(2H)-thiadiazine",53897-63-5
"tetrahydro-2,4-dimethyl-4H,6H-pyrido[2.1-d]-1,3,5-dithiazine",134281-35-9
tetrahydro-2-furanmethyl acetate,
tetrahydro-2H-pyran-2-methanol,100-72-1
"tetrahydro-3,6-dimethyl-2H-pyran-2-one",3720-22-7
"tetrahydro-4-methyl-2(1-methylethyl)-4H-Pyrrolo[2,1-d]-1,3,5-dithiazine",163268-52-8
"tetrahydro-4-methyl-2-isobutyl-4H-pyrrolo[2,1-d]-1,3,5-dithiazine",132344-96-8
tetrahydrofuran (=oxolane),109-99-9
tetrahydrofurfuryl alcohol,97-99-4
tetrahydrolavandulol,41884-28-0
tetrahydrolinalool,78-69-3
tetrahydrothiophene (=thiolane),110-01-0
tetrahydrotrimethylnaphthalene (unkn.str.),99532-35-1
tetramethylbenzene (unkn.str.),25619-60-7
tetramethylnaphthalene (unkn.str.),28652-74-6
tetramethylpentane (unkn.str.),60265-51-2
tetramethylpyrazine,1124-11-4
tetramethylscutellarein,
tetramethylthiourea,2782-91-4
tetramethylurea,632-22-4
tetrathiepane (unkn. str.),
theaspirane,36431-72-8
theaspirane A (=trans-theaspirane),43126-22-3
theaspirane B (=cis-theaspirane),43126-21-2
theaspirone,19377-59-4
thenyl acetate,13679-77-1
thenyl formate,13679-76-0
theobromine,83-67-0
thiacyclopropanoic acid (unkn.str.),21456-46-2
thiamine (HCl),67-03-8
thiazole,288-47-1
thiazolidine,504-78-9
thiazoline,
"thiiraneacetonitrile (=3,4-epithiobutanenitrile)",58130-93-1
thiocyanic acid,463-56-9
thiophene,110-02-1
thiophene dicarbaldehyde (unkn.str.),
"thiopheno[2,3-b]thiophene",250-84-0
thiourea,62-56-6
"threo-2,3-butanediol diacetate",79297-93-1
"threo-2,3-butanediol monoacetate (=threo-3-acetoxy-2-butanol)",59699-26-2
thujene (unkn.str.),
thujone (=&alpha;-thujone),546-80-5
thujopsadiene,24048-40-6
thujopsan-2-&alpha;-ol,78392-83-3
thujopsene,470-40-6
thujopsenic acid,546-53-2
thujyl alcohol,35732-37-7
thymol,89-83-8
thymoquinone,490-91-5
thymyl acetate,528-79-0
tolunitrile (unkn.str.),25550-22-5
"trans,trans-p-menthane-2,5-diol",38618-26-7
trans-&alpha;-bergamotene,13474-59-4
trans-&alpha;-bergamotol acetate,87978-33-4
trans-&alpha;-bisabolene,25532-79-0
trans-&alpha;-cadinol,
trans-&beta;-bergamotene,15438-94-5
trans-&beta;-copaene,41530-64-7
trans-&beta;-elemene,
trans-&beta;-elemenone,30824-86-3
trans-&beta;-guaiene,192053-49-9
trans-&beta;-sesquiphellandrol,56144-27-5
trans-&beta;-terpineol,7299-41-4
trans-&gamma;-bisabolene,53585-13-0
trans-(-)-pinocarveol,547-61-5
"trans-(2R,5R)-linalool oxide (5)",41720-55-2
"trans-(2R,5S)-linalool oxide (6)",
"trans-(2S,5R)-linalool oxide (6)",
"trans-(2S,5S)-linalool oxide (5)",
"trans-(E)-4,5-epoxy-2-decenal",134454-31-2
"trans-1(6),4-cadinadiene",931410-54-7
"trans-1,2-epoxy-&alpha;-terpinyl acetate",
"trans-1,3-dimethylcyclopentane",1759-58-6
trans-12-norcaryophyll-5-en-2-one,
"trans-2,3-epoxy-p-8-menthen-1-ol",
"trans-2,3-epoxyoctanal",51007-38-6
"trans-2,4-dimethyl-1,3-dioxolane",100760-26-7
"trans-2,5-diethyltetrahydrofuran",32101-31-8
"trans-2,5-dimethylpiperazine",2815-34-1
trans-2-acetoxyisomenthone,57129-16-5
trans-2-acetoxymenthone,
trans-2-acetoxypulegone,57820-70-9
trans-2-caren-4-ol,4017-82-7
"trans-2-hydroxy-3,4,5-trimethyl-2-cyclopenten-1-one",125476-23-5
trans-2-hydroxymenthone,74242-46-9
"trans-2-isobutyl-4-methyl-1,3-dioxolane",122045-43-6
trans-2-isopropylidene-5-methylcyclopentanecarbaldehyde,84607-55-6
"trans-2-methyl-4-propyl-1,3-oxathiane",59324-17-3
trans-2-methyltetrahydro-thiophene-3-ol,62614-77-1
trans-2-thujen-4-ol,97631-68-0
"trans-3,5-diethyl-1,2,4-trithiolane",38348-26-4
"trans-3,5-dimethyl-1,2,4-trithiolane",38348-24-2
"trans-3,5-dimethyl-1,2-dithiolan-4-one",72770-97-9
"trans-3,5-muuroladiene",
"trans-3-butyl-3a,4,5,6-tetrahydrophthalide (=trans-sedanolide)",3553-29-5
trans-3-caren-2-ol,139563-36-3
"trans-3-ethyl-5-methyl-1,2,4-trithiolane",69098-44-8
trans-3-hexenyl formate,56922-80-6
"trans-3-isopropyl-5-methyl-1,2,4-trithiolane",71300-01-1
trans-3-pinen-2-ol,38211-98-2
"trans-4(14),5-muuroladiene",262352-87-4
"trans-4,7-dimethylbicyclo[3.2.1]oct-3-en-6-one",64701-23-1
"trans-4-(hydroxymethyl)-2-methyl-1,3-dioxolane",3674-22-4
"trans-4-ethoxy-&alpha;-pinene (=ethyl verbenyl ether, [1R-(1&alpha;,4&beta;,5&alpha;)])",80581-05-1
"trans-4-hydroxy-2-methyl-1,3-dioxolane",
"trans-4-methyl-2-pentyl-1,3-dioxolane",26563-75-7
trans-4-thujanol ethyl ether,54982-72-8
trans-4-thujyl acetate,77318-47-9
"trans-5-hydroxy-2-methyl-1,3-dioxane",3674-24-6
trans-5-hydroxy-4-methyldecanoic acid lactone,145441-23-2
trans-5-hydroxy-4-methylhexanoic acid lactone,24405-16-1
trans-5-hydroxy-4-methyloctanoic acid lactone,135137-73-4
trans-5-methyltetrahydrofurfuryl alcohol,123931-61-3
"trans-6-ethyl-4,5,7-trithiaoct-2-ene",56019-35-3
trans-6-hydroxy-&alpha;-terpinyl acetate,
trans-8-(acetylthio)-p-menthan-3-one,57074-34-7
trans-8-(methylthio)-p-menthan-3-one,32637-95-9
trans-8-mercapto-p-menthan-3-one,33281-91-3
"trans-9-methyldecalin-1,8-dione",83406-42-2
trans-anhydrolinalool oxide (unkn.str.),
trans-ascaridole,287968-09-6
"trans-cadina-1,4-diene",38758-02-0
trans-calamenene,73209-42-4
trans-caran-cis-3-ol,38748-97-9
"trans-carveol (=trans-p-1(6),8-menthadien-2-ol)",1197-07-5
"trans-carvone 1,2-oxide",18383-49-8
trans-carvyl acetate,1134-95-8
trans-carvyl formate,56423-42-8
trans-chrysanthenyl acetate,50764-55-1
trans-cycloisolongifol-5-ol,74841-81-9
"trans-dauca-4(11),7-diene",1267597-09-0
trans-decahydronaphthalene,493-02-7
trans-dihydrocarvone,5948-04-9
trans-dihydrolinalool oxide (5),77940-00-2
trans-epoxydihydrolinalool,
trans-epoxypseudoisoeugenyl 2-methylbutanoate,104283-18-3
"trans-isocarveol (=trans-p-1(7),8- menthadien-2-ol)",21391-84-4
trans-isogeraniol,16750-94-0
trans-isolimonene,5113-87-1
trans-isopiperitenol,4017-77-0
trans-isopulegone,29606-79-9
"trans-limonene 1,2-oxide",4959-35-7
trans-linalool oxide (5),34995-77-2
"trans-linalool oxide (5), acetate",56469-40-0
"trans-linalool oxide (6), acetate",56752-50-2
trans-linalool oxide (unkn.str.),11063-78-8
trans-marmelo oxide,92343-93-6
trans-marmelolactone,74183-60-1
trans-mentholactone,133267-37-5
trans-myrtanol,15358-91-5
"trans-p-1(10),5-menthadien-2-ol",
"trans-p-1(7),5-menthadien-2-ol",95259-30-6
"trans-p-1(7),8-menthadien-2-yl acetate",20777-52-0
"trans-p-1,8-menthadien-5-ol",58461-28-2
trans-p-1-menthen-9-ol,13835-75-1
"trans-p-2,8-menthadien-1-ol",7212-40-0
"trans-p-2,8-menthadien-1-yl hydroperoxide",123406-80-4
trans-p-2-menthen-1-ol,29803-82-5
"trans-p-2-menthene-1,4-diol",40735-19-1
"trans-p-2-menthene-1,8-diol, 8-acetate",
"trans-p-8-menthene-1,2-diol",
trans-p-menth-8-ol,5114-00-1
"trans-p-menthane-1,8-diol (=trans-terpin)",565-50-4
trans-p-menthen-9-ol (unkn.str.),
trans-piceid,27208-80-6
trans-pinocarvyl acetate,1686-15-3
trans-piperitol,16721-39-4
trans-piperitol acetate,91159-15-8
trans-piperitol oxide,94133-23-0
trans-piperitone oxide,4713-37-5
trans-pseudoisoeugenyl 2-methylbutanoate,58989-20-1
trans-pulegone oxide,7599-90-8
trans-resveratrol,501-36-0
trans-rose oxide,876-18-6
trans-sabinene,
trans-sabinene hydrate (=trans-4-thujanol),17699-16-0
trans-sabinyl acetate,139757-62-3
trans-totarol,511-15-9
trans-verbenol,1820-09-3
trans-verbenyl 2-methylbutanoate,
trans-verbenyl 3-methylbutanoate,57412-35-8
trans-verbenyl acetate (=trans-2-pinen-4-yl acetate),1203-21-0
trans-vitispirane,99944-79-3
trans-whiskey lactone,39638-67-0
triacontane,638-68-6
triacontene (unkn.str.),36731-14-3
tribromomethane (=bromoform),75-25-2
tributyl acetylcitrate,77-90-7
tributyl aconitate,7568-58-3
tributylamine,102-82-9
trichloroacetic acid,76-03-9
trichlorobenzene (unkn.str.),12002-48-1
trichloroethane (unkn.str.),25323-89-1
trichloromethane (=chloroform),67-66-3
trichloropropane (unkn.str.),25735-29-9
tricosane,638-67-5
tricosane (branched),52882-54-9
tricosanoic acid,2433-96-7
tricosene (unkn.str.),56924-46-0
tricyclene,508-32-7
"tricyclo[3.3.1.1(3,7)]decane",281-23-2
tricyclohumuladiol,21446-02-6
tridecadiene (unkn.str.),38725-49-4
tridecanal,10486-19-8
tridecane,629-50-5
tridecane (branched),34464-42-1
tridecanenitrile,629-60-7
tridecanoic acid,638-53-9
tridecanoic acid (branched),25448-24-2
tridecanolide (unkn.str.),
tridecanone (unkn.str.),57702-05-3
tridecen-2-one (unkn.str.),67881-14-5
tridecenal (unkn.str.),
tridecene (unkn.str.),25377-82-6
tridecenoic acid (unkn.str.),28555-21-7
tridecylcyclohexane,6006-33-3
"triethyl 1,1,2-ethanetricarboxylate",7459-46-3
triethyl citrate,77-93-0
triethyl orthoformate,122-51-0
triethylamine,121-44-8
triethylbenzene (unkn.str.),25340-18-5
triethylmethylpyrazine,106073-56-7
triethylpyrazine,38028-82-9
triiodomethane,75-47-8
triisobutylene,7756-94-7
trimethoxybenzene (unkn.str.),63744-60-5
trimethyl orthoacetate,1445-45-0
trimethyl-(2-methylbutyl)pyrazine,18482-80-9
"trimethyl-1,4-benzoquinone",935-92-2
trimethyl-2-cyclopenten-1-one (unkn.str.),82000-05-3
trimethyl-propylpyrazine,92233-82-4
trimethylamine,75-50-3
trimethylamine oxide,1184-78-7
trimethylarsine,593-88-4
trimethylbenzaldehyde (unkn.str.),70679-68-4
trimethylbenzene (unkn.str.),25551-13-7
trimethylbenzyl alcohol (unkn.str.),76054-46-1
trimethylcyclopentenone (unkn.str.),86368-24-3
trimethylfuran (unkn.str.),74430-19-6
trimethylhexane (unkn.str.),26447-41-6
trimethylindan (unkn.str.),36541-18-1
trimethylnaphthalene (unkn.str.),28652-77-9
trimethyloxazole,20662-84-4
trimethylpentane (unkn.str.),29222-48-8
trimethylpentylpyrazine,10132-42-0
trimethylphenol (unkn.str.),26998-80-1
trimethylpyrazine,14667-55-1
trimethylpyridine (unkn.str.),29611-84-5
trimethylpyrrole (unkn.str.),71371-54-5
trimethyltetradecane (unkn.str.),70622-31-0
tripropylamine,102-69-2
trithiane (unkn. str.),
tritriacontane,630-05-7
tritriacontene (unkn.str.),85792-06-9
tropone,539-80-0
tryptamine,61-54-1
turmerol,83448-52-6
turmerone,56485-42-8
tyramine,
umbellulone,24545-81-1
undecadien-2-one (unkn.str.),
undecadiene (unkn.str.),61215-70-1
undecanal,112-44-7
undecane,1120-21-4
undecane (branched),34464-43-2
undecanedioic acid,1852-04-6
undecanoic acid,112-37-8
undecanoic acid (branched),57683-20-2
undecanone (unkn.str.),53452-70-3
undecatriene (unkn.str.),61215-74-5
undecen-2-one (unkn.str.),27936-14-7
undecenal (unkn.str.),
undecene (unkn.str.),28761-27-5
undecenoic acid (unkn.str.),1333-28-4
undecenol (unkn.str.),
undecyl acetate,1731-81-3
ursolic acid,77-52-1
valencene,4630-07-3
valencene hydrate,236093-28-0
valeranone,55528-90-0
valerianol,20489-45-6
vanillin (=4-hydroxy-3-methoxybenzaldehyde),121-33-5
"vanillin, tert-butyldimethylsilyl ether",69404-94-0
vanillonitrile,4421-08-3
vanillyl acetate,881-68-5
vanillylthiol,859785-93-6
verbanone (=4-pinanone),515-90-2
"verbenene (=pinadiene, 6,6-dimethyl-2-methylidenebicyclo[3.1.1]hept-3-ene)",4080-46-0
verbenol,473-67-6
verbenone (=2-pinen-4-one),80-57-9
verbenyl acetate,33522-69-9
vinyl acetate,108-05-4
vinyl butanoate,123-20-6
vinyl butenoate (unkn.str.),14861-06-4
vinyl hexanoate,3050-69-9
vinylbenzene,100-42-5
vinylbenzoic acid (unkn.str.),30551-66-7
vinylcyclohexene (unkn.str.),25168-07-4
vinylphenol (unkn.str.),31257-96-2
vinylpyrazine,4177-16-6
vinylpyridine (unkn.str.),1337-81-1
viridiflorene (=ledene),21747-46-6
viridiflorol,552-02-3
vitamine B12,68-19-9
vitexin,3681-93-4
vitispirane,65416-59-3
vomifoliol,23526-45-6
vulgarol A,11056-03-4
vulgarol B,70223-62-0
widdrol,6892-80-4
wine lactone,57743-63-2
yuzuol,1050211-66-9
zerumbone,471-05-6
zingiberene,495-60-3
zingiberenol,58334-55-7
zingiberol,6754-68-3
zonarene,41929-05-9
