File Name,Quantity List
"MUSHROOM,_OTHER_VARIETIES_9340.html","[-1, -1, -1, -1, -1, -1, -1, -1, -1, -1, -1, -1, -1, -1, -1, -1, -1, -1, -1, -1, -1, -1, -1, -1, -1, -1, -1, -1, -1, -1, -1, -1, -1, -1, -1, -1, -1, -1, -1, -1, -1, -1, -1, -1, -1, -1, -1, -1, -1, -1, -1, -1, -1, -1, -1, '0.01', -1, -1, '0.01\xa0—\xa01.7', -1, -1, '0.2\xa0—\xa00.6', '0.1\xa0—\xa00.4', -1, -1, '0.02\xa0—\xa00.8', -1, -1, -1, -1, '0.03\xa0—\xa00.09', '0.04\xa0—\xa00.4', '0.1\xa0—\xa02.4', '0.8\xa0—\xa09', -1, -1, -1, -1, '0.005\xa0—\xa00.1', -1, -1, -1, -1, -1, -1, -1, -1, '0.02\xa0—\xa03.7', -1, '0.06', -1, -1, -1, -1, -1, -1, -1, -1, -1, -1, -1, -1, -1, -1, -1, '0.01\xa0—\xa00.1', -1, -1, -1, -1, -1, -1, -1, -1, '0.003', -1, '0.04\xa0—\xa00.5', -1, -1, '0.1\xa0—\xa00.3', -1, '0.1', -1, -1, -1, -1, -1, -1, -1, -1, -1, -1, -1, -1, -1, -1, -1, '13\xa0—\xa020', '9\xa0—\xa014', -1, '1.5\xa0—\xa02.5', '0.04', -1, -1, -1, -1, -1, -1, -1, -1, -1, '0.02\xa0—\xa00.6', -1, -1, '0.04\xa0—\xa00.8', -1, -1, -1, -1, -1, -1, -1, -1, -1, -1, -1, -1, -1, -1, '0.005', -1, '0.01', -1, -1, -1, -1, -1, -1, -1, -1, -1, -1, -1, -1, -1, -1, -1, -1, -1, -1, -1, -1, -1, -1, -1, -1, -1, -1, -1, '0.003\xa0—\xa00.005', -1, -1, -1, -1, -1, -1, -1, -1, -1, -1, '0.01\xa0—\xa00.05', -1, -1, '7\xa0—\xa011', -1, -1, -1, '3.5\xa0—\xa05', '1\xa0—\xa01.5', -1, -1, -1, -1, -1, -1, -1, -1, -1, -1, 'trace', '0.5\xa0—\xa020', -1, '2.9\xa0—\xa011.6', '0.15\xa0—\xa00.3', '0.15', -1, -1, -1, -1, -1, -1, -1, -1, -1, -1, -1, -1, -1, -1, -1, -1, -1, -1, -1, -1, -1, -1, -1, -1, -1, -1, -1, -1, -1, -1, -1, -1, -1, -1, -1, -1, -1, -1, -1, -1, -1, -1, -1, -1, -1, -1, -1, -1, -1, -1, -1, -1, '0.1', -1, -1, -1, -1, -1, -1, -1, -1, -1, -1, -1, -1, -1, -1]"
KALAHARI_TRUFFLE_(Tuber_oligospermum)_19885.html,"[-1, -1, -1, -1]"
WHITE_ALBA_TRUFFLE_(Tuber_magnatum_pico)_19820.html,"['0.01\xa0—\xa00.73', '0.02\xa0—\xa00.68', '0.01\xa0—\xa00.15', -1, -1, -1, -1, '0.02\xa0—\xa02.33', -1, '0.01\xa0—\xa00.51', '0.01\xa0—\xa00.06', '0.03\xa0—\xa09.09', -1, -1, -1, -1, -1, -1, '0.00609', '0.0586', -1, '<0.000001\xa0—\xa01.05', '0.05\xa0—\xa05.06', '0.02\xa0—\xa04.38', '0.01\xa0—\xa01.71', '0.45\xa0—\xa03.91', '0.04\xa0—\xa02.13', '0.01\xa0—\xa00.15', -1, '0.01\xa0—\xa010.09', -1, '0.202', -1, '0.00113', -1, -1, -1, -1, '0.0215', '0.0143', '0.00677', -1, -1, -1, -1, -1, -1, -1, '3.22', -1, -1, '0.02\xa0—\xa00.83', '0.00049', -1, -1, '0.0604', '0.06\xa0—\xa04.61', '0.00808\xa0—\xa05.22', '9.8\xa0—\xa088.83', -1, -1, '0.0037', '0.347', '0.0157', -1, -1, -1, -1, '0.000041', -1, -1, '0.0142', -1, -1, '0.01\xa0—\xa00.19', '0.0199']"
TUBER_excavatum_19860.html,"[-1, -1, -1, -1, -1, -1, -1, -1, -1, -1, -1, -1, -1, -1, -1, -1, -1, -1]"
AGARICUS_(=_Psalliota)_varieties_9310.html,"[-1, -1, -1, -1, -1, -1, -1, -1, -1, -1, -1, -1, -1, -1, -1, -1, -1, -1, 'trace', -1, -1, -1, -1, '0.5\xa0—\xa01.5', -1, -1, '1.1\xa0—\xa04.8', '7.8\xa0—\xa0100', -1, -1, 'trace', 'trace', '0.06', -1, -1, -1, -1, -1, '0.23', -1, -1, '1.8', -1, -1, -1, '0.02\xa0—\xa015.8', -1, '0.4\xa0—\xa08.7', '0.7', 'trace', -1, -1, -1, -1, -1, -1, -1, -1, -1, -1, '0.05', -1, -1]"
WINTER_TRUFFLE_(Tuber_brumale)_19880.html,"[-1, -1, -1, -1, -1, -1, -1, -1, -1, -1, -1, -1, -1, -1, -1, -1]"
BOLETUS_EDULIS_(dried)_9320.html,"['0.1', '0.2', '0.3', '0.2', '0.1', -1, -1, '1.5', '0.4', '0.2', '0.3', -1, -1, -1, -1, -1, -1, -1, '0.01', -1, -1, -1, -1, '153', '4.4', '4.3', '1.9', '13', '0.6', '7.3', '0.7', -1, '1.2', '1.4', -1, '1', -1, -1, -1, -1, -1, -1, -1, '8', '20', '3', '20', '90', '100', '645', -1, -1, -1, -1, -1, -1, -1, -1, -1, '1', -1, -1, -1, -1, -1, -1, -1, -1, -1, -1, '0.01', '0.01', '0.01', -1, -1, -1, -1, -1, -1, '0.1', '0.7', '0.1', -1, '0.1', -1, -1, -1, -1, -1, -1]"
HEBELOMA_SACCHARIOLENS_9342.html,[-1]
SUMMER_TRUFFLE_(Tuber_aestivum)_19840.html,"[-1, -1, -1, -1, -1, -1, -1, -1, -1, -1, -1, -1, -1, -1, -1, -1, -1, -1, -1, -1, -1, -1, -1, -1, -1, -1, -1, -1, -1, -1, -1, -1, -1, -1, -1, -1, -1, -1, -1, -1, -1]"
BIANCHETTE_TRUFFLE_(Tuber_borchii)_19850.html,"[-1, -1, -1, -1, -1, -1, -1, -1, -1, -1, -1, -1, -1, -1, -1, -1, -1, -1, -1, -1, -1, -1]"
SHIITAKE_(Lentinus_edodes_Sing.)_9330.html,"[-1, -1, -1, -1, -1, -1, -1, -1, -1, -1, -1, -1, '4.6', -1, '7.5', -1, '113', -1, -1, -1, -1, -1, -1, -1, -1, -1, -1, -1, -1, -1, -1, -1, -1, -1, -1, -1, -1, -1, '13', -1, -1, -1, -1, -1, -1, -1, -1, -1, -1, -1, -1, -1, -1, -1, -1, -1, -1, -1, -1, -1, '27', '45', -1, '2.3', -1, '1.6', -1, -1, -1, -1, -1, -1, -1, -1, -1, -1, -1, -1, -1, -1, -1]"
MUSCATEL_TRUFFLE_(Tuber_brumale_var._Moschatum)_19890.html,"[-1, -1, -1, -1, -1, -1, -1, -1, -1, -1, -1, -1, -1, -1, -1, -1, -1, -1, -1, -1, -1, -1, -1, -1, -1, -1, -1]"
BURGUNDY_TRUFFLE_(Tuber_uncinatum)_19830.html,"[-1, '0.52\xa0—\xa00.69', '3.17\xa0—\xa06.83', '11.19\xa0—\xa012.42', '0.69\xa0—\xa01.69', '0.19\xa0—\xa00.23', '0.19\xa0—\xa01.6', -1, -1, '0.04\xa0—\xa00.17', '0.02\xa0—\xa00.13', '0.06\xa0—\xa00.87', '0.253\xa0—\xa01.4', -1, '0.0006', '0.0016', '0.0031', '0.000048', '0.0044', -1, '2.65\xa0—\xa03.33', '0.02\xa0—\xa00.29', '3.55', '1.13', '0.05\xa0—\xa00.13', '0.15\xa0—\xa00.26', '1.1\xa0—\xa01.94', '0.011\xa0—\xa00.14', -1, -1, '0.02', '0.0073', '0.11', '0.028', -1, -1, -1, -1, -1, '3.2', -1, -1, -1, -1, -1, '0.194', '0.03\xa0—\xa00.07', '0.03\xa0—\xa00.05', '0.0004', '0.08\xa0—\xa00.12', '0.215', -1, -1, '0.001', -1, -1, '0.018']"
BAGNOLI_or_LORRAINE_TRUFFLE_(Tuber_mesentericum)_19870.html,"[-1, -1, -1, -1, -1, -1, -1, -1, -1, -1, -1, -1, -1, -1, -1, -1, -1, -1, -1, -1, -1, -1, -1, -1, -1, -1]"
CHAMPIGNON_(Agaricus_bisporus)_9341.html,"[-1, -1, -1]"
MATSUTAKE_(Tricholoma_matsutake)_14600.html,"[-1, -1, -1, -1, -1, -1, -1, -1, -1, -1, -1, -1, -1, -1, -1, -1, -1, -1, -1, -1, -1, -1, -1, -1, -1, -1, -1, -1, -1, -1, -1, -1, -1, -1, -1, -1, -1, -1, -1, -1, -1, -1, -1, -1, -1, -1, -1, -1, -1, -1, -1, -1, -1, -1, -1, -1, -1, -1, -1, -1, -1]"
BLACK_TRUFFLE_(Tuber_melanosporum)_19810.html,"['0.25\xa0—\xa00.31', '0.09\xa0—\xa00.14', -1, -1, -1, -1, -1, -1, -1, -1, -1, -1, -1, -1, -1, -1, -1, -1, -1, -1, -1, -1, -1, -1, -1, '700', '12.8', -1, '0.61\xa0—\xa047.4', -1, -1, '1.77\xa0—\xa03.13', '0.432\xa0—\xa039.3', -1, -1, -1, -1, -1, -1, -1, -1, -1, -1, '0.4', -1, -1, '0.275\xa0—\xa00.3', -1, '1.8', -1, -1, -1, -1, '2.2\xa0—\xa03.4', '0.0421', -1, -1, -1, '1.77\xa0—\xa02.94', '0.79\xa0—\xa01.02', -1, '1.09\xa0—\xa01.56', -1, '0.04\xa0—\xa00.09', -1, -1, -1, '0.008', -1, -1, -1, -1, -1, '0.31\xa0—\xa02.09', -1, '0.1\xa0—\xa00.88', -1, '0.005', -1, -1, -1, -1, -1, '0.005', -1, -1, -1, -1, -1, -1, '0.005', '0.51\xa0—\xa02.98', '0.03\xa0—\xa00.29', -1, -1, -1, -1, -1, -1, -1, -1, -1, '0.005', -1, -1, -1, -1, -1, -1, -1, -1, -1, '0.864', -1, -1, -1, -1, -1, -1, -1, -1, '245', -1, '0.005', '0.185\xa0—\xa08', -1, -1, '0.02\xa0—\xa00.03', '0.06\xa0—\xa00.09', -1, -1, -1, '0.005', '0.01', '0.01', '0.004', '1\xa0—\xa02', '1.2', '0.004', '18', '2.5', -1, -1, -1, -1, -1, -1, '0.005', -1, -1, -1, -1, -1, -1, -1, -1, -1, -1, -1, -1, '0.14\xa0—\xa00.17', -1, '0.005']"
TUBER_panniferum_19895.html,"[-1, -1, -1, -1, -1, -1, -1, -1, -1, -1, -1]"
DESERT_TRUFFLE_(Terfeziaceae)_29800.html,"['0.01\xa0—\xa00.12', '<0.01\xa0—\xa00.52', '0.01\xa0—\xa00.24', '0.01\xa0—\xa00.18', '0.01\xa0—\xa00.26', '0.01\xa0—\xa04.36', '7.85\xa0—\xa062.99', '0.01\xa0—\xa00.19', '0.01\xa0—\xa04.53', '0.13\xa0—\xa020.39', '0.26\xa0—\xa09.39', '0.09\xa0—\xa06.74', '0.01\xa0—\xa00.18', '0.68\xa0—\xa024.29', '0.01\xa0—\xa00.12', '0.03\xa0—\xa00.61', '0.13\xa0—\xa02.92', '0.01\xa0—\xa00.04', '0.21\xa0—\xa02.55', '0.06\xa0—\xa01.04', '0.01\xa0—\xa00.62', '0.01\xa0—\xa01.42', '0.01\xa0—\xa08.55', '0.01\xa0—\xa04.62', '0.01\xa0—\xa00.04', '0.04\xa0—\xa00.55', '0.09\xa0—\xa00.91', '0.01\xa0—\xa00.36', '0.01\xa0—\xa00.16', '0.01\xa0—\xa00.73', '0.05\xa0—\xa02.25']"
CHESTNUT_FLOWER_27470.html,"['100', '17000', '1100', '10000', '<100', '<100', '3000', '1800', '<100', '<100', '<100', '6100', '<100', '8600', '65000', '85000', '1100', '79000', '318000', '122000', '8500', '39000', '1600', '<100', '<100', '<100', '1000', '28000', '<100', '1100', '<100', '<100', '<100', '3800', '<100', '2000', '<100', '100', '1500', '<100', '4100', '<100', '<100', '<100', '2800', '2500', '9100', '9100', '<100', '<100', '<100']"
ALMOND_(roasted)_(Prunus_amygdalus)_10101.html,"[-1, '4', -1, -1, '0.5', '0.5', '8', '0.5', '1.5', -1, -1, '2', '30', 'trace', -1, '9', '9', -1, -1, '16', '1.5', '3']"
BRAZIL_NUT_(Bertholletia_excelsa)_11500.html,"[-1, -1, -1, -1, -1, -1, -1, -1, -1, -1, -1, -1, -1, -1, -1, -1, -1, -1, -1, -1, -1, -1, -1, -1, -1, -1, -1, -1, -1, -1, -1, -1, -1, -1, -1]"
CASHEW_NUT_(raw)_26410.html,"['2.1', '0.5', '4', '0.5', '1.1', '30.2', '3.1', '3.4', '1.8', '1', '1.1', '1', '3', '5.1', '1', '4.3', '2.4', '3', '4.3', '1', '1', '7.7', '1.9', '4.9', '0.1', 'trace']"
ALMOND_OIL_(Amygdalus_communis)_10104.html,"[-1, -1, -1, -1, -1, -1, -1, -1, -1, -1, -1]"
WALNUT_KERNEL_OIL_(Juglans_regia_L.)_10830.html,"[-1, -1, -1, -1, -1, -1, -1, -1, -1, -1, -1, -1, -1, -1, -1, -1, -1, -1, -1, -1, -1, -1, -1, -1, -1, -1, -1, -1, -1, -1, -1, -1, -1, -1, -1, -1, -1, -1, -1, -1, -1, -1, -1, -1, -1, -1, -1, -1, -1, -1, -1, -1, -1]"
PISTACHIO_NUT_(Pistacia_vera)_(roasted)_19620.html,"[-1, -1, -1, -1, -1, -1, -1, -1, -1, -1, -1, -1, -1, -1, -1, -1, -1, -1, -1, -1, -1, -1, -1, -1, -1, -1, -1, -1, -1, -1, -1, -1, -1, -1, -1, -1, -1, -1, -1, -1, -1, -1, -1, -1, -1, -1, -1, -1, -1]"
WALNUT_PELLICLE_(Juglans_regia_L.)_10820.html,"['273', '3179', '10032', '418', '49', '29', '22', '467', '1290']"
PEANUT_(roasted)_7620.html,"[-1, -1, -1, -1, -1, -1, -1, -1, -1, -1, -1, -1, -1, -1, -1, -1, -1, -1, '0.007', -1, -1, -1, -1, '0.104', -1, -1, -1, -1, -1, -1, -1, -1, -1, -1, -1, -1, -1, -1, -1, -1, '0.005', -1, -1, -1, -1, -1, -1, -1, -1, -1, -1, -1, -1, -1, -1, -1, -1, -1, -1, -1, '0.005', -1, -1, -1, '0.02', -1, -1, -1, -1, -1, -1, -1, -1, '0.01\xa0—\xa00.13', '0.04\xa0—\xa00.13', '0.8\xa0—\xa04.44', -1, '0.003', '0.8\xa0—\xa02.613', '0.637\xa0—\xa01.9', -1, -1, '0.02\xa0—\xa00.03', 'trace\xa0—\xa00.01', -1, '0.04\xa0—\xa00.838', '0.02\xa0—\xa00.03', '0.077', '0.001\xa0—\xa00.003', '0.00041\xa0—\xa00.05', '0.04\xa0—\xa00.1', '0.002\xa0—\xa00.007', '0.02\xa0—\xa00.4', '0.03\xa0—\xa00.2', '0.001', '0.06\xa0—\xa00.6', '0.3', '0.014', '0.06', '0.02\xa0—\xa00.08', '0.032', '0.002\xa0—\xa00.3', '0.004\xa0—\xa00.2', '0.012', '0.27', '0.1\xa0—\xa00.3', '0.02', '0.135\xa0—\xa00.868', 'trace\xa0—\xa00.7', '0.1\xa0—\xa00.2', 'trace', '0.03\xa0—\xa00.04', '0.02\xa0—\xa00.11', '0.00305', '0.03', '0.03', '0.04\xa0—\xa00.506', -1, -1, '0.034', '0.01\xa0—\xa04.447', -1, '0.1', -1, -1, '7.16', '0.1', '0.002\xa0—\xa00.004', '0.09', '0.01\xa0—\xa00.03', -1, -1, -1, '0.083', '0.02\xa0—\xa00.04', '0.005\xa0—\xa00.09', '0.007\xa0—\xa00.04', -1, '0.01', '0.0013', '0.01', 'trace\xa0—\xa00.05', 'trace', 'trace\xa0—\xa00.07', -1, -1, -1, -1, '0.0036', -1, -1, '3.035', -1, -1, -1, -1, -1, -1, '0.0257', '2.363', -1, -1, -1, -1, -1, -1, -1, -1, -1, -1, -1, -1, '0.486', -1, -1, -1, -1, '0.133', -1, -1, -1, -1, -1, '0.0089', '0.0037', -1, -1, -1, -1, -1, -1, -1, -1, -1, -1, -1, -1, -1, -1, -1, '74', -1, -1, -1, -1, -1, -1, -1, -1, '6', '0.01', -1, -1, -1, -1, '0.01', '0.3', '15.234', '1.46\xa0—\xa011', -1, '0.1\xa0—\xa03.441', '0.03', -1, -1, -1, -1, -1, -1, -1, '0.01', '0.02', '0.1', -1, '0.1\xa0—\xa00.352', '0.01\xa0—\xa05.534', -1, -1, -1, '0.0022\xa0—\xa00.013', '0.554', -1, -1, -1, -1, '0.0024', '0.00076', '0.00028', '0.0042', -1, -1, -1, -1, -1, -1, -1, '0.113', '0.0088', -1, -1, -1, -1, -1, -1, -1, -1, -1, -1, -1, -1, '0.0014', -1, -1, -1, '0.04', -1, -1, -1, -1, -1, -1, -1, -1, -1, -1, -1, -1, -1, -1, -1, -1, -1, -1, -1, -1, -1, -1, -1, -1, -1, -1, -1, '0.0019', -1, -1, -1, -1, -1, -1, '0.0149', -1, '7.814', '0.4', -1, '0.0041\xa0—\xa00.0137', '2.017', -1, -1, -1, '0.01', -1, '0.941\xa0—\xa02.4', '0.004', -1, -1, -1, -1, '0.0037', -1, -1, '0.059\xa0—\xa01.953', -1, -1, -1, -1, -1, -1, '0.096', '0.303', -1, -1, -1, -1, -1, -1, -1, -1, -1, -1, -1, -1, -1, -1, -1]"
CASHEW_NUT_(roasted)_26420.html,"['2\xa0—\xa03', '0.5\xa0—\xa00.7', '1.7\xa0—\xa02', '4.8\xa0—\xa05', '1.5\xa0—\xa02', '1.5\xa0—\xa02', '24\xa0—\xa025', '10\xa0—\xa012', '6\xa0—\xa06.7', '5.2\xa0—\xa06.1', '4\xa0—\xa06.3', '8\xa0—\xa09.1', '9.2\xa0—\xa014', '0.8\xa0—\xa01.1', '4.1\xa0—\xa04.2', '1.1\xa0—\xa01.8', '3.7\xa0—\xa04', '6\xa0—\xa07', '2\xa0—\xa02.3', '2.1\xa0—\xa03', '10\xa0—\xa012.2', '26.5\xa0—\xa028.3', '8.1\xa0—\xa08.5', '8\xa0—\xa08.8', '11\xa0—\xa013.5', '9.3\xa0—\xa09.9', '0.9\xa0—\xa01', '7.6\xa0—\xa08', '2\xa0—\xa02.3', '6\xa0—\xa06.3', '0.5\xa0—\xa00.9', '0.8\xa0—\xa06.2', '13.3\xa0—\xa015.4', '0.9\xa0—\xa01.7']"
CANDLENUT_(Aleurites_moluccana)_27500.html,"['3', '220', '27']"
PEANUT_BUTTER_7640.html,"[-1, -1, -1, -1, -1, -1, -1, -1, -1, '0.715', '0.204', -1, -1, '0.506', -1, -1, -1, -1, -1, -1, '0.017', -1, -1, -1, '0.909', -1, '0.397', -1, -1, '0.042', -1, '0.011', -1, -1, -1, -1, -1, -1, -1, -1, -1, '0.557', '0.115', '0.038', -1, '0.0031', -1, -1, -1, -1, -1, -1, -1, -1, -1, -1, -1, -1, -1, -1, -1, -1, -1, -1, -1, -1, -1, '0.062']"
CHINESE_CHESTNUT_(Castanea_molissima)_(roasted)_27430.html,"[-1, -1, -1, -1, -1, -1, -1, -1, -1, -1, -1, -1, -1, -1, -1, -1, -1, -1, -1, -1, -1, -1, -1, -1, -1, -1, -1, -1, -1, -1, -1, -1, -1, -1, -1, -1, -1, -1]"
COCONUT_MILK_8330.html,"[-1, -1, -1, -1, -1, -1, -1, -1, -1, -1, -1, -1, -1, -1, -1, -1, -1, -1, -1, -1, -1, -1]"
WALNUT_STEM_BARK_(Juglans_regia_L.)_10860.html,"[-1, -1, -1]"
MACADAMIA_NUT_(Macadamia_integrifolia)_(roasted)_10210.html,"[-1, -1, -1, -1, -1, -1, -1, -1, -1, -1, -1, -1, -1, -1, -1, -1, -1, -1, -1, -1, -1, -1, -1, -1, -1, -1, -1, -1, -1, -1, -1, -1, -1]"
CHINESE_CHESTNUT_(Castanea_molissima)_(boiled)_27440.html,"[-1, -1, -1, -1, -1, -1, -1, -1, -1, -1, -1, -1, -1, -1, -1, -1, -1, -1, -1, -1, -1, -1, -1, -1, -1, -1, -1, -1, -1, -1, -1, -1, -1, -1]"
PECAN_(roasted)_7720.html,"[-1, -1, -1, -1, -1, -1, -1, -1, -1, -1, -1, '0.099\xa0—\xa01.24', '0.082\xa0—\xa00.474', -1, '0.605\xa0—\xa07.1', -1, -1, -1, -1, -1, '0.026\xa0—\xa00.342', -1, '0.11\xa0—\xa03.08', -1, '0.124\xa0—\xa08.15', -1, '0.132\xa0—\xa03.88', '0.117\xa0—\xa00.336', -1, -1, -1, -1, -1, -1, -1, -1, -1, -1, '0.05\xa0—\xa00.215', '0.116\xa0—\xa00.139', '0.598\xa0—\xa06.96', '0.5083\xa0—\xa05.916', '0.0897\xa0—\xa01.044', '0\xa0—\xa00.146', '0\xa0—\xa00.066', '0\xa0—\xa00.081', -1, '0\xa0—\xa00.113', -1, -1, -1, -1, -1, -1, -1, '0.021\xa0—\xa00.992', '0.0005\xa0—\xa00.02', '0\xa0—\xa00.1', -1, '0.874\xa0—\xa02.45', '0.208\xa0—\xa00.5']"
COCONUT_MEAT_8310.html,"['5', -1, '9', '4', '27', -1, -1, -1, '3', '7', -1, '4', 'trace\xa0—\xa014', -1, -1, 'trace', '2', '1', 'trace', 'trace', 'trace', 'trace', 'trace', 'trace', 'trace', 'trace', 'trace', 'trace', 'trace', 'trace', 'trace', '1', '2', '1', '3', '1\xa0—\xa04', '5', '1\xa0—\xa015', '1\xa0—\xa04', '6\xa0—\xa030', '3\xa0—\xa04', '33\xa0—\xa081', -1, -1, '82\xa0—\xa084', -1, -1, -1, '23\xa0—\xa027', -1, -1, '42', '5', '2\xa0—\xa04', '2', '4']"
ALMOND_HULL_(nonpareil)_10102.html,"[-1, -1, -1, -1, -1, -1, -1, -1, -1, -1, -1, -1, -1, -1, -1, -1, -1, -1, -1, -1, -1, -1, -1, -1, -1, -1, -1, -1, -1, -1, -1, -1, -1, -1, -1, -1, -1, -1, -1, -1, -1, -1, -1, -1, -1]"
PISTACHIO_NUT_(Pistacia_vera)_(raw)_19610.html,"['0.16', '0.81', '0.54', '1.76', '0.4', '0.36', '0.52', '0.7', '0.16', '2.9']"
MANCHURIAN_WALNUT_(Juglans_mandshurica_Maxim.)_10850.html,"[-1, -1, -1, -1, -1, -1, -1, -1, -1]"
CHINESE_CHESTNUT_(Castanea_molissima)_(raw)_27460.html,"[-1, -1, -1, -1, -1, -1]"
COCONUT_(roasted)_8320.html,"['trace', '1\xa0—\xa09', '3', '4\xa0—\xa010', '4\xa0—\xa016', '0\xa0—\xa01', '4\xa0—\xa016', '1\xa0—\xa03', 'trace\xa0—\xa04', '1', 'trace\xa0—\xa06', -1, -1, '0\xa0—\xa011', 'trace', 'trace', 'trace', 'trace\xa0—\xa03', 'trace', 'trace\xa0—\xa01', 'trace\xa0—\xa03', '0\xa0—\xa01', '0\xa0—\xa01', 'trace\xa0—\xa08', '0\xa0—\xa03', '0\xa0—\xa09', '0\xa0—\xa06', 'trace\xa0—\xa08', '0\xa0—\xa01', 'trace\xa0—\xa09', 'trace\xa0—\xa06', '0\xa0—\xa02', '0\xa0—\xa09', 'trace', 'trace\xa0—\xa05', 'trace\xa0—\xa03', '1\xa0—\xa04', '1\xa0—\xa03', 'trace\xa0—\xa01', 'trace\xa0—\xa05', '2', '0\xa0—\xa09', '15', '0\xa0—\xa011', '0\xa0—\xa02', '56\xa0—\xa0130', '55\xa0—\xa080', '5\xa0—\xa010', '19\xa0—\xa029', '0\xa0—\xa01', '1', '4', '0\xa0—\xa02', '0\xa0—\xa03', '5\xa0—\xa029', '2\xa0—\xa06', '<1\xa0—\xa034.7', '1', '4\xa0—\xa015', '2\xa0—\xa017.9', '2\xa0—\xa04', '11\xa0—\xa035.8', '2\xa0—\xa09', '3\xa0—\xa010.6', '3\xa0—\xa011', '6\xa0—\xa038.5', '3', '2\xa0—\xa04', '0\xa0—\xa01', '2\xa0—\xa04', '1', '0\xa0—\xa02', '0\xa0—\xa02', '1\xa0—\xa04', '2', '1\xa0—\xa03', '3\xa0—\xa08', '5']"
"FILBERT,_HAZELNUT_(roasted)_7520.html","[-1, -1, -1, -1, -1, -1, -1, -1, -1, -1, -1, -1, '0.598', -1, -1, '0.071', '0.062', -1, '0.723', -1, -1, -1, -1, -1, -1, -1, -1, -1, -1, '0.526', '1.523', -1, -1, -1, -1, -1, -1, -1, -1, -1, -1, -1, -1, -1, -1, -1, '4.983', '0.684', '1.841', '0.123', '0.031', -1, '0.035', -1, -1, -1, -1, -1, -1, -1, -1, '4.875', -1, '27.445', -1, '0.078', -1, '2.517', '0.37', '0.063', -1, -1, -1, -1, -1, -1, '0.232', -1, -1, -1, -1, -1, -1, -1, -1, -1, -1, -1, -1, -1, -1, -1, '0.834', -1, -1, -1, -1, -1, -1, -1, -1, -1, '2.774', -1, '0.597', '0.177', -1, -1, -1, -1, -1, '0.177', -1, -1, -1, '0.332', -1, -1, -1, -1, -1, -1, -1, -1, -1, -1, -1, -1, -1, -1, -1, -1, -1, -1, -1, -1, -1, -1, -1, -1, -1, -1, -1, -1, -1, -1, -1, -1, -1, -1, -1, -1, -1, -1, -1, -1, -1, -1, -1, -1, -1, -1, -1, -1, -1, -1, '0.137', -1, -1, -1, -1, -1, -1, -1, -1, -1, -1, -1, -1, -1, -1, -1, -1, '1.181', '0.254', -1, -1, -1, -1, -1, '1.676', '0.196', '0.15', '0.578', '0.151', -1, -1, -1, -1, -1, -1, '0.158', '0.17', '0.095', -1, -1, -1, -1, -1, -1, -1, -1, -1, -1, -1, -1, -1, -1, -1, -1, -1, -1, -1, -1, -1, -1, -1, -1, -1, -1, -1, -1, -1, -1, -1, -1, -1, -1, -1, -1, -1, -1, -1, -1, -1, -1, -1, '0.253', -1, -1, -1, -1, -1, '0.12', -1, -1, -1, '0.431', -1, '1.595', -1, -1, -1, -1, -1, -1, -1, -1, -1, -1, -1, -1, -1, -1]"
GREEN_WALNUT_HUSK_(dried_unripe)(Juglans_regia_L.)_10840.html,"[-1, -1, -1, -1, -1, -1, -1, -1, -1, -1, -1, -1, -1, -1, -1, -1, -1, -1, -1, -1, -1, -1, -1, -1, -1, -1, -1, -1, -1, -1, -1, -1, -1, -1, -1, -1, -1, -1, -1, '94\xa0—\xa01836', -1, -1, -1, -1, -1, -1, -1, -1, -1, -1, -1, -1, -1, -1, -1]"
COCONUT_OIL_8340.html,"['<0.1', '<0.1', '<0.1', '<0.1', '0.1', '0.2', '<0.1', '0.4', '<0.1', '0.4', '<0.1', '<0.1', '<0.1', '0.2', '<0.1', '<0.1', '0.1', '<0.1', '<0.1', '<0.1', '<0.1', '<0.1', '<0.1', '<0.1', '<0.1', '<0.1\xa0—\xa040', '<0.1\xa0—\xa073', '0.1\xa0—\xa0290', '0.1\xa0—\xa0138', '65', '0.3', '0.3', '1', '2.5', '0.2', '0.1', '<0.1', '<0.1', '<0.1', '<0.1', '<0.1', '<0.1', '<0.1', '<0.1', '20', '<0.1\xa0—\xa051', '<0.1', '<0.1\xa0—\xa097', '<0.1', '0.1\xa0—\xa060', '30']"
PECAN_(raw)_7710.html,"[-1, -1, -1, -1, -1, -1, -1, -1, -1, -1, -1, -1, -1, -1, -1, -1, -1, -1, -1, -1, -1, -1, -1, -1, -1, -1, -1, -1, -1, -1, -1, -1, -1, -1, -1, -1, -1, -1, -1, -1, -1, -1, -1, -1, -1, -1, -1, -1, -1, -1, -1, -1, -1, -1, -1, -1, -1, -1, -1, -1, -1, -1, -1, -1, -1, '0.015', '0.0074', -1, -1, '0.335', -1, -1, -1, -1, -1, -1, '0.013', -1, -1, '0.012', -1, '0.0004', -1, '0.0033', -1, '0.019', -1, -1, -1, -1, -1, -1, -1, -1, -1, -1, -1, -1, -1, -1, -1, -1, -1, '0.043', '0.122', '0.094', '0.0799', '0.0141', -1, -1, -1, -1, -1, -1, -1, -1, -1, -1, -1, -1, -1, -1]"
ITALIAN_CHESTNUT_(Castanea_sativa_Mill.)_(roasted)_27410.html,"[-1, -1, -1, -1, -1, -1, -1, -1, -1, -1, -1, -1, -1, -1, -1, -1, -1, -1, -1, -1, -1, -1, -1, -1, -1, -1, -1, -1, -1, -1, -1, -1, -1, -1, -1, -1, -1, -1, -1, -1, -1, -1, -1, -1, -1]"
ALMOND_HULL_(mission)_10103.html,"[-1, -1, -1, -1, -1, -1, -1, -1, -1, -1, -1, -1, -1, -1, -1, -1, -1, -1, -1, -1, -1, -1, -1, -1, -1, -1, -1, -1, -1, -1, -1, -1, -1, -1, -1, -1, -1, -1, -1, -1, -1, -1, -1, -1, -1]"
PEANUT_OIL_7630.html,"[-1, -1, -1, -1, -1, -1, -1, -1, -1, -1, -1, -1, -1, -1, -1, -1, -1, -1, -1, -1, -1, -1, -1, -1, -1, -1, -1, -1, -1, -1, -1, -1, -1, -1, -1, -1, -1, -1, -1, -1, -1, -1, -1, '2.36', -1, -1, -1, -1, '0.127', '0.082', -1, '0.19\xa0—\xa01.778', -1, -1, -1, -1, -1, -1, -1, -1, -1, -1, '0.01', -1, -1, -1, '0.257', -1, -1, -1, -1, -1, '0.355', -1, '0.03', '0.011', -1, -1, -1, -1, -1, -1, -1, -1, -1, -1, -1, -1, -1, -1, -1, -1, -1, -1, -1, -1, -1, -1, '0.0001', '0.057', '0.028', '0.0048', '0.0005', -1, -1, -1, '0.052']"
ITALIAN_CHESTNUT_(Castanea_sativa_Mill.)_(boiled)_27420.html,"[-1, -1, -1, -1, -1, -1]"
WALNUT_ROOT_BARK_(Juglans_regia_L.)_10870.html,"[-1, -1]"
"FILBERT,_HAZELNUT_(raw)_7510.html","[-1, '0\xa0—\xa06.012', '0.089\xa0—\xa00.295', '0\xa0—\xa00.315', '0\xa0—\xa00.209', '0.038\xa0—\xa00.223', '0.037\xa0—\xa00.14', '0.482\xa0—\xa01.477', '0.031\xa0—\xa00.344', '1.509\xa0—\xa07.998', '0\xa0—\xa00.432', '0\xa0—\xa00.196', -1, -1, '0.027\xa0—\xa00.063', '0\xa0—\xa00.13', '0.05\xa0—\xa00.211', '0.467\xa0—\xa02.78', '0.059\xa0—\xa00.293', '0\xa0—\xa00.192', -1, '0\xa0—\xa00.203', -1, -1, -1, -1, -1, -1, -1, '1.603\xa0—\xa07.597', '0.07\xa0—\xa00.231', '0\xa0—\xa00.228', '0.208\xa0—\xa00.572', -1, '0\xa0—\xa00.041', '0\xa0—\xa00.208', -1, -1, '0\xa0—\xa00.123', '0\xa0—\xa00.031', -1, -1, -1, -1, -1, -1, -1, -1, -1, -1, -1, '0\xa0—\xa00.14', -1, -1, -1, -1, -1, '0\xa0—\xa00.21', -1, -1, '0.2', '0\xa0—\xa00.095', '0.014\xa0—\xa00.075', '0.115\xa0—\xa02.412', '0.259\xa0—\xa03.233', -1, -1]"
PEANUT_(raw)_7610.html,"[-1, -1, -1, -1, -1, -1, '0.003\xa0—\xa00.01', '0.005', -1, '0.008\xa0—\xa00.01', '0.002', '0.017', '0.014', '0.02\xa0—\xa00.07', '0.004\xa0—\xa00.005', 'trace', '0.2\xa0—\xa02.734', '0.01\xa0—\xa00.02', '0.0005', '0.008\xa0—\xa00.02', '0.02\xa0—\xa00.06', 'trace\xa0—\xa00.001', '0.03\xa0—\xa00.09', '0.01\xa0—\xa00.02', 'trace\xa0—\xa00.0005', '0.06\xa0—\xa00.2', '0.02\xa0—\xa00.05', '0.0009', '0.019', '0.001\xa0—\xa00.03', '0.0024', '0.05\xa0—\xa00.1', '0.01\xa0—\xa00.06', '0.0051', '0.001\xa0—\xa00.03', '0.0058', 'trace\xa0—\xa00.01', '0.01\xa0—\xa00.07', '0.001', '0.003\xa0—\xa00.02', '0.01', '0.04', '0.02', '0.01', -1, '0.103', -1, '0.004\xa0—\xa00.01', '0.001\xa0—\xa00.02', '0.0061', 'trace\xa0—\xa00.02', 'trace\xa0—\xa00.03', '0.007\xa0—\xa00.008', '0.00022', '0.01', 'trace', '0.03', '9.176', '0.037', '0.021', '0.055', -1, -1, -1, -1, -1, -1, '0.109', -1, -1, -1, -1, -1, -1, -1, -1, -1, -1, -1, -1, -1, -1, -1, -1, -1, -1, -1, -1, -1, '0.0062', '0.00042', '0.00064', '0.0086', '0.016', '0.0012', '0.021', '0.0012', '0.015', '0.018']"
MACADAMIA_NUT_(Macadamia_integrifolia)_(raw)_10220.html,"['0.04', '0.03', '0.06', '0.06', '0.71', '0.36', '15.7', '0.04', '0.02', '0.03', '<0.01', '0.23', '0.01', '0.02', '0.07', '0.06', '0.05', '0.05', '0.01', '0.05', '0.08', '0.04', '0.05', '1.54', '0.08', '0.08', '<0.01', '0.06', '<0.01', '<0.01', '0.08', '1.3', '0.01', '0.04', '0.12', '0.21', '<0.01', '0.29', '0.02', '0.05', '0.03', '0.03', '0.23', '0.03', '0.02', '0.06', '0.06', '0.04', '0.02', '<0.01', '0.02', '0.02', '0.12', '<0.01', '0.01', '0.03', '0.02', '<0.01', '0.21', '0.05', '0.64', '0.3', '0.12', '0.02', '0.01', '0.01', '0.02', '0.02', '0.04', '0.01', '0.13', '0.01', '0.01', '0.04', '0.04', '<0.01', '<0.01', '0.02', '0.63', '0.02', '0.1', '0.21', '0.14', '0.04', '0.01', '0.01', '0.05', '0.04', '0.03', '0.08', '0.16', '0.03', '0.05', '0.02', '0.03', '0.07', '0.01', '0.08', '0.01', '0.15', '0.01', '<0.01', '<0.01', '<0.01', '0.01', '0.01', '0.95', '0.05', '0.05', '0.38', '0.74']"
WALNUT_KERNEL_(Juglans_regia_L.)_10810.html,"[-1, -1, -1, -1, -1, -1, -1, -1, -1, -1, -1, -1, -1, -1, -1, -1, -1, -1, -1, -1, -1, -1, -1, -1, -1, -1, -1, -1, -1, -1, -1, -1, -1, -1, -1, -1, -1, -1, -1, -1, -1, -1, -1, -1, -1, -1, -1, -1, -1, -1, -1, -1, -1, -1, -1, -1, -1, -1, -1, -1, -1, -1, -1, -1, -1, -1, -1, -1, -1, -1, -1, -1, -1, -1, -1, -1, -1, -1, -1, -1, -1, '8.7', -1, -1, -1, -1, -1, -1, -1, -1, -1, -1, -1, -1, -1, '117', '338', '1.4', '2.4', '0.6', '0.5', '18', '59', -1, -1, -1, -1, -1, -1, -1, -1, -1, -1]"
ITALIAN_CHESTNUT_(Castanea_sativa_Mill.)_(raw)_27450.html,"[-1, -1, -1, -1, -1, -1]"
BLACK_MUSTARD_(Brassica_nigra)_3640.html,"[-1, -1, -1, -1, -1, -1, -1]"
SCOTCH_SPEARMINT_OIL_(Mentha_cardiaca_Ger.)_3540.html,"[-1, '5000', -1, -1, -1, -1, -1, '153000', -1, -1, -1, '3000', -1, -1, '7000', -1, -1, -1, '5000', -1, -1, -1, -1, '1000', -1, -1, -1, -1, -1, -1, -1, -1, -1, -1, -1, -1, -1, -1, -1, -1, -1, -1, -1, -1, -1, -1, -1, -1, -1, -1, -1, -1, -1, -1, -1, -1, '2000', -1, -1, -1, '2000', -1, -1, -1, -1, -1, '2000', -1, -1, '2000', -1, '1000', '1000', -1, '2000', -1, -1, -1, -1, '2000', '6000', -1, -1, -1, -1, '1000', -1, -1, -1, '1000', '3000', -1, -1, -1, -1, -1, -1, -1, -1, -1, -1, -1, -1, -1, -1, -1, -1, -1, -1, -1, -1, -1, -1, -1, -1, -1, -1, -1, -1, -1, -1, -1, -1, -1, -1, -1, -1, -1, '3000', -1, -1, -1, '10000', '1000', -1, -1, -1, -1, '1000', '10000', -1, '692000', -1, -1, -1, -1, -1, -1, -1, -1, -1, -1, -1, -1, -1, '3000', -1, -1, -1, '2000', -1, -1, -1, '1000', -1, -1, -1, -1, -1, -1, -1, -1, -1, -1, -1, -1, -1, -1, -1, -1, -1, -1, -1, -1, -1, -1, -1, -1, -1, -1, -1, -1, -1, -1, -1, '<0.01', -1, -1, '0.12\xa0—\xa00.98', '0.01\xa0—\xa01.25', '<0.01', '0.077', '0.21', -1, '0.056', '0.039', '0.082', '<0.01', '0.024', '0.01', '0.072', '0.13', 'trace\xa0—\xa01.35', '0.12', '<0.01', 'trace\xa0—\xa00.51', '0.18\xa0—\xa00.28', 'trace\xa0—\xa00.35', '0.13\xa0—\xa00.2', '0.02\xa0—\xa00.06', '3.26\xa0—\xa03.54', '0.01\xa0—\xa00.05', '0.09\xa0—\xa00.11', '0.06\xa0—\xa00.58', '0.022', '0.032', -1, -1, -1, -1, '18000', -1, -1, -1, -1, -1, -1, '1000', -1, -1, '0.15\xa0—\xa00.49', '1000', -1, -1, -1, -1, -1, -1, -1, -1, -1, -1, -1]"
INDIAN_DILL_ROOT_(Anethum_sowa_Roxb.)_14450.html,"['80', '170', '1', '30']"
ANISE_HYSSOP_(Agastache_foeniculum_(Pursh)_Kuntze)_24210.html,"[-1, '1000', '85000', '33000', '4000', '1000', -1, '<1000', -1, '<1000', '<1000', '<1000', '4000', '55000', '<1000', '<1000', '4000', -1, '1000', '6000', -1, -1, '6000', '7000', '12000', '6000', '<1000', '1000', '2000', '13000', -1, -1, '<1000', '4000', -1, '<1000', '<1000', '746000', '<1000', '1000', '2000', '1000', '2000']"
BROWN_MUSTARD_OIL_(Brassica_juncea)_3635.html,"['2000', '5000', -1, '1000', '1000', 'trace', 'trace', -1, -1, -1, -1, '5000', '2000', '4000', -1, '1000', '1000', '1000', '5000', '2000', 'trace', '4000', '2000', '23000', '40000', '12000', '8000', 'trace', '25000', -1, -1, '44000', 'trace', -1, '173000', -1, -1, -1, 'trace', '29000']"
PIMENTO_LEAF_23820.html,"[-1, -1, -1, -1, -1, -1, -1, -1, -1, -1, -1, -1, -1, -1, -1, '0\xa0—\xa06600', '1000\xa0—\xa02000', '0\xa0—\xa05900', -1, '1100', '0\xa0—\xa0600', '400\xa0—\xa02700', '2100\xa0—\xa03500', '1000\xa0—\xa04200', '10700\xa0—\xa016700', '0\xa0—\xa0400', -1, -1, -1, -1, '0\xa0—\xa05900', -1, '5900\xa0—\xa09900', '4100\xa0—\xa08600', '9700\xa0—\xa076000', '900', -1, '0\xa0—\xa04500', '0\xa0—\xa08600', '0\xa0—\xa04900', -1, -1, '600\xa0—\xa07800', '900', -1, -1, -1, -1, -1, -1, -1, -1, '1300', '0\xa0—\xa03000', -1, -1, -1, -1, '0\xa0—\xa04400', '0\xa0—\xa01900', '0\xa0—\xa07600', -1, '0\xa0—\xa05600', -1, -1, -1, -1, -1, '11200\xa0—\xa024700', '3000', '300', '600000\xa0—\xa0834800', -1, '19000', -1, -1, -1, '2100\xa0—\xa018200']"
"MILK_THISTLE_OIL_(cold-pressed,_old)_35702.html","[-1, -1, -1, -1, -1, -1, -1, -1, -1, -1, -1, -1, -1, -1, -1, -1, -1, -1, -1, -1, -1, -1, -1, -1, -1, -1, -1, -1, -1, -1, -1, -1, -1, -1, -1, -1, -1, -1, -1, -1, -1, '380', '90', '39300', '430', '27100', '128930', '289560', '1090', '20130', '15800', '4650', -1, -1, -1, -1, -1, -1, -1, -1, -1]"
LEMON_BALM_(Melissa_officin._L_subsp_alt_Arcang)_31100.html,"[-1, -1, -1, -1, -1, -1, -1, -1, -1, -1, -1, -1, -1, -1, -1, -1, -1, -1, -1, -1, -1]"
WHITE_MUSTARD_SEEDS_(Sinapis_alba_L)_3610.html,"['0.044', '0.0422', '0.039', -1, '0.0125', '0.0137', '0.00322', '0.00078', '0.00272', '<0.00021', '0.00206', '0.006', '7.62', '0.0408', '0.0429', '0.0351', '0.0269', '0.284', '0.171', -1, '0.0214', '0.0824', '0.00016', '<0.00006', -1, -1, '0.00516', '0.0055', -1, '0.00297', '0.00114', '0.00132', '0.00454', '<0.00002', '0.0112', '0.00284', '0.392', '<0.00009', '0.00131', '0.00552', -1, -1, '455', '0.0102', '0.0396', '0.0277', -1]"
"BROWN_FLAXSEED_OIL_(cold-pressed,_old)_35204.html","[-1, -1, -1, -1, -1, -1, -1, -1, -1, -1, -1, -1, -1, -1, -1, -1, -1, -1, -1, -1, -1, -1, -1, -1, -1, -1, -1, -1, -1, -1, -1, -1, -1, -1, -1, -1, -1, -1, -1, -1, -1, -1, -1, '160', '100', '23940', '320', '22930', '114640', '78040', '264070', '1090', '870', '680', -1, -1, -1, -1, -1, -1, -1, -1, -1]"
ANISE_(Pimpinella_anisum_L.)_3005.html,"[-1, -1, -1, -1, -1, -1, -1, -1, -1, -1, -1]"
INDIAN_CRESS_ABSOLUTE_(Tropaelum_majus_L.)_29300.html,"['3000', '38000', '10000', '9000', '7000', '100', '1000', '39000', '837000', '11000']"
CLOVE_BUD_3201.html,"[-1, -1, -1, -1, '1460\xa0—\xa014200', -1, -1, -1, -1, '200\xa0—\xa0700', -1, -1, 'trace\xa0—\xa0420', '420', -1, '100', -1, -1, -1, -1, -1, '10300\xa0—\xa0124000', '100\xa0—\xa02900', '64\xa0—\xa01700', '4300', -1, -1, '100', -1, -1, -1, -1, '700', -1, 'trace', '300', -1, '100', -1, '100\xa0—\xa0700', -1, -1, 'trace', -1, -1, -1, -1, -1, -1, -1, -1, -1, -1, -1, 'trace', -1, '3900', '100', -1, -1, '400\xa0—\xa0700', -1, -1, '400', 'trace', -1, '500', -1, '19.2\xa0—\xa039.2', -1, -1, '400', 'trace', '3000\xa0—\xa0220700', '2000', -1, '100', -1, '1300\xa0—\xa02000', 'trace', '100', 'trace', 'trace', -1, -1, -1, '400\xa0—\xa01500', -1, -1, 'trace', -1, '1300', -1, 'trace', -1, -1, '400\xa0—\xa04700', -1, -1, '100', '700000\xa0—\xa0844000', '1400\xa0—\xa02300', -1, -1, -1, -1, -1, -1, '2300', '1600\xa0—\xa018000']"
CURCUMA_DOMESTICA_L._18686.html,"[-1, -1, -1, -1, -1, -1, -1, -1, -1, -1, -1, -1, -1, -1, -1, -1, -1, -1, -1, -1, -1, -1]"
"BROWN_FLAXSEED_OIL_(cold-pressed,_fresh)_35202.html","[-1, -1, -1, -1, -1, -1, -1, -1, -1, -1, -1, -1, -1, -1, -1, -1, -1, -1, -1, -1, -1, -1, -1, -1, -1, -1, -1, -1, -1, -1, -1, -1, -1, -1, -1, -1, -1, -1, '210', '120', '30530', '380', '28130', '141220', '97290', '332460', '1330', '1000', '760', -1, -1, -1, -1, -1, -1, -1, -1]"
CURCUMA_AERUGINOSA_ROXB._18670.html,"['<500', '60000', '13000', '19000', '4000', '<500', '5000', '3000', '<500', '12000', '18000', '<500', '<500', '4000', '2000', '1000', '14000', '3000', '3000', '2000', '7000', '17000', '9000', '65000', '99000', '85000', '1000', '36000', '20000', '21000', '59000', '19000', '94000', '60000', '<500', -1, -1, '23000', '25000']"
Heated_LICORICE_(Glycyrrhiza_inflata_L.)_14540.html,"[-1, -1, -1, -1, -1, -1, -1, -1, -1, -1, -1, -1, -1, -1, -1, -1, -1]"
CORIANDER_SEED_(Coriandrum_sativum_L.)_12000.html,"[-1, -1, -1, -1, -1, '<1000\xa0—\xa013500', -1, '100', '500\xa0—\xa01400', '500\xa0—\xa0800', '<1000\xa0—\xa0101000', '900\xa0—\xa026000', '16000\xa0—\xa072800', -1, -1, -1, -1, '6000\xa0—\xa083000', -1, -1, '<1000\xa0—\xa014000', -1, -1, '<1000\xa0—\xa018000', -1, -1, '1000\xa0—\xa05000', 'trace', '0\xa0—\xa05000', '1000', '500', -1, '<1000\xa0—\xa0147000', -1, -1, -1, 'trace', '0\xa0—\xa011000', '8000\xa0—\xa046000', 'trace\xa0—\xa0400', '492000\xa0—\xa0733000', -1, -1, '2000\xa0—\xa029000', '2000\xa0—\xa023000', '1300\xa0—\xa019000', -1, -1, -1, '1000', -1, -1, -1, 'trace', '3100\xa0—\xa04000', -1, '700', -1, -1, -1, -1, -1, -1, '4400', -1, -1, 'trace', -1, -1, '1500', '24600\xa0—\xa099000', -1, -1, '0\xa0—\xa075000', '500\xa0—\xa02000', '2000', -1, -1, -1, -1, -1, -1, -1, -1, -1, -1, -1, -1, -1, -1, -1, -1, -1, -1, -1, -1, -1, -1, -1, -1, -1, -1, -1, '0\xa0—\xa05000', -1, -1, -1, '500', -1, -1, -1, -1, -1, -1, -1, -1, -1, -1, -1, -1, '<1000\xa0—\xa032000', -1]"
BLACK_PEPPER_LEAF_(cv._Bragantina)_3810.html,"[-1, -1, -1, -1, -1, -1, -1, -1, -1, -1, -1, -1, -1, -1, -1, -1, -1, -1, -1, -1, -1, -1, -1, -1, -1, -1, -1, -1, -1, -1, -1, -1, -1, -1, -1, -1, -1, -1, -1, -1, -1, -1, -1, -1, -1, -1]"
CASSIA_BARK_(Cinnamomum_cassia_Blume)_3102.html,"[-1, -1]"
CYMBOPOGON_FLEXUOSUS_OIL_25420.html,"[-1, '600', '700', '4600', '500', '24200', -1, -1, -1, '2400', -1, '300', -1, -1, -1, -1, -1, '3200', -1, '4400', -1, '38000', '3900', '13400', -1, '3800', '3700', '511900', '300600', '14300', -1, '700', -1, -1, '19500', -1, -1, -1, -1, -1, -1]"
CALABASH_NUTMEG_(Monodora_myristica_Dunal)_24300.html,"['12000', '5000', '3500\xa0—\xa079000', '700\xa0—\xa0488000', '17000', '300\xa0—\xa05000', '10000\xa0—\xa087000', '1200', '4300\xa0—\xa0159000', '63000', '2000\xa0—\xa09700', '2300\xa0—\xa04000', -1, '1200', '2500', '40000\xa0—\xa0171000', '3400', '1600', '400', '30000\xa0—\xa046000', '7800', '16000', '2000\xa0—\xa017000', '700', '8900', '9300', '11000', '9300', '3500', '2000', '2400', '3000', -1, -1, '9100', '1100', '600', '100', '3700', '4000', '2200', '2300', '1100', '1600', '4800', '11000', '3200', '3900', '1200', '1200', -1, '100', '100', '5100', '6800', '5500']"
ANISE_FRUITS_3020.html,"['4.5', '220', '0.73', '110', '0.18', '0.007', '530', '57', '16000', '0.071', '0.16', '0.011', -1]"
SATUREJA_THYMBRA_L._23930.html,"['16800\xa0—\xa033000', '26900\xa0—\xa053000', '267000\xa0—\xa0489000', '<1000', '3000\xa0—\xa010600', 'trace\xa0—\xa01000', '23800\xa0—\xa056900', '5000\xa0—\xa033600', '1000\xa0—\xa018100', '<1000\xa0—\xa03000', '1000', '14000\xa0—\xa072700', '87600\xa0—\xa0132000', 'trace\xa0—\xa06000', '<1000', '2000\xa0—\xa06000', 'trace\xa0—\xa019700', '<1000', '1000', '2000\xa0—\xa05200', '10000\xa0—\xa0449000', '5000\xa0—\xa0223000']"
BOURBON_VANILLA_(Vanilla_planifolia_Andrews)_18210.html,"[-1, -1, -1, -1, -1, -1, -1, -1, -1, -1, -1, -1, -1, -1, -1, -1, -1, -1, -1, -1, -1, -1, -1, -1, -1, -1, -1, -1, -1, -1, -1, -1, -1, '43', -1, -1, -1, -1, -1, -1, -1, -1, -1, -1, -1, -1, -1, -1, -1, -1, -1, -1, -1, -1, -1, -1, -1, -1, -1, -1, -1, -1, -1, -1, -1, -1, -1, -1, '493', -1, -1, -1, -1, -1, -1, -1, 'trace\xa0—\xa0341', '133', '13\xa0—\xa0185', '108', 'trace\xa0—\xa0109', -1, '46', -1, -1, -1, -1, -1, -1, -1, '23', '195', '7', -1, '25', -1, '12', -1, '56', '46', '22', '111', '133', '50', -1, '913\xa0—\xa02000', '891', '313', '8292\xa0—\xa023187', -1, '163', -1, '121', -1, -1, -1, '335', '137', -1, -1, -1, -1, -1, -1, -1, -1, -1, -1, '33', -1, -1, '1', -1, -1, '18', -1, '200', -1, -1, -1, -1, -1, -1, -1, -1, -1, '409', '862', -1, -1, '397', '224', -1, -1, -1, -1, -1, -1, -1, '293\xa0—\xa0506', -1, '1083\xa0—\xa01929', -1, -1, -1, -1, -1, -1, '9', '215', -1, -1, -1, -1, -1, -1, -1, -1, -1, -1, -1, -1, -1, -1, -1, -1, -1, -1, '77', -1, '38', -1, -1, -1, -1, '110', -1, '49', -1, -1, -1, -1, -1, -1, -1, '668', -1, -1, -1, '140', '574', -1, -1, -1, -1, -1, -1, -1, '65', -1, -1, -1, -1, -1, -1, -1, -1, '200', -1, -1, -1, -1, '1225', '2\xa0—\xa0199', '104', -1, -1, '9099', '480', -1, -1, '1177', -1, -1, -1, -1, '1615', '122', -1, -1, -1, -1, -1, -1, '0.1', '0.3']"
TEMOE_LAWAK_(Curcuma_xanthorrhiza_Roxb.)_18620.html,"[-1, '<500', '510\xa0—\xa010000', -1, -1, -1, -1, '4000', '180\xa0—\xa07000', '60\xa0—\xa02000', '5000', '2000', '250\xa0—\xa0650', '180\xa0—\xa011000', '5700\xa0—\xa0414000', '7000\xa0—\xa023500', '3000', '<500', '3000', '8000', '2000', '<500', '60\xa0—\xa0800', -1, 'trace\xa0—\xa0180', '2000', '7000', -1, '2000', '1000', '1000', '8000', '180\xa0—\xa06000', '12000', '190\xa0—\xa03000', '2000', '37000', '180\xa0—\xa09500', '450\xa0—\xa09500', '130\xa0—\xa030000', '<500', '3000', '5000', '10000', '5500\xa0—\xa0215000', '190\xa0—\xa09000', '42000', '<500', '<500']"
CURCUMA_AMADA_ROBX._18685.html,"[-1, -1, -1, -1, -1, -1, -1, -1]"
INDIAN_DILL_SEED_(Anethum_sowa_Roxb.)_14460.html,"['trace', '90', '225', 'trace', '6795', '720', 'trace', 'trace', 'trace', '45', '585', 'trace', 'trace', 'trace', '1440', '1890', '20025', 'trace', '450', '11925', '225']"
FENUGREEK_(Trigonella_foenum-graecum_L.)_10400.html,"[-1, -1, -1, -1, -1, -1, -1, -1, -1, -1, -1, -1, -1, -1, -1, -1, -1, -1, -1, -1, -1, -1, -1, -1, -1, -1, -1, -1, -1, -1, -1, -1, -1, -1, -1, -1, -1, -1, -1, -1, -1, -1, -1, -1, -1, -1, -1, -1]"
CURCUMA_CAESIA_ROXB._18640.html,"['2350', '2225', '3060', '1890', '1050', '2830', '1360']"
"MENTHA_OILS,_OTHER_3560.html","[-1, -1, -1, -1, -1, -1, -1, -1, -1, -1, -1, -1, -1, -1, -1, -1, -1, -1, -1, -1, -1, -1, -1, -1, -1, -1, -1, -1, -1, -1, -1, -1, -1, -1, -1, -1, -1, -1, -1, -1, -1, -1, -1, -1, -1, -1, -1, -1, -1, -1, -1, -1, -1, -1, -1, -1, -1, -1, -1, -1, -1, -1, -1, -1, -1, -1, -1, -1, -1, -1, -1, -1, -1, -1, -1, -1, -1, -1, -1, -1, -1, -1, -1, -1, -1, -1, -1, -1, -1, -1, -1, -1, -1, -1, -1, -1, -1, -1, -1, -1, -1, -1, -1, -1, -1, -1, -1, -1, -1, -1, -1, -1, -1, -1, -1, -1, -1, -1, -1, -1, -1, -1, -1, -1, -1, -1, -1, -1, -1, -1, -1, -1, -1, -1, -1, -1, -1, -1, -1, -1, -1, -1, -1]"
ASAFOETIDA_OIL_30100.html,"['0\xa0—\xa050', '0\xa0—\xa01000', '0\xa0—\xa01000', '0\xa0—\xa01000', '0\xa0—\xa01300', '0\xa0—\xa0500', '0\xa0—\xa078660', '0\xa0—\xa036300', '0\xa0—\xa097200', '100\xa0—\xa036900', '0\xa0—\xa015530', '0\xa0—\xa01000', '0\xa0—\xa029340', '100\xa0—\xa02000', '0\xa0—\xa050', '0\xa0—\xa050', '0\xa0—\xa050', '300\xa0—\xa029810', '100\xa0—\xa01100', -1, '0\xa0—\xa06800', '0\xa0—\xa05260', '1000\xa0—\xa0213600', '2100\xa0—\xa0471000', '0\xa0—\xa01610', '0\xa0—\xa0500', '0\xa0—\xa050', '0\xa0—\xa050', '0\xa0—\xa01000', '100\xa0—\xa02960', '100\xa0—\xa031400', '0\xa0—\xa03100', '100\xa0—\xa03380', '0\xa0—\xa010300', '0\xa0—\xa0800', -1, '100\xa0—\xa06890', -1, '100\xa0—\xa01370', '100\xa0—\xa01490', '0\xa0—\xa050', '0\xa0—\xa0900', '100\xa0—\xa01610', '100\xa0—\xa01540', '100\xa0—\xa07890', -1, -1, '0\xa0—\xa03680', '0\xa0—\xa076500', '0\xa0—\xa01000', '0\xa0—\xa050', -1, '0\xa0—\xa01000', -1, -1, -1, '0\xa0—\xa050', '0\xa0—\xa01400', -1, '0\xa0—\xa050', -1, '100\xa0—\xa03170', '1000', -1, '0\xa0—\xa050', '0\xa0—\xa050', '100\xa0—\xa045240', '100\xa0—\xa010990', '0\xa0—\xa035060', '100\xa0—\xa021320', '100\xa0—\xa0150910', '100\xa0—\xa030700', '100\xa0—\xa030200', -1, '0\xa0—\xa01000', '0\xa0—\xa01000', -1, '0\xa0—\xa01000', '0\xa0—\xa01000', '0\xa0—\xa01000', -1, -1, '0\xa0—\xa050', '0\xa0—\xa01000', -1, -1, -1, -1, -1, '0\xa0—\xa04700', '0\xa0—\xa01000', '0\xa0—\xa01800', '0\xa0—\xa01000', -1, '0\xa0—\xa050', '100\xa0—\xa036700', -1, '1400\xa0—\xa02500', '100\xa0—\xa08050', '100\xa0—\xa02060', '13000', '50\xa0—\xa012400', '0\xa0—\xa01000', '0\xa0—\xa01000', '0\xa0—\xa01600', '0\xa0—\xa050', '0\xa0—\xa01000', '0\xa0—\xa050', '0\xa0—\xa01000', '50\xa0—\xa016900', '50\xa0—\xa08800', '50\xa0—\xa01100', '0\xa0—\xa03100', '0\xa0—\xa01000', '3600', '0\xa0—\xa012400', '0\xa0—\xa0277710', '6600\xa0—\xa0560400', '1000\xa0—\xa01700', '1000\xa0—\xa027400', '50\xa0—\xa011000', '0\xa0—\xa02300', '0\xa0—\xa01000', '0\xa0—\xa01000', '0\xa0—\xa012900', '0\xa0—\xa025500', '50\xa0—\xa014600', '1900\xa0—\xa018200', '14600', '50\xa0—\xa01900', '2800', -1, '26500\xa0—\xa0379300', '26200\xa0—\xa0184600', '101400\xa0—\xa0169400', '141800', -1, '13800', '100\xa0—\xa015290', -1, -1, -1, -1, '1400', '50\xa0—\xa02300', '1000\xa0—\xa02100', -1, -1, '100\xa0—\xa0186300', '6400', '0\xa0—\xa01000', '0\xa0—\xa03400', '0\xa0—\xa02800', -1, -1, -1, '0\xa0—\xa04100', '100\xa0—\xa08560', '0\xa0—\xa07400', '0\xa0—\xa02700', '0\xa0—\xa01000', '0\xa0—\xa01600', -1, '1000\xa0—\xa07100', -1, -1, '0\xa0—\xa01000', '0\xa0—\xa01000', '100\xa0—\xa041080', '100\xa0—\xa08100']"
ASIAN_MINT_OIL_(Mentha_asiatica_Borriss.)_3515.html,"[-1, '1500', '300', -1, '500', '1800', '67300', '13400', '400', '1400', '200', '8400', '2700', '34000', '5000', -1, '700', '300', '200', '700', '2800', '15800', '3400', '400', '9600', '300', '500', '700', -1, '300', '400', '2100', '7000', '300', '400', '300', '15100', '400', '115600', '631700']"
"WHITE_SESAME_SEED_OIL_(cold-pressed,_fresh)_35401.html","[-1, -1, -1, -1, -1, -1, '0.032\xa0\xa00.032', -1, -1, -1, -1, -1, -1, -1, -1, '0.917\xa0\xa00.917', -1, '0.214\xa0\xa00.214', -1, -1, -1, '3.094\xa0\xa03.094', -1, '0.901\xa0\xa00.901', -1, -1, -1, '0.397\xa0\xa00.397', '4.170\xa0\xa04.170', -1, -1, -1, -1, '80', '50770', '340', '33680', '233640', '220990', '1710', '4950', '960', '680', -1, -1, -1, '0.406\xa0\xa00.406', -1, -1, -1, -1, -1, '0.077\xa0\xa00.077', -1]"
"TURMERIC,_WILD_(Curcuma_aromatica_Salisb.)_18630.html","['<500\xa0—\xa01800', '18000', '200\xa0—\xa0300', '<500\xa0—\xa02500', '8000', '11000', '<500', '5000', '20100\xa0—\xa025600', '4280\xa0—\xa011000', '5840\xa0—\xa0241000', '13500\xa0—\xa0314100', '3000\xa0—\xa04100', '<500\xa0—\xa02320', '1080\xa0—\xa09100', '<500', '5000\xa0—\xa021400', '<500', '200', '3000', '3000', '1000', '1000', '2200\xa0—\xa019800', '3120', '7000', '1400', '15000', '2000\xa0—\xa018000', '1000', '1700\xa0—\xa02200', '24000\xa0—\xa060500', '<500', '<500', '1280\xa0—\xa039100', '7200\xa0—\xa08500', '<500\xa0—\xa0800', '5000', '7000', '52700\xa0—\xa0257000', '33000\xa0—\xa060100', '33000\xa0—\xa072500', '1000\xa0—\xa01500']"
"BLACK_POPPY_SEED_OIL_(cold-pressed,_old)_35303.html","[-1, -1, -1, -1, -1, -1, -1, -1, -1, -1, -1]"
"ETHIOPIAN_PEPPER,_GUINEA_PEPPER_(X._aethiopica)_24410.html","['6000', '69000', '10000', '37000', '10000', '4000', '2000', '7000', -1, '88000', '174000', '15000', '239000', '3000', '43000', '3000', '8000', '13000', '18000', '3000', '98000', '129000', '21000', -1, -1]"
GERMAN_CAMOMILE_OIL_(Matricaria_chamomilla_L.)_25220.html,"['1100', '800', '7000', 'trace', -1, -1, '15300', '159700', '29200', '101210\xa0—\xa0154200', 'trace', '<500', '14800', -1, 'trace', -1, '2200', '12200', '7500', 'trace', '35200\xa0—\xa0233500', '6400', '900\xa0—\xa01300', '33200\xa0—\xa094580', '700', '1000', -1, '3900', -1, -1, -1, '2400', '6500', '5700', '19300\xa0—\xa025000', '3200', '4200', '4200', '<500', '900\xa0—\xa03100', 'trace\xa0—\xa0700', '3500\xa0—\xa0131500', -1, '1000', '3600', '6500', -1, 'trace\xa0—\xa0700', '5100', '3160\xa0—\xa010100', -1, 'trace', -1, '1700', -1, -1, '1700', 'trace', -1, -1, -1, -1, '3400', '1700', '168500\xa0—\xa0576800', '43500\xa0—\xa0235400', '461100\xa0—\xa0524920', -1, '52100', '41000\xa0—\xa077600', '47100']"
"GOLD_FLAXSEED_OIL_(cold-pressed,_old)_35203.html","[-1, -1, -1, -1, -1, -1, -1, -1, -1, -1, -1, -1, -1, -1, -1, -1, -1, -1, -1, -1, -1, -1, -1, -1, -1, -1, -1, -1, -1, -1, -1, -1, -1, -1, -1, -1, -1, -1, -1, -1, -1, -1, -1, -1, -1, -1, -1, -1, -1, -1, -1, -1, -1, -1, -1, '150', '70', '21390', '330', '19600', '78220', '83110', '321820', '950', '960', '540', -1, -1, -1, -1, -1, -1, -1, -1, -1, -1]"
BLACK_PEPPER_FRUIT_(cv._Equador)_3821.html,"[-1, -1, -1, -1, -1, -1, -1, -1, -1, -1, -1, -1, -1, -1, -1, -1, -1, -1, -1, -1, -1, -1, -1, -1, -1, -1, -1, -1, -1, -1, -1, -1, -1, -1, -1, -1, -1, -1]"
DILL_ROOT_(Anethum_graveolens_L.)_14430.html,"[-1, -1, -1, -1, -1, -1, -1, -1, '1', -1, '6', '50', '3', -1, '266', '48', '6', '32', '2', '26', '4', -1, -1, -1, -1, 'trace\xa0—\xa02', -1, -1, '41\xa0—\xa0358', '271\xa0—\xa0468', '227\xa0—\xa0228', '250', '10', '5', '10']"
BROWN_MUSTARD_SEEDS_(Brassica_juncea)_3620.html,"[-1, '0.64', '460', '240']"
PIPER_BETLE_L._CULTIVARS_24600.html,"[-1, -1, -1, -1, -1, -1, -1, -1, -1, -1, -1, -1, -1, -1, -1, -1, -1, -1, -1, -1, -1, -1, -1, -1, -1, -1, -1, -1, -1, -1, -1, -1, -1, -1, -1, -1, -1, -1, -1, -1, -1, -1, -1, -1, -1, -1, -1, -1, -1, -1, -1]"
"HEMP_OIL_(cold-pressed,_old)_35802.html","[-1, -1, -1, -1, -1, -1, -1, -1, -1, -1, -1, -1, -1, -1, -1, -1, -1, -1, -1, -1, -1, -1, -1, -1, -1, -1, -1, -1, -1, -1, -1, -1, -1, -1, -1, -1, -1, -1, -1, -1, -1, -1, -1, -1, -1, -1, -1, -1, -1, -1, -1, '150', '60', '33350', '300', '16710', '79830', '300640', '81540', '5290', '1740', '790', -1, -1, -1, -1, -1, -1, -1, -1, -1]"
PIMENTO_BERRY_23810.html,"[-1, -1, '1000', '1500\xa0—\xa090400', '2000', '200\xa0—\xa018000', '1000', '100\xa0—\xa04000', '2000\xa0—\xa07000', '1400\xa0—\xa015000', '500\xa0—\xa042000', '6000', '700\xa0—\xa08000', '11000', -1, -1, '2000\xa0—\xa06000', '1000', '2000', '5000', '1000', -1, -1, '<1000\xa0—\xa013100', '4000\xa0—\xa07000', -1, -1, '1000\xa0—\xa06000', -1, '6000', '12000', -1, '4000', '25000\xa0—\xa044700', -1, '500\xa0—\xa01000', -1, -1, '500\xa0—\xa013000', -1, -1, -1, '1000', '400\xa0—\xa014000', '500\xa0—\xa01000', '1000', '2000\xa0—\xa03000', '7900', -1, -1, '23000', '1000\xa0—\xa03600', '600', '2000\xa0—\xa06000', '5000\xa0—\xa08000', -1, '2200', -1, -1, -1, -1, '2100\xa0—\xa07000', -1, '1100', -1, '2000', -1, -1, '100', -1, -1, -1, '1700\xa0—\xa033000', '500\xa0—\xa010200', '2000', -1, '491200\xa0—\xa0870000', '4600\xa0—\xa0280800', '2000', 'trace', '1000']"
MEADOWSWEET_FLOWER_OIL_(Filipéndula_ulmária)_30400.html,"[-1, -1, '3000', -1, '2000', -1, -1, '10000', -1, '2000', '21000', '28000', '6000', -1, -1, '<1000', '7000', -1, '748000', '20000', -1, -1, '13000', '9000', -1]"
WORMWOOD_OIL_(Artemisia_absinthium_L.)_27900.html,"['0\xa0—\xa02400', '0\xa0—\xa01000', '0\xa0—\xa05000', '0\xa0—\xa037000', '0\xa0—\xa061600', '800\xa0—\xa09800', '0\xa0—\xa012000', '0\xa0—\xa0332000', '0\xa0—\xa033000', '0\xa0—\xa03000', '1000', '0\xa0—\xa0190200', '0\xa0—\xa010000', '400\xa0—\xa08000', '0\xa0—\xa014000', '0\xa0—\xa03000', '0\xa0—\xa091800', '2000', '0\xa0—\xa07000', '0\xa0—\xa021000', '0\xa0—\xa022000', '0\xa0—\xa020000', '0\xa0—\xa07000', '0\xa0—\xa026400', '0\xa0—\xa08000', '0\xa0—\xa044000', '400\xa0—\xa0104000', '3000\xa0—\xa04000', '1000\xa0—\xa023000', '0\xa0—\xa014000', '0\xa0—\xa0298500', '0\xa0—\xa016000', '0\xa0—\xa08000', '0\xa0—\xa09000', '0\xa0—\xa029000', '0\xa0—\xa025000', '9000', '0\xa0—\xa014000', '0\xa0—\xa030000', '2000\xa0—\xa024000', '0\xa0—\xa018000', '8000', '0\xa0—\xa020000', '0\xa0—\xa02000', '0\xa0—\xa02000', '0\xa0—\xa04000', '1000', '1000', '0\xa0—\xa018000', '0\xa0—\xa03000', '0\xa0—\xa013000', '9000', '0\xa0—\xa067000', '0\xa0—\xa01000', '0\xa0—\xa022000', '0\xa0—\xa032000', '0\xa0—\xa03000', '2000', '0\xa0—\xa03900', '0\xa0—\xa011000', -1, '0\xa0—\xa012000', '0\xa0—\xa02000', '0\xa0—\xa019000', '0\xa0—\xa055200', '0\xa0—\xa093500', -1, '0\xa0—\xa023000', '0\xa0—\xa011000', '6000', '0\xa0—\xa028000', '2000', '0\xa0—\xa024000', '0\xa0—\xa0288200', '3000', '0\xa0—\xa02000', '0\xa0—\xa04000', '0\xa0—\xa02000', '0\xa0—\xa03000', '0\xa0—\xa033800', '0\xa0—\xa019000', '0\xa0—\xa07000', '0\xa0—\xa040000', '3000', '0\xa0—\xa02000', '0\xa0—\xa0690100', '<1000', '6000', '0\xa0—\xa03000', '0\xa0—\xa023000', '0\xa0—\xa064000', '0\xa0—\xa02700', '0\xa0—\xa03000', '0\xa0—\xa0110000', '0\xa0—\xa015000', '0\xa0—\xa014000', '0\xa0—\xa024100', '0\xa0—\xa017000', '2000', '3000', '1000', '1000', '2000', '2000', '0\xa0—\xa012000', '0\xa0—\xa012000', '0\xa0—\xa08000', '9000', '7000\xa0—\xa055000', '0\xa0—\xa03000', '0\xa0—\xa012000', '0\xa0—\xa011000', '0\xa0—\xa03000', '0\xa0—\xa028000', '0\xa0—\xa093000', '1000', '0\xa0—\xa0235000', '0\xa0—\xa0696800', '0\xa0—\xa02000', '1000', '0\xa0—\xa014000', '0\xa0—\xa09600', '0\xa0—\xa041700', '0\xa0—\xa021200', '0\xa0—\xa018100', '4000', '0\xa0—\xa03000', '0\xa0—\xa0844800', '0\xa0—\xa0327500', '0\xa0—\xa0360000', '0\xa0—\xa0415400', '0\xa0—\xa09000', '0\xa0—\xa0434000', '6000\xa0—\xa030000', '<500\xa0—\xa043000', '0\xa0—\xa020800', '0\xa0—\xa039000', '0\xa0—\xa012000', '<50', '0\xa0—\xa012000', '0\xa0—\xa033500', '0\xa0—\xa06000', '0\xa0—\xa050000', '0\xa0—\xa011000', '0\xa0—\xa023000', '2400\xa0—\xa080600', '7000\xa0—\xa012000', '7000\xa0—\xa017000', '0\xa0—\xa03000', '<500\xa0—\xa020000', '4000\xa0—\xa09000', '0\xa0—\xa037000', '0\xa0—\xa022000', '0\xa0—\xa075000', '0\xa0—\xa015000', '0\xa0—\xa090500', '0\xa0—\xa03000', '0\xa0—\xa011000', '0\xa0—\xa04000', '0\xa0—\xa02000', '0\xa0—\xa071000', '3000', '0\xa0—\xa05000', '0\xa0—\xa032000', '0\xa0—\xa084000', '0\xa0—\xa0543800', '0\xa0—\xa043000', '0\xa0—\xa06000', '0\xa0—\xa011000']"
ASHANTI_PEPPER_(Piper_guineense_Schum_and_Thom)_24500.html,"['5600', '3300', '6300', '18500', -1, '700', '5500', -1, '11500', '5800', '13900', '23100', '3900', '19800', '49000', '1900', '700', '5700', '6700', '1700', '13100', '13300', '18200', '9400', '38700', '2300', '3400', '56900', '18700', '11100', '1000', '6600', '2700', '3300', '11100', '1000', '2500', 'trace', '5800', '6700', '2000', '1400', '17000', '3700', '13000', '800', '2500', -1, -1, -1, '700', '15300', '48100', '39100', '2100', '165500', '157000', '900', '2200']"
BROWN_MUSTARD_SEEDS_ROASTED_(Brassica_juncea)_3625.html,"['1.9', '1.8', '1.04', '1.16', '1.12', '5.4', '1.36', '2.76', '1.6', '1.22', '1.02', '1.22', '1', '1.24', '0.66']"
CORNMINT_OIL_(Mentha_arvensis)_3520.html,"['trace\xa0—\xa010600', '2000', '2000\xa0—\xa017600', '4000\xa0—\xa06000', -1, '<2000\xa0—\xa010000', -1, 'trace\xa0—\xa01400', 'trace\xa0—\xa01000', 'trace\xa0—\xa01300', '0\xa0—\xa0181000', '2000\xa0—\xa040000', '2000\xa0—\xa02900', '2000\xa0—\xa040000', '2000\xa0—\xa040000', '9000', -1, '5400\xa0—\xa015000', -1, '1600\xa0—\xa010000', '<1000\xa0—\xa01800', -1, '0\xa0—\xa049000', -1, '0\xa0—\xa07000', 'trace\xa0—\xa01000', -1, -1, 'trace', '800', '1500', '3400', '<2000\xa0—\xa040000', '8000', -1, '<1000\xa0—\xa03000', '5900\xa0—\xa0148000', '400\xa0—\xa0103000', '33000', '0\xa0—\xa0485000', '500', '800', '0\xa0—\xa0850000', '0\xa0—\xa0100000', 'trace\xa0—\xa0100', 'trace\xa0—\xa03000', '0\xa0—\xa04400', '0\xa0—\xa010100', '2000\xa0—\xa010000', -1, '0\xa0—\xa03200', '0\xa0—\xa010700', -1, '1400', '19100', '1500', '1200', -1, '0\xa0—\xa0200', -1, 'trace', -1, '1000', -1, -1, -1, '1700', -1, -1, -1, -1, '65400', '600', '600', -1, '0\xa0—\xa01900', -1, -1, '6800\xa0—\xa0738000', '0\xa0—\xa070000', 'trace\xa0—\xa040000', '0\xa0—\xa0102000', '2000\xa0—\xa037000', '0\xa0—\xa0697100', '<1000\xa0—\xa03000', -1, -1, -1, -1, -1, -1, -1, -1, -1, -1, -1, '5000\xa0—\xa09000', 'trace', '46000', '53000', '2000\xa0—\xa04000', '0\xa0—\xa067800', '1000\xa0—\xa02000', '0\xa0—\xa01000', 'trace', '3000\xa0—\xa013000', '0\xa0—\xa01500', '300', '7000', -1, -1, -1, -1, '6600', -1, -1, -1, -1, -1, -1, -1, -1, -1, '0\xa0—\xa035400', -1, -1, '300', '1900', 'trace', -1, 'trace\xa0—\xa016000', -1, '285000\xa0—\xa0505000', '16000\xa0—\xa0218000', '0\xa0—\xa01000']"
ORIGANUM_(Spanish)_(Coridothymus_cap.(L.)_Rchb.)_13200.html,"['1400', -1, '3000\xa0—\xa057000', '1000', -1, '600\xa0—\xa032000', '78000\xa0—\xa0194000', '1000\xa0—\xa04000', '200\xa0—\xa07000', '3600', '6400', -1, '1400', '600\xa0—\xa029000', '1000\xa0—\xa03000', '1000\xa0—\xa012000', -1, 'trace\xa0—\xa02000', 'trace\xa0—\xa01000', -1, '100', -1, -1, '27800\xa0—\xa059000', -1, -1, -1, -1, -1, -1, '6000\xa0—\xa0136000', -1, -1, '100', 'trace', '1000\xa0—\xa03000', -1, -1, -1, '1000\xa0—\xa025000', '2100', -1, '4000\xa0—\xa06000', '5200\xa0—\xa031000', '13600', -1, '8100\xa0—\xa020000', -1, -1, '500', -1, -1, -1, -1, -1, -1, -1, -1, -1, -1, -1, -1, -1, -1, -1, -1, -1, -1, 'trace\xa0—\xa011000', -1, 'trace\xa0—\xa07000', -1, -1, -1, -1, '12000', -1, -1, -1, 'trace\xa0—\xa01000', -1, -1, -1, -1, -1, '3000\xa0—\xa06000', -1, -1, '1200\xa0—\xa0636000', '50000\xa0—\xa0863300', -1, -1, -1, -1, -1, -1, -1, -1, -1, '3000', -1, -1, '900', -1]"
SMALLER_GALANGA_(Alpinia_officinarum_Hance)_24010.html,"['6200', -1, -1, '900', '40000', -1, -1, -1, -1, -1, -1, '66000', '46000', '900', '16000', -1, -1, -1, -1, -1, '7200', -1, -1, '400', '4100', -1, -1, '4800', '16000', -1, -1, '3200', -1, -1, -1, -1, -1, '10000', -1, '5100', '200', '3400', -1, '2100', '200', -1, '496000', -1]"
BLACK_PEPPER_(Piper_nigrum_L.)_(non-categorised)_3801.html,"[-1, '350 \xa0—\xa048000', '10 \xa0—\xa030000', '7000 \xa0\xa07000', 'trace\xa0—\xa017000', '46000\xa0\xa046000', '7500\xa0\xa07500', '< 30 \xa0—\xa0< 490', -1, '< 30 \xa0—\xa030000', '< 30 \xa0—\xa012000', '70 \xa0—\xa034000', '2550 \xa0—\xa0206000', '108000\xa0\xa0108000', '132000\xa0\xa0132000', -1, '80 \xa0—\xa0620', '50 \xa0—\xa075', '70 \xa0—\xa048000', '6000 \xa0\xa06000', '20 \xa0—\xa020000', '7000 \xa0\xa07000', -1, '6000 \xa0\xa06000', '240 \xa0—\xa018000', '5000 \xa0\xa05000', '300 \xa0—\xa090000', '16000\xa0\xa016000', '68300\xa0\xa068300', '1200 \xa0—\xa0104000', '9800\xa0\xa09800', '130000\xa0\xa0130000', '< 30 \xa0—\xa06000', -1, -1, '60 \xa0—\xa018000', -1, '< 30 \xa0—\xa0194000', '9400\xa0\xa09400', '148000\xa0\xa0148000', -1, '20 \xa0—\xa054000', -1, -1, -1, '7000 \xa0\xa07000', '2000 \xa0\xa02000', -1, -1, -1, -1, '120 \xa0—\xa05000', -1, -1, '70 \xa0—\xa0800', '50 \xa0—\xa01150', '2300 \xa0—\xa0203000', -1, 'trace\xa0—\xa0400', -1, '25 \xa0—\xa045000', -1, -1, '40 \xa0—\xa050', -1, 'trace\xa0—\xa013000', -1, '6000 \xa0\xa06000', -1, -1, -1, -1, '65 \xa0—\xa07600', -1, -1, -1, -1, '2000 \xa0\xa02000', '< 30 \xa0—\xa010000', -1, -1, -1, -1, -1, '1000 \xa0\xa01000', -1, '6000 \xa0\xa06000', '13000 \xa0—\xa015000', -1, 'trace\xa0—', -1, -1, -1, -1, -1, '2000 \xa0\xa02000', '< 30 \xa0—\xa0< 220', '150 \xa0—\xa0265', '1000 \xa0\xa01000', -1, -1, -1, '1000 \xa0\xa01000', -1, -1, '34\xa0\xa034', '66\xa0\xa066', '138\xa0\xa0138', '1000 \xa0\xa01000', -1, '2000 \xa0\xa02000', -1, -1, -1, -1, -1, '8000 \xa0\xa08000', -1, -1, -1, -1, -1, -1, -1, '1.200\xa0—\xa02.025', '890\xa0\xa0890', '42\xa0\xa042', '99\xa0\xa099', -1, -1, -1, -1, -1, -1, -1, -1, -1, -1, -1, '32000 \xa0—\xa0318520', -1, -1, -1, -1, '3000 \xa0—\xa06000', -1, -1, '740\xa0\xa0740', -1, -1, -1, -1, -1, -1, -1, -1, -1, -1, -1, -1, '12000\xa0—\xa018000', '54000 \xa0—\xa060000']"
TARRAGON_LEAVES_13020.html,"[-1, '1.8', -1, '0.64', '0.042', '0.007', '5.1', -1, -1, -1, -1, '0.013', '2900', '0.021', '26', -1, '0.011', -1, -1, '220']"
"ROASTED_ARGAN_OIL_(cold-pressed,_fresh)_35502.html","[-1, -1, -1, -1, -1, -1, -1, -1, -1, -1, -1, -1, -1, -1, -1, -1, -1, -1, -1, -1, -1, -1, -1, -1, -1, -1, -1, -1, -1, -1, -1, '690', '270', '72280', '510', '35610', '298100', '207310', '950', '3340', '1070', '540', -1, -1, -1, -1, -1, -1, -1, -1, -1, -1, -1, -1, -1, -1, -1, -1, -1, -1, -1, -1, -1, -1, -1]"
LEMON_BALM_(Melissa_officinalis_L.)_18800.html,"[-1, '9000', '22000', -1, -1, -1, -1, -1, -1, '2000', '<10000', -1, -1, -1, -1, '<10000', '<10000', -1, -1, -1, -1, '<10000', '<10000', -1, -1, -1, -1, '85000\xa0—\xa097000', '15000', -1, '48000', '19000', -1, -1, -1, -1, -1, -1, -1, -1, -1, 'trace\xa0—\xa07000', 'trace\xa0—\xa07000', -1, -1, -1, '20000', -1, '<10000', -1, '<10000', '<10000', '0\xa0—\xa043000', -1, -1, '0\xa0—\xa08000', -1, '0\xa0—\xa017000', -1, -1, '0\xa0—\xa056000', -1, '<10000', -1, -1, -1, '<10000', -1, -1, -1, -1, -1, -1, -1, -1, -1, -1, -1, 'trace\xa0—\xa011000', 'trace\xa0—\xa026000', -1, -1, -1, '0\xa0—\xa04000', '0\xa0—\xa06000', -1, -1, '0\xa0—\xa0390000', -1, '11000\xa0—\xa0319000', -1, '0\xa0—\xa0223000', -1, -1, -1, 'trace\xa0—\xa06000', -1, 'trace', '0\xa0—\xa016000', '0\xa0—\xa019000', -1, -1, -1, 'trace\xa0—\xa014000', 'trace\xa0—\xa011000', -1, 'trace\xa0—\xa045000', '0\xa0—\xa04000', -1, '0\xa0—\xa05000', '0\xa0—\xa05000', -1, -1, '2000', -1, -1, -1, -1, '0\xa0—\xa06000', '5000\xa0—\xa06000', 'trace\xa0—\xa011000', '0\xa0—\xa017000', '0\xa0—\xa042000', '0\xa0—\xa025000', -1, -1, '0\xa0—\xa0157000', -1, -1, -1, '0\xa0—\xa010000', -1, -1, -1, -1, -1, -1, -1, '0\xa0—\xa017000', -1, -1, -1, -1, -1, 'trace\xa0—\xa047000', -1, -1, -1, -1, -1, -1, -1, -1, -1, -1, -1, -1, -1, -1, '23000\xa0—\xa038000', -1, -1, -1, -1, -1, '0\xa0—\xa045000', '0\xa0—\xa050000', '0\xa0—\xa063000', '0\xa0—\xa061000', '0\xa0—\xa011000', '0\xa0—\xa045000', -1, -1, -1, -1, -1, -1, -1, -1, -1, -1, '36000\xa0—\xa0246000', -1, -1, -1, -1, -1, -1, '0\xa0—\xa08000', '0\xa0—\xa04000', -1, -1]"
"ROASTED_ARGAN_OIL_(cold-pressed,_old)_35504.html","[-1, -1, -1, -1, -1, -1, -1, -1, -1, -1, -1, -1, -1, -1, -1, -1, -1, -1, -1, -1, -1, -1, -1, -1, -1, -1, -1, -1, -1, -1, '550', '220', '57590', '400', '29890', '246800', '173660', '800', '2720', '890', '430', -1, -1, -1, -1, -1, -1, -1, -1, -1, -1, -1, -1, -1, -1, -1, -1, -1, -1, -1, -1, -1, -1, -1]"
CARAWAY_SEED_14920.html,"['1000', '3000\xa0—\xa06600', 'trace', 'trace\xa0—\xa0300', 'trace', '1000', 'trace', '402000\xa0—\xa0538500', -1, -1, -1, '700\xa0—\xa01400', -1, -1, 'trace\xa0—\xa0100', -1, -1, 'trace', 'trace', '1000', 'trace', '2000', 'trace\xa0—\xa0300', '1000\xa0—\xa01600', -1, 'trace', 'trace', 'trace\xa0—\xa012000', 'trace', 'trace', 'trace', 'trace', '41000', '700\xa0—\xa02000', '3500\xa0—\xa04000', 'trace', '800', 'trace', '200', '2000', '25000', '1000\xa0—\xa06000', '1900\xa0—\xa02000', '433900\xa0—\xa0599000', 'trace', '295000\xa0—\xa0824000', -1, -1, -1, -1, -1, '7000']"
SWEET_GRASS_OIL_(Hierochloe_odorata)_25000.html,"[-1, -1, -1, -1, -1, -1, -1, -1, -1, -1, -1, -1, -1, -1, -1, -1, -1, -1, -1, -1, -1, -1, -1, -1, -1, -1, -1, -1, -1, -1, -1, -1, -1, -1, -1, -1, -1, -1, -1, -1, -1, -1, -1, -1, -1, -1, -1, -1, -1, -1, -1, -1, -1, -1, -1, -1, -1, -1, -1, -1, -1, -1, -1, -1, -1, -1, -1, -1, -1]"
"THYMUS,_OTHER_TYPES_4330.html","['700\xa0—\xa0800', -1, -1, 'trace', '1000', '7300', '200\xa0—\xa0500', '100\xa0—\xa0400', '1500\xa0—\xa049000', -1, '300\xa0—\xa0500', '<100\xa0—\xa0200', '<10000', -1, '600\xa0—\xa010000', '12200', '2100\xa0—\xa0224000', '500\xa0—\xa010000', '1800\xa0—\xa010500', -1, '1900\xa0—\xa03800', -1, -1, '12600\xa0—\xa013800', 'trace\xa0—\xa03100', '1100\xa0—\xa045300', '400\xa0—\xa013600', '1200\xa0—\xa0107400', '0\xa0—\xa0100', '300\xa0—\xa014900', '400\xa0—\xa010000', '<100', -1, '0\xa0—\xa02300', '1500\xa0—\xa06400', '3500\xa0—\xa04000', '3300\xa0—\xa034500', '<100\xa0—\xa0200', '2100\xa0—\xa02700', -1, -1, -1, '9000\xa0—\xa056300', -1, '1500\xa0—\xa02800', '400', '<100\xa0—\xa0300', -1, -1, '100\xa0—\xa0500', '100\xa0—\xa0200', '11800\xa0—\xa0301000', -1, '<100\xa0—\xa01100', '300\xa0—\xa01500', '<10000', '800\xa0—\xa01600', '0\xa0—\xa02100', -1, -1, -1, '10100\xa0—\xa012100', '8100\xa0—\xa0316300', '500\xa0—\xa010000', '6400\xa0—\xa0229500', -1, '300\xa0—\xa030700', -1, '600\xa0—\xa01000', '2800\xa0—\xa018400', '<10000', '1300\xa0—\xa080400', -1, -1, -1, -1, -1, -1, -1, '14100', -1, '8000\xa0—\xa0436500', '21600', '100\xa0—\xa03200', '500\xa0—\xa04400', '200\xa0—\xa04600', '1400\xa0—\xa05000', -1, -1, -1, -1, '0\xa0—\xa0100', -1, '<10000', '1100\xa0—\xa02900', '<10000', 'trace\xa0—\xa01200', -1, -1, '200\xa0—\xa01900', -1, -1, '<100\xa0—\xa01700', -1, -1, -1, -1, -1, -1, -1, -1, -1, '1900\xa0—\xa060500', -1, -1, -1, -1, -1, -1, -1, -1, -1, -1, -1, -1, -1, '<100\xa0—\xa098900', '800\xa0—\xa092500', -1, '<100\xa0—\xa018400', -1, -1, '<10000', -1, -1, '700\xa0—\xa085700', -1, -1, '900\xa0—\xa01100', -1, -1, -1, -1, -1, '12000', '1200\xa0—\xa032300', '<10000\xa0—\xa0320000', '2800\xa0—\xa0512000', -1, -1, '7900\xa0—\xa024500', -1, -1, '1000', '1000', '900\xa0—\xa02100']"
"GOLD_FLAXSEED_OIL_(cold-pressed,_fresh)_35201.html","[-1, -1, -1, -1, -1, -1, -1, -1, -1, -1, -1, -1, -1, -1, -1, -1, -1, -1, -1, -1, -1, -1, -1, -1, -1, -1, -1, -1, -1, -1, -1, -1, -1, -1, -1, -1, -1, -1, -1, -1, -1, -1, -1, -1, -1, -1, -1, -1, -1, '150', '80', '23950', '370', '21930', '86970', '92580', '359080', '1050', '1040', '600', -1, -1, -1, -1, -1, -1, -1, -1]"
WHITE_SESAME_SEED_OIL_(roasted)_35405.html,"[-1, -1, -1, '0.045\xa0\xa00.045', -1, '1.239\xa0\xa01.239', -1, -1, '2.971\xa0\xa02.971', '0.606\xa0\xa00.606', -1, -1, '1.116\xa0\xa01.116', -1, -1, -1, -1, '0.563\xa0\xa00.563', -1, '0.086\xa0\xa00.086', -1, '0.253\xa0\xa00.253', -1, -1, -1, -1, '3.820\xa0\xa03.820', -1, '22.750\xa0\xa022.750', '1.839\xa0\xa01.839', '3.737\xa0\xa03.737', '1.921\xa0\xa01.921', -1, '4.219\xa0\xa04.219', -1, -1, -1, -1, '0.893\xa0\xa00.893', -1, -1, -1, -1, -1, '0.237\xa0\xa00.237', -1, -1, -1, '1.488\xa0\xa01.488', '1.924\xa0\xa01.924', -1, '0.042\xa0\xa00.042', '0.353\xa0\xa00.353', '0.613\xa0\xa00.613', '0.444\xa0\xa00.444', '0.516\xa0\xa00.516', -1]"
CHERVIL_(Anthriscus_cerefolium_L.)_16500.html,"[-1, -1, -1, -1, -1, -1, -1, -1, -1, -1, -1, -1, -1, -1, -1, -1, -1, -1, -1, -1, -1, -1, -1, -1, -1, -1, -1, -1, -1, -1, -1, -1, -1, -1, -1, -1, -1, -1, -1, -1, -1, -1]"
CAPERS_(Capparis_spinoza)_29100.html,"[-1, '3.78', '27.97', -1, '139.18', '19.26', -1, '15.74', '18.4', '50.5', '32.47', '13.7', '25.37', '31.65', '26.32', '50.06', '18.64', '33.58', '22.89', '1.63', '4.37', '7.63', '1.97', '3.24', '9.33', -1, '1.33', -1, -1, '3.16', -1, '82.77', '1.66', -1, -1, -1, -1, -1, -1, -1, -1, -1, '7.8', -1, -1, -1, '11.68', '2.34', -1, -1, '15.77', -1, -1, '5.19', '16.94', '137.2', '219.89', '40.16', -1, -1, '4.61', '29', '48.09', '11.66', -1, -1, -1, -1, '1.38', -1, '14.24', -1, '4.93', '1.34', -1, -1, '5.1', '7.48', '3.8', '21.78', '52.92', -1, '0.34', -1, -1, '11.32', '12.25', '7.41', '5.32', -1, '7.93', '10.83', -1, -1, '311.34', '26.68', '5.48', -1, -1, -1, -1, '396.63', -1, -1, -1, -1, -1, '3.1', -1, -1, -1, -1, -1, -1, -1, -1, '3.06', -1, -1, -1, -1, '33.14', -1, -1, -1, -1, -1, '19.22', '1.97', -1, -1, -1, -1, '46.12', -1, -1, '25.36', '3.08', '32.48', -1, -1, -1, -1, -1, -1, -1, -1, -1, -1, '31.03', -1, '9.65', '730.05', -1, '4.8', -1, '9.13', -1, '64.28', -1, -1, -1, -1, -1, '0.32', -1, '13.4', -1, '34.81', -1, -1, -1, '0.34', '14.98', '5.55', -1, -1, -1, '18.59', '5.52', '14.65', '149.01', '128.62', '16.32', '22.65', '2.64', '40.6', '239.63', '4.76', '12.61', '20.8', '6.24', '13.11', '12.38', '23.26', '138.61', -1, '28.89', '16.29', '8.98', -1, '6.34', '0.55', '21.22', -1, -1, -1, -1, -1, -1, -1, -1, -1, -1, -1, '1.27', -1, -1, -1, -1, -1, -1, -1, -1, -1, -1, -1, '441.22', -1, -1, -1, -1, -1, '17.62', '0.76', -1, -1, -1, '4.96', -1, -1, -1, -1, -1, -1, -1, '0.5', -1, -1, -1, '5.7', -1, -1, -1, -1, -1, -1, -1, '29.88', -1, '6.63', -1, -1, -1, -1, -1, -1, -1, -1, -1, -1, -1, -1]"
BLACK_PEPPER_FRUIT_(cv._Cingapura)_3819.html,"[-1, -1, -1, -1, -1, -1, -1, -1, -1, -1, -1, -1, -1, -1, -1, -1, -1, -1, -1, -1, -1, -1, -1, -1, -1, -1, -1, -1, -1, -1, -1, -1, -1, -1, -1, -1, -1, -1, -1, -1, -1, -1, -1, -1, -1]"
WHITE_PEPPER_WHOLE_CORNS_(Piper_nigrum_L.)_3806.html,"['26\xa0—\xa092', -1, -1, '3.2\xa0—\xa08.1', '36\xa0—\xa0117', '1.1\xa0—\xa03.8', '2.1\xa0—\xa047', '3.7\xa0—\xa015']"
HEAT-PROCESSES_LICORICE_(Succus_Liquiritiae)_14551.html,"['0.00183\xa0\xa00.00183', '0.0153\xa0\xa00.0153', '0.00357\xa0\xa00.00357', '0.00210\xa0\xa00.00210', '0.00005\xa0\xa00.00005', '0.00010\xa0\xa00.00010', '0.00007\xa0\xa00.00007', '0.00754\xa0\xa00.00754', '4.980\xa0\xa04.980', '0.00026\xa0\xa00.00026', '0.664\xa0\xa00.664', '0.202\xa0\xa00.202', '0.00005\xa0\xa00.00005', '0.00019\xa0\xa00.00019', '0.00004\xa0\xa00.00004', '1284\xa0\xa01284', '3.750\xa0\xa03.750', '0.0990\xa0\xa00.0990', '0.0970\xa0\xa00.0970', '9.060\xa0\xa09.060', '11.00\xa0\xa011.00', '2.490\xa0\xa02.490', '1.150\xa0\xa01.150', '0.318\xa0\xa00.318', '0.00043\xa0\xa00.00043', '0.00004\xa0\xa00.00004', '0.00071\xa0\xa00.00071', '0.00173\xa0\xa00.00173', '0.0448\xa0\xa00.0448', '0.00038\xa0\xa00.00038', '0.356\xa0\xa00.356', '0.00006\xa0\xa00.00006', '0.00075\xa0\xa00.00075', '0.00072\xa0\xa00.00072', '0.0567\xa0\xa00.0567', '0.339\xa0\xa00.339', '0.407\xa0\xa00.407', '6.600\xa0\xa06.600', '0.610\xa0\xa00.610', '3.630\xa0\xa03.630', '226.0\xa0\xa0226.0', '0.00108\xa0\xa00.00108']"
CUMIN_SEED_(Cuminum_cyminum_L.)_3300.html,"['2000\xa0—\xa06800', '2000\xa0—\xa011000', '100\xa0—\xa04500', 'trace\xa0—\xa016900', '700\xa0—\xa04300', 'trace\xa0—\xa0800', '74200\xa0—\xa0295000', '200\xa0—\xa0400', '2000\xa0—\xa05000', 'trace\xa0—\xa09000', '1800\xa0—\xa013000', '29800\xa0—\xa0201000', '200\xa0—\xa0400', '2200\xa0—\xa04800', '100\xa0—\xa0200', '0\xa0—\xa0900', '1000\xa0—\xa08000', '200\xa0—\xa02800', '46100\xa0—\xa0120100', '300\xa0—\xa0900', 'trace\xa0—\xa028000', 'trace\xa0—\xa0800', '1000\xa0—\xa02200', 'trace\xa0—\xa02000', 'trace\xa0—\xa01100', '164000\xa0—\xa0324000', '2100\xa0—\xa07000', 'trace\xa0—\xa0122600', '244800\xa0—\xa0492000', 'trace', 'trace', '0\xa0—\xa0200', '600\xa0—\xa01900', '0\xa0—\xa0300', '0\xa0—\xa0300']"
WHITE_PEPPER_(Piper_nigrum_L.)_3802.html,"[-1, -1, '16368', -1, -1, -1, '17655', '1960', -1, -1, -1, -1, -1, '49170', '73590', -1, -1, -1, -1, -1, -1, -1, -1, -1, -1, -1, -1, -1, '9702', '38808', -1, '70290', -1, -1, -1, -1, -1, -1, -1, -1, -1, -1, -1, -1, -1, -1, -1, -1, -1, -1, -1, -1, -1, -1, -1, -1, -1, -1, -1, -1, -1, '3630', -1, -1, -1, -1, -1, -1, -1, -1, -1, -1, -1, -1, -1, -1, -1, -1, -1, -1, -1, -1, -1, -1, -1, -1, -1, -1, -1, -1, -1, -1, -1, '214', '37', '104', -1, -1, '3762', -1, -1, -1, -1, -1, -1, -1, -1, '19\xa0—\xa02591', '61', '2.5\xa0—\xa0144', '22\xa0—\xa01261', '23\xa0—\xa01855', -1, -1, -1, -1, -1, -1, -1, -1, -1, -1, '0\xa0—\xa086', -1, -1, -1, -1, -1, -1, -1, -1, -1, -1, -1, -1, -1, -1, -1, -1, -1, -1, -1, '1591', -1, -1, -1, -1, -1, -1, -1, '0.8\xa0—\xa026', '0\xa0—\xa0409', -1, -1, '31', -1, -1, -1, -1, -1]"
DILL_SEED_(Anethum_graveolens_L.)_14420.html,"[-1, -1, -1, '1750', -1, -1, '2522', -1, -1, -1, -1, -1, -1, -1, -1, -1, -1, -1, -1, -1, -1, -1, -1, -1, -1, -1, -1, -1, -1, -1, -1, -1, -1, -1, -1, -1, '14108', 'trace', '895000', -1, -1, -1, -1, -1, -1, -1, -1, -1, -1, -1, -1, -1, -1, -1, -1, -1, '7636']"
Raw_LICORICE_(Glycyrrhiza_glabra_L.)_14510.html,"['600\xa0\xa0600', -1, -1, -1, -1, -1, -1, -1, '1.06', -1, -1, -1, -1, '0.0339', '0.0294', '4.75', -1, '0.0372', '0.145', '0.0273', '0.0355', '0.0307', '0.0534', '0.0216', '0.0912', '0.421', '0.0158', '0.0449', '0.00073', '0.00118', '0.00005', '0.0002', '0.0307', '223', '1.57', '0.174', '0.19', '0.58', '63.1', '0.376', '0.00693', -1, -1, -1, -1, -1, -1, -1, -1, '1.11', -1, -1, -1, -1, -1, '0.00553', -1, -1, '0.00941', -1, -1, '0.0244', '0.00922', -1, -1, '0.00217', '0.00172', '0.00001', '0.0969', -1, '0.0518', '0.0555', '0.211', '0.473', '2.84', '0.0297', -1, '0.32', -1, -1, -1, '0.00233', '0.0241', -1, '0.00333', -1, '0.0044']"
BITTER_FENNEL_FRUIT_SEED_16140.html,"['1150', '690', '442', '248', '1800', '1800', -1, '2.8', '2.8', '2.8', '130', '0.5', '45', '0.058', '19', '180', '180', '6500', '0.007', '170', '1080', -1, '68', '23000', '0.027', '0.067', '10', '14', '0.15']"
DILL_HERB_(Anethum_graveolens_L.)_14410.html,"['0.06', '0.08\xa0—\xa06.8', '0.08', '<0.01', '0.14\xa0—\xa00.3', '0.13\xa0—\xa00.28', '0.1', '0.1\xa0—\xa01', '0.2', '0.3', '0.17\xa0—\xa00.39', '0.11', '0.17\xa0—\xa00.3', '0.08', '2', -1, '0.66\xa0—\xa04', '30\xa0—\xa0681', -1, -1, '11.1\xa0—\xa0120', 'trace\xa0—\xa061.5', 'trace\xa0—\xa01', 'trace\xa0—\xa03', '3.3\xa0—\xa051', -1, -1, -1, '1.1\xa0—\xa025', -1, -1, '0.13\xa0—\xa02', -1, -1, 'trace\xa0—\xa00.15', 'trace', 'trace\xa0—\xa00.5', -1, '0.07\xa0—\xa00.15', '0.05', '<0.01', '0.1', '5\xa0—\xa044', -1, '0.1', '<0.01', '<0.01', '0.08', '0.07', '0.16', '0.29\xa0—\xa01.4', '<0.5\xa0—\xa010.2', '<0.01', '0.01', '<0.01', '<0.01', '<0.01', '0.04', '0.04', '0.09\xa0—\xa03.6', '0.05', '0.26\xa0—\xa01.1', '0.15\xa0—\xa00.34', '0.04', -1, '0.44\xa0—\xa00.98', '0.12', -1, -1, -1, '0.12', '0.1\xa0—\xa00.23', '0.47\xa0—\xa01', '0.03', '0.05', '0.1', '<0.01', '<0.01', '<0.01', '<0.01', '<0.01', '0.01', '<0.01', '<0.01', '0.1', '<0.01', -1, '<0.01', '0.04', -1, -1, -1, '0.11\xa0—\xa00.26', '0.09', '0.09', -1, -1, '<0.01', -1, '<0.01', '0.31\xa0—\xa00.71', '0.09', '<0.01', -1, 'trace\xa0—\xa02', '0.09\xa0—\xa00.21', '0.45\xa0—\xa01', '0.09\xa0—\xa00.19', '1.49\xa0—\xa03.3', '<0.01', '<0.01', '<0.5\xa0—\xa01.2', -1, -1, '<0.01', '<0.01', -1, -1, -1, -1, '<0.01', -1, '0.23\xa0—\xa00.6', '0.4\xa0—\xa00.89', '0.06\xa0—\xa00.6', -1, -1, -1, '1\xa0—\xa046.9', '4\xa0—\xa023', '0.42\xa0—\xa00.84', '24\xa0—\xa01110', -1, -1, -1, -1, -1]"
VINEGAR_(industrial_from_Ulugbey_Karasi_red_wine)_4004.html,"[-1, -1, -1, -1, -1, -1, -1, -1]"
QUASSIA_AMARA_37200.html,"[-1, -1, -1, -1, -1, -1, -1, -1, -1, -1]"
CURCUMA_PIERREANA_GAGNEP._(rhizome_oil)_18687.html,"[-1, -1, -1, -1, -1, -1, -1, -1, -1, -1, -1, -1, -1, -1, -1, -1, -1, -1, -1, -1, -1, -1, -1, -1, -1, -1, -1, -1, -1, -1, -1, -1, -1, -1]"
"BLACK_SESAME_SEED_OIL_(cold-pressed,_fresh)_35402.html","[-1, -1, -1, -1, -1, -1, -1, -1, -1, -1, -1, -1, -1, '70', '50930', '290', '30760', '223990', '241770', '1460', '4680', '930', '670', -1, -1, -1, -1, -1]"
APPLE_MINT_OIL_(Mentha_suaveolens)_3580.html,"['0\xa0—\xa0200', '0\xa0—\xa0900', '0\xa0—\xa0500', '7000', '400\xa0—\xa04000', '<100', '<100\xa0—\xa01000', '1200\xa0—\xa02000', '1000', '4000\xa0—\xa02918000', '<100', '5500', 'trace', '0\xa0—\xa085000', 'trace\xa0—\xa039600', '0\xa0—\xa064800', '0\xa0—\xa06700', '1000', '100', '0\xa0—\xa040100', '0\xa0—\xa02600', '0\xa0—\xa02300', '7000', '4000\xa0—\xa030100', '5800\xa0—\xa020700', '8400\xa0—\xa085100', '5400', '3400', '0\xa0—\xa05400', '1700\xa0—\xa017400', '0\xa0—\xa0900', '0\xa0—\xa04100', '<100\xa0—\xa051800', '<100', '6000', '<100', '5800\xa0—\xa018700', 'trace', '<100\xa0—\xa01000', 'trace', '0\xa0—\xa04300', '0\xa0—\xa04900', 'trace', '483200', '37600', '<100', '1000\xa0—\xa011100', '1000', 'trace\xa0—\xa0100', '3000', '0\xa0—\xa04400', '0\xa0—\xa018200', '0\xa0—\xa05900', 'trace\xa0—\xa012800', '1000\xa0—\xa04000', '6000\xa0—\xa017000', '3100\xa0—\xa011800', '3400\xa0—\xa010400', '1000', '0\xa0—\xa0800', '0\xa0—\xa022000', '0\xa0—\xa02100', '6000', '3700\xa0—\xa017900', '3000\xa0—\xa089000', '1000\xa0—\xa015800', '30300', '1000\xa0—\xa0202700', '<100', '1000', '20000', '0\xa0—\xa012800', '247200\xa0—\xa0557400', '3000', '3200', '34000', '1600', '2200\xa0—\xa099800', '0\xa0—\xa017300', '0\xa0—\xa020300', '3700\xa0—\xa014400', '4000', '0\xa0—\xa01800', '<100\xa0—\xa05000', '6000', '13000\xa0—\xa013300', '405000', '127000', '0\xa0—\xa03700', '0\xa0—\xa02400', '0\xa0—\xa02400', '<100', '<100', '0\xa0—\xa020200', '0\xa0—\xa05100', '1400\xa0—\xa02700']"
CARAWAY_HERB_14910.html,"['trace\xa0—\xa02000', '11000\xa0—\xa014000', 'trace', 'trace', '7000\xa0—\xa0436000', -1, '1000', '0\xa0—\xa07000', '5000\xa0—\xa020000', '751000\xa0—\xa0808000', '8000', 'trace', '23000\xa0—\xa030000', '0\xa0—\xa05000', '60000\xa0—\xa065000', -1, -1, '7000', 'trace', '541000\xa0—\xa0616000']"
CURCUMA_PIERREANA_GAGNEP._(stem_and_leaf_oil)_18688.html,"[-1, -1, -1, -1, -1, -1, -1, -1, -1, -1, -1, -1, -1, -1, -1, -1, -1, -1, -1, -1, -1, -1, -1, -1, -1, -1, -1, -1, -1, -1, -1, -1, -1, -1, -1, -1, -1, -1, -1, -1, -1, -1, -1, -1]"
CALAMINTHA_NEPETA_OIL_29700.html,"['<1000\xa0—\xa09000', '<1000\xa0—\xa05000', '<100\xa0—\xa011000', -1, '400', '300\xa0—\xa05000', '<100\xa0—\xa09000', '0\xa0—\xa03000', '7000\xa0—\xa055000', '0\xa0—\xa06000', '500', '2600', '3000\xa0—\xa023000', '0\xa0—\xa06000', '2000\xa0—\xa06000', '2000\xa0—\xa08000', '600', '400', '1000\xa0—\xa04000', '2000\xa0—\xa062000', '<100', '700', '300', '1900', '200', '300', '400', '1000\xa0—\xa021000', '4600', '5000\xa0—\xa075000', '306100', '10700', '3500', '4500', '0\xa0—\xa02000', '1000\xa0—\xa024000', '200', '900', '40000\xa0—\xa0171200', '2000\xa0—\xa067000', '4000', '115000\xa0—\xa0680000', '<100', '4000\xa0—\xa038000', '0\xa0—\xa014000', '<100', '300', '400', '0\xa0—\xa025000', '0\xa0—\xa019000', '<100', '<100', '11000\xa0—\xa0170000', '0\xa0—\xa0378000', '1000', '13100', '600']"
SAFFRON_(Crocus_sativus_L.)_3900.html,"[-1, -1, -1, '206\xa0—\xa04080', -1, -1, '840\xa0—\xa01200', -1, -1, -1, -1, -1, -1, -1, -1, -1, -1, -1, -1, -1, -1, -1, -1, -1, -1, -1, -1, -1, -1, -1, -1]"
ROSEMARY_(Rosmarinus_officinalis_L.)_17600.html,"['<1000', '600', '500', '3500\xa0—\xa071100', '3700', 'trace', '1400', -1, -1, -1, -1, '4000\xa0—\xa04800', '4000\xa0—\xa07700', '3900\xa0—\xa04400', '5100\xa0—\xa048000', -1, -1, 'trace', '400\xa0—\xa04100', 'trace\xa0—\xa012800', '9500\xa0—\xa011700', '14000\xa0—\xa0133900', -1, -1, '3100\xa0—\xa078000', -1, -1, '6700\xa0—\xa094900', -1, -1, '1100', '1000', '1400', -1, -1, '3200\xa0—\xa010200', '1000\xa0—\xa03900', '800\xa0—\xa02600', '1700\xa0—\xa03500', 'trace', '300\xa0—\xa02000', '1500', '1600', '10000\xa0—\xa048000', 'trace', '400\xa0—\xa04300', '1500', '800', 'trace', '<1000', '3800', '3000\xa0—\xa03800', '4100', '10200\xa0—\xa042000', 'trace', '1500', 'trace', 'trace', -1, -1, '1100', '1800', '11700', -1, '12700', -1, '3800\xa0—\xa058000', -1, 'trace\xa0—\xa01300', 'trace', 'trace', '15200\xa0—\xa018700', 'trace', 'trace', 'trace\xa0—\xa010000', -1, -1, '3900', 'trace', -1, '34700\xa0—\xa0155600', '3400', -1, 'trace', -1, -1, '1900', '2200', '<1000', -1, '2900', '7600', -1, '1000', '1000', '1000\xa0—\xa02600', '101000\xa0—\xa0331600', -1, -1, '1500\xa0—\xa03900', '8000', '300\xa0—\xa083600', '0.086', '2800', '4800', -1, '12000\xa0—\xa029000', '49400', '4000', '112000\xa0—\xa0445000', 'trace', 'trace', 'trace', 'trace', 'trace', 'trace', 'trace\xa0—\xa06900', 'trace', 'trace', 'trace', 'trace', 'trace\xa0—\xa01200', '1800\xa0—\xa03700']"
CARAWAY_ROOT_14930.html,"['trace\xa0—\xa04000', 'trace\xa0—\xa03000', 'trace\xa0—\xa02000', 'trace\xa0—\xa04000', -1, '8000\xa0—\xa023000', '124000\xa0—\xa0472000', '100000\xa0—\xa0101000', '2000\xa0—\xa06000', '3000\xa0—\xa06000', '2000\xa0—\xa012000', '35000\xa0—\xa039000', '0\xa0—\xa014000', 'trace', '131000\xa0—\xa0203000', '24000\xa0—\xa074000', '130000', '13000']"
CYMBOPOGOM_NARDUS_(citronella)_OIL_25430.html,"['21200', '3500', '14500', '2200', 'trace', '12800', '4300', '3200', '2800', '3300', '41300', '8900', '4700', '12600', '16500', '4800', '12100', '11800', '3300', '16500', '294700', '32600', '6200', '9000', '4900', '10200', '9100', '2500', '5600', '23800', '5400', '87900']"
LOVAGE_SEED_14720.html,"[-1, '43000\xa0—\xa092000', '8100', '1300', '15000\xa0—\xa019900', '4000', -1, '24000\xa0—\xa028700', '585000\xa0—\xa0631500', '2000\xa0—\xa03000', '1000', '1100\xa0—\xa02000', '30600\xa0—\xa033000', '5000', -1, '16000\xa0—\xa020000', '3000\xa0—\xa05100', '2000\xa0—\xa03000', -1, '1100', '3000\xa0—\xa08500', -1, -1, '1000', '700', '1000', -1, -1, '400', '1000', -1, '300', '1700\xa0—\xa08000', '1000', -1, '1100', -1, -1, -1, -1, -1, '1700', -1, -1, -1, '30700\xa0—\xa044000', '1000', -1, -1, -1, '200', -1, '40000\xa0—\xa076000', '56000', '3000', '200', '78000\xa0—\xa079000', '1000']"
"BLACK_SESAME_SEED_OIL_(cold-pressed,_old)_35404.html","[-1, -1, -1, -1, -1, -1, -1, -1, -1, -1, -1, -1, -1, -1, '60', '41200', '230', '22980', '195430', '215490', '1340', '4350', '830', '570', -1, -1, -1, -1, -1]"
"GINGER,_OTHER_TYPES_3403.html","[-1, -1, -1, '6500', -1, -1, -1, -1, '15000', -1, -1, -1, -1, '8000', -1, '252000', '32000\xa0—\xa034000', '6000\xa0—\xa050000', '58000\xa0—\xa0219000', '600', -1, '13000', -1, -1, -1, '16000', '1300', -1, -1, '8500', -1, -1, -1, -1, -1, -1, -1, -1, -1, -1, -1, -1, -1, -1, -1, -1, -1, -1, -1, -1, -1, -1, -1, -1, '5000\xa0—\xa09000', -1, -1, -1, -1, -1, '60000', -1, -1, '11400', -1, -1, -1, -1, -1, '19000', -1, '5000', -1, -1, -1, -1, -1, -1, -1, -1, -1, -1, -1, -1, -1, -1, -1, -1, -1, -1, -1, -1, -1, -1, -1, -1, -1, -1, -1, -1, -1, -1, -1, -1, -1, -1, -1, -1, -1, -1, -1, -1, -1, -1, -1, -1, -1, -1, -1, -1, -1, -1, -1, -1, '212000', '42000\xa0—\xa052000', '4000', -1, -1, -1, -1, -1, -1, '4600', -1, '8200', '148000', -1, -1, -1, -1, -1, '28000', -1, -1, -1, -1, -1, -1, '800', '18000\xa0—\xa0416000', -1, -1, '1600', -1, -1, -1, -1, -1, -1, '46000', '3000', -1]"
Heated_LICORICE_(Glycyrrhiza_glabra_L.)_14520.html,"['trace', 'trace\xa0—\xa00.3', '1.5', '1.6', '0.3', 'trace\xa0—\xa00.3', '0.1\xa0—\xa00.3', '0.3', 'trace\xa0—\xa00.3', 'trace\xa0—\xa00.3', 'trace\xa0—\xa00.3', 'trace\xa0—\xa025.8', 'trace\xa0—\xa00.3', 'trace\xa0—\xa00.3', 'trace\xa0—\xa03', 'trace\xa0—\xa00.3', 'trace', 'trace', '0.4', -1, -1, -1, -1, '<0.3', '<0.3', '6.6', '2.4', '0.3', -1, '0.7', '<0.3', '14.7', '7.2', '7.5', -1, '<0.3', '8\xa0—\xa010.2', '<0.3', -1, '<0.3', '<0.3', '<0.3', '0.8', -1, -1, -1, -1, '0.00183\xa0—\xa05.4', '1.1', '<0.3', '3.7', '<0.3\xa0—\xa01.1', -1, '14.4', -1, '22.5', '6.1\xa0—\xa021.6', -1, '8.1', '0.0153', '0.00357', '0.0021\xa0—\xa00.3', '1.5', '<0.3', '0.2', '0.00005', '0.0001', '<0.3', -1, '0.00007', '<0.3', '<0.3', '<0.3', '0.00754\xa0—\xa022.5', -1, '0.6', '4.98', 'trace\xa0—\xa00.00026', -1, '0.5', '<0.3', '<0.3', -1, -1, -1, '0.664', -1, '0.202', '0.4', '0.1', '2.2', '<0.3', '0.00005', '0.4', '0.2', '1.3', -1, 'trace', '<0.3', '0.3', -1, '26.7', '0.00019', '0.00004', '<0.3', -1, '14.4', '0.3', -1, '0.09', -1, -1, '1.8\xa0—\xa01284', -1, 'trace', '1.6\xa0—\xa03.75', '0.099', '0.097', '3.9\xa0—\xa09.06', '11\xa0—\xa0148', '<0.3\xa0—\xa011.9', '2.49\xa0—\xa034.2', '2.2\xa0—\xa05.4', '0.5\xa0—\xa014.1', 'trace\xa0—\xa012.6', '0.09\xa0—\xa00.3', 'trace\xa0—\xa00.3', 'trace\xa0—\xa00.3', 'trace\xa0—\xa00.6', '15.5', -1, -1, '1.15', -1, '3.7', '<0.3', '0.4', '0.3', '0.6', -1, -1, -1, '0.8', -1, -1, -1, '0.8', -1, -1, -1, '0.318\xa0—\xa06.3', '0.00043', '3.6', '5', '0.00004', -1, -1, -1, -1, -1, '<0.3\xa0—\xa02.1', -1, -1, -1, '<0.3', '0.00071', '0.00173', '<0.3', '0.0448', -1, '0.00038', '1.5', '0.356', '1.3', '<0.3', '0.2\xa0—\xa00.3', '<0.3', '0.00006\xa0—\xa00.3', -1, -1, '0.8', '0.3', '0.00075\xa0—\xa00.3', '0.00072\xa0—\xa01.9', -1, '1.8', '0.4', '0.0567\xa0—\xa00.8', '0.339\xa0—\xa01.1', -1, 'trace\xa0—\xa00.407', -1, -1, '1', '1.5', '5.1', '6.6', '1.8', '<0.3\xa0—\xa02', -1, '0.03\xa0—\xa00.7', '<0.3\xa0—\xa01.6', '<0.3', -1, -1, '0.61', '3.63', -1, -1, -1, -1, '<0.3', -1, -1, -1, -1, -1, -1, -1, -1, -1, -1, '0.9', '226', -1, '0.00108']"
BLACK_PEPPER_LEAF_(cv._Guajarina)_3814.html,"[-1, -1, -1, -1, -1, -1, -1, -1, -1, -1, -1, -1, -1, -1, -1, -1]"
CALAMUS_(EUROPEAN_ORIGIN)_14310.html,"['2500', '<1000', -1, '<1000', '<1000', '2400', '<1000', '2400', -1, -1, '1900', '<1000', '<1000', -1, '4800', '5400', '2500', -1, -1, '1600', -1, -1, '15000', '<1000', '<1000', '<1000', '17400', '38400', '5500', '19400', -1, -1, '<1000', '4900', '5100', '<1000', '<1000', '<1000', '<1000', '<1000', '67400', -1, '13800', -1, -1, '35500', -1, -1, '2000', -1, -1, '<1000', '<1000', -1, '11100', -1, -1, -1, '<1000', '<1000', '<1000', '<1000', -1, -1, '3100', '3400', '<1000', -1, -1, -1, -1, '4900', '<1000', '2100', '52100', '2400', '1900', '7100', '<1000', -1, -1, -1, -1, -1, -1, -1, -1, -1, -1, -1, -1, -1, -1, -1, -1, -1, -1, -1, -1, -1, -1, '<1000', -1, -1, '25900', '12400', '3600', '62500', -1, '10200', 'trace', '<1000', '<1000', '<1000', '<1000', '31700', -1, '<1000', '81200', '7100', '4800', -1, '<1000', -1, '32400', -1, -1, '<1000', -1, -1, -1, -1, -1, -1, '<1000', '<1000', '<1000', '2400', '<1000', '<1000', -1, -1, '<1000', '13800', '5600', -1, -1, '5700', '3300', '2600', -1, '<1000', '4900', '33000\xa0—\xa0112000', '<1000', '<1000', '<1000', '<1000', -1, -1, '<1000', '4800', '1600', '<1000', '<1000']"
JUNIPER_BERRY_15010.html,"[-1, -1, -1, -1, -1, -1, -1, -1, -1, -1, -1, -1, -1, -1, -1, -1, -1, -1, -1, -1, -1, -1, -1, -1, -1, -1, -1, -1, -1, -1, -1, -1, -1, -1, -1, -1, -1, -1, -1, -1, -1, -1, -1, -1, -1, -1, -1, -1, -1, -1]"
BLACK_PEPPER_FRUIT_(cv._Bragantina)_3818.html,"[-1, -1, -1, -1, -1, -1, -1, -1, -1, -1, -1, -1, -1, -1, -1, -1, -1, -1, -1, -1, -1, -1, -1, -1, -1, -1, -1, -1, -1, -1, -1, -1, -1, -1, -1, -1, -1, -1, -1, -1, -1, -1, -1, -1, -1, -1, -1, -1, -1]"
CURCUMA_HEYNEANA_VAL._18680.html,"['71000', '26000', '3000', '2000', '2000', '<500', '11000', '13000', '<500', '<500', '4000', '1000', '2000', '20000', '2000', '2000', '5000', '7000', '<500', '7000', '5000', '47000', '86000', '74000', '10000', '8000', '18000', '20000', '23000', '102000', '71000', '11000', -1, -1, '26000', '37000']"
"BLACK_POPPY_SEED_OIL_(cold-pressed,_fresh)_35301.html","[-1, -1, -1, -1, -1, -1, -1, -1, -1, -1, -1, -1, -1, -1, -1, -1, -1, -1, -1, -1, -1, -1, -1, -1, -1, -1, -1, -1, -1, -1, -1, '180', '80', '42570', '290', '11210', '95780', '390240', '3940', '1500', '120', '140', -1, -1, -1, -1, -1, -1, -1]"
Heated_LICORICE_(Glycyrrhiza_uralensis)_14530.html,"['0.05', '0.08', '0.21', '0.06', '1.16', '0.05', '3.01', '0.24', '0.31', '1.01', '1.62', '0.12', '0.36', '0.26', '1.12', '0.88', '0.3', '3.03', '3.15', '0.49', '1.58', '0.2', '0.42', '0.14', '0.1', '1.38', '1.2', '0.85', '0.19', '5.94', '1.74', '0.08', '0.17', '0.36', '0.09', '0.74', '0.23', '1.15', '0.35', '0.1', '0.15', '0.41', '0.02', '0.37', '0.62', '0.64', '0.16', '0.05', '0.46', '0.46', '0.14', '0.6', '0.11', '0.65', '0.07', '0.13', '0.73', '0.16', '1.52', '0.21', '0.13', '0.48', '0.2', '0.65', '0.07', '0.35', '0.06', '0.16', '0.31', '0.06', '1.41', '1.41', '2.13', '0.19', '0.12', '0.63', '0.94', '0.83', '1.44', '0.45', '0.81', '1.54', '0.11', '0.67', '0.17', '0.81', '0.45', '3.07', '0.44', '0.56', '0.83', '0.53', '0.34', '0.18', '0.1', '0.03', '0.07', '0.08', '0.04', '0.07', '0.7', '0.28', '0.06', '0.12', '0.06', '0.45', '0.22', '0.91', '0.19', '0.35', '0.6', '1.91', '0.06', '0.09', '0.67', '0.13', '0.05', '0.04', '0.02', '0.57', '0.4', '0.13', '0.09', '0.07', '0.53']"
CALAMUS_(ASIAN_ORIGIN)_14320.html,"['500', '<100', '<100', '<100', '<100', '<100', '1300', '<100', -1, '<100', '1400', '4200', '1400', '700', '400', '<100', '<100', '<100', '2100', '<100', '100', '<100', -1, '1700', '<100', '<100', '8900', '<100', '400', '1000', '<100', '4500', '600', '1100', '400', '4200', '900', '<100', '<100', '3700', '3800\xa0—\xa012500', '1100\xa0—\xa040200', '1200', '4600\xa0—\xa013400', '9100', -1, '300', '3300', -1, -1, -1, -1, '<100', '<100', '<100', '<100', '<100', '900', '200', '13300', '1600', '<100', '5800', '12900', '68000', '776800\xa0—\xa0965000', '<100', '10200', '1500', '600', '200']"
CORIANDER_LEAF_(=CILANTRO)_(Coriandrum_sativum_L.)_11900.html,"['36000', '2000\xa0—\xa06000', '1000', '30000\xa0—\xa045000', '6000', '7000\xa0—\xa014000', '1000', '18000\xa0—\xa021000', '2000\xa0—\xa03000', '2000', '1000', '1000', '3000', '11000\xa0—\xa026000', 'trace\xa0—\xa01000', -1, '2000', '13000', -1, '24000', -1, -1, '1000', -1, 'trace', -1, '23000', '1000', '675000', '15000', '4000', '3000', '4000', 'trace', -1, '5000', -1, '1000', -1, -1, -1, '132000\xa0—\xa0148000', '270000', '268000', -1, 'trace', -1, -1, -1, -1, '2000\xa0—\xa07000', '48000', -1, -1, -1, -1, -1, '5000\xa0—\xa06000', '55000', '27000', -1, '4000', -1, -1, -1, '20000', -1, -1, -1, -1, 'trace', 'trace', -1, -1, -1, -1, -1, -1, -1, '13000', '89000', '2000\xa0—\xa017000', '1000', '1000', '3000', -1]"
XYLOPIA_PARVIFLORA_(A._RICH)_BENTH._24420.html,"['54000', '4000', '20000', '11000', '9000', '7000', '140000', '400000', '40000', '4000', '22000', '13000', '12000', '5000', '13000', '30000', '10000', '3000', '5000', '6000', '27000', '22000', '4000', '15000', '4000', '8000', '14000', '6000']"
THYMUS_ZYGIS_L._4320.html,"['500', '3000\xa0—\xa020300', '2300', '0\xa0—\xa022200', '0\xa0—\xa0101000', '0\xa0—\xa04400', '6000\xa0—\xa034000', '0\xa0—\xa018600', '1000\xa0—\xa03000', 'trace', '2000\xa0—\xa09000', '0\xa0—\xa03000', 'trace', 'trace', '100', '0\xa0—\xa09000', '1700', 'trace', '300', '3500\xa0—\xa031000', 'trace', 'trace', '500', 'trace', '100', 'trace', 'trace', 'trace', '190100\xa0—\xa0285000', 'trace', '200', 'trace', 'trace', '1500', -1, '3000\xa0—\xa040000', 'trace\xa0—\xa01300', 'trace\xa0—\xa02800', '1300\xa0—\xa011000', -1, 'trace', 'trace', 'trace', 'trace\xa0—\xa035000', '31000', 'trace', -1, 'trace', '0\xa0—\xa016900', 'trace', '1400', '1000', 'trace', '11900', -1, 'trace\xa0—\xa01200', '14400', '5500', '11000\xa0—\xa0476000', '26000\xa0—\xa0429000', 'trace', '0\xa0—\xa045000', 'trace\xa0—\xa098000', 'trace']"
LOVAGE_LEAF_14710.html,"[-1, -1, -1, -1, -1, -1, -1, -1, -1, -1, -1, -1, -1, -1, -1, -1, -1, -1, -1, -1, -1, -1, -1, -1, -1, -1, -1, -1, -1, -1, -1, -1, -1, -1, -1, -1, -1, -1, -1, -1, -1, -1, -1, -1, -1, -1, -1, -1, -1, -1, -1, -1, -1, -1, -1, -1, -1, -1, -1, -1, -1, -1, -1, -1, -1, -1, -1, -1, -1, -1, -1, -1, -1, -1, -1, -1, -1, -1, -1, -1, -1, -1, -1, -1, -1, -1, -1, -1, -1, -1, -1, -1, -1, -1, -1, -1, -1, -1, -1, -1, -1, -1, -1, -1, -1, -1, -1, -1, -1, -1]"
ANISE_OIL_3010.html,"[-1, '0\xa0—\xa0100', -1, 'trace', 'trace', 'trace\xa0—\xa0100', 'trace', '100\xa0—\xa03100', -1, '1300', '1500', '500', '1200', '0\xa0—\xa0100', -1, -1, '0\xa0—\xa0200', -1, -1, '9900', '8000\xa0—\xa023700', -1, 'trace\xa0—\xa0300', '0\xa0—\xa02600', '2200\xa0—\xa04000', '0\xa0—\xa03000', '0\xa0—\xa0200', '5300\xa0—\xa025000', '7800', '3000\xa0—\xa014800', '1000', '2600\xa0—\xa04000', '100', '9000', '9700\xa0—\xa027000', '1000\xa0—\xa05000', '100\xa0—\xa049500', '2200\xa0—\xa011000', '752000\xa0—\xa0961000', -1, '9000', '1200\xa0—\xa02000', '100\xa0—\xa04600', -1]"
"PINEAPPLE_MINT_OIL_(Mentha_suaveolens_""Variegata""_3585.html",[]
CINNAMON_LEAF_(Cinnamomum_zeylanicum_Blume)_3104.html,"['trace', -1, 'trace\xa0—\xa01800', '2000\xa0—\xa06100', '2000\xa0—\xa03000', 'trace\xa0—\xa01200', 'trace\xa0—\xa01400', '250', '2000', '18500\xa0—\xa033300', '6800', '2500', '3500\xa0—\xa07900', '15000\xa0—\xa024000', '1500\xa0—\xa03500', '650', '1700', '13000', '57000', 'trace', '10000', 'trace', '8000', '2000', '23000\xa0—\xa0660000', 'trace', 'trace', 'trace', '1500', '6000\xa0—\xa0886000', '11000', '6500\xa0—\xa010500', '6400', '40600']"
ANGELICA_ROOT_OIL_25110.html,"[-1, -1, -1, -1, -1, -1, '1900\xa0—\xa020000', '4000\xa0—\xa050000', '7200\xa0—\xa050000', '1500\xa0—\xa02100', '2100', '14300\xa0—\xa0200000', '49300\xa0—\xa0281800', '700\xa0—\xa05800', '1100\xa0—\xa010000', '1600\xa0—\xa020000', '50000\xa0—\xa0132000', -1, -1, '400\xa0—\xa09000', '900\xa0—\xa014000', '1600', -1, '2200', '4000\xa0—\xa09900', '36900\xa0—\xa0311900', -1, -1, '2300\xa0—\xa015200', -1, -1, '2500\xa0—\xa018900', '1000', '2600\xa0—\xa049000', '29000\xa0—\xa0120000', '2300', '2400\xa0—\xa07400', '9000', -1, -1, '1500\xa0—\xa019100', '32600\xa0—\xa0113000', '800\xa0—\xa01000', '100\xa0—\xa011700', '200', 'trace\xa0—\xa021500', 'trace\xa0—\xa01900', '1400\xa0—\xa08800', '1000\xa0—\xa04000', '11900', 'trace\xa0—\xa010200', '1400\xa0—\xa013000', '900\xa0—\xa024800', 'trace\xa0—\xa07700', '6600', '1100\xa0—\xa04400', 'trace\xa0—\xa03400', '500\xa0—\xa01000', '1900\xa0—\xa06400', -1, 'trace\xa0—\xa0300', '100\xa0—\xa01400', -1, '500\xa0—\xa04600', '2100', '100\xa0—\xa0300', '200', 'trace\xa0—\xa0200', '1800\xa0—\xa018000', '2800', '2000', '100\xa0—\xa0300', '200\xa0—\xa0500', '1700\xa0—\xa01800', '200\xa0—\xa04600', '6900\xa0—\xa028500', '200\xa0—\xa0400', '200', '200\xa0—\xa01700', '100\xa0—\xa02300', '1300\xa0—\xa08100', '1400\xa0—\xa010800', -1, '8900', -1, '15500', '100\xa0—\xa04100']"
WILD_MARJORAM_(origanum_vulgare_L_ssp_glandulosum)_30700.html,"[-1, -1, -1, -1, -1, -1, -1, -1, -1, -1, -1, -1, -1, -1]"
STAR_ANISE_(Illicium_verum)_20202.html,"['3200\xa0—\xa04300', '700\xa0—\xa0900', '800\xa0—\xa04000', '2300\xa0—\xa06800', -1, '600\xa0—\xa0800', '1600\xa0—\xa04800', '4200\xa0—\xa016700', '0\xa0—\xa01500', 'trace\xa0—\xa01400', 'trace\xa0—\xa01500', '6800\xa0—\xa0104400', -1, '1000\xa0—\xa01500', -1, 'trace\xa0—\xa020700', 'trace\xa0—\xa02200', 'trace\xa0—\xa0400', 'trace\xa0—\xa02400', 'trace\xa0—\xa09300', '1000', '0\xa0—\xa03200', -1, -1, -1, '0\xa0—\xa06300', 'trace\xa0—\xa0800', -1, -1, '200\xa0—\xa02000', -1, '1000\xa0—\xa023400', '3000\xa0—\xa08000', -1, '1000', -1, '0\xa0—\xa04000', '1000', -1, '3800\xa0—\xa017000', -1, -1, '1500\xa0—\xa02000', -1, -1, -1, '2100\xa0—\xa02500', 'trace\xa0—\xa06000', '5000', '5600\xa0—\xa066500', -1, 'trace\xa0—\xa03900', '88000\xa0—\xa0910000', -1, '51000\xa0—\xa0145700', '1200']"
BLACK_PEPPER_FRUIT_(cv._Uthriankota)_3823.html,"[-1, -1, -1, -1, -1, -1, -1, -1, -1, -1, -1, -1, -1, -1, -1, -1, -1, -1, -1, -1, -1, -1, -1, -1, -1, -1, -1, -1, -1, -1, -1, -1, -1, -1, -1, -1, -1, -1, -1, -1, -1, -1, -1, -1, -1, -1, -1, -1, -1, -1, -1, -1, -1]"
GINGER_MINT_(Mentha_gentilis)_3535.html,"['1000\xa0—\xa07000', -1, -1, -1, '1000\xa0—\xa041000', '1000\xa0—\xa026000', '1000\xa0—\xa05000', '1000\xa0—\xa018000', '2000\xa0—\xa019000', '0\xa0—\xa018000', -1, '3000\xa0—\xa06000', '2000\xa0—\xa013000', '2000\xa0—\xa013000', '0\xa0—\xa04000', '1000\xa0—\xa05000', '0\xa0—\xa02000', '<1000\xa0—\xa07000', '0\xa0—\xa03000', -1, '1000\xa0—\xa0561000', -1, '4000\xa0—\xa0314000', '0\xa0—\xa06000', '1000\xa0—\xa02000', '2000\xa0—\xa05000', '16000\xa0—\xa0261000', -1, '1000\xa0—\xa051000', '2000', '2000\xa0—\xa03000', -1, '1000', '1000\xa0—\xa03000', '2000\xa0—\xa0354000', '1000\xa0—\xa021000', '1000', '<1000\xa0—\xa053000', '3000\xa0—\xa0862000', '1000\xa0—\xa015000', '1000\xa0—\xa02000', '1000\xa0—\xa05000', -1, -1, '0\xa0—\xa02000', '1000\xa0—\xa011000', '0\xa0—\xa04000', '0\xa0—\xa0242000', '1000\xa0—\xa0112000', '106000\xa0—\xa0414000', '0\xa0—\xa077000', '1000\xa0—\xa04000', '1000\xa0—\xa02000', '17000\xa0—\xa023000', '0\xa0—\xa028000', '0\xa0—\xa01000', '1000', '1000\xa0—\xa017000', '<1000', -1, '0\xa0—\xa01000', '8000\xa0—\xa032000', '<1000', '0\xa0—\xa0179000', '0\xa0—\xa0161000']"
GINGER_(Zingiber_cassumunar_Roxb.)_3402.html,"[-1, '16000', -1, -1, '48000', '90000', '21000', '7000', -1, -1, -1, -1, -1, '25000', '21000', -1, '1000', -1, '334000', '21000', -1, -1, -1, -1, '333000', '7000', -1, '2000', -1, -1, '5000', '6000', -1, -1, -1, -1, -1, -1, -1, -1, -1, -1, -1, '11000', -1, -1, -1, -1, -1, -1, -1, -1, -1, -1, -1, -1, -1]"
SWEET_FENNEL_OIL_(F._var._dulce_(Miller))_16120.html,"['<400\xa0—\xa07000', '<400\xa0—\xa01000', '300\xa0—\xa010000', '<100\xa0—\xa019600', '10900', '300', '400\xa0—\xa020000', '1000\xa0—\xa01300', '24800\xa0—\xa0210300', '1300\xa0—\xa037000', '<100\xa0—\xa05900', '<100\xa0—\xa02000', '600', -1, '<400\xa0—\xa02100', '1600', '800\xa0—\xa06800', '<400\xa0—\xa03500', '<400', -1, '<100\xa0—\xa02300', '0\xa0—\xa0400', '1000\xa0—\xa013600', '<400', '0\xa0—\xa0200', '400\xa0—\xa06000', '12600\xa0—\xa0129300', '17000', '1000', '<100\xa0—\xa0400', '1000', '1800\xa0—\xa07000', '22800\xa0—\xa050000', '0\xa0—\xa034700', '581200\xa0—\xa0906700', -1, -1, '<100\xa0—\xa01300', '<100\xa0—\xa0600']"
VINEGAR_(traditional_from_Ulugbey_Karasi_red_wine)_4003.html,"[-1, -1, -1, -1, -1, -1, -1, -1]"
EUCALYPTUS_OIL_(Eucalyptus_globulus_Labill)_25300.html,"['1100', '700', '700', '800', '1400', '1000', '600', '500', '500', '300', -1, 'trace', '200\xa0—\xa05000', '1000\xa0—\xa03100', 'trace', 'trace', '1500\xa0—\xa04000', '2000', '4300\xa0—\xa040000', '4000', -1, -1, -1, '2000', 'trace', 'trace\xa0—\xa0500', -1, '25600\xa0—\xa0185000', '500\xa0—\xa07000', '700', 'trace\xa0—\xa01400', '400', 'trace', -1, -1, '1000', 'trace', '29000', 'trace', 'trace', -1, -1, -1, '1000', 'trace', -1, '200', -1, 'trace\xa0—\xa01200', 'trace', -1, -1, '3100\xa0—\xa022100', 'trace\xa0—\xa06000', -1, 'trace\xa0—\xa0400', '1100\xa0—\xa02000', -1, '5000\xa0—\xa027000', '3000', '5000', -1, '1700', 'trace\xa0—\xa02000', -1, -1, '400', 'trace', -1, -1, '1300\xa0—\xa04000', -1, -1, -1, -1, -1, -1, '2600', -1, '800', -1, -1, -1, '1500', '4000', '16000\xa0—\xa026400', '400', '400', 'trace\xa0—\xa03000', '2000', '1000', 'trace', -1, -1, -1, -1, -1, '800\xa0—\xa03000', '2000', -1, '3000', 'trace', 'trace\xa0—\xa02000', -1, '4700\xa0—\xa020000', '1500', 'trace', -1, -1, '1000\xa0—\xa01500', -1, -1, '600', '700', '1200', -1, '1000', '800', -1, -1, '100', -1, '10200', '400\xa0—\xa01000', '13000', '8000', 'trace', '800', '8800\xa0—\xa027000', 'trace\xa0—\xa0200', 'trace\xa0—\xa01200', -1, '625000\xa0—\xa0865700', 'trace', -1, -1, -1, -1]"
OCIMUM_SANCTUM_L._15920.html,"[-1, -1, -1, -1, -1, -1, 'trace\xa0—\xa0570', '1420', 'trace\xa0—\xa0330', '121990', 'trace', -1, '0\xa0—\xa030000', 'trace', 'trace', 'trace', 'trace', '0\xa0—\xa025000', -1, '10390', -1, '31000\xa0—\xa0420000', 'trace', 'trace', 'trace', 'trace', '2970', -1, -1, -1, -1, -1, -1, -1, '140', -1, -1, -1, 'trace', -1, -1, 'trace', '700', -1, -1, '1270', '470', -1, -1, -1, '2830', '750', 'trace', 'trace', -1, 'trace', 'trace', 'trace', -1, '190', '226000\xa0—\xa0622000', '134000\xa0—\xa0860000', -1, -1, '135070', -1, -1, 'trace', 'trace']"
CLOVE_STEM_3202.html,"['9600\xa0—\xa014300', '200\xa0—\xa0900', '73200\xa0—\xa0124100', '1000\xa0—\xa03000', '1100\xa0—\xa01600', '15400\xa0—\xa080400', '700\xa0—\xa02000', '200\xa0—\xa02400', '400\xa0—\xa06500', '764200\xa0—\xa0848200', '1400\xa0—\xa02000', '1300\xa0—\xa04800']"
"HEMP_OIL_(cold-pressed,_fresh)_35801.html","[-1, -1, -1, -1, -1, -1, -1, -1, -1, -1, -1, -1, -1, -1, -1, -1, -1, -1, -1, -1, -1, -1, -1, -1, -1, -1, -1, -1, -1, -1, -1, -1, -1, -1, -1, -1, -1, -1, -1, -1, -1, -1, -1, '180', '70', '36770', '340', '18480', '89990', '347750', '97030', '5980', '1930', '890', -1, -1, -1, -1, -1]"
"WHITE_SESAME_SEED_OIL_(cold-pressed,_old)_35403.html","[-1, -1, -1, -1, -1, -1, -1, -1, -1, -1, -1, -1, -1, -1, -1, -1, -1, -1, -1, -1, -1, -1, '70', '40900', '280', '28430', '198110', '185850', '1480', '4370', '840', '600', -1, -1, -1, -1, -1, -1, -1, -1, -1]"
"BLACK_CUMIN_OIL_(cold-pressed,_old)_35602.html","[-1, -1, -1, -1, -1, -1, -1, -1, -1, -1, -1, -1, -1, -1, -1, -1, -1, -1, -1, '790', '160', '59750', '320', '16630', '130400', '309100', '1330', '970', '240', '170', -1]"
BERGAMOT_MINT_OIL_(Mentha_citrata_Ehrh)_3565.html,"['5000\xa0—\xa07000', '23600\xa0—\xa029800', '1000\xa0—\xa02000', '7000\xa0—\xa08000', '1200\xa0—\xa01800', '1000\xa0—\xa01500', '238000\xa0—\xa0354000', '900\xa0—\xa01000', '500\xa0—\xa01200', '4500\xa0—\xa07000', '5000\xa0—\xa07000', '486500\xa0—\xa0609000', '5700\xa0—\xa07200', '2500\xa0—\xa03500']"
DILL_BLOSSOM_(Anethum_graveolens_L.)_14470.html,"['6.8', '12.7', '11.7', '19.4', '10.9', '4', '0.8', '44.8', '1094.9', -1, '23.9', '4.3', '8.3', -1, '18.3', '63.1', '3', '1.9', '12.3', '5.5', '15.6', '179.2', 'trace', '48.4', '12.1', '651.4', '1.3', '2.3', '1.9', '1.6', '13.6', '0.8', 'trace', '884.6', '5.5', '5.8', '9.3', '0.8', '2.3']"
WHITE_PEPPER_OIL_(Piper_nigrum_L.)_3807.html,"['11300\xa0—\xa018400', '0\xa0—\xa0108000', '5200\xa0—\xa014200', '43000\xa0—\xa060900', '0\xa0—\xa03100', '2800\xa0—\xa06800', '1800\xa0—\xa014200', '26800\xa0—\xa056100', '0\xa0—\xa03100', '800\xa0—\xa04400', '12600\xa0—\xa034100', '1400\xa0—\xa02900', '2000\xa0—\xa05400', '2300\xa0—\xa05100', '1800\xa0—\xa06800', '0\xa0—\xa04400', '0\xa0—\xa022600', '178200\xa0—\xa0264200', '0\xa0—\xa01600', '5800\xa0—\xa017800', '0\xa0—\xa08900', '0\xa0—\xa07100', '400\xa0—\xa010700', '1300\xa0—\xa02900', '0\xa0—\xa0800', '0\xa0—\xa023500', '0\xa0—\xa01400', '0\xa0—\xa0600', '0\xa0—\xa02800', '4400\xa0—\xa09100', '1200\xa0—\xa013900', '121100\xa0—\xa0153300', '0\xa0—\xa0300', '0\xa0—\xa067200', '3700\xa0—\xa018600', '0\xa0—\xa02000', '1000\xa0—\xa021000', '48700\xa0—\xa0122000']"
HORSE_MINT_OIL_(Mentha_longifolia)_3570.html,"[-1, '300', '1600', -1, '3000\xa0—\xa08300', '900\xa0—\xa01000', '8000\xa0—\xa062700', '800', '3400', '22000', '300', '1900', '600', '1100', '4000\xa0—\xa034500', '1000', '2900\xa0—\xa06000', '6000', '600', '1000', '41100\xa0—\xa054000', '4600\xa0—\xa07000', '4000\xa0—\xa09700', '6000\xa0—\xa017100', '400', '300', '2000\xa0—\xa08500', '800', '<200\xa0—\xa02000', -1, '200', '20000\xa0—\xa043000', '5000', -1, '11000', '700\xa0—\xa02000', '300', -1, '1600', '1000\xa0—\xa016000', -1, '2000', -1, 'trace\xa0—\xa014000', '3000', -1, 'trace\xa0—\xa07000', '5000', '1000\xa0—\xa03000', '2000', -1, '300', '1000', -1, '1500', '4000', '4600', -1, -1, -1, -1, '1300', '<200\xa0—\xa07000', '200', '3000\xa0—\xa07000', -1, '1400', -1, -1, '1000\xa0—\xa04000', -1, -1, -1, '200\xa0—\xa011000', -1, '1000', '7000', '16000\xa0—\xa031000', -1, '900\xa0—\xa098000', '2600\xa0—\xa03000', -1, -1, 'trace', '700', '1000', '7000', -1, '18000', -1, '9000', -1, 'trace', -1, -1, -1, -1, -1, -1, -1, '4000', -1, '2200', 'trace', '8000', '1100', -1, -1, -1, -1, -1, -1, '3000\xa0—\xa084400', '6000\xa0—\xa08000', -1, '3300', '400', '3900', '139000\xa0—\xa0257000', '8000\xa0—\xa0615000', '47000\xa0—\xa0589000', '3200\xa0—\xa08000', -1, -1]"
WILD_MARJORAM_(origanum_vulgare_L._ssp._vulgare)_30900.html,"['0\xa0—\xa01600', '0\xa0—\xa0105900', '0\xa0—\xa06700', '0\xa0—\xa02600', '0\xa0—\xa02800', '0\xa0—\xa02800', '0\xa0—\xa0102500', '5700\xa0—\xa0186100', '0\xa0—\xa0140800', '1400\xa0—\xa0189200', '2600\xa0—\xa0282900', '1400\xa0—\xa0313700', '0\xa0—\xa0105900', '1200\xa0—\xa0392600', '3000\xa0—\xa076400']"
BROWN_MUSTARD_VEGETABLE_(Brassica_juncea)_3630.html,"[-1, -1, -1, -1, -1, -1, -1, -1, -1, -1, -1, -1, -1, -1, -1, -1, -1, -1, -1, -1, -1, -1, -1, -1, -1, -1, -1, -1, -1, -1, -1, -1, -1, -1, -1, -1, -1, -1, -1, -1, -1, -1]"
ROMAN_CAMOMILE_OIL_(Anthemis_nobilis_L.)_25210.html,"[-1, -1, -1, -1, -1, '2000', -1, '16000\xa0—\xa021500', '2000', '4000\xa0—\xa07200', '2700', -1, -1, -1, -1, -1, -1, -1, -1, -1, -1, -1, -1, -1, -1, '2100', '1100', -1, -1, -1, '28600', -1, '2700', -1, -1, -1, -1, -1, -1, -1, -1, '4600', '1400', -1, -1, -1, -1, -1, '1200', '35900', -1, -1, -1, -1, -1, -1, -1, -1, -1, -1, -1, '3300', '3500', -1, '1800', '1000', '1100', -1, '37000\xa0—\xa049100', '10400', '30500', -1, -1, -1, '3400', '16200', -1, '9200', -1, -1, '26000', -1, -1, '7000\xa0—\xa010400', '27000', -1, -1, '1500\xa0—\xa028000', -1, '11000\xa0—\xa013300', -1, -1, '87100', '2200', '7600\xa0—\xa09000', '1200', '359200\xa0—\xa0360000', '3400', -1, -1, '74000', '152900', '1800', '7700', '1200', -1, '43400', '4400', '2500', -1, -1, -1, -1, -1, -1, -1, -1, '5200', '1000', -1, -1, -1, -1, '4200', '2700', -1, -1, -1, -1, -1, -1, -1, -1, -1, -1]"
"WHITE_POPPY_SEED_OIL_(cold-pressed,_fresh)_35302.html","[-1, -1, -1, -1, -1, -1, -1, -1, -1, -1, -1, -1, -1, -1, -1, -1, -1, -1, -1, -1, -1, -1, -1, -1, -1, -1, -1, -1, -1, -1, -1, -1, -1, -1, -1, -1, -1, -1, -1, -1, -1, -1, -1, -1, -1, -1, -1, -1, -1, -1, -1, -1, '80', '260', '80', '45970', '320', '15390', '75160', '406560', '3030', '2300', '150', '140', -1, -1, -1, -1, -1, -1, -1, -1, -1, -1, -1, -1, -1]"
GENTIAN_ROOT_32700.html,"['0.72\xa0—\xa02.54', '0.59\xa0—\xa013.09', '21.37\xa0—\xa056.17', '1.02\xa0—\xa07.73', '0\xa0—\xa02.11', '0.15\xa0—\xa01.07', '0.69\xa0—\xa02.49', '1.58\xa0—\xa07.3', '0.28\xa0—\xa05.83']"
WILD_MARJORAM_(origanum_vulgare_L._ssp._virens)_30800.html,"[-1, -1, -1, -1, -1, -1, -1, -1, -1, -1, -1, -1, -1, -1, -1, -1, -1, -1]"
BLACK_PEPPER_LEAF_(cv._Uthirankota)_3817.html,"[-1, -1, -1, -1, -1, -1, -1, -1, -1, -1, -1, -1, -1, -1, -1, -1, -1, -1, -1, -1, -1, -1, -1, -1, -1, -1, -1, -1, -1]"
"UNROASTED_ARGAN_OIL_(cold-pressed,_fresh)_35501.html","[-1, -1, -1, -1, -1, -1, -1, -1, -1, -1, -1, -1, -1, -1, -1, -1, -1, -1, -1, -1, -1, -1, -1, -1, -1, -1, -1, -1, '700', '260', '69430', '490', '35730', '267250', '199070', '1090', '3150', '880', '470', -1, -1, -1, -1, -1, -1]"
BITTER_FENNEL_OIL_(F._var._vulgare_(Miller))_16110.html,"['0\xa0—\xa010000', '<400\xa0—\xa01100', '600\xa0—\xa045000', '<100\xa0—\xa0111000', '10900', '500', '600\xa0—\xa012800', '1000\xa0—\xa01700', '13300\xa0—\xa0268000', '700\xa0—\xa0104500', '<100\xa0—\xa032200', '100\xa0—\xa06500', '400', '300', -1, '200\xa0—\xa02700', '1500', -1, '<100\xa0—\xa017300', -1, '100\xa0—\xa03000', -1, '1100', -1, '0\xa0—\xa01000', -1, -1, -1, -1, '0\xa0—\xa018000', '<400', '1000\xa0—\xa02100', '54900\xa0—\xa0243000', -1, '10000', '<100\xa0—\xa024700', -1, '17200\xa0—\xa0120000', '720000\xa0—\xa0748500', '0\xa0—\xa017000', '213600\xa0—\xa0895200']"
FENNEL_WASTE_(Foeniculum_vulgare_Mill.)_16101.html,"[-1, -1, -1, -1, -1, -1, -1, -1, -1, -1, -1, -1, -1, -1, -1, -1, -1, -1, -1, -1, '9', 'trace', '39']"
SAGE_(Salvia_officinalis_L.)_19010.html,"[-1, '<400\xa0—\xa06400', '0\xa0—\xa07500', -1, -1, -1, '700', -1, -1, '<400\xa0—\xa030800', '600\xa0—\xa01000', '1000', '0\xa0—\xa03800', '1400\xa0—\xa010300', '600\xa0—\xa09800', '<400\xa0—\xa075700', -1, -1, -1, '<400\xa0—\xa0189500', -1, '2700\xa0—\xa071700', '2300\xa0—\xa0178900', '11400\xa0—\xa0102900', '400\xa0—\xa05000', '0\xa0—\xa07400', -1, '0\xa0—\xa019400', -1, -1, '0\xa0—\xa015100', -1, -1, '<400\xa0—\xa094400', -1, -1, '0\xa0—\xa02300', '0\xa0—\xa04500', -1, -1, -1, -1, '0\xa0—\xa09100', -1, '0\xa0—\xa07700', '1000\xa0—\xa011200', -1, -1, '0\xa0—\xa06900', '<400\xa0—\xa018000', '500\xa0—\xa01300', 'trace\xa0—\xa051900', '1000', -1, 'trace\xa0—\xa010000', '30000', -1, '6900\xa0—\xa062400', -1, '<1000', '<1000', '2000', 'trace\xa0—\xa099100', -1, -1, '6000', -1, '19400\xa0—\xa0277000', -1, -1, '1000', '15500\xa0—\xa0442500', '10200\xa0—\xa0367700', -1, -1, -1, 'trace\xa0—\xa06000', -1, -1, -1, '1000\xa0—\xa057100', -1, -1, -1, -1, -1, '7400\xa0—\xa0208700', -1, -1, '4000', -1, -1, -1, 'trace\xa0—\xa021700']"
"WHITE_POPPY_SEED_OIL_(cold-pressed,_old)_35304.html","[-1, -1, -1, -1, -1, -1, -1, -1, -1, -1, -1, -1, -1, -1, -1, -1, -1, -1, -1, -1, -1, -1, -1, -1, -1, -1, -1, -1, -1, -1, -1, -1, -1, -1, -1, -1, -1, -1, -1, -1, -1, -1, -1, -1, -1, -1, -1, -1, -1, -1, -1, -1, -1, -1, '110', '200', '70', '37920', '280', '1321', '63020', '327470', '2370', '1890', '160', '130', -1, -1, -1, -1, -1, -1, -1, -1, -1, -1, -1, -1, -1]"
PEPPERMINT_OIL_(Mentha_piperita)_3510.html,"['200', 'trace', -1, -1, -1, 'trace', 'trace', 'trace', 'trace', '4200', 'trace\xa0—\xa09000', '800', 'trace\xa0—\xa014690', '1000\xa0—\xa010000', -1, -1, 'trace\xa0—\xa05000', 'trace\xa0—\xa036000', '3000', 'trace\xa0—\xa05000', 'trace\xa0—\xa061020', '1400', -1, -1, '500\xa0—\xa047830', '22400', '1800\xa0—\xa016000', 'trace\xa0—\xa012000', 'trace\xa0—\xa029000', 'trace\xa0—\xa02000', '1000', 'trace\xa0—\xa010000', -1, '1000', -1, 'trace', -1, '800\xa0—\xa03000', -1, '5000', 'trace', -1, -1, '3400', '1160\xa0—\xa040000', 'trace', -1, '400', -1, 'trace', -1, -1, -1, '0\xa0—\xa05000', -1, -1, 'trace\xa0—\xa03000', 'trace', -1, 'trace', 'trace\xa0—\xa02000', -1, '500', 'trace', 'trace', -1, '400', '1', '500', '0\xa0—\xa010000', 'trace\xa0—\xa03000', '1', -1, '500', '200\xa0—\xa040000', -1, -1, -1, '50', '600', '10', '10', '1', '20', '100000\xa0—\xa0646000', '190420\xa0—\xa0450000', '10000\xa0—\xa0100000', '28000\xa0—\xa090060', 'trace\xa0—\xa024000', '3900\xa0—\xa09000', '30000', '0\xa0—\xa013000', -1, '1400', 'trace\xa0—\xa049600', '800', '1000', '500', '500', '2100', 'trace', -1, '5', '300', '500', '500', '1', '5700\xa0—\xa018000', '1100\xa0—\xa02400', '2000\xa0—\xa010000', -1, -1, '1000', 'trace\xa0—\xa011300', '300', -1, -1, 'trace', 'trace', -1, -1, '7', -1, -1, '1', '1', '5', '1', -1, '3', '1', '2', -1, '1', '6', '3', '2', 'trace', '1', '1', '1', '10', 'trace', '400', '400', '1', '70', '10', -1, '300', '0.05\xa0—\xa03.85', '0.01\xa0—\xa00.04', '77000\xa0—\xa0401000', '16000\xa0—\xa0160000', 'trace\xa0—\xa040000', -1, -1, '2000\xa0—\xa0111200', -1, '10', '1600\xa0—\xa010000', '4200', '30', -1, -1, -1, '1', -1, -1, '1', '1', -1, '10', '10', '20', -1, '1', -1, '200\xa0—\xa0700', -1, '100', -1, -1, -1, '50', '12000\xa0—\xa0116680', '1000\xa0—\xa05000', '1500\xa0—\xa02500', 'trace\xa0—\xa02100', '10', '10', -1, 'trace\xa0—\xa0300', -1, '50', '50', '4', '600', -1, '800\xa0—\xa02000', -1, '1000\xa0—\xa01500', '600', '5', 'trace', '10', '0\xa0—\xa01200', '400', 'trace', '1', '1', '3', -1, '50', -1, '1', '1', '1', '1', -1, '50', -1, '1', -1, -1, -1, -1, -1, '300', '30', -1, -1, '0.1\xa0—\xa00.26', '0.02', '0.22', '0.15', '0.41\xa0—\xa02.24', -1, -1, '1.9', '<0.01', '0.34', '<0.01', '<0.01', '0.01', '0.1', '0.02', '0.04\xa0—\xa01.52', '0.12', '0.11\xa0—\xa01.03', '0.07', '0.06', '0.1', '0.02', '10', '20\xa0—\xa0300', '24700\xa0—\xa0100000', '2', -1, '1', -1, '2', -1, 'trace\xa0—\xa0700', 'trace', -1, '1', '10', -1, -1, 'trace', '1', 'trace', 'trace', -1, '1.15\xa0—\xa02.94', 'trace\xa0—\xa0113400', '1000', 'trace\xa0—\xa0300', '30', '10', '500', '20', -1]"
"UNROASTED_ARGAN_OIL_(cold-pressed,_old)_35503.html","[-1, -1, -1, -1, -1, -1, -1, -1, -1, -1, -1, -1, -1, -1, -1, -1, -1, -1, -1, -1, -1, -1, -1, -1, -1, -1, -1, -1, '670', '250', '67480', '500', '37590', '277820', '203520', '940', '3420', '970', '510', -1, -1, -1, -1, -1, -1]"
MACE_(Myristica_fragrans_Houttuyn)_4100.html,"['22000', 'trace', '17000', -1, '75000', '116000', '37000', -1, -1, -1, 'trace', 'trace', 'trace', 'trace', -1, -1, -1, -1, '106000', -1, -1, '3000', 'trace', -1, '125000', '21000', 'trace', 'trace', -1, -1, 'trace', '1000', 'trace', 'trace', -1, '5000', 'trace', 'trace', '2000', 'trace', 'trace', '14000', '1000', 'trace', 'trace', -1, 'trace', '3000', -1, -1, 'trace', -1, '142000', '2000', 'trace', '1000', '1000', -1, '2000', '2000', 'trace', '1000', 'trace', 'trace', 'trace', 'trace', '1000', -1, 'trace', 'trace', 'trace', -1, -1, 'trace', -1, '1000', 'trace', '2000\xa0—\xa019900', '20000', -1, 'trace', '13000\xa0—\xa075500', 'trace', 'trace', 'trace']"
GREATER_GALANGA_(Laos)_(Alpinia_galanga_Willd.)_24020.html,"[-1, -1, -1, -1, -1, -1, -1, -1, -1, -1, -1, -1, -1, -1, -1, -1, -1, -1, -1, -1, -1, -1, -1, -1, -1, -1, -1, -1, -1, -1, -1, -1, -1, -1, -1, -1, -1, -1, -1, -1, -1]"
PENNYROYAL_OIL_(Mentha_pulegium_L.)_3550.html,"[-1, '1100', '400', '600\xa0—\xa02700', '4000', '28000', '3000', '800\xa0—\xa020000', 'trace\xa0—\xa01000', 'trace', '100', '1000\xa0—\xa011300', -1, '2700', '3500\xa0—\xa05000', '2000\xa0—\xa03800', '100', '300', '7000', '1100\xa0—\xa07000', '1800', '<1000\xa0—\xa024900', '1000', '300\xa0—\xa016000', '900', '3000\xa0—\xa014900', -1, '9000', '<1000', '7700', '1600', '1100', '0\xa0—\xa0148000', '30200', '500\xa0—\xa03000', '206800', '6500', '0\xa0—\xa014000', '<1000', '<1000', -1, -1, -1, '3900', '<1000\xa0—\xa0308000', '19000\xa0—\xa0254000', '1000\xa0—\xa0876000', -1, '36000\xa0—\xa0744000', '6500', -1, '0\xa0—\xa016000', '2200', 'trace\xa0—\xa025000', '<1000', '<1000', '7400', -1, '5600', '67800', -1, '2900', '<1000', -1, '1400', '2800', '0\xa0—\xa0153000', -1, '13000', -1, -1, -1, -1, -1, -1, '30300', -1, '200\xa0—\xa08000', -1, -1, '10400']"
BLACK_PEPPER_FRUIT_(cv._Guajarina)_3822.html,"[-1, -1, -1, -1, -1, -1, -1, -1, -1, -1, -1, -1, -1, -1, -1, -1, -1, -1, -1, -1, -1, -1, -1, -1, -1, -1, -1, -1, -1, -1, -1, -1, -1, -1, -1, -1, -1, -1, -1, -1, -1, -1, -1, -1, -1, -1, -1, -1, -1, -1, -1, -1, -1, -1, -1, -1]"
NUTMEG_(Myristica_fragrans_Houttuyn)_3700.html,"['16000\xa0—\xa040000', -1, 'trace', '7000\xa0—\xa016000', -1, '20000\xa0—\xa024000', -1, -1, '8000\xa0—\xa040000', '10000\xa0—\xa077000', '6000\xa0—\xa030000', '26000\xa0—\xa0190000', -1, -1, 'trace', 'trace', 'trace', -1, 'trace', '30000\xa0—\xa0460000', -1, -1, '70000\xa0—\xa0680000', -1, -1, '2000\xa0—\xa0100000', -1, 'trace', '9000', -1, -1, '141000\xa0—\xa0510000', -1, -1, '7000\xa0—\xa014000', -1, -1, 'trace', 'trace', 'trace', 'trace\xa0—\xa02000', 'trace', 'trace', 'trace', 'trace', -1, '4000\xa0—\xa020000', 'trace\xa0—\xa02000', 'trace', '0\xa0—\xa05000', 'trace', 'trace', '10000\xa0—\xa020000', '3000\xa0—\xa031000', 'trace\xa0—\xa01000', -1, 'trace', 'trace', 'trace', -1, -1, 'trace', -1, '2000\xa0—\xa060000', -1, -1, 'trace', -1, '0\xa0—\xa040000', '0\xa0—\xa013000', '20000\xa0—\xa0110000', '1000\xa0—\xa05000', '2000\xa0—\xa03000', '1000\xa0—\xa010000', -1, -1, 'trace', -1, -1, 'trace', '1000\xa0—\xa08000', '1000\xa0—\xa09000', 'trace', 'trace', -1, '6000', 'trace', '0\xa0—\xa02000', '1000', '<1000', '1.8\xa0—\xa0217', -1, 'trace', '1000\xa0—\xa03000', 'trace', '15000', '2000', 'trace\xa0—\xa02000', 'trace\xa0—\xa09000', '4000', -1, '20000\xa0—\xa040000', 'trace', 'trace', 'trace', 'trace\xa0—\xa07000', '7000', -1, -1, '0\xa0—\xa010000', 'trace', '1000\xa0—\xa030000', -1, -1, '1000\xa0—\xa021000', -1, 'trace', '5000\xa0—\xa0140000', 'trace', 'trace', 'trace']"
CASSIA_LEAF_(Cinnamomum_cassia_Blume)_3105.html,"['trace', 'trace', 'trace', 'trace', 'trace', 'trace', 'trace', 'trace', 'trace', 'trace', -1, -1, 'trace', 'trace', '4000', '3000', '2400', '200', -1, -1, -1, '9400', -1, '7000', '600', -1, '1400', '654500\xa0—\xa0700000', '26500\xa0—\xa0115000', -1, -1, -1, -1, -1, -1, -1, -1, -1, -1, -1, -1, -1, -1, -1, -1, -1, -1, -1, -1, -1, '1500', '2400', -1, -1, '35500', -1, -1, -1, '6300', '700', -1, -1, -1, -1, -1, -1, 'trace', '200', '17000\xa0—\xa087300']"
CATNIP_GIANT_HYSSOP_(Agastache_nepetoides_K.)_24220.html,"[-1, -1, -1, -1, -1, -1, -1, -1]"
CINNAMON_ROOT_BARK_(Cinnamomum_zeylanicum_Blume)_3106.html,"['2000', '17000', '12000', '8000', 'trace', '10000', '12000', '38000', 'trace', '39000', '600000', 'trace', '3000', '3000', 'trace', '152000', '50000', '7000']"
WILD_MARJORAM_(Origanum_vulgare_L.)_9600.html,"[-1, -1, -1, -1, -1, -1, -1, -1, -1, -1, -1, -1, -1, -1, -1, -1, -1, -1, -1, -1, -1, -1, -1, -1, -1, -1, -1, -1, -1, -1, -1, -1, -1, -1, -1, -1, -1, -1, -1, -1, -1, -1, -1, -1, -1, -1, -1, -1, -1, -1, -1, -1, '0.001', -1, -1, -1, -1, -1, -1, -1, -1, -1, -1, -1, -1, -1, -1, -1]"
"MILK_THISTLE_OIL_(cold-pressed,_fresh)_35701.html","[-1, -1, -1, -1, -1, -1, -1, -1, -1, -1, -1, -1, -1, -1, -1, -1, -1, -1, -1, -1, -1, -1, -1, -1, -1, -1, -1, -1, -1, -1, -1, -1, -1, -1, -1, -1, -1, -1, '460', '100', '44280', '490', '30540', '145440', '326810', '1310', '22140', '17660', '5330', -1, -1, -1, -1, -1, -1, -1, -1]"
STAR_ANISE_(Illicium_anisatum)_20201.html,"['6000', '14000', '3000', '13000', '7000', '15000', -1, -1, '4000', '3000', 'trace', '4000', '14000', -1, -1, -1, -1, -1, -1, -1, '4000', '101000', '33000', '39000', '68000', '15000', '181000', '12000', '98000', '66000', -1, '35000']"
CURRY_FRUIT_OIL_(Bergera_koenigii_L)_28720.html,"['2000', '5000', '31000', '27000', '231000', '2000', '30000', '7000', '35000', '<500', '6000', '481000', '71000', '4000', '2000', '1000', '<500', '1000', '1000', '30000', '<500', '1000', '<500', '<500', '1000', '<500', '1000', '1000', '1000', '<500', '1000', '2000', '1000', '<500', '3000', '<500', '1000', '<500', '<500', '1000', '2000', '4000']"
BLACK_PEPPER_LEAF_(cv._Kottanadan)_3816.html,"[-1, -1, -1, -1, -1, -1, -1, -1, -1, -1, -1, -1, -1, -1, -1, -1, -1, -1, -1, -1, -1, -1, -1, -1, -1, -1, -1, -1, -1, -1, -1, -1, -1, -1, -1, -1, -1, -1, -1, -1, -1, -1, -1, -1, -1, -1, -1, -1, -1, -1, -1, -1]"
SLENDER_MINT_OIL_(Mentha_diemenica)_3505.html,"['0\xa0—\xa0500', '2300\xa0—\xa05000', '0\xa0—\xa03000', '0\xa0—\xa02000', '0\xa0—\xa0100', '3000\xa0—\xa08000', '1800\xa0—\xa020000', '2100\xa0—\xa05000', '2400\xa0—\xa05000', '800\xa0—\xa01000', '0\xa0—\xa01600', '1000\xa0—\xa011300', '100\xa0—\xa02600', '1500\xa0—\xa02000', '0\xa0—\xa012000', '0\xa0—\xa02200', '2300', '0\xa0—\xa02000', '1000', '17800\xa0—\xa027000', '25000\xa0—\xa089800', '10000', '0\xa0—\xa07000', '0\xa0—\xa02500', '0\xa0—\xa06700', '0\xa0—\xa03500', '0\xa0—\xa03400', '0\xa0—\xa05000', '0\xa0—\xa09200', '322000\xa0—\xa0324400', '10100\xa0—\xa032000', '5700\xa0—\xa09000', '248900\xa0—\xa0436000', '0\xa0—\xa02000', '27000\xa0—\xa057200', '0\xa0—\xa0183100', '300\xa0—\xa02000']"
OCIMUM_BASILICUM_VARIETIES_15910.html,"['trace\xa0—\xa030800', 'trace\xa0—\xa01400', 'trace\xa0—\xa05900', 'trace', -1, 'trace\xa0—\xa010000', -1, 'trace\xa0—\xa0860', -1, 'trace', -1, 'trace\xa0—\xa01000', '100\xa0—\xa01000', '1000', 'trace\xa0—\xa02200', 'trace\xa0—\xa036100', -1, -1, '900\xa0—\xa021000', -1, -1, -1, -1, -1, 'trace\xa0—\xa01075', -1, '2790', 'trace\xa0—\xa035000', 'trace\xa0—\xa04000', 'trace\xa0—\xa05000', 'trace\xa0—\xa010000', 'trace\xa0—\xa02000', '1400', 'trace\xa0—\xa04000', '600\xa0—\xa03300', -1, '1000\xa0—\xa026000', -1, 'trace\xa0—\xa09920', -1, 'trace', -1, -1, 'trace\xa0—\xa034000', -1, 'trace\xa0—\xa0860', '21440', -1, -1, '12160', -1, '6000', -1, -1, 'trace', -1, '3520', 'trace\xa0—\xa04100', 'trace\xa0—\xa065700', -1, 'trace\xa0—\xa02560', -1, 'trace\xa0—\xa01400', -1, -1, 'trace\xa0—\xa01000', -1, -1, -1, -1, -1, -1, 'trace\xa0—\xa06500', -1, 'trace\xa0—\xa0200', -1, -1, -1, 'trace', '100', -1, 'trace\xa0—\xa04000', -1, -1, 'trace\xa0—\xa0640', -1, 'trace', 'trace\xa0—\xa05000', '100', '0\xa0—\xa0547000', -1, -1, -1, -1, '3000', '6300', -1, -1, '1600', '2400\xa0—\xa03200', 'trace\xa0—\xa030000', '3000', 'trace', '2000\xa0—\xa03000', '3000', '1400', '430\xa0—\xa027000', 'trace', 'trace\xa0—\xa06440', 'trace\xa0—\xa04500', '1720', '1600', 'trace\xa0—\xa01000', '5000', 'trace\xa0—\xa035000', '5500\xa0—\xa053000', '9000', -1, '1000', -1, '4500', -1, -1, -1, -1, -1, 'trace', 'trace\xa0—\xa01000', '500', '700\xa0—\xa01100', 'trace\xa0—\xa020000', '10000\xa0—\xa040000', -1, -1, -1, -1, -1, -1, 'trace', -1, -1, -1, 'trace', -1, 'trace', '2100\xa0—\xa020000', 'trace\xa0—\xa013000', -1, -1, '0.004', '1800', '200', -1, '500\xa0—\xa0600', '5000\xa0—\xa033000', '1000\xa0—\xa08640', -1, -1, -1, '12200', -1, '2240\xa0—\xa014000', '700\xa0—\xa01290', '700\xa0—\xa06000', 'trace', -1, -1, -1, -1, -1, 'trace\xa0—\xa0278600', 'trace\xa0—\xa0112000', 'trace\xa0—\xa0686000', '15000\xa0—\xa0120000', '600\xa0—\xa030000', -1, -1, '0\xa0—\xa0853100', '200\xa0—\xa0860', -1, -1, '5500', 'trace\xa0—\xa0278000', 'trace\xa0—\xa041000', '40000', -1, '1000', 'trace\xa0—\xa01000', '5600', '200\xa0—\xa0800', '100\xa0—\xa0800']"
BLACK_PEPPER_LEAF_(cv._Equador)_3813.html,"[-1, -1, -1, -1, -1, -1, -1, -1, -1, -1, -1, -1, -1, -1, -1, -1, -1, -1, -1, -1, -1, -1, -1, -1, -1, -1, -1, -1, -1, -1, -1, -1, -1, -1, -1, -1, -1, -1, -1, -1, -1, -1, -1, -1]"
TURMERIC_(Curcuma_longa_L.=_C._domestica_Val.)_18610.html,"[-1, '0\xa0—\xa02000', '55\xa0—\xa0500', -1, -1, -1, 'trace\xa0—\xa0345', '<500', '460\xa0—\xa024000', '<500', -1, '84\xa0—\xa0970', '0\xa0—\xa06350', '440\xa0—\xa014000', '0\xa0—\xa025000', '0\xa0—\xa02140', -1, -1, -1, -1, -1, -1, -1, '0\xa0—\xa02000', 'trace\xa0—\xa0500', -1, '3000', '5000\xa0—\xa0200000', '9000', '11000', '213\xa0\xa0213', '<500', '24000', '7600\xa0—\xa0295000', '14000', '7050\xa0—\xa0247000', '0\xa0—\xa0500', '126\xa0\xa0126', '64\xa0\xa064', '14\xa0\xa014', '<500', '9000', '6000', '0\xa0—\xa02750', '250\xa0\xa0250', '2314\xa0\xa02314', '3203\xa0\xa03203', '10\xa0\xa010', '157\xa0\xa0157', '392\xa0\xa0392', '1768\xa0\xa01768']"
INDIAN_DILL_HERB_(Anethum_sowa_Roxb.)_14440.html,"[-1, -1, -1, -1, -1, -1, -1, -1, -1, -1, -1, -1, -1, -1, -1, -1, -1, -1, -1, -1, -1, -1, -1, -1, -1, -1, -1, -1, -1, -1, -1, -1, -1, -1, -1, -1, -1, -1, -1]"
CLOVE_LEAF_3203.html,"[-1, -1, -1, -1, -1, -1, -1, -1, -1, -1, -1, -1, -1, -1, -1, -1, -1, -1, -1, -1, -1, -1, -1, -1, -1, -1, -1, -1, -1, -1, -1, -1, -1, -1, -1, -1, -1, -1, -1, -1, -1, -1, -1, -1, -1, -1, -1, -1]"
LAUREL_(Laurus_nobilis_L.)_16000.html,"['<10000', '10000\xa0—\xa050000', '<10000', '<10000', -1, -1, 'trace', 'trace', '2600\xa0—\xa013500', '<100\xa0—\xa010000', '7000', '2300\xa0—\xa010000', '1700\xa0—\xa016800', '600\xa0—\xa010000', '<100\xa0—\xa040000', '<100\xa0—\xa03700', -1, -1, '400\xa0—\xa050000', '<100\xa0—\xa03800', -1, -1, -1, '<100\xa0—\xa010000', -1, '10000\xa0—\xa0120000', '10100\xa0—\xa060000', '400\xa0—\xa020000', '600\xa0—\xa010000', '21100\xa0—\xa087600', 'trace\xa0—\xa010000', -1, '500\xa0—\xa02500', '100\xa0—\xa010000', '2200\xa0—\xa012700', '500\xa0—\xa01700', '600', '100\xa0—\xa01400', -1, '<100\xa0—\xa010000', -1, '1100\xa0—\xa050000', -1, '300', -1, '300', -1, -1, '8000', -1, -1, -1, -1, '<100\xa0—\xa025000', '200', -1, -1, -1, -1, -1, '2100', -1, -1, -1, '300', -1, '1000\xa0—\xa05000', '15100\xa0—\xa0227200', -1, '1500\xa0—\xa060000', '300\xa0—\xa01800', -1, '9000\xa0—\xa046000', '16000\xa0—\xa046100', '500', -1, '800', -1, '3000\xa0—\xa014400', -1, '1600\xa0—\xa04700', -1, -1, '3200\xa0—\xa09200', '<10000', '2500', '3800\xa0—\xa019900', '700\xa0—\xa02500', '<10000', -1, '900\xa0—\xa050000', -1, '300', -1, -1, -1, -1, -1, -1, -1, -1, '1700', -1, -1, -1, -1, -1, -1, -1, '900\xa0—\xa02700', -1, -1, '200\xa0—\xa010000', -1, '2900\xa0—\xa010000', 'trace\xa0—\xa01400', -1, '23000\xa0—\xa0100000', '95400\xa0—\xa0179700', -1, -1, '1400\xa0—\xa010800', -1, -1, -1, -1, '4800\xa0—\xa09600', -1, -1, '800\xa0—\xa03600', '254600\xa0—\xa0559000', -1, -1, '<10000', '<1000\xa0—\xa044500', '9900\xa0—\xa088800', '<100\xa0—\xa02900', '<1000\xa0—\xa02900', -1, -1, -1, -1]"
BLACK_PEPPER_OIL_(Piper_nigrum_L.)_3805.html,"['1000', '1000\xa0—\xa05000', '910\xa0—\xa052000', -1, 'trace', '510\xa0—\xa013000', '590', '50\xa0—\xa01000', '140\xa0—\xa03000', '2000', '3100\xa0—\xa0198000', -1, -1, 'trace', 'trace', -1, '6000', 'trace', '600\xa0—\xa03000', '1340\xa0—\xa082000', -1, -1, '100\xa0—\xa0120000', -1, -1, '15\xa0—\xa01000', '415\xa0—\xa014000', '2920\xa0—\xa0220000', '2160\xa0—\xa0160000', '750', -1, -1, -1, -1, 'trace', -1, '1050\xa0—\xa06000', 'trace', 'trace', -1, 'trace', '3300\xa0—\xa0198000', 'trace', -1, '2000', -1, '300\xa0—\xa0101000', -1, -1, -1, 'trace', '4000\xa0—\xa08000', 'trace', -1, '6000\xa0—\xa025000', -1, -1, '1000\xa0—\xa02000', '4000\xa0—\xa08000', -1, -1, -1, -1, -1, -1, '9000', -1, -1, -1, -1, '7000', '4000', '5000', -1, '6000', '2000', -1, -1, -1, -1, -1, -1, -1, -1, -1, -1, -1, -1, -1, -1, -1, '1000', -1, -1, -1, -1, -1, -1, -1, -1, -1, -1, -1, -1, -1, -1, -1, -1, -1, -1, -1, -1, -1, -1, -1, -1, '1000', -1, 'trace', -1, -1, -1, '1000', -1, '4000\xa0—\xa07000', -1, -1]"
CARDAMOM_(Ellettaria_cardamomum_Maton.)_11800.html,"['trace', -1, '1500', 'trace\xa0—\xa0600', 'trace\xa0—\xa01300', '9600\xa0—\xa026000', 'trace', 'trace\xa0—\xa02100', '1000\xa0—\xa02000', '300\xa0—\xa0112000', '2000\xa0—\xa03600', '200\xa0—\xa0118500', 'trace', 'trace', '300', '300', '100', '5900\xa0—\xa0130000', '1500\xa0—\xa012500', 'trace\xa0—\xa01000', 'trace', 'trace\xa0—\xa038000', '10000\xa0—\xa049000', 'trace', '1200', '300', '700', '800', '2300', 'trace', 'trace\xa0—\xa0100', -1, -1, 'trace', 'trace', -1, -1, 'trace\xa0—\xa0350000', 'trace', 'trace', '100', -1, 'trace', 'trace', 'trace', '2100', 'trace', 'trace', 'trace', 'trace\xa0—\xa02900', '1400\xa0—\xa026600', 'trace\xa0—\xa04400', '12000\xa0—\xa059100', '100\xa0—\xa01000', '3000\xa0—\xa016000', '6800\xa0—\xa025800', -1, '8600\xa0—\xa043000', '2000', '700', -1, '1400\xa0—\xa0290000', '1000\xa0—\xa015000', 'trace', 'trace', '100', 'trace', '500', '100', 'trace', 'trace', '100\xa0—\xa06000', 'trace', '3000\xa0—\xa025000', 'trace', 'trace', '100', '100', -1, '100', 'trace', '200', 'trace', 'trace', 'trace', 'trace', 'trace', '1000', 'trace', 'trace', '1300\xa0—\xa04300', '800\xa0—\xa03300', '500', -1, 'trace', 'trace\xa0—\xa04000', 'trace', 'trace', 'trace', 'trace', 'trace', -1, 'trace', -1, -1, -1, -1, -1, -1, -1, -1, -1, -1, 'trace', 'trace', -1, -1, 'trace', '100', '100', 'trace', '800\xa0—\xa015000', 'trace\xa0—\xa06000', '2000\xa0—\xa060000', -1, '1400\xa0—\xa0525000', -1, -1, -1, -1, -1, -1, '100\xa0—\xa023000', -1, '300', 'trace', '100', 'trace', 'trace\xa0—\xa01000', 'trace', 'trace', '2000', '15000\xa0—\xa0513000', '200', -1, -1, 'trace', 'trace', -1, 'trace', -1, 'trace', -1, 'trace', '200', 'trace']"
BLACK_PEPPER_LEAF_(cv._Iaçará)_3815.html,"[-1, -1, -1, -1, -1, -1, -1, -1, -1, -1, -1, -1, -1, -1, -1, -1, -1, -1, -1, -1, -1, -1, -1, -1, -1, -1, -1, -1, -1]"
DRAGONHEAD_(Dracocephalum_moldavica_L.)_24100.html,"[-1, -1, -1, -1, -1, -1]"
"BLACK_CUMIN_OIL_(cold-pressed,_fresh)_35601.html","[-1, -1, -1, -1, -1, -1, -1, -1, -1, -1, -1, -1, -1, -1, -1, -1, -1, -1, '950', '170', '66110', '370', '18750', '146510', '349690', '1530', '1820', '260', '190', -1]"
EAU_DE_COLOGNE_MINT_OIL_(M._piperita_var._citrate)_3595.html,[]
CHEKUR_(Alpinia_sessilis_=_Kaempferia_galanga)_24030.html,"['2700', '5800', '89800', '2300', '3600', '900', '<500', '<500', '1900', '1100', '4100', '32600', '600', '<500', '2700', '<500', '<500', '<500', '3900', '27200', '2300', '<500', '6300', '<500', '<500', '500', '<500', '164700', '<500', '515900', '1300', '57200', '2800', '<500', '1100', '500']"
WHITE_MUSTARD_SEEDS_ROASTED_(Sinapis_alba_L.)_3615.html,"['2.39', '8.03', '0.0855', -1, '0.0195', -1, '0.0296', -1, '0.0151', '0.0745', '0.098', '0.0888', '0.00251', '0.016', '11.8', '0.0578', '0.127', '0.0351', '0.0293', '0.725', '0.215', -1, '0.0269', '0.0866', '0.0244', '0.00121', -1, -1, '0.279', '0.02', -1, '0.0239', '0.00183', '0.00079', '0.00603', '0.00208', '0.222', '0.69', '0.776', '0.0573', '0.0136', '0.0481', -1, -1, -1, '0.418', '0.0272', '0.749', '2.01', -1]"
WILD_MARJORAM_(origanum_vulgare_L._ssp._hirtum)_30600.html,"[-1, -1, -1, -1, -1, -1, -1, -1, -1, -1, -1, -1, -1, -1, -1, -1, -1, -1, -1, -1, -1, -1, -1, -1, -1, -1, -1, -1, -1, -1, -1, -1, -1, -1, -1, -1, -1, -1]"
TAHITI_VANILLA_(Vanilla_tahitensis_Moore)_18220.html,"['10\xa0—\xa059', -1, '35\xa0—\xa0100', '0\xa0—\xa0348', -1, '232\xa0—\xa0473', '3773\xa0—\xa013512', '23\xa0—\xa096', '0\xa0—\xa043', -1, -1, -1, '28\xa0—\xa048', '24\xa0—\xa089', '7\xa0—\xa014', '6\xa0—\xa042', -1, '13\xa0—\xa048', '2\xa0—\xa08', '23\xa0—\xa0165', '5\xa0—\xa034', -1, -1, '7\xa0—\xa066', '12\xa0—\xa0117', '46\xa0—\xa0118', '19\xa0—\xa043', -1, -1, '5616\xa0—\xa010502', '210\xa0—\xa04532', '46\xa0—\xa0121', -1, '4\xa0—\xa015', -1, '49\xa0—\xa0951', '65\xa0—\xa0238', '15\xa0—\xa0109', -1, '132\xa0—\xa0282', '3\xa0—\xa06', '25\xa0—\xa048', -1, -1, '231\xa0—\xa0409', '310\xa0—\xa01144', '124\xa0—\xa0891', '126\xa0—\xa0479', -1, '88\xa0—\xa0184', '85\xa0—\xa0317', '7\xa0—\xa026', '1076\xa0—\xa04468', '0\xa0—\xa012', '0\xa0—\xa015', '0\xa0—\xa020', '0\xa0—\xa039', '0\xa0—\xa024', '0\xa0—\xa0346', '0\xa0—\xa025', '0\xa0—\xa0250', '0\xa0—\xa0101', '3902\xa0—\xa010677', '164\xa0—\xa0232', '580\xa0—\xa01108', '40\xa0—\xa076', -1, '7\xa0—\xa036', -1, -1, -1, -1, -1, '166\xa0—\xa01510', -1, -1, '183\xa0—\xa0509', '20\xa0—\xa0462', '20\xa0—\xa0106', '21\xa0—\xa067', '6\xa0—\xa09', '253\xa0—\xa0653', '19\xa0—\xa0303', '1121\xa0—\xa02530', '772\xa0—\xa02097', '43\xa0—\xa0281', '7\xa0—\xa028']"
CALAMUS_(NORTH_AMERICAN_ORIGIN)_14330.html,"[-1, -1, '20000', -1, -1, -1, -1, -1, '10000', '10000', '20000\xa0—\xa030000', '20000\xa0—\xa040000', '140000', '40000', '100000\xa0—\xa0120000', '120000', '60000', '60000\xa0—\xa0370000', '20000', 'trace', '0\xa0—\xa0963000']"
LOVAGE_ROOT_14730.html,"[-1, -1, -1, -1, -1, -1, -1, -1, -1, 'trace\xa0—\xa04000', '0\xa0—\xa04000', '2900\xa0—\xa09000', -1, '137000\xa0—\xa0292900', '74000\xa0—\xa0127000', '5400', '1800\xa0—\xa05000', '6200\xa0—\xa0154600', '0\xa0—\xa01000', '2900\xa0—\xa07300', '1100\xa0—\xa0258500', '2300\xa0—\xa018200', -1, '1100', -1, '20600\xa0—\xa078700', '23100\xa0—\xa086800', '1200\xa0—\xa026600', '400', 'trace\xa0—\xa019900', -1, -1, '3000', '3000', '1300', '800\xa0—\xa05700', -1, -1, -1, '1500', '1900', -1, '1100\xa0—\xa08400', '3200\xa0—\xa03900', -1, -1, '1000\xa0—\xa06800', -1, '500\xa0—\xa02700', -1, -1, -1, -1, -1, '16200', '6200', -1, '2800', -1, -1, -1, '4300', -1, -1, -1, -1, -1, '900', -1, -1, '400\xa0—\xa012800', '2700', -1, -1, -1, '2000', '2000', -1, '1800', -1, -1, -1, -1, -1, -1, '2800\xa0—\xa014000', -1, -1, '235000\xa0—\xa0249000', '373300\xa0—\xa0675000', '3100\xa0—\xa013100', '1800', '315000\xa0—\xa0320000', '0\xa0—\xa017800', '14500\xa0—\xa044800']"
ZEDOARY_(Curcuma_zedoaria_Rosc.)_18650.html,"[-1, -1, -1, -1, -1, -1, -1, -1, -1]"
CYMBOPOGON_CITRATUS_OIL_25410.html,"['2000\xa0—\xa02100', '1200\xa0—\xa01500', '32000\xa0—\xa0191000', -1, 'trace\xa0—\xa021000', 'trace\xa0—\xa013000', '15000', '9000', -1, 'trace\xa0—\xa00.02', -1, -1, -1, '800\xa0—\xa03000', '4600\xa0—\xa05600', '2400\xa0—\xa03600', '4000\xa0—\xa011200', '24000', '6000', '1800\xa0—\xa03200', 'trace\xa0—\xa0800', '800\xa0—\xa03600', -1, '800\xa0—\xa0900', -1, '372000\xa0—\xa0557000', '198000\xa0—\xa0278000', '20000', '4600\xa0—\xa022400', '4000\xa0—\xa06400', '800\xa0—\xa0900', '13000', '9600\xa0—\xa099000', '75000', -1, '1600\xa0—\xa01800', '10000', '10000']"
WINTER_SAVORY_(Satureja_montana_L.)_23920.html,"['1000\xa0—\xa01600', '4600\xa0—\xa012800', '900\xa0—\xa02100', '8700\xa0—\xa017900', '14000\xa0—\xa061600', '400\xa0—\xa01000', '2600\xa0—\xa03700', '13600\xa0—\xa017400', '3600\xa0—\xa04200', '5600\xa0—\xa014200', '3400\xa0—\xa010700', '1000\xa0—\xa02400', '1700\xa0—\xa03600', '4100\xa0—\xa013100', '<400', '<400\xa0—\xa0600', '1800\xa0—\xa03000', '3700\xa0—\xa05900', '700', '2500\xa0—\xa04000', '40600\xa0—\xa045800', '2100\xa0—\xa03700', '2800\xa0—\xa03700', '1100\xa0—\xa01200', '1100\xa0—\xa01900', '110000\xa0—\xa0163200', '2500\xa0—\xa03200', '4600\xa0—\xa015700', '2900\xa0—\xa08400', '1800\xa0—\xa02300', '10700\xa0—\xa011900', '10700\xa0—\xa011400', '<400\xa0—\xa03300', '<400', '3100\xa0—\xa03300', '6700\xa0—\xa016800', '1600\xa0—\xa02800', '1900\xa0—\xa010400', '1100\xa0—\xa01300', '4700\xa0—\xa05000', '3000\xa0—\xa06600', '4400\xa0—\xa05300', '263800\xa0—\xa0412300', '8300\xa0—\xa012300']"
TARRAGON_OIL_13010.html,"['135400', '20600', '19700', -1, -1, '2500\xa0—\xa016200', '700', '5600', '9400\xa0—\xa0170100', '2600', '7500\xa0—\xa046500', '5200\xa0—\xa014400', '1700\xa0—\xa01900', '1100', '100\xa0—\xa01600', '1400\xa0—\xa0388100', '300', -1, -1, '300', '400', '11600', '1300', '700', -1, '1100', -1, '1400', '900', '900', -1, '8900', '4500', '1400', '500\xa0—\xa01400', -1, '172600\xa0—\xa0604600', '3000', '5100\xa0—\xa0288700', '3400']"
JUNIPER_BERRY_(alcoholic_extract)_15020.html,"[-1, -1, -1, -1, -1, -1, -1, -1, -1, -1, -1, -1, -1, -1, -1, -1, -1, -1, -1, -1, -1, -1, -1, -1, -1, -1, -1, -1, -1, -1, -1, -1, -1, -1, -1, -1, -1, -1, -1, -1, -1, -1, -1]"
THYMUS_VULGARIS_L._4310.html,"['26000', '<1000', '200', -1, '1000', '100', '500', '7900\xa0—\xa021400', '1000', '<400', '800\xa0—\xa013600', -1, '10300\xa0—\xa023400', '3800\xa0—\xa0140000', '<1000\xa0—\xa04700', '1700\xa0—\xa079000', '<1000', '1000\xa0—\xa02300', '4900\xa0—\xa014200', '1000\xa0—\xa04100', '1800\xa0—\xa0127800', '8700\xa0—\xa021000', '3600', 'trace\xa0—\xa02000', '200\xa0—\xa02100', '600\xa0—\xa03400', '1000\xa0—\xa02500', '<400\xa0—\xa0800', '400\xa0—\xa0700', -1, '4100\xa0—\xa042800', '<400\xa0—\xa01200', 'trace', '<1000', '<1000', '<400', '<400\xa0—\xa04000', '<400', 'trace\xa0—\xa026200', '<1000', '<1000', '<1000', '132000\xa0—\xa0300000', '<1000', '<400\xa0—\xa01000', '1000', '<1000', '1000', '<1000', '1000', '4000', '<1000', '1000', '4100\xa0—\xa012000', '<1000', '<1000', '<1000', -1, '6700\xa0—\xa028200', -1, '<400\xa0—\xa0800', '<400', '1500\xa0—\xa02600', '2400', '7000\xa0—\xa011000', '<1000', '100', -1, '4400\xa0—\xa012900', '<1000', '11000', '<400\xa0—\xa0500', '<400\xa0—\xa0900', '<1000', '1000', '25000', '<1000', -1, '<1000', '1000', '<1000', '<1000', '1000', '<400', '<1000', '<400\xa0—\xa03000', '0\xa0—\xa05100', '0\xa0—\xa01500', -1, '0.005', '1400', -1, '6\xa0—\xa057.1', '<1000', '1000', -1, -1, '<1000', -1, '400\xa0—\xa02400', '<1000', '1000', '1000\xa0—\xa05500', '2500\xa0—\xa026200', '72900\xa0—\xa0482600', '6100\xa0—\xa063800', '1000\xa0—\xa015200', '<1000', '<1000', '2000\xa0—\xa04500']"
SPEARMINT_OIL_(Mentha_spicata_L.)_3530.html,"[-1, '3000', -1, '4000\xa0—\xa025000', -1, -1, '600\xa0—\xa03000', -1, '900\xa0—\xa01700', '20000\xa0—\xa0114000', '7000', -1, -1, '2000', 'trace', '1200\xa0—\xa041100', '1000\xa0—\xa04000', 'trace\xa0—\xa07000', -1, '300\xa0—\xa07200', '2600\xa0—\xa06000', -1, '9000', -1, '1600\xa0—\xa037000', '1200\xa0—\xa09800', -1, -1, '9200\xa0—\xa018000', '1000', -1, '2000\xa0—\xa02700', -1, -1, '1000', -1, -1, -1, -1, -1, -1, -1, -1, -1, -1, '5600\xa0—\xa012600', '1200\xa0—\xa09300', -1, -1, -1, '1000\xa0—\xa08400', '2000', 'trace\xa0—\xa027300', -1, '2000', '2000\xa0—\xa061400', '2000', -1, -1, '12000\xa0—\xa059400', '14000', '3000', '16200\xa0—\xa039300', -1, -1, '2100\xa0—\xa024000', '2200\xa0—\xa023000', '1000', -1, -1, -1, '3900\xa0—\xa08000', '1000', '13000', '3000', '1000', '2000\xa0—\xa03000', -1, -1, -1, -1, -1, -1, -1, 'trace', '1100\xa0—\xa02600', '1000\xa0—\xa03000', -1, -1, '1000', -1, -1, '3000\xa0—\xa011000', '19000\xa0—\xa035000', '61000', '15000\xa0—\xa031400', '391300\xa0—\xa0699000', -1, -1, -1, '3000', '1000', -1, -1, -1, -1, -1, '14000\xa0—\xa029500', -1, '7200\xa0—\xa059000', '20000\xa0—\xa064000', -1, -1, -1, -1, -1, -1, -1, -1, -1, -1, -1, -1, '0.17\xa0—\xa00.59', '0.09\xa0—\xa00.23', '0.63\xa0—\xa00.88', '0.11\xa0—\xa00.14', '0.02\xa0—\xa00.05', '0.05\xa0—\xa00.13', '0.03\xa0—\xa00.14', '0.26\xa0—\xa00.4', '0.05\xa0—\xa00.44', '0.14\xa0—\xa00.49', '0.08\xa0—\xa00.34', '0.02', '0.93\xa0—\xa01.01', '0.61\xa0—\xa03', '40', '10700\xa0—\xa036000', -1, '1000', -1, '0.26\xa0—\xa00.3', -1, -1, -1, '2000', '1000', '4000', -1]"
BLACK_PEPPER_LEAF_(cv._Cingapura)_3811.html,"[-1, -1, -1, -1, -1, -1, -1, -1, -1, -1, -1, -1, -1, -1, -1, -1, -1, -1, -1, -1, -1, -1, -1, -1, -1, -1, -1, -1, -1, -1, -1, -1, -1, -1, -1, -1, -1, -1, -1, -1, -1]"
MYRTLE_LEAF_17510.html,"['400\xa0—\xa03800', '1600\xa0—\xa01700', '300\xa0—\xa01100', -1, '400', '1700\xa0—\xa05700', '400\xa0—\xa04700', '41100\xa0—\xa075800', '1900\xa0—\xa011300', '80500\xa0—\xa081800', '1200\xa0—\xa01900', '100\xa0—\xa0200', '600\xa0—\xa02700', '100', '1700\xa0—\xa02500', '1200\xa0—\xa013200', '2600\xa0—\xa03700', '2200\xa0—\xa09300', '700', '900\xa0—\xa03000', '200\xa0—\xa0600', '5000\xa0—\xa083000', '900', '200', '21200\xa0—\xa041600', '2200\xa0—\xa03400', '900', '5800\xa0—\xa016300', '400', '200', '200', '300\xa0—\xa0400', '2200', '100', '1000\xa0—\xa01700', '17200\xa0—\xa026400', '1500\xa0—\xa01800', '5300\xa0—\xa026100', '2800\xa0—\xa05700', '400', '329000\xa0—\xa0359000', '100', '4500\xa0—\xa022400', 'trace', '3200\xa0—\xa04000', '4200', '151400\xa0—\xa0298900', '4900\xa0—\xa06000', '100', '100', '500\xa0—\xa02400', '11500\xa0—\xa023000', '400', '200\xa0—\xa0500', '200']"
"OCIMUM,_OTHER_TYPES_15930.html","[-1, -1, -1, -1, -1, -1, -1, -1, -1, -1, -1, -1, -1, -1, -1, -1, -1, -1, -1, -1, -1, -1, -1, -1]"
Heated_LICORICE_(Glycyrrhiza_echinata_L.)_14550.html,"[-1, -1, -1, -1, -1, -1, -1, -1, -1, -1, -1, -1, -1, -1, -1, -1, -1]"
SPANISH_SAGE_(Salvia_lavandulaefolia_Vahl.)_19040.html,"['2200', '1100\xa0—\xa04000', '1000', '13400\xa0—\xa032000', '1000', '1300', 'trace\xa0—\xa01600', 'trace\xa0—\xa01800', '26500\xa0—\xa045000', -1, -1, '2400', -1, '86000', '22300\xa0—\xa045000', '70000\xa0—\xa076900', '2000', '3400\xa0—\xa013000', -1, -1, '4000', '6100', 'trace', 'trace', -1, -1, -1, '4600', '8400\xa0—\xa019000', '3000', '3700\xa0—\xa04000', '1000', '17000\xa0—\xa031000', '1000', 'trace\xa0—\xa018900', -1, -1, -1, -1, '5000', -1, '201000\xa0—\xa0301100', '13000', 'trace', '3300', -1, '3400\xa0—\xa039000', '112000', '2100\xa0—\xa09700', '36000', '4200', -1, -1, '118300\xa0—\xa0211000', -1, -1, -1, -1]"
GINGER_(Zingiber_officinale_Roscoe)_3401.html,"['5000', '<1000\xa0—\xa02500', '1000\xa0—\xa025500', '21000\xa0—\xa0107000', '5000', 'trace\xa0—\xa02800', '98000', '<1000', '<1000\xa0—\xa011900', '13000\xa0—\xa0115700', '900\xa0—\xa05000', 'trace\xa0—\xa01400', '500\xa0—\xa03500', '10000\xa0—\xa030500', -1, -1, '<1000\xa0—\xa0129000', '4000', '2400\xa0—\xa010000', -1, 'trace\xa0—\xa01000', '3000', '2000\xa0—\xa0604000', -1, -1, '3000\xa0—\xa0281400', '4000\xa0—\xa0300000', '20000\xa0—\xa0271000', '2000\xa0—\xa051000', -1, '15900', '2000\xa0—\xa03100', 'trace\xa0—\xa039000', -1, -1, '500\xa0—\xa05300', -1, -1, 'trace\xa0—\xa0139500', 'trace\xa0—\xa0300', -1, 'trace\xa0—\xa01400', 'trace\xa0—\xa01000', '3500', -1, -1, -1, '<1000', -1, 'trace\xa0—\xa06700', '4000\xa0—\xa08000', '4000', '1000', '1000', '14000', '<1000', '4000', '700\xa0—\xa02000', -1, '<1000\xa0—\xa04000', -1, -1, -1, '2000', '1400\xa0—\xa03200', -1, -1, -1, 'trace\xa0—\xa03200', -1, '300\xa0—\xa0500', '900\xa0—\xa01500', -1, '<100', 'trace\xa0—\xa010900', -1, '<1000', -1, -1, '<1000', '<1000', '<100\xa0—\xa06000', -1, -1, -1, '1100\xa0—\xa02200', '500', '1000\xa0—\xa015100', '1000\xa0—\xa0230000', '200\xa0—\xa071000', '1000\xa0—\xa017000', '1000\xa0—\xa016000', '4100', '7000\xa0—\xa015900', '7000', '4000\xa0—\xa056000', '1400\xa0—\xa08000', -1, '<1000', '2000\xa0—\xa016200', -1, -1, '6000', '2000', '3000', '2000\xa0—\xa07000', '200\xa0—\xa04000', -1, -1, '7800\xa0—\xa054000', 'trace\xa0—\xa01000', '4000', -1, '1000', 'trace', '4000', '1000', -1, '1000', 'trace\xa0—\xa014000', -1, -1, '1000', '<1000', '4100', '<1000', 'trace\xa0—\xa0700', -1, '120\xa0—\xa0340', '<1000', '1000', -1, '10\xa0—\xa02000', -1, '0\xa0—\xa050', -1, '<1000\xa0—\xa02900', 'trace\xa0—\xa0358000', -1, 'trace\xa0—\xa0274000', -1, -1, '4700', '600', '<1000', '<1000', -1, 'trace\xa0—\xa0100', '1000\xa0—\xa04000', '400\xa0—\xa010900', '130\xa0—\xa02200', '1270\xa0—\xa016000', '200\xa0—\xa0370', -1, '2000', 'trace', '7000', -1, '1000\xa0—\xa01200', '<1000', -1, '900\xa0—\xa02000', -1, -1, -1, -1, -1, '<1000', -1, -1, -1, '1000\xa0—\xa05100', 'trace\xa0—\xa0294000', 'trace\xa0—\xa0100', '200\xa0—\xa0300', '10000', '300\xa0—\xa0500', -1, '1000\xa0—\xa013200', -1, '<1000', -1, -1, '3000\xa0—\xa0112000', '1000', -1, -1, -1, -1, -1, -1, '800', -1, '1100\xa0—\xa024400', '850\xa0—\xa02630', '1300\xa0—\xa04530', -1, -1, -1, '100\xa0—\xa02100', -1, -1, -1, -1, -1, '<1000', -1, 'trace', -1, -1, -1, -1, -1, -1, -1, -1, '<1000']"
"VINEGAR_(aged_w_o_wood_cont,_from_Brandy_de_Jerez)_4002.html","['20.81\xa0—\xa039.19', '0\xa0—\xa02.04', '0\xa0—\xa00.36', '0\xa0—\xa03.94', '2.39\xa0—\xa023.41', '0\xa0—\xa07.52', '0\xa0—\xa016.24', '9.45\xa0—\xa062.7', '3.46\xa0—\xa015.17', '1.1\xa0—\xa03.86', '0\xa0—\xa02.44', '1.39\xa0—\xa09.35', '1.34\xa0—\xa06.5', '1.07\xa0—\xa05.67', '0.69\xa0—\xa05.34', '0\xa0—\xa02.08', '0\xa0—\xa01.64', '0\xa0—\xa021.92']"
VEGETABLE_FENNEL_OIL_(F._var._azoricum_(Miller))_16130.html,"['0\xa0—\xa01400', '<400', '600\xa0—\xa03100', '200\xa0—\xa0700', '2600', '700\xa0—\xa02200', '300', '10100\xa0—\xa090500', '800\xa0—\xa016800', '<100\xa0—\xa0600', '100\xa0—\xa0500', '400\xa0—\xa01300', '<100\xa0—\xa02300', '<400', '900', '0\xa0—\xa0900', '0\xa0—\xa013000', '<400', '800\xa0—\xa01500', '44000\xa0—\xa076800', 'trace', '500\xa0—\xa01600', '15400\xa0—\xa048900', '1400\xa0—\xa015400', '734800\xa0—\xa0911300']"
CINNAMON_BARK_(Cinnamomum_zeylanicum_Blume)_3101.html,"['trace', '700\xa0—\xa0800', '600', 'trace\xa0—\xa06000', '700\xa0—\xa06400', 'trace\xa0—\xa04000', 'trace', '1000', 'trace\xa0—\xa08000', '2000\xa0—\xa06200', '350\xa0—\xa06000', 'trace\xa0—\xa01000', 'trace\xa0—\xa02000', 'trace', '100\xa0—\xa0300', -1, '1400\xa0—\xa033000', '400\xa0—\xa0500', 'trace\xa0—\xa03000', -1, -1, '2400\xa0—\xa011000', '500\xa0—\xa01000', '2100\xa0—\xa024000', -1, -1, '31900', '1300\xa0—\xa04000', '3000', '5000\xa0—\xa06000', '3600\xa0—\xa07000', '4000', -1, 'trace\xa0—\xa014200', '400\xa0—\xa02500', -1, '900\xa0—\xa01500', '1000\xa0—\xa07000', '740000\xa0—\xa0750000', '1200\xa0—\xa09800', '654300\xa0—\xa0821500', '3000\xa0—\xa08000', -1, -1, 'trace\xa0—\xa01000', 'trace', '3400', '131\xa0—\xa0461', -1, -1, 'trace\xa0—\xa02000', '1000', '2800\xa0—\xa051000', '32400\xa0—\xa036500', -1, -1, '4000\xa0—\xa010000', -1, -1, -1, '16500\xa0—\xa020000', -1, -1, 'trace', '3200', '10700\xa0—\xa0133000', 'trace', -1, -1, -1, 'trace\xa0—\xa01200', '7000']"
CURRY_LEAF_OIL_(Bergera_koenigii_L.)_28710.html,"[-1, '0\xa0—\xa021000', '1000\xa0—\xa071000', -1, '0\xa0—\xa027000', -1, '3000', '1000\xa0—\xa014000', '0\xa0—\xa068000', '30000\xa0—\xa0502000', '0\xa0—\xa028000', '<500\xa0—\xa030000', '1000\xa0—\xa09000', '8000\xa0—\xa095000', '<500', '<500\xa0—\xa032000', '0\xa0—\xa018000', '2000', '0\xa0—\xa019000', '6000\xa0—\xa071000', '38000\xa0—\xa0653000', -1, '1000\xa0—\xa0129000', '<500\xa0—\xa012000', '0\xa0—\xa06000', '0\xa0—\xa0361000', '0\xa0—\xa0500', -1, '12000', '0\xa0—\xa01000', '0\xa0—\xa010000', '1000\xa0—\xa04000', '<400', '<500\xa0—\xa02000', '0\xa0—\xa05000', '0\xa0—\xa071000', '1000\xa0—\xa0104000', -1, '1000\xa0—\xa063000', -1, '5000', '6000', '3000', '<500\xa0—\xa01000', -1, '<400', '24000\xa0—\xa0496000', '0\xa0—\xa016000', '0\xa0—\xa03000', '1000\xa0—\xa06000', '0\xa0—\xa03000', '<500\xa0—\xa01000', -1, -1, '0\xa0—\xa04000', '0\xa0—\xa013000', '0\xa0—\xa01000', '<500\xa0—\xa017000', '0\xa0—\xa017000', '1000\xa0—\xa02000', '0\xa0—\xa02000', '1000\xa0—\xa017000', '0\xa0—\xa01000', '1000', '<500', -1, '2000', '1000', '<500', '0\xa0—\xa01000', '1000', '1000', '1000', '<500\xa0—\xa089000', '<500\xa0—\xa015000', '<500\xa0—\xa0114000', '<500\xa0—\xa07000', '1000\xa0—\xa042000', -1, -1, '0\xa0—\xa01000', '<500\xa0—\xa03000', '0\xa0—\xa01000', '0\xa0—\xa04000', '<500\xa0—\xa019000', '0\xa0—\xa05000', '0\xa0—\xa04000', '<500\xa0—\xa06000', '1000', '0\xa0—\xa03000', '0\xa0—\xa01000', '1000\xa0—\xa053000', '0\xa0—\xa08000', '<500\xa0—\xa05000', '0\xa0—\xa02000', '0\xa0—\xa03000', '1000', -1, '<500', '0\xa0—\xa03000', '0\xa0—\xa0500', '<500\xa0—\xa09000', '0\xa0—\xa05000', '0\xa0—\xa01000', '0\xa0—\xa018000', '1000\xa0—\xa05000', '0\xa0—\xa03000', '1000', '3000', '0\xa0—\xa010000', '<500\xa0—\xa09000', '0\xa0—\xa024000', '2000', '0\xa0—\xa04000', '0\xa0—\xa043000', '37000', '0\xa0—\xa083000', '3000', '0\xa0—\xa05000', '4000', '5000', '28000', '12000', '1000', '1000', '0\xa0—\xa04000', '<500', '0\xa0—\xa08000', '<500\xa0—\xa037000', -1, -1, -1, -1, -1, -1, '6000', -1, -1, -1, -1, '0\xa0—\xa0500', -1, '0\xa0—\xa02000', '0\xa0—\xa01000', '0\xa0—\xa08000', '1000', -1, -1, '1000', '0\xa0—\xa04000', '1000', '<400', '6000', '0\xa0—\xa03000', '1000', '2000', '0\xa0—\xa03000', '0\xa0—\xa01000', '0\xa0—\xa09000', '6000', '1000', '1000', '0\xa0—\xa024000', '0\xa0—\xa02000', '0\xa0—\xa02000', '1000\xa0—\xa016000', '<500', '0\xa0—\xa019000', '1000', '2000', '1000', '1000', '1000', '1000', '1000', '1000', '1000', '1000', '4000', -1, -1, -1, -1, -1, -1, -1, -1, '0\xa0—\xa01000', '3000', '<500\xa0—\xa01000', '2000', '<500', '0\xa0—\xa01000', '0\xa0—\xa01000', '0\xa0—\xa06000', '<500\xa0—\xa09000', '<500\xa0—\xa062000', '1000']"
MYRTLE_BERRY_17520.html,"[-1, -1, '400', '1000', '1100', -1, '27000\xa0—\xa0180000', '2200', '72300\xa0—\xa0250000', '0\xa0—\xa06000', '0\xa0—\xa010000', '600', '2300', '3200', '100', '3300', -1, -1, -1, '600', '3000\xa0—\xa016000', '500', '8300\xa0—\xa0110000', -1, -1, '9000\xa0—\xa0120000', '3700', -1, -1, -1, '2800', '500\xa0—\xa050000', '300', '900', '6500', '32000\xa0—\xa040800', '0\xa0—\xa014000', '0\xa0—\xa020000', '0\xa0—\xa035800', '800\xa0—\xa0200000', '400', -1, -1, '700', '2500', -1, -1, -1, -1, '205000\xa0—\xa0615000', -1, -1, -1, '25000\xa0—\xa040000', -1, -1]"
SWEET_MARJORAM_(Origanum_majorana_L.)_9500.html,"[-1, -1, -1, -1, -1, -1, -1, -1, -1, -1, -1, -1, -1, -1, -1, -1, -1, -1, -1, -1, -1, -1, -1, -1, -1, -1, -1, -1, -1, -1, -1, -1, -1, -1, -1, -1, -1, -1, -1, -1, -1, -1, -1, -1, -1, -1, -1, -1, -1, '0.208', -1, -1, -1, -1, -1, -1, -1, -1, -1, -1, -1, -1, -1, -1, -1, -1, -1, -1]"
"CINNAMOMUM,_OTHER_TYPES_3103.html","['2100', '500', -1, -1, '1200', -1, '200', '2800', '<100', '2400', '2500', '2200', -1, -1, '5800', '<100', -1, '16800', -1, -1, -1, -1, -1, -1, '3700', -1, '<100', '<100', '<100', '100', '100', '3900', '200', '<100', -1, '<100', '400', '7900', '3500', '1400', '<100', '<100', -1, '400', '<100', -1, '<100', -1, -1, '2000', '1300', '6300', '100', '100', -1, '822500', '<100', '400', '500', '<100', '2100', -1, -1, -1, '<100', '<100', '7000', '<100', '46600', '<100', '16500', '100', '500', '<100', '3500', '3600', '5500', '1300', '<100', '300', '300', -1, '200', '100', -1, '100', '900']"
ANGELICA_SEED_OIL_25120.html,"['1500', '3100', '14900', '27600', '354400', '100', '500', '400', '387000', -1, -1, '6700', '91600', -1, -1, '7200', -1, -1, '4000', '3200', '33100', '3400', -1, '7200', '1300']"
CLARY_SAGE_(Salvia_sclarea_L.)_19020.html,"[-1, -1, -1, 'trace\xa0—\xa08000', '1000\xa0—\xa013600', 'trace', 'trace\xa0—\xa0500', 'trace\xa0—\xa017100', '1000', 'trace', 'trace', -1, 'trace\xa0—\xa0200', 'trace\xa0—\xa012000', 'trace\xa0—\xa03700', 'trace\xa0—\xa07700', -1, '7000\xa0—\xa0483900', 'trace\xa0—\xa04000', 'trace\xa0—\xa03000', 'trace\xa0—\xa03000', 'trace\xa0—\xa01000', 'trace\xa0—\xa01000', 'trace\xa0—\xa01000', '1000\xa0—\xa05000', '1200\xa0—\xa06600', '55100', '8600\xa0—\xa0110100', -1, 'trace', '1000\xa0—\xa030100', 'trace\xa0—\xa04000', 'trace', 'trace\xa0—\xa01500', -1, -1, -1, -1, -1, -1, -1, -1, -1, 'trace\xa0—\xa01900', 'trace\xa0—\xa02900', -1, 'trace\xa0—\xa0300', '<100', -1, 'trace\xa0—\xa0100', '1000', '<100', 'trace\xa0—\xa04800', -1, 'trace\xa0—\xa049300', 'trace\xa0—\xa016700', '1100\xa0—\xa0286300', '<100', '<100', -1, -1, 'trace\xa0—\xa0900', '1000\xa0—\xa031000', 'trace\xa0—\xa078500', 'trace\xa0—\xa03000', '<100', 'trace', -1, 'trace', 'trace', '0\xa0—\xa01000', '14300', '5100', '2300', -1, 'trace\xa0—\xa03300', 'trace\xa0—\xa08900', -1, -1, -1, 'trace\xa0—\xa017100', -1, -1, -1, -1, -1, -1, -1, -1, 'trace\xa0—\xa0700', 'trace', -1, -1, -1, '2100', '1600', -1, -1, -1, -1, -1, -1, -1, -1, -1, -1, -1, -1, -1, -1, -1, 'trace', '6800', -1, -1, -1, -1, -1, -1, -1, -1, -1, 'trace\xa0—\xa023700', '<100', '<100', -1, '2500', '24500', -1, -1, 'trace\xa0—\xa048300', 'trace\xa0—\xa023100', '1900\xa0—\xa0776000', -1, 'trace\xa0—\xa03700', '0\xa0—\xa02000', 'trace\xa0—\xa011000', -1, -1, -1, '<100', -1, -1, 'trace\xa0—\xa0400', -1, -1, -1, -1, -1, -1, '1000\xa0—\xa013000', -1, 'trace', -1, 'trace\xa0—\xa01800', 'trace\xa0—\xa0200', 'trace\xa0—\xa05900', 'trace\xa0—\xa07200', '<100', '<100', -1, -1, -1, -1, -1, -1, '<100', '<100', 'trace', -1, '1600\xa0—\xa022000', -1, -1, -1, '700\xa0—\xa05300', 'trace', -1, '<100', '<100', '4000\xa0—\xa020000', '3700\xa0—\xa013000', -1, -1]"
CURCUMA_WENYUJIN_18660.html,"[-1, -1, -1, -1, -1, -1, -1, -1, -1, -1, -1, -1, -1, -1, -1, -1, -1, -1, -1, -1, -1, -1, -1, -1, -1, -1, -1, -1, -1, -1, -1, -1, -1]"
RED_SAGE_(Texas_sage)_(S._coccinea_Juss._ex_Murr.)_19030.html,"[-1, '<3500\xa0—\xa037000', '<3500\xa0—\xa040000', '<3500\xa0—\xa08000', '<3500\xa0—\xa029000', -1, -1, '<3500\xa0—\xa0113000', '<3500\xa0—\xa05000', '<3500\xa0—\xa09000', '<3500\xa0—\xa024000', '15000\xa0—\xa0182000', '<3500\xa0—\xa017000', '<3500\xa0—\xa069000', '<3500\xa0—\xa010000', '<3500\xa0—\xa08000', '<3500\xa0—\xa06000', '<3500', '<3500\xa0—\xa027000', '<3500\xa0—\xa038000', '113000\xa0—\xa0650000', '<3500\xa0—\xa0110000', '<3500', '<3500\xa0—\xa07000', '0\xa0—\xa011000', '<3500\xa0—\xa021000', '<3500\xa0—\xa036000', '<3500\xa0—\xa014000', '<3500\xa0—\xa012000', '<3500', '<3500\xa0—\xa0294000', '<3500\xa0—\xa017000', '0\xa0—\xa011000', '<3500\xa0—\xa029000']"
SUMMER_SAVORY_(Satureja_hortensis_L.)_23910.html,"['14000\xa0—\xa039000', '9000\xa0—\xa018000', '238000\xa0—\xa0446000', '4000\xa0—\xa022000', '12000', '3000', '3000\xa0—\xa06000', '3000', '<1000\xa0—\xa022000', '4000', '2000', '23000', '3000', '22000\xa0—\xa070000', '3000\xa0—\xa07000', '<1000', '4000', '2000\xa0—\xa05000', '12000', '3000', '6000', '389000\xa0—\xa0485000', '<1000', '6000']"
BLACK_PEPPER_LEAF_(cv._Clonada)_3812.html,"[-1, -1, -1, -1, -1, -1, -1, -1, -1, -1, -1, -1, -1, -1, -1, -1, -1, -1, -1, -1, -1, -1, -1, -1, -1, -1, -1, -1, -1, -1, -1, -1, -1, -1, -1]"
KOREAN_MINT_(Agastache_rugosa_Kuntze)_24230.html,"[-1, -1, -1, -1, -1, -1, -1, -1, -1, -1, -1]"
"VINEGAR_(aged_in_oak_casks,_from_Brandy_de_Jerez)_4001.html","['25.17\xa0—\xa097.96', '0\xa0—\xa08.27', '0\xa0—\xa09.81', '4.13\xa0—\xa017.03', '7.1\xa0—\xa017.31', '4.78\xa0—\xa033.47', '0\xa0—\xa013.69', '22.47\xa0—\xa095.01', '4.29\xa0—\xa017.43', '2.79\xa0—\xa07.59', '0\xa0—\xa02.98', '0\xa0—\xa03.99', '3.13\xa0—\xa08.47', '1.74\xa0—\xa08.22', '2.81\xa0—\xa06.6', '0\xa0—\xa05.1', '0\xa0—\xa03.37', '9.06\xa0—\xa060.02']"
WATER_MINT_OIL_(Mentha_aquatica)_3575.html,"[-1, '2000\xa0—\xa08000', -1, '6000\xa0—\xa066000', -1, '5000\xa0—\xa011000', -1, -1, -1, '1000\xa0—\xa05000', '1000', '14000\xa0—\xa064000', -1, '5000\xa0—\xa078000', 'trace', '5000\xa0—\xa024000', '5000\xa0—\xa027000', '1000\xa0—\xa036000', -1, '6000\xa0—\xa010000', '1000', '<1000', '2000\xa0—\xa04000', '0\xa0—\xa067000', -1, 'trace\xa0—\xa06000', '1000\xa0—\xa02000', -1, '2000\xa0—\xa05000', '1000\xa0—\xa011000', '3000\xa0—\xa07000', '1000\xa0—\xa03000', -1, '<1000', 'trace', 'trace\xa0—\xa01000', '16000', '1000\xa0—\xa03000', '1000\xa0—\xa059000', '<1000', -1, -1, '6000\xa0—\xa032000', '8000', '4000', '62000\xa0—\xa0163000', '5000', '<1000', '2000\xa0—\xa094000', -1, '2000', '1000\xa0—\xa06000', '6000\xa0—\xa024000', '7000\xa0—\xa023000', '0\xa0—\xa0114000', '5000', '1000', '<1000', '1000\xa0—\xa02000', '1000', '<1000', 'trace', '<1000\xa0—\xa02000', '1000\xa0—\xa0176000', '0\xa0—\xa024000', '<1000\xa0—\xa031000', '2000', '1000', '1000\xa0—\xa02000', -1, '1000\xa0—\xa012000', -1, -1, '1000\xa0—\xa03000', '5000', '<1000', '3000', '3000', '1000\xa0—\xa028000', '3000', '3000', '1000', '1000\xa0—\xa0216000', '2000', '<1000', '28000\xa0—\xa0729000', '1000', '1000\xa0—\xa04000']"
CHOCO_MINT_OIL_(Mentha_piperita_f._citrate)_3590.html,[]
MOROCCAN_CAMOMILE_OIL_(Chamaemelum_mixtum_L.)_25230.html,"['<500\xa0—\xa07000', '<500', '1000\xa0—\xa07000', '<500\xa0—\xa09000', '<500\xa0—\xa036000', '2000\xa0—\xa0156000', '3000\xa0—\xa0113000', '<500\xa0—\xa01000', '<500\xa0—\xa03000', '<500\xa0—\xa02000', '<500\xa0—\xa03000', '1000\xa0—\xa014000', '5000\xa0—\xa0286000', '6000\xa0—\xa039000', '<500\xa0—\xa05000', '<500\xa0—\xa05000', '<500\xa0—\xa01000', '<500\xa0—\xa07000', '1000\xa0—\xa05000', '5000\xa0—\xa020000', '<500\xa0—\xa05000', '<500\xa0—\xa02000', '<500\xa0—\xa08000', '1000\xa0—\xa011000', '1000\xa0—\xa023000', '<500\xa0—\xa04000', '<500\xa0—\xa04000', '<500\xa0—\xa02000', '<500\xa0—\xa02000', '<500\xa0—\xa01000', '<500\xa0—\xa02000', '<500\xa0—\xa03000', '125000\xa0—\xa0462000', '13000\xa0—\xa0132000', '7000\xa0—\xa0162000', '<500\xa0—\xa02000', '<500\xa0—\xa01000', '<500\xa0—\xa01000', '<500\xa0—\xa030000', '<500\xa0—\xa014000', '<500\xa0—\xa01000', '<500\xa0—\xa03000', '1000\xa0—\xa033000', '1000\xa0—\xa05000', '2000\xa0—\xa012000', '1000\xa0—\xa017000', '<500\xa0—\xa011000', '1000\xa0—\xa031000', '2000\xa0—\xa024000', '1000\xa0—\xa020000', '1000\xa0—\xa010000', '1000\xa0—\xa017000', '<500\xa0—\xa017000', '<500\xa0—\xa02000', '<500\xa0—\xa01000', '<500\xa0—\xa04000', '<500\xa0—\xa01000', '<500\xa0—\xa02000', '<500\xa0—\xa02000', '<500\xa0—\xa07000', '<500\xa0—\xa02000', '<500\xa0—\xa06000', '<500\xa0—\xa01000', '<500\xa0—\xa02000', '44000\xa0—\xa0127000', '<500\xa0—\xa011000', '<500\xa0—\xa013000', '<500\xa0—\xa06000', '<500\xa0—\xa09000', '<500\xa0—\xa02000', '<500\xa0—\xa07000', '<500\xa0—\xa03000', '<500\xa0—\xa02000', '1000\xa0—\xa021000', '<500\xa0—\xa06000', '2000\xa0—\xa022000', '2000\xa0—\xa09000', '1000\xa0—\xa07000']"
BITTER_FENNEL_TEA_16150.html,"['0.14', '0.19', '0.122', '0.068', '0.14', '0.14', '0.02', '0.02', '0.19', '0.63', '0.04', '0.06', '0.16', '0.76', '0.76', '28', '0.16', '2.2', '0.08', '60', '0.00025', '0.00018', '0.11', '0.11', '0.0023', '0.0002']"
BLACK_PEPPER_FRUIT_(cv._Clonada)_3820.html,"[-1, -1, -1, -1, -1, -1, -1, -1, -1, -1, -1, -1, -1, -1, -1, -1, -1, -1, -1, -1, -1, -1, -1, -1, -1, -1, -1, -1, -1, -1, -1, -1, -1, -1, -1, -1, -1]"
AVOCADO_(Persea_americana_Mill.)_8400.html,"[-1, -1, -1, -1, -1, -1, -1, -1, -1, -1, -1, -1, -1, -1, -1, -1, -1, -1, -1, -1, -1, -1, -1, -1, -1, -1, -1, -1, -1, -1, -1, -1, -1, -1, -1, -1, -1, -1, -1, -1, -1, -1, -1, -1, -1, -1, -1, -1, -1, -1, -1, -1, -1, -1, -1, -1, -1, -1, -1, -1, -1, -1, -1, -1, -1, -1, -1, -1, -1, -1, '1.4\xa0—\xa01.9', -1, -1, -1, -1, -1, -1, -1, -1, -1, -1, -1, -1, -1, -1, -1, -1, -1, -1, -1, -1]"
BERGAMOT_OIL_(Citrus_aurantium_bergamia)_520.html,"['2300', '7800', 'trace', '20400', 'trace', '2100', '76700', '3600', '383500', -1, -1, 'trace', 'trace', 'trace', '4600', 'trace', 'trace', '13800', '57700', 'trace', '12600', 'trace', '3600', 'trace', 'trace', 'trace', 'trace', 'trace', '2700', 'trace', 'trace', '5400', 'trace', 'trace', 'trace', 'trace', 'trace', 'trace', 'trace', 'trace', 'trace', 'trace', 'trace', 'trace', 'trace', 'trace', 'trace', '96000', -1, -1, -1, 'trace', 'trace', '1800', 'trace', 'trace', 'trace', 'trace', 'trace', 'trace', 'trace', 'trace', 'trace', -1, -1, 'trace', -1, '3100', '1900', 'trace', 'trace', 'trace', 'trace', 'trace', 'trace', 'trace', 'trace', 'trace', 'trace', 'trace', 'trace', 'trace', 'trace', 'trace', '7300', '6200', '268800', -1, 'trace', 'trace', -1, 'trace', '1000', 'trace', 'trace', 'trace', 'trace', 'trace', 'trace', 'trace', 'trace', 'trace', 'trace', 'trace', 'trace', 'trace', 'trace', 'trace', 'trace', 'trace', 'trace', 'trace', 'trace', -1]"
POMELO_PEEL_OIL_(Citrus_grandis_Osbeck)_519.html,"['trace', '17400\xa0—\xa035300', '<100\xa0—\xa057800', '1000', '861900\xa0—\xa0955800', '<100', '4000\xa0—\xa012200', '9100', '1000\xa0—\xa01100', '1800', '<100', '100\xa0—\xa0200', '100\xa0—\xa0700', '400', '100', '300', '<100', '<100', '400\xa0—\xa02400', '<100\xa0—\xa0500', '500', '<100\xa0—\xa0400', '400', '<100', '<100', '200', '500', '2900', '<100\xa0—\xa01800', '200\xa0—\xa0800', '200\xa0—\xa0300', 'trace\xa0—\xa0100', '<100', '<100\xa0—\xa0200', '600\xa0—\xa02100', 'trace', '800', '300', '100\xa0—\xa0300', '100', '35', '<100', '<100\xa0—\xa0200', '<100\xa0—\xa0300']"
APPLE_FRESH_(Cox's_Orange)_27621.html,"[-1, -1, '0.975', -1, '0.35', '0.0045', -1, '0.048', '0.113', '0.03', -1, '0.0011', '0.0008', -1, -1, '0.001', -1, -1, -1, -1, -1, '1.595', -1, '0.217', '1.498', -1, -1, -1, '0.0003', '0.0018', -1, '<0.0001', -1, -1, -1, -1, -1, '0.0001', -1, '0.0011', -1, '0.0033']"
APPLE_FRESH_(Cox's_Orange_Pippin)_27618.html,"[-1, '0.02\xa0—\xa02', '0.03\xa0—\xa00.65', '0.01\xa0—\xa00.06', '0.06\xa0—\xa00.5', '0.04\xa0—\xa02', -1, -1, -1, -1, -1, '0.23\xa0—\xa00.26', '<0.01\xa0—\xa030', '<0.01\xa0—\xa00.15', '0.01\xa0—\xa00.6', '0.07\xa0—\xa06.6', '0.03\xa0—\xa02.4', '0.14\xa0—\xa02.3', -1]"
LIME_OIL_(distilled)_517.html,"['200\xa0—\xa0400', '2000\xa0—\xa04000', '7000\xa0—\xa015000', '6000\xa0—\xa014000', 'trace\xa0—\xa03700', '8000\xa0—\xa025300', '68000\xa0—\xa0130000', '6100\xa0—\xa090000', '360000\xa0—\xa0523000', '11100', '700\xa0—\xa01100', '500\xa0—\xa0700', '10000\xa0—\xa024900', '50700', -1, '41400', '8000\xa0—\xa019000', '10000\xa0—\xa095000', '3700\xa0—\xa07500', '200', '1000\xa0—\xa03000', '10700', '5000\xa0—\xa09000', -1, '3400\xa0—\xa04600', '4000\xa0—\xa08000', '105700', '166200', '2100\xa0—\xa075000', -1, 'trace', 'trace', 'trace', 'trace', 'trace', 'trace\xa0—\xa07000', 'trace', '490\xa0—\xa03000', '12500', '60000\xa0—\xa091000', '5000\xa0—\xa010000', '2600\xa0—\xa08100', 'trace', '7000\xa0—\xa014000', '8400', '8000\xa0—\xa023900', '4200\xa0—\xa08000', '3200\xa0—\xa09000', -1, -1, -1, -1, '80400', -1, -1, 'trace\xa0—\xa04000', 'trace\xa0—\xa03000', '3800', -1, '14800', '20700', '5700', '170\xa0—\xa018100', -1, '6500', '28300', '760\xa0—\xa014000', '300\xa0—\xa0400', '23700', '12900', '2100\xa0—\xa019200', '2900\xa0—\xa030000', 'trace', '4300']"
AUSTRALIAN_FINGER_LIME_PEEL_(cv._Judy's_Everb.)_591.html,"['2200\xa0\xa02200', '3500\xa0\xa03500', '800\xa0\xa0800', '< 100\xa0\xa0< 100', '15200\xa0\xa015200', '2500\xa0\xa02500', '17900\xa0\xa017900', '< 100\xa0\xa0< 100', '100\xa0\xa0100', '300\xa0\xa0300', '643800\xa0\xa0643800', '< 100\xa0\xa0< 100', '< 100\xa0\xa0< 100', '5800\xa0\xa05800', '< 100\xa0\xa0< 100', '3700\xa0\xa03700', '6000\xa0\xa06000', '3100\xa0\xa03100', '< 100\xa0\xa0< 100', '< 100\xa0\xa0< 100', '< 100\xa0\xa0< 100', '< 100\xa0\xa0< 100', '1600\xa0\xa01600', '< 100\xa0\xa0< 100', '1900\xa0\xa01900', '8400\xa0\xa08400', '3800\xa0\xa03800', '< 100\xa0\xa0< 100', '1600\xa0\xa01600', '< 100\xa0\xa0< 100', '< 100\xa0\xa0< 100', '< 100\xa0\xa0< 100', '< 100\xa0\xa0< 100', '< 100\xa0\xa0< 100', '< 100\xa0\xa0< 100', '< 100\xa0\xa0< 100', '20000\xa0\xa020000', '19400\xa0\xa019400', '< 100\xa0\xa0< 100', '< 100\xa0\xa0< 100', '100\xa0\xa0100', '7200\xa0\xa07200', '2100\xa0\xa02100', '300\xa0\xa0300', '< 100\xa0\xa0< 100', '< 100\xa0\xa0< 100', '< 100\xa0\xa0< 100', '< 100\xa0\xa0< 100', '< 100\xa0\xa0< 100', '< 100\xa0\xa0< 100', '< 100\xa0\xa0< 100', '< 100\xa0\xa0< 100', '< 100\xa0\xa0< 100', '< 100\xa0\xa0< 100', '< 100\xa0\xa0< 100', '1300\xa0\xa01300', '1900\xa0\xa01900', '< 100\xa0\xa0< 100', '< 100\xa0\xa0< 100', '< 100\xa0\xa0< 100', '< 100\xa0\xa0< 100', '< 100\xa0\xa0< 100', '< 100\xa0\xa0< 100', '< 100\xa0\xa0< 100', '< 100\xa0\xa0< 100', '< 100\xa0\xa0< 100', '< 100\xa0\xa0< 100', '< 100\xa0\xa0< 100', '< 100\xa0\xa0< 100', '< 100\xa0\xa0< 100', '< 100\xa0\xa0< 100', '< 100\xa0\xa0< 100', '90400\xa0\xa090400', '< 100\xa0\xa0< 100', '< 100\xa0\xa0< 100', '< 100\xa0\xa0< 100', '< 100\xa0\xa0< 100', '< 100\xa0\xa0< 100', '< 100\xa0\xa0< 100', '< 100\xa0\xa0< 100', '< 100\xa0\xa0< 100', '< 100\xa0\xa0< 100', '< 100\xa0\xa0< 100', '72900\xa0\xa072900', '< 100\xa0\xa0< 100', '9600\xa0\xa09600', '< 100\xa0\xa0< 100', '< 100\xa0\xa0< 100', '< 100\xa0\xa0< 100', '< 100\xa0\xa0< 100', '< 100\xa0\xa0< 100', '< 100\xa0\xa0< 100', '400\xa0\xa0400', '< 100\xa0\xa0< 100', '< 100\xa0\xa0< 100', '< 100\xa0\xa0< 100', '< 100\xa0\xa0< 100', '< 100\xa0\xa0< 100', '< 100\xa0\xa0< 100', '< 100\xa0\xa0< 100', '< 100\xa0\xa0< 100', '< 100\xa0\xa0< 100', '< 100\xa0\xa0< 100', '< 100\xa0\xa0< 100', '< 100\xa0\xa0< 100', '< 100\xa0\xa0< 100', '< 100\xa0\xa0< 100', '< 100\xa0\xa0< 100', '< 100\xa0\xa0< 100', '< 100\xa0\xa0< 100', '< 100\xa0\xa0< 100', '< 100\xa0\xa0< 100', '< 100\xa0\xa0< 100', '< 100\xa0\xa0< 100', '< 100\xa0\xa0< 100', '< 100\xa0\xa0< 100', '< 100\xa0\xa0< 100', '< 100\xa0\xa0< 100', '< 100\xa0\xa0< 100', '1600\xa0\xa01600', '< 100\xa0\xa0< 100', '200\xa0\xa0200', '< 100\xa0\xa0< 100']"
"CERIMAN,_PINANONA_(Monstera_deliciosa_Liebm.)_23400.html","[-1, -1, -1, -1, -1, -1, -1, -1, -1, -1, -1, -1, -1, -1, -1, -1, -1, -1, -1, -1, -1, -1, -1, -1, -1, -1, -1, -1, -1, -1, -1, -1, -1, -1, -1, -1, -1, -1, -1, -1, -1, -1, -1, -1, -1, -1, -1, -1, -1, -1, -1, -1, -1, -1, -1, -1, -1, -1, -1, -1, -1, -1, -1, -1, -1, -1, -1, -1, -1, -1, -1, -1, -1, -1]"
MANDARIN_OIL_(Citrus_deliciosa_Tenore)_533.html,"['<100', -1, '0\xa0—\xa03000', '1000\xa0—\xa018630', '200\xa0—\xa01600', '0\xa0—\xa01000', '300\xa0—\xa0800', '135\xa0—\xa0278', '133\xa0—\xa0275', '2000\xa0—\xa03000', '0\xa0—\xa04400', '0\xa0—\xa0207200', '0\xa0—\xa011100', '653000\xa0—\xa0926000', '661330\xa0—\xa0763796', '10070\xa0—\xa018736', '<100\xa0—\xa0300', '0\xa0—\xa01000', '0\xa0—\xa01000', '0\xa0—\xa0100', '100\xa0—\xa0600', '2600\xa0—\xa027500', '1274\xa0—\xa07497', '1300\xa0—\xa07650', '2000\xa0—\xa0121720', '4550\xa0—\xa017960', '133\xa0—\xa01799', '0\xa0—\xa0230', '52\xa0—\xa055', '45\xa0—\xa048', '0\xa0—\xa010100', '4764\xa0—\xa07161', '26\xa0—\xa055', '1000\xa0—\xa021000', '990\xa0—\xa02160', '120\xa0—\xa0574', '<10\xa0—\xa0100', '0\xa0—\xa0100', '100\xa0—\xa0400', '100\xa0—\xa02700', '100', '0\xa0—\xa0200', '0\xa0—\xa069000', '<100', '0\xa0—\xa0100', '0\xa0—\xa01600', '0\xa0—\xa02100', '0\xa0—\xa0400', '40\xa0—\xa050', '600\xa0—\xa07300', '79\xa0—\xa01340', '478\xa0—\xa05910', '0\xa0—\xa0100', '<100\xa0—\xa0300', '<100\xa0—\xa016900', '<68\xa0—\xa012000', '<23\xa0—\xa04900', '<100\xa0—\xa08800', '<82\xa0—\xa07830', '<9\xa0—\xa0970', '0\xa0—\xa0800', '100\xa0—\xa0900', '0\xa0—\xa0200', '300\xa0—\xa01100', '<100\xa0—\xa0800', '0\xa0—\xa03800', '<100\xa0—\xa0800', '100\xa0—\xa03000', '0\xa0—\xa0100', '0\xa0—\xa0100', '50\xa0—\xa0500', '100\xa0—\xa0200', '0\xa0—\xa0300', '0\xa0—\xa0100', '0\xa0—\xa0100', '0\xa0—\xa0100', '0\xa0—\xa0100', '<100\xa0—\xa0200', '0\xa0—\xa01100', '<91\xa0—\xa0288', '<4\xa0—\xa09', '0\xa0—\xa0400', '0\xa0—\xa0600', '0\xa0—\xa010500', '50\xa0—\xa03200', '0\xa0—\xa0200', '0\xa0—\xa0100', '<100\xa0—\xa0200', '0\xa0—\xa0300', '<64\xa0—\xa0166', '0\xa0—\xa0500', '0\xa0—\xa0100', '0\xa0—\xa02000', '0\xa0—\xa01000', '0\xa0—\xa01000', '0\xa0—\xa0100', '0\xa0—\xa013000', '<100\xa0—\xa06700', '0\xa0—\xa0500', '100\xa0—\xa0200', '<100\xa0—\xa0200', '0\xa0—\xa01000', -1, '1450\xa0—\xa04435', '660\xa0—\xa02459', '290\xa0—\xa01467', -1]"
BITTER_ORANGE_JUICE_(Citrus_aurantium_ssp._amara)_503.html,[-1]
LIME_OIL_(coldpressed)_516.html,"['< 500\xa0\xa0< 500', '200 \xa0—\xa0400', '< 500\xa0\xa0< 500', '< 500\xa0\xa0< 500', '< 1000\xa0\xa0< 1000', '2000\xa0\xa02000', 'trace\xa0—\xa03000', 'trace\xa0—\xa05000', 'trace\xa0\xa00', '7000 \xa0—\xa0200000', '2000\xa0—\xa019000', '1000\xa0\xa01000', '1285\xa0\xa01285', '0\xa0—\xa01000', '0\xa0—\xa02200', 'trace\xa0—\xa09400', 'trace\xa0—\xa030000', '25000 \xa0—\xa0217000', '2000\xa0—\xa012000', '120000\xa0—\xa0944000', '332600\xa0\xa0389400', '15500 \xa0—\xa018900', '< 1000\xa0\xa0< 1000', '5400 \xa0—\xa07700', 'trace\xa0—\xa08000', '6500\xa0\xa06500', '1000\xa0\xa01000', '1000\xa0—\xa05000', -1, '2000\xa0\xa02000', '3000\xa0—\xa057000', '227\xa0\xa0227', '151\xa0\xa0151', '< 500\xa0\xa0< 500', '1000\xa0—\xa05594', 'trace\xa0—\xa010000', 'trace\xa0—\xa02000', -1, '2000\xa0—\xa037200', '27900\xa0\xa027900', '3000\xa0—\xa0266600', 'trace\xa0—\xa05000', 'trace\xa0—\xa07000', '1000\xa0—\xa071000', 'trace\xa0—\xa0< 1000', '8000\xa0—\xa021600', '2268\xa0\xa02268', '2000\xa0—\xa019000', '5000\xa0\xa05000', '1000\xa0\xa01000', '756\xa0\xa0756', '4200 \xa0—\xa07800', 'trace\xa0—\xa04000', '1000 \xa0—\xa019000', '< 500\xa0—\xa0< 1000', '< 1000\xa0\xa0< 1000', '< 500\xa0\xa0< 500', '< 500\xa0\xa0< 500', '86\xa0\xa086', '680\xa0\xa0680', '76\xa0\xa076', '< 500\xa0\xa0< 500', '18800\xa0\xa018800', '0\xa0—\xa056000', '1000\xa0\xa01000', '5\xa0\xa07', 'trace\xa0\xa00', '4000\xa0\xa04000', 'trace\xa0\xa00', '2000\xa0\xa02000', -1, 'trace\xa0—\xa0< 1000', -1, 'trace\xa0\xa00', '< 1000\xa0\xa0< 1000', 'trace\xa0—\xa06000', -1, -1, 'trace\xa0—\xa040000', 'trace\xa0—\xa08800', '800\xa0—\xa0169000', '< 500\xa0\xa0< 500', -1, '< 500\xa0\xa0< 500', '< 500\xa0—\xa0< 1000', '< 1000\xa0\xa0< 1000', -1, 'trace\xa0—\xa0133000', -1, -1, 'trace\xa0—\xa043200', 'trace\xa0—\xa01000', -1, '1000\xa0\xa01000', '< 500\xa0\xa0< 500', -1, '< 500\xa0\xa0< 500', '1000\xa0\xa01000', '< 500\xa0\xa0< 500', '< 500\xa0\xa0< 500', -1, -1, -1, '< 1000\xa0—\xa09000', -1, '0 \xa0—\xa09000', -1, '1000\xa0\xa01000', 'trace\xa0—\xa01000', '1000\xa0\xa01000', '< 1000\xa0\xa0< 1000', '< 500\xa0\xa0< 500', '< 1000\xa0\xa0< 1000', '0\xa0—\xa01000', '< 1000\xa0\xa0< 1000', 'trace\xa0\xa00', -1, -1, '0\xa0—\xa0< 1000', 'trace\xa0—\xa0< 1000', 'trace\xa0—\xa013000', -1, 'trace\xa0—\xa0< 1000', 'trace\xa0—\xa04000', '0 \xa0—\xa0< 1000', '270 \xa0—\xa0< 1000', '0 \xa0—\xa080', '340 \xa0—\xa01000', '< 1000\xa0\xa0< 1000', '< 1000\xa0\xa0< 1000', 'trace\xa0—\xa0116000', '10700\xa0\xa036100', '2000\xa0—\xa0207000', 'trace\xa0—\xa038000', 'trace\xa0—\xa01000', '< 500\xa0\xa0< 500', '< 500\xa0—\xa0< 1000', -1, 'trace\xa0\xa00', '40 \xa0—\xa0250', '2600\xa0\xa02600', '1000\xa0\xa01000', -1, 'trace\xa0\xa00', '1000\xa0\xa01000', -1, '< 500\xa0\xa0< 500', -1, -1, '< 500\xa0\xa0< 500', '< 1000\xa0\xa0< 1000', '< 1000\xa0\xa0< 1000', '< 500\xa0—\xa0< 1000', -1, 'trace\xa0\xa00', '< 500\xa0—\xa01000', -1, -1, -1, '< 500\xa0—\xa02000', '0\xa0—\xa0141000', 'trace\xa0—\xa022000', 'trace\xa0—\xa0< 1000', '< 1000\xa0\xa0< 1000', 'trace\xa0\xa00', -1, '2000\xa0\xa02000', -1, '< 1000\xa0\xa0< 1000', '< 1000\xa0\xa0< 1000', 'trace\xa0—\xa0< 1000', -1, -1, -1, 'trace\xa0—\xa018000', 'trace\xa0—\xa0< 1000', -1, '12000\xa0—\xa016000', '< 500\xa0\xa0< 500', 'trace\xa0\xa00', 'trace\xa0—\xa01000', 'trace\xa0—\xa02000', '< 500\xa0\xa0< 500', '0\xa0—\xa01000', '< 500\xa0\xa0< 500', '500\xa0\xa0500', '33000\xa0\xa033000', '66000\xa0\xa066000', -1, -1, '29000\xa0\xa029000', '4000\xa0\xa04000', -1, -1, -1, -1, -1, -1, '18000\xa0\xa018000', -1, -1]"
MANDARIN_OIL_(Citrus_nobilis)_534.html,"['0\xa0—\xa06000', '15000\xa0—\xa0240000', '0\xa0—\xa01000', '0\xa0—\xa04000', '<1000', '3000\xa0—\xa08000', '0\xa0—\xa01000', '<1000\xa0—\xa058000', '0\xa0—\xa03000', '637000\xa0—\xa0967000', -1, '0\xa0—\xa01000', '0\xa0—\xa01000', '<1000', '4000\xa0—\xa09000', -1, '<1000\xa0—\xa03000', '<1000', '0\xa0—\xa01000', '1000\xa0—\xa04000', '<1000', '<1000', '0\xa0—\xa03000', '0\xa0—\xa02000', -1, -1, '1000\xa0—\xa06000', '<1000', -1, -1, '0\xa0—\xa04000', '2000', -1, -1, -1, '1000', -1, -1, '<1000', '<1000', -1, -1, '0\xa0—\xa01000', '<1000', '<1000', -1, '<1000', '<1000', '0\xa0—\xa016000', '0\xa0—\xa09000', '0\xa0—\xa02000', -1, -1, -1, -1, '<1000']"
APPLE_PROCESSED_(cooked)_27740.html,"[-1, -1, -1, -1, -1, -1, -1, -1, -1, -1, -1, -1, -1, -1, -1, -1, -1, -1, -1, -1, -1, -1, -1, -1, -1, -1, -1, -1, -1, -1, -1, -1, -1, -1, -1, -1, -1, -1, -1, -1, -1, -1]"
VITIS_VINIFERA_L._(Cabernet_Sauv._thinning_grapes)_912.html,"['85.79\xa0—\xa0468.04', '70.84\xa0—\xa0325.67', '10.96\xa0—\xa022.06', -1, '12.23\xa0—\xa076.94', '0\xa0—\xa07.56', '0\xa0—\xa011.22', '168.98\xa0—\xa02881.42', '88.31\xa0—\xa02279.02', '7.51\xa0—\xa09.38', '8.85\xa0—\xa028.34', '15.09\xa0—\xa021.36', '6.97\xa0—\xa08.5', '8.25\xa0—\xa017.43', '7.64\xa0—\xa044.96', '4.58\xa0—\xa018.21', '6.89\xa0—\xa038.51', '19.13\xa0—\xa0335.2', '16.6\xa0—\xa0265.41', '6.66\xa0—\xa0109.35', '5.57\xa0—\xa035.24', '4.5\xa0—\xa028.37', '5.02\xa0—\xa027.09', '6.52\xa0—\xa0162.55']"
SWANGI_PEEL_OIL_(Citrus_hystrix_DC)_526.html,"['900', '12900', '8400', '3900', '9000', '3000', '52700', '3600', '19500', '259300', '1400', '203600', '7100', '6100', '2500', '29100', '19200', '1100', '17000', '37600', '2700', -1, '3200', '9500', -1, -1, '168000', '3300', '15400', '10400', -1, '3400', -1]"
BUDDHA_HAND_FRUIT_(citrus_medica_v._sarcodactylis)_551.html,"[-1, -1, -1, -1, -1, -1, -1, -1, -1, -1, -1, -1, -1, -1, -1, -1, -1, -1, -1, -1, -1, -1, -1, -1, -1, -1]"
CASHEW_APPLE_(fresh)_15810.html,"[-1, -1, -1, '0.0003', '0.0003', '0.0014', '0.0006', '0.0007', -1, '0.0002', '0.0005', '0.0007', -1, -1, -1, -1, -1, -1, -1, -1, '0.0004', '0.0012', -1, -1, '0.0006', '0.0016', '<0.0001', '0.0005', '<0.0001', -1, '0.0006', '<0.0001', -1, -1, -1, '<0.0001', '<0.0001', '<0.0001', -1, -1, -1, -1, -1, -1, -1, -1, -1, -1, -1, -1, -1, -1, -1, -1, -1, '0.0014', '0.0038', -1, -1, '0.0011', '<0.0001', -1, -1, -1, -1, '0.0004', -1, '0.0011', '0.0033', -1, -1, '<0.0001', -1, '<0.0001', -1, -1, -1, -1, '0.0003', '0.001', '<0.0001', '0.0011', '<0.0001', '0.0223', -1, -1, -1, -1, -1, -1, -1, -1, -1, -1, -1, -1, -1, -1, '0.0013', -1, -1, '0.0117', '<0.0001', '<0.0001', -1, -1, -1, -1, -1, -1, -1, -1, -1, '0.0002', '0.0345', '0.0021', -1, '0.0001', -1, -1, '0.0058', '0.0003', '0.0001', '<0.0001', '<0.0001', '<0.0001', '0.0011', '0.0021', '0.0009', '0.6', '0.001', '0.0015', '0.0139', '0.0005', '0.0508', -1, -1, -1, -1, -1, '0.0002', -1]"
ROUND_KUMQUAT_PEEL_(F._japônica_(Thumb.)_Swingle)_584.html,"['28800\xa0\xa038100', '9700\xa0\xa033400', -1, -1, '1400\xa0\xa05300', '781900\xa0\xa0888000', '2300\xa0\xa016300', -1, -1, -1, '2500\xa0\xa05400', -1, -1, -1, -1, -1, -1, '3100\xa0\xa011100', -1, -1, -1, -1, '3900\xa0\xa08400', '2900\xa0\xa010200', -1, -1, -1, -1, '2600\xa0\xa03000', -1, -1]"
APPLE_FRESH_UNRIPE_(Fuiji)_27627.html,"[-1, -1, -1, -1, -1, -1, -1, -1, -1, -1, -1, -1, -1, -1, -1, -1, -1, -1, -1, -1, -1, -1, -1, -1, -1, -1, -1, -1, -1, -1, -1, -1, -1, -1, -1, -1, -1]"
ELDERBERRY_FRUIT_16610.html,"[-1, -1, -1, -1, -1, '<1', -1, -1, -1, -1, '<1', '10.4', -1, -1, -1, -1, '8.2', -1, '2.8', '4.3', '5.3', -1, -1, '7.7', -1, -1, -1, -1, '77.5', '11', '50', -1, -1, -1, '<1', -1, -1]"
CLOUDBERRY_(Rubus_chamaemorus_L.)_8600.html,"[-1, -1, -1, -1, '0.15', -1, -1, '0.45', '0.15', -1, -1, '0.05', '0.1', 'trace', '0.15', 'trace', -1, '0.05', '0.05', '0.1', 'trace', '5.7', '0.15', '0.75', '0.05', 'trace', '0.5', '0.05', -1, '0.3', '0.15', 'trace', '0.1', 'trace', -1, '0.3', 'trace', -1, -1, '0.15', '0.25', -1, '0.1', '2.1', 'trace', '0.15', -1, '2.6', 'trace', '1.45', '5.75', '3.4', 'trace', '1.6', '0.15', '0.2', 'trace', '0.05', '0.15', '0.25', '0.05', '330', 'trace', '7.55', '5.5', -1, -1, '0.25', '0.05', '0.2', 'trace', 'trace', 'trace', '0.15', '0.1', '0.05', -1, '0.05', '0.15', '0.05', 'trace', -1, '0.25', 'trace', '1.3', '0.1', '0.1', '0.05', 'trace', 'trace', 'trace', 'trace', 'trace', '0.2', '0.1', 'trace']"
CHINESE_QUINCE_FLESH_23030.html,"['0.02', '0.66', '0.05', '0.06', '0.02', '0.01', '1.03', '0.46', '1.25', '0.01', '0.03', '0.01', '0.07', '0.01', '0.18', '0.12', 'trace', '0.01', 'trace', '0.33', '0.49', '0.04', '0.04', '0.02', '0.03', '0.02', '0.03', '0.02', '0.09', '0.02', '0.01', '0.01', '0.01', '0.01', '0.01', '0.01', '0.01', '0.04', '0.01']"
BITTER_ORANGE_PEEL_OIL_(Daidai)_537.html,"['16000', '862300', '55000', '8900', '4800', '1200', '5200', 'trace', 'trace', '19300', '900', '4000', '1400', 'trace', '9300', '7700']"
TAHITI_ACID_LIME_PEEL_(C._×latifolia_Tan._ex_Y.T.)_587.html,"['5100\xa0\xa09900', -1, -1, -1, '92300\xa0\xa0206700', '2200\xa0\xa03200', '382900\xa0\xa0422100', -1, '3600\xa0\xa04100', -1, -1, '1400\xa0\xa033200', -1, '6400\xa0\xa012700', '47900\xa0\xa080600', 'present', '7500\xa0\xa015400', -1, '83300\xa0\xa086600', '22800\xa0\xa048800', -1, -1, -1, -1, -1, -1, '1400\xa0\xa022800', '4600\xa0\xa08800', '23700\xa0\xa028700', -1, -1, -1, -1, -1, -1, '1000\xa0\xa03200', '8200\xa0\xa038300', -1, '5200\xa0\xa053200', -1, -1, -1, '10100\xa0\xa020700', '32700\xa0\xa052400', -1, -1, -1, -1]"
CASHEW_APPLE_JUICE_15820.html,"[-1, -1, -1, -1, -1, -1, -1, -1, -1, -1, -1, -1, -1, -1, -1, -1, -1, -1, -1, -1, -1, -1, -1, -1, -1, -1, -1, -1, -1, -1, -1, -1, -1, -1, -1, -1, -1, -1, -1, -1, -1, -1, -1, -1, -1, -1, -1, -1, -1, -1, -1, -1, -1, -1, -1, -1, -1, -1, -1, -1, -1, -1, -1, -1, -1, -1, -1, -1, -1, -1, -1, -1, -1, -1, -1, -1, -1, -1, -1, -1, -1, -1, -1, -1, -1, -1, -1, -1, -1, -1, -1, -1]"
APPLE_FRESH_(generic)_27610.html,"[-1, -1, -1, -1, -1, -1, -1, -1, -1, -1, -1, -1, -1, -1, -1, -1, -1, -1, -1, -1, -1, -1, -1, -1, 'trace\xa0—\xa00.008', '0.005\xa0—\xa00.1', -1, -1, -1, -1, -1, -1, -1, -1, -1, -1, -1, -1, -1, -1, -1, -1, '0.008\xa0—\xa06.97', -1, '0.0004\xa0—\xa02.6', '0.13', 'trace\xa0—\xa01.18', -1, '0.001\xa0—\xa056.7', '<0.001\xa0—\xa03.3', '0.75', -1, -1, 'trace\xa0—\xa00.8', '<0.01\xa0—\xa00.5', -1, -1, -1, '<0.001\xa0—\xa013.5', -1, 'trace\xa0—\xa00.4', -1, -1, -1, '0.0025\xa0—\xa00.0061', -1, -1, -1, '0.4', -1, -1, -1, -1, -1, -1, '0.4\xa0—\xa021', '0.1\xa0—\xa058', '0\xa0—\xa03.1', '0.05\xa0—\xa014.4', -1, -1, -1, -1, -1, -1, -1, -1, -1, -1, -1, -1, -1, -1, -1, '0.5', -1, -1, '0.75', '0.06', -1, -1, '0.58', -1, -1, 'trace\xa0—\xa00.32', 'trace\xa0—\xa00.91', -1, -1, -1, -1, -1, -1, -1, -1, -1, -1, '0.4', '0.13', -1, '0.12\xa0—\xa00.26', -1, 'trace\xa0—\xa00.006', -1, -1, -1, -1, -1, -1, -1, -1, -1, -1, 'trace\xa0—\xa00.26', '0.3\xa0—\xa00.5', -1, -1, -1, -1, -1, -1, -1, -1, -1, -1, -1, -1, -1, -1, -1, -1, -1, -1, -1, -1, -1, -1, -1, -1, -1, -1, -1, -1, -1, -1, -1, -1, -1, -1, -1, -1, -1, 'trace', -1, -1, '<0.001\xa0—\xa00.019', '5\xa0—\xa05', 'trace\xa0—\xa00.18', -1, '0.005\xa0—\xa030', '<0.001\xa0—\xa00.027', '0.007\xa0—\xa01.8', -1, -1, '0.001\xa0—\xa00.15', '0.01\xa0—\xa04', -1, '0.003\xa0—\xa06.6', -1, -1, -1, -1, -1, -1, 'trace\xa0—\xa00.001', -1, -1, -1, -1, -1, -1, -1, -1, -1, -1, 'trace', -1, '0.0005\xa0—\xa00.04', 'trace\xa0—\xa00.003', 'trace\xa0—\xa00.015', 'trace\xa0—\xa00.005', -1, 'trace\xa0—\xa00.2', -1, -1, -1, -1, -1, -1, 'trace', 'trace\xa0—\xa00.43', 'trace', -1, 'trace\xa0—\xa00.43', -1, 'trace\xa0—\xa00.099', '0.001\xa0—\xa00.013', -1, 'trace\xa0—\xa02.4', -1, -1, -1, -1, -1, -1, -1, -1, '0\xa0—\xa00.01', -1, 'trace\xa0—\xa00.011', '0\xa0—\xa00.05', -1, 'trace', -1, 'trace\xa0—\xa00.41', -1, 'trace\xa0—\xa00.005', -1, -1, '0.006\xa0—\xa01.27', -1, -1, -1, -1, -1, -1, -1, -1, '0.007\xa0—\xa00.037', -1, -1, -1, -1, -1, '0.003\xa0—\xa00.034', 'trace\xa0—\xa00.018', 'trace', '0.003\xa0—\xa00.93', 'trace\xa0—\xa00.01', 'trace\xa0—\xa00.002', 'trace\xa0—\xa00.071', -1, 'trace\xa0—\xa02.3', -1, -1, -1, -1, -1, -1, -1, -1, -1, -1, -1, 'trace\xa0—\xa00.0045', -1, '0.004\xa0—\xa00.05', -1, -1, -1, 'trace\xa0—\xa00.004', -1, -1, -1, -1, -1, -1, -1, -1, -1, -1, -1, -1, -1, -1, -1, -1, -1, -1, '235', '5.6', '3', -1, '0.3', -1, -1, -1, -1, '3', -1, -1, -1, -1, '1.5', '0.3', '1.2', -1, -1, -1, -1, -1, -1, '0.15', -1, -1, -1, 'trace\xa0—\xa00.03', -1, 'trace', -1, -1, -1, -1, -1]"
"LIME_JUICE_(Citrus_aurantifolia,_Citrus_latifolia)_515.html","[-1, -1, -1, -1, -1, -1, -1, -1, -1, -1, -1, -1, -1, -1, -1, -1, -1, -1, -1, -1, -1, -1, -1, -1, -1, -1, -1, -1, -1, -1, -1, -1, -1, -1, -1, -1, -1, -1, -1, -1, -1, -1, -1, -1, -1, -1, -1, -1, -1, -1, -1, -1]"
DIAMANTE_LEMON_PEEL_OIL_(citrus_medica_L.)_564.html,"['16000', '22100', '14500', -1, '100', '5300', '277100', '10700', '519500', '600', '<100', '1700', '200', '100', '22500', '20100', '100', '9700', '3500', '<100', '3400', '<100', '<100', '1100', -1, '<100', '200', '700', '900', '2100', '500', '200', '100', '200', '800', '700', '600', '800', '400', '700', '<100', '<100', '2400', -1, '17000', -1, '100', '<100', '<100', '400', '3600', '3900', '<100', -1, '100']"
CALAMANSI_PHILIPPINE_ESS_OIL_(citrus_microcarpa_B)_567.html,"['800', '27100', '7100', '700', '1100', '926700', '10200', '11100', '1100', '700', '800', '1200', '1100', '100', '1700', '5900']"
APPLE_FRESH_(Royal_Gala)_27616.html,"['1.51', '2.72', -1, '0.59', '38.79', '2.96', '0.01', '0.23', '5.82', '0.01', '0.71', '0.03', '0.11', '0.02', -1, -1, -1, -1, 'trace', -1, -1, -1, -1, -1, -1, -1, '0.02', -1, -1, '0.32', '0.07\xa0—\xa013.06', -1, '0.17\xa0—\xa02.59', '0.01', '0.25', '0.07\xa0—\xa04.98', '1.06', '0.01', '0.01', -1, '0.04', -1, -1, -1, -1, -1, -1, -1, -1, -1, -1, -1, -1, -1, -1, '0.01', -1, -1, -1, -1, -1, -1, '0.44', -1]"
FIG_(fresh)_11401.html,"['0.005', -1, '5', '144', -1, '0.05', '0.01', '0.005', '0.02', '0.08', -1, -1, '0.06', -1, -1, '7\xa0—\xa040', '0.04', '0.005', '0.03', '0.03', '0.1', '0.1', '0.01', '0.06', '0.08', '0.03', '0.03', '0.2', '0.06', '0.2', '0.04', '0.3', -1, -1, '0.01', '0.09', '0.02', '0.04', '4', '9', -1, -1, -1, -1, -1, -1, -1, -1, -1, -1, -1, '0.02', '0.05', -1, -1, -1, -1, -1, -1, '0.01', -1, -1]"
TANGERINE_MANDARIN_JUICE_511.html,"['0.43\xa0—\xa00.63', '0.0077\xa0—\xa00.016', '0.0027\xa0—\xa00.6', -1, '28\xa0—\xa094', -1, -1, -1, '0.028\xa0—\xa00.075', '0.46\xa0—\xa00.61', -1, -1, '4.1\xa0—\xa0124', '<1\xa0—\xa02128', '<0.1\xa0—\xa00.65', '0\xa0—\xa00.34', '0\xa0—\xa00.053', '0\xa0—\xa00.12', '0\xa0—\xa00.97', '0\xa0—\xa00.13', -1, '<0.0005\xa0—\xa00.0007', '0.014\xa0—\xa00.049', '<0.004\xa0—\xa00.013', '<0.0005\xa0—\xa00.026', '0\xa0—\xa00.079', -1, -1, -1, '0.058\xa0—\xa01.5', '0\xa0—\xa00.48', '0\xa0—\xa00.084', -1, -1, -1, '<0.0005', -1, '<0.005\xa0—\xa00.02', '<0.0005', '0.0038\xa0—\xa00.05', '0.009\xa0—\xa00.12', '0.034\xa0—\xa00.28', '0.08', -1, '0\xa0—\xa00.0057', '0\xa0—\xa00.0032', -1, '0.0014\xa0—\xa00.07', -1, -1, '<0.0003\xa0—\xa00.003', -1, -1, '0.075\xa0—\xa00.74', -1, '<0.0005\xa0—\xa00.028', -1, -1, '0\xa0—\xa00.23', -1, -1, -1, -1, -1, -1, -1, '0.015\xa0—\xa00.67']"
BLACK_CURRANTS_-_BUDS_720.html,"[-1, -1, -1, -1, -1, -1, -1, -1, -1, -1, -1, -1, -1, -1, -1, -1, -1, -1, -1, -1, -1, -1, -1, -1, -1, -1, -1, -1, -1, -1, -1, -1, -1, -1, -1, -1, -1, -1, -1, -1, -1, -1, -1, -1, -1, -1, -1, -1, -1, -1, -1, -1, -1, -1, -1, -1, -1, -1, -1, -1, -1, -1, -1, -1, -1, -1, -1, -1, -1, -1, -1, -1, -1, -1, -1, -1, -1, -1, -1, -1, -1, -1, -1, -1, -1, -1, -1, -1, -1, -1, -1, -1, -1, -1, -1, -1, -1, -1, -1, -1, -1, -1, -1, -1, -1, -1, -1, -1, -1, -1, -1, -1, -1, -1, -1, -1, -1, -1, -1, -1, -1, -1, -1, -1, -1, -1, -1, -1, -1, -1, -1, -1, -1, -1, -1, -1, -1, -1, -1, -1, -1, -1, -1, -1, -1, -1, -1, -1, -1, -1, -1, -1, -1, -1, -1, -1, -1, -1]"
APPLE_FRESH_(Granny_Smith)_27613.html,"[-1, -1, -1, -1, -1, -1, '0.01', -1, '0.03', '0.05', -1, -1, -1, '0.08', '0.19', '0.01', -1, '0.02', '<0.005', '<0.005', -1, -1, '<0.005', -1, -1, -1, -1, '<0.005', -1, -1, -1, -1, -1, '<0.005', -1, -1, -1, -1, -1, -1, -1, -1, -1, -1, '0.005', -1, -1, -1, -1, -1, -1, -1, -1, -1, -1, -1, -1, -1, -1, -1, -1]"
BITTER_ORANGE_PEEL_OIL_(Iyokan)_539.html,"['18000', '839400', '9900', '2700', '4100', '2500', '10800', '21500', '6000', '500', '3300', '1200', '3700', '4000', '200', '4000', '6300']"
OVAL_KUMQUAT_PEEL_(F._margarita_(Lour.)_Swingle)_585.html,"['22000\xa0\xa053300', -1, -1, '900\xa0\xa01300', '854800\xa0\xa0887100', '1400\xa0\xa03100', -1, '0\xa0\xa03500', -1, '3300\xa0\xa06100', '1600\xa0\xa03200', -1, '1600\xa0\xa03200', -1, -1, -1, -1, '5200\xa0\xa05800', -1, -1, -1, -1, '2100\xa0\xa02700', '1200\xa0\xa02600', '0\xa0\xa00', '900\xa0\xa01200', -1, -1, -1, '5300\xa0\xa05800', -1, -1]"
APPLE_FRESH_(Jonathan)_27611.html,"['0.34\xa0—\xa02.16', -1, '0.007', '0.01\xa0—\xa00.33', '0.02\xa0—\xa01.45', '0.71', '0.01\xa0—\xa00.2', '<0.01\xa0—\xa00.55', -1, '0.01\xa0—\xa02.14', '0.008', '0.038\xa0—\xa00.088', '0.008\xa0—\xa00.013', '0.017', -1, '0.057', '0.017', '10', '<0.008', '0.005\xa0—\xa00.008', '0.031\xa0—\xa00.088', '0.075', '0.003\xa0—\xa00.015', -1, '0.017\xa0—\xa00.215', -1, '0.008\xa0—\xa00.042', '0.12', '30', '120', '4500', '220', -1, '350', '130', '120', '<0.01\xa0—\xa015.5', -1, '<0.01\xa0—\xa00.17', '<0.01\xa0—\xa04', '0.01\xa0—\xa06.7', '<0.008', '0.012', '0.03', '0.005', '0.002', '0.015', '0.132', '0.061', -1, '0.2', '0.003', '1.25\xa0—\xa01.6', '0.037\xa0—\xa00.227', '0.65', '<0.008', '<0.005', -1, '0.003', '0.354', '0.008', '0.002', '0.28', '0.008', '0.02', -1, '0.006', '<0.008', '0.002', '<0.008', -1, -1, '0.017', '0.02']"
MANDARIN_JUICE_(Citrus_reticulata)_509.html,"[-1, -1, '0.0062\xa0—\xa00.0131', '0.046', -1, '0.0768\xa0—\xa0470', '2.382\xa0—\xa027.887', -1, -1, -1, -1, '0.0068\xa0—\xa00.058', -1, '0.01\xa0—\xa013.441', '0\xa0—\xa0423', '0.025\xa0—\xa030.097', '18\xa0—\xa034516', -1, '0.0004\xa0—\xa05.344', -1, -1, -1, -1, '0.03\xa0—\xa0314', '0\xa0—\xa0133', -1, '<0.001', '<0.001\xa0—\xa0158', '0\xa0—\xa023', -1, -1, '0.028\xa0—\xa02.546', -1, '0\xa0—\xa02.52', '0.041', -1, -1, '0\xa0—\xa01.223', -1, '0.013', -1, '0.015\xa0—\xa00.55', -1, '1.2\xa0—\xa05000', '0.117\xa0—\xa094110', '0\xa0—\xa00.27', '0\xa0—\xa00.17', '0\xa0—\xa00.018', '0\xa0—\xa00.2631', '0\xa0—\xa00.366', '0\xa0—\xa00.13', '0\xa0—\xa00.019', '0.007\xa0—\xa00.12', '<0.004\xa0—\xa00.009', '0\xa0—\xa011', '0\xa0—\xa00.041', '0\xa0—\xa012', '0.02', '0.057', '0.074', '0\xa0—\xa050', '0.016\xa0—\xa020', '0.004\xa0—\xa01058', -1, -1, '0\xa0—\xa0197', '0.014', '0\xa0—\xa0107', '0.023', '51', -1, -1, '0.027', -1, '0.004\xa0—\xa00.047', '0\xa0—\xa019', '0.006\xa0—\xa023', '0.001\xa0—\xa030', '0.004\xa0—\xa01', -1, -1, -1, -1, '0.004\xa0—\xa04820', '0.259', '0\xa0—\xa00.826', '0\xa0—\xa00.025', '<0.0005\xa0—\xa00.076', '0.024', '0.0023\xa0—\xa09', '0.054', '0.002\xa0—\xa06', '0.018', -1, '0\xa0—\xa014', '0.008', '0.018', '0\xa0—\xa00.005', '0.005\xa0—\xa00.026', -1, '0\xa0—\xa00.006', '0\xa0—\xa00.012', -1, -1, -1, '0.01', -1, '0.0041\xa0—\xa06.769', -1, '<0.001', '0\xa0—\xa00.016', -1, -1, -1, '0.007', '0\xa0—\xa00.006', '0.001\xa0—\xa06', '0\xa0—\xa00.054', '0.013', -1, '2090', '8510', '0\xa0—\xa022', '0.0002\xa0—\xa00.098', '0.082', '0.072', '0.013', '0.07', -1, -1, -1, -1, '0\xa0—\xa01.944', '0\xa0—\xa00.368', '0\xa0—\xa04', '0\xa0—\xa07', '0\xa0—\xa00.061', '0\xa0—\xa00.119', '<0.001\xa0—\xa02', '<0.001', '0\xa0—\xa02.4', '0\xa0—\xa02', -1, '<0.001', -1, -1, '0.5', '2.19', '0.11', '14.93', '0.43', '0.88', -1, -1, -1, -1, '0\xa0—\xa01.796', '0.014\xa0—\xa010.3']"
LEMON_JUICE_(Citrus_limon_Burm._f.)_505.html,"['0.004\xa0—\xa00.017', '0.026\xa0—\xa00.741', -1, '0.009\xa0—\xa00.091', '0.252\xa0—\xa075200', '0.045\xa0—\xa00.502', '1.421\xa0—\xa0704900', -1, -1, '0.008\xa0—\xa01.414', '0\xa0—\xa00.028', -1, '0.007\xa0—\xa05600', '0.07\xa0—\xa03.28', '0\xa0—\xa00.029', '0\xa0—\xa00.083', -1, '0.006\xa0—\xa00.966', '0.003\xa0—\xa00.186', -1, -1, -1, '0.001\xa0—\xa00.157', -1, -1, -1, -1, -1, -1, '0.007\xa0—\xa00.07', '0.01\xa0—\xa00.024', '0.021\xa0—\xa02800', -1, '0.215\xa0—\xa00.846', '0.098\xa0—\xa00.372', -1, -1, -1, '0.06\xa0—\xa00.117', -1, -1, -1, -1, '0.005\xa0—\xa00.062', -1, -1, -1, -1, '1200', '0\xa0—\xa01000', '0\xa0—\xa00.064', '0\xa0—\xa00.032', '0\xa0—\xa00.014', '0\xa0—\xa00.042', '0.027\xa0—\xa014400', '0.013\xa0—\xa0700', -1, -1, -1, -1, -1, '0\xa0—\xa00.004', -1, -1, -1, -1, -1, -1, -1, -1, '0.2\xa0—\xa02', -1, '0\xa0—\xa00.014', '0\xa0—\xa00.003', '0.003\xa0—\xa0400', '0.005\xa0—\xa04400', '0.011\xa0—\xa00.284', -1, -1, '0.63', '3.79', '0.19', '3.4', '0.3', -1, '0.36', -1, '0.0059\xa0—\xa00.0101', -1, -1, -1, -1, -1, -1, -1, -1, -1, -1, -1, -1, -1, -1, -1, -1, -1, -1, -1, -1, -1]"
"ASIAN_PEAR_(Pyrus_serotina,_Pyrus_pyrifolia)_30300.html","[-1, -1, -1, -1, -1, '0.11', -1, -1, -1, '0.109', -1, '0.031', -1, '0.004', '0.022', -1, '0.189', '0.127', '0.007', -1, -1, -1, -1, '0.879', '0.032', '0.03', -1, '0.038', '0.027', '0.984', '0.02', '0.047', -1, -1, -1, -1, '0.263', -1, '0.076', '4.76', '0.017', -1, '0.002', '0.122', '<0.002', -1, -1, '0.222', -1, -1, '0.006', -1, '0.139', '0.085', '9.43', '0.02', '0.006', -1, -1, '0.016', -1, -1, '0.087', '0.004', '0.608', -1, -1, -1, -1, -1, '0.022', '0.047', -1, -1, '0.005', '0.004', '0.279', -1, -1, '0.604', -1, -1, -1, -1, -1, '<0.002', '0.008', '0.004', -1]"
KAFFIR_LIME_LEAF_OIL_(Citrus_hystrix_DC.)_577.html,"['31700', '8900', '31600', '14000', '11600', '6900', '66100', '7600', '19400', '13200', '106200', '14800', '613100']"
APPLE_FRESH_(Red_Delicious)_27612.html,"['0\xa0—\xa00.02', '5.83\xa0—\xa022.8', '10.7', '0.18\xa0—\xa00.48', '0.23\xa0—\xa00.8', '1.37\xa0—\xa04.75', '0.2\xa0—\xa00.25', '2\xa0—\xa03.2', '0.92\xa0—\xa03.9', -1, '0.02\xa0—\xa00.03', '0.02\xa0—\xa00.04', '1\xa0—\xa06.5', -1, -1, '0.12\xa0—\xa00.57', -1, -1, -1, '0.28\xa0—\xa00.7', '0.87\xa0—\xa05', -1, '0.09\xa0—\xa00.43', '0.35\xa0—\xa00.6', '0.2\xa0—\xa01.39', -1, -1, -1, '0.19\xa0—\xa00.45', '0.49\xa0—\xa02', '0.1\xa0—\xa00.88', '0.2\xa0—\xa00.5', '0.02\xa0—\xa00.07', '0.8\xa0—\xa03.34', -1, '0.01\xa0—\xa00.07', -1, -1, '0.03\xa0—\xa00.2', '0.1', -1, -1, -1, '0.01\xa0—\xa00.35', '0.07\xa0—\xa01.3', -1, '0.33\xa0—\xa02', -1, -1, -1, '0.84\xa0—\xa05', -1, '0.01\xa0—\xa00.03', '0.05\xa0—\xa00.1', -1, -1, '0.01\xa0—\xa00.09', '0.01\xa0—\xa00.25', -1, -1, -1, '0.06\xa0—\xa00.35', '0.01\xa0—\xa00.05', -1, '0.65\xa0—\xa00.7', '0.02\xa0—\xa00.15', '0.1\xa0—\xa00.9', '0.01', '0.02', '0.01\xa0—\xa00.07', '0\xa0—\xa00.01', '0.01\xa0—\xa00.1', '0.1\xa0—\xa00.32', '0.06\xa0—\xa00.35', 'trace', '0.2\xa0—\xa00.3', '0.03\xa0—\xa00.21', '0.01\xa0—\xa00.05', '0.02', '0.15', '0.06\xa0—\xa00.7', '0.08\xa0—\xa00.6', '0.02\xa0—\xa00.2', '0.04\xa0—\xa00.4', '0.15\xa0—\xa01.32']"
"BELI,_BAEL_(Aegle_marmelos_Correa)_15100.html","[-1, -1, -1, -1, -1, -1, -1, -1, -1, -1, -1, -1, -1, -1, -1, -1, -1, -1, -1, -1, -1, -1, -1, -1, -1, -1, -1, -1, -1, -1, -1, -1, -1, -1, -1, -1, -1, -1, -1, -1, -1, -1, -1, -1, -1, -1, -1, -1, -1, -1, -1, -1, -1, -1, -1, -1, -1, -1, -1, -1, -1, -1, -1, -1, -1, -1, -1, -1, -1, -1, -1, -1, -1, -1, -1, -1, -1, -1, -1, -1, -1]"
BUDDHA_HAND_PEEL_(citrus_medica_v._sarcodactylis)_552.html,"[-1, -1, -1, -1, -1, -1, -1, -1, -1, -1, -1, -1, -1, -1, -1, -1, -1, -1, -1, -1, -1, -1, -1]"
BUDDHA_HAND_PEEL_OIL_(citrus_medica_v._s.)_550.html,"['3500\xa0—\xa05200', '2400', '9000\xa0—\xa019500', 'trace\xa0—\xa0900', '6200', '200000', '13400\xa0—\xa013700', '477900\xa0—\xa0669000', '2100\xa0—\xa012000', '2800\xa0—\xa06000', '1000', '6000\xa0—\xa032500', '8000\xa0—\xa027500', '300', '2000\xa0—\xa014300', '1000', '3900', '2000', '1300', '1000', '1000', '1300\xa0—\xa017000', '1300\xa0—\xa036600', -1, -1, -1, '2000', '3500\xa0—\xa04500', '3800', '1300\xa0—\xa01500', -1, '300', '6700\xa0—\xa012000', '1300\xa0—\xa05000', -1, -1, '1000', -1, -1, -1, '200', 'trace', -1, -1, '1700', '1000', '800\xa0—\xa025000', '600\xa0—\xa015600', -1, -1, -1, '300', -1, -1, -1, -1, -1, '600', '500\xa0—\xa01000', '400\xa0—\xa02000', -1, -1, '3500', -1, -1, '200', -1, '2700']"
BACURI_(Platonia_insignis)_13500.html,"[-1, -1, -1, -1, -1, -1, -1, -1, -1, -1, -1, -1]"
CROWBERRY_(Empetrum_nigrum_coll.)_22500.html,"[-1, -1, -1, -1, -1, -1, -1, -1, -1, -1, -1, -1, -1, -1, -1, -1, -1, -1, -1, -1, -1, -1, -1, -1, -1, -1, -1, -1, -1, -1, -1]"
FIG_(dried)_11402.html,"['<1', '<10', -1, '0.03', '0.1', '0.02', '0.02', -1, '<1', '0.3', '0.1', '0.1', '0.05', '0.1', '0.1', '0.2', '0.2', '0.05', '0.1', '0.15', '0.04', '1.8', '0.05', -1, '0.05', '0.03', '0.03', '0.03', '0.1', '0.05', -1, -1, '0.05', '0.04', '0.2', '0.15', '0.1', -1, '<1', '<1', '0.05', -1, -1, -1, -1, -1, -1, -1, -1, '0.1', '0.05', -1, '0.04']"
CHEMPEDAK_(Artocarpus_polyphema_Pers.)_13402.html,"[-1, -1, -1, -1, -1, -1, -1, -1, -1, -1, -1, -1, -1, -1, -1, -1, -1, -1, -1, -1, -1, -1, -1, -1, -1, -1, -1, -1, -1, -1, -1, -1, -1, -1, -1, -1, -1, -1, -1, -1, -1, -1, -1]"
SUDACHI_OIL_(Citrus_sudachi_Hort._ex_Shirai)_524.html,"[-1, -1, -1, -1, -1, -1, -1, -1, -1, '3400\xa0—\xa05100', '<5\xa0—\xa0100', '<100\xa0—\xa04000', '13400\xa0—\xa035400', '1500\xa0—\xa019520', '1700\xa0—\xa03700', '<100', '6500\xa0—\xa09350', '6300\xa0—\xa013400', '60970\xa0—\xa072700', '200\xa0—\xa07900', '27500\xa0—\xa0112400', '<200\xa0—\xa04800', '628000\xa0—\xa0872300', '561800', '16900', '430\xa0—\xa0780', '900', '2480\xa0—\xa020100', '640\xa0—\xa01600', '500\xa0—\xa07300', '100', '1800\xa0—\xa015000', '1200\xa0—\xa05800', '6800\xa0—\xa022900', '5620', '1690', '3000\xa0—\xa07090', '4490', '100\xa0—\xa0840', '820\xa0—\xa03700', '700\xa0—\xa06340', '<100', '200\xa0—\xa01400', -1, '100', '100\xa0—\xa0390', '330\xa0—\xa02100', '900\xa0—\xa03220', '60', '100', '<100', '400\xa0—\xa01350', '100', '<5', '6', '700', '<100', '160\xa0—\xa0220', -1, -1, '4300\xa0—\xa060770', -1, '50\xa0—\xa0660', -1, -1, -1, -1, -1, '1500\xa0—\xa03100', -1, '1900\xa0—\xa05400', '<5', '2250', -1, -1, -1, -1, -1, -1, -1, '1070\xa0—\xa01410', '510', '1690', '100', '2700\xa0—\xa013520', '3370', '44900', '100', -1, '190\xa0—\xa0210', '<100', '<5\xa0—\xa06', '400\xa0—\xa019000', '2810', '11240', -1, '210\xa0—\xa05000', '560', '560', '110', '410\xa0—\xa02660', -1, '110', '1220', '1700', '430\xa0—\xa06100', '<100\xa0—\xa02570', '190\xa0—\xa0210', -1, '100', '270\xa0—\xa0320', '400', -1, -1, -1, '<100', -1, '<100\xa0—\xa0860', '500\xa0—\xa01760', '100', '<100', '440', '130', '90', '<100', '130\xa0—\xa0300', '<50', '100\xa0—\xa0110', '<100', '<5', '<100', '<100', '90\xa0—\xa0100', -1, -1, '<5\xa0—\xa01200', '9\xa0—\xa01480', '800\xa0—\xa0900', -1, -1, -1, '20', '100\xa0—\xa03370', -1, '100\xa0—\xa0580', -1, '300\xa0—\xa02250', -1, -1, '170\xa0—\xa0200', -1, '100\xa0—\xa0560', -1, -1, -1, -1, -1, '400\xa0—\xa02100', '2810', '<5\xa0—\xa0100', -1, '70', -1, -1, -1, '<100\xa0—\xa01010', -1, '240', '100\xa0—\xa01120', '16850', '30', '<5\xa0—\xa0110', -1, '30\xa0—\xa0320', '<5', '370\xa0—\xa03900', -1, -1, '80\xa0—\xa0430', -1, '90', '200', '2000\xa0—\xa07040', -1, '40', '120', '70', '<100', '<100', '<100', '<100', '6', -1, -1, -1, -1, '<100', '130', -1, '<5\xa0—\xa0800', '100', '200', '620', '<100', '1100', '<100', -1, '10', -1, '770', -1, '280\xa0—\xa0560', '560\xa0—\xa0640', '430\xa0—\xa01170', -1, '<100', '100', '80', '330', '20\xa0—\xa0210', '110', '110', '<100\xa0—\xa02200', '540\xa0—\xa01500', '<50\xa0—\xa0610', '20\xa0—\xa0100', '60', '20\xa0—\xa01300', '20\xa0—\xa0800']"
SICILIAN_LEMON_PEEL_(C._×_limon_(L.)_Burm._fil.)_588.html,"['9200\xa0\xa011700', -1, -1, -1, '114700\xa0\xa0181600', '9300\xa0\xa010500', '277200\xa0\xa0508200', '900\xa0\xa03300', -1, '12600\xa0\xa082000', -1, '2000\xa0\xa06700', '12600\xa0\xa082000', 'present', '4100\xa0\xa010500', -1, '31200\xa0\xa085800', -1, '18400\xa0\xa021600', '0\xa0\xa041800', -1, -1, -1, -1, -1, -1, '0\xa0\xa02600', '0\xa0\xa02200', '3200\xa0\xa07400', '22000\xa0\xa028300', -1, -1, -1, -1, -1, -1, '1400\xa0\xa03400', -1, '2400\xa0\xa05300', '21100\xa0\xa091700', -1, '13500\xa0\xa059000', -1, -1, -1, '6700\xa0\xa010100', '10900\xa0\xa011100', -1]"
YUZU_OIL_(Citrus_junos_Sieb._ex_Tanaka)_521.html,"['<97', '0\xa0—\xa0500', '400\xa0—\xa0700', '100\xa0—\xa070200', '100\xa0—\xa0500', '0\xa0—\xa02100', '3800\xa0—\xa083000', '0\xa0—\xa0500', '5500\xa0—\xa08100', '<100\xa0—\xa0500', '1000\xa0—\xa013000', '<500\xa0—\xa015000', '16000\xa0—\xa054000', '<500\xa0—\xa03400', '27100\xa0—\xa0125000', '100\xa0—\xa07000', '558000\xa0—\xa0794300', '200', '<500', '<97\xa0—\xa0100', '400\xa0—\xa01000', '300\xa0—\xa01000', '300\xa0—\xa01000', '<50\xa0—\xa0500', '<500\xa0—\xa02000', '4600\xa0—\xa06900', -1, '100\xa0—\xa02000', '1200\xa0—\xa08000', '200\xa0—\xa01000', '7000\xa0—\xa027000', '100\xa0—\xa011000', '97.03\xa0—\xa010900', '1000\xa0—\xa08100', '0\xa0—\xa0102000', '10600\xa0—\xa014900', '<50\xa0—\xa0500', '<500', '97\xa0—\xa01000', '400\xa0—\xa01000', '100\xa0—\xa0500', '<50\xa0—\xa0100', '0\xa0—\xa0500', '6600\xa0—\xa020000', '1000\xa0—\xa07000', '<100\xa0—\xa01000', '200\xa0—\xa01000', '<50\xa0—\xa01000', '<100', '0\xa0—\xa0500', -1, '0\xa0—\xa0500', '<50\xa0—\xa0100', '2000\xa0—\xa06700', '400\xa0—\xa0500', -1, '<3', '9', '9', '<3', '<3', '<3', '<3', '50', '9', '100', '<3\xa0—\xa050', '<3', '<50', '33\xa0—\xa050', '<3', '<77', '18', '<3\xa0—\xa0100', '<3', '6', '0\xa0—\xa0500', '30\xa0—\xa0100', '0\xa0—\xa0500', '13200\xa0—\xa055000', '9', '33', -1, '<50\xa0—\xa0100', '100', '<50', '<500\xa0—\xa03000', '<3', '<3', -1, '21', '30', '42\xa0—\xa050', '100', '<3\xa0—\xa050', '100', '700\xa0—\xa010300', '<50', '<50\xa0—\xa03200', -1, -1, -1, '<50', '<3', '9', '<3\xa0—\xa0100', '<3', '<50', '24', '<3\xa0—\xa02000', '9\xa0—\xa0100', '<100', '18\xa0—\xa0500', '<50\xa0—\xa080', '21', '<50', '100\xa0—\xa0500', '104', '<50', -1, '125\xa0—\xa01000', '<50\xa0—\xa01000', '0\xa0—\xa0500', '12', '50\xa0—\xa0100', '<50\xa0—\xa0500', '100\xa0—\xa0500', '<50', '<50', '<100\xa0—\xa0500', '100\xa0—\xa0500', '0\xa0—\xa0500', 'trace\xa0—\xa0100', 'trace\xa0—\xa09', 'trace\xa0—\xa03', '100\xa0—\xa01000', '<3', '<3\xa0—\xa06', '100\xa0—\xa0500', '21\xa0—\xa030', '100\xa0—\xa02000', '0\xa0—\xa0500', '20\xa0—\xa036', '45\xa0—\xa01000', -1, '<3\xa0—\xa07', '<3\xa0—\xa0500', 'trace\xa0—\xa01000', '0\xa0—\xa0500', '<3\xa0—\xa050', '2', '<3', -1, '<50', '<3\xa0—\xa0100', '<50', '<50', -1, '<100', '<50\xa0—\xa0100', '<50', 'trace\xa0—\xa0500', '<3', '4\xa0—\xa0100', '62', 'trace', '27\xa0—\xa01200', '<3', '<3', '<3', '<3', '<3', '33', -1, '<3', '<3', '<3', '<3', '12', '<3', '0\xa0—\xa0500', '<50', '<500', '53\xa0—\xa0500', '27', '<3', '<3', '<50\xa0—\xa0500', '48', '<3', '100\xa0—\xa0500', '<3', '<3', '<3', '9', '<3', '77', '74', '<50\xa0—\xa0100', -1, -1, -1, -1, -1, -1, '<3', '<3', '<3', '6', '18', '6', '21', -1, '<50', '<50\xa0—\xa0400', '<3', '<3', '<3\xa0—\xa0500', '<3', '<3\xa0—\xa01200', '<3\xa0—\xa05000', '0\xa0—\xa0500', '<3', -1, -1, '<3\xa0—\xa050', '9', '<3', '<50', '<50\xa0—\xa0500', '<3', '9', '3', '<3', '<3', '30\xa0—\xa0100', '<3', '36', '<50', '<3', '<3', '<3', '<3', '<3', '6', '<3', '<3', '<3', '<3', '12', '9', '<3', '15', '<3', '24', '<3', '33', '<3', '<3', '<3', '<3', '<3', -1, -1, -1, '<3', '193', '9', '<3', '6', '9', '500\xa0—\xa01100', '<50', '<3', '<3', '<3', '<3', '48', '<3', '33', '900\xa0—\xa04000', '<50', '<3', '0\xa0—\xa0500', '<50', '<3', '<100', '100', '<3', '<3', '27', '<3', '<50', '33', '48', '27', '0\xa0—\xa02000', '<50\xa0—\xa0500', '12\xa0—\xa0500', '<50', '21', '<3', '24', '30', '30', '<50', '0\xa0—\xa01000', '6000\xa0—\xa07000']"
PERSIAN_LIME_PEEL_(C._limettioides_Tanaka)_586.html,"['17700\xa0\xa018900', '10300\xa0\xa017200', -1, '1300\xa0\xa01800', '900\xa0\xa06800', '572400\xa0\xa0799500', '900\xa0\xa04500', '9900\xa0\xa012700', '1200\xa0\xa01800', '2000\xa0\xa04400', '12400\xa0\xa079300', -1, -1, -1, -1, -1, -1, -1, -1, '6600\xa0\xa029900', '47700\xa0\xa070400', '4100\xa0\xa011000', -1, -1, -1, '55600\xa0\xa0107400', '0\xa0\xa03600', -1, '1400\xa0\xa02400', -1, -1, -1, -1, -1]"
GRAPEFRUIT_JUICE_(Citrus_paradisi)_507.html,"[-1, -1, -1, -1, '0.4', -1, -1, '0.18', '0\xa0—\xa034.6', -1, '0.006\xa0—\xa011', '0.0002', '0\xa0—\xa00.49', '0.025', -1, '0\xa0—\xa00.061', -1, '0.96\xa0—\xa0342', '2.308', -1, -1, '0.2', -1, '0.05', '0.045\xa0—\xa09.5', '0.042', '0.0015', -1, '0\xa0—\xa07.9', '0.1', '0.03\xa0—\xa03.6', '0.1', -1, '0.06', '0\xa0—\xa00.53', '0.56\xa0—\xa032.5', '0.29', '0.77', '0.08', -1, -1, -1, -1, '0.01', -1, '0.03', '0.0001', '0.005', '0.01', '0.2\xa0—\xa073.5', '21\xa0—\xa0826', '0\xa0—\xa00.37', -1, '0\xa0—\xa00.058', '0\xa0—\xa00.1', '0\xa0—\xa00.052', '0\xa0—\xa01', '0\xa0—\xa00.077', '0\xa0—\xa00.46', '0\xa0—\xa00.11', '0\xa0—\xa00.04', '0\xa0—\xa00.16', '0.01\xa0—\xa01', '0.1', -1, '0\xa0—\xa00.49', '0\xa0—\xa01.09', '0.01', '0.002', '0.008', '0.009', '0.03', -1, '0.05\xa0—\xa00.17', '0.01', '0.076\xa0—\xa03.9', '0.01', '0.003', '0.04', '0.04', -1, '0.006', '0.02\xa0—\xa00.12', '0.01', '0\xa0—\xa018.8', '1.07', '0.01', '0\xa0—\xa00.24', -1, -1, '0.59', -1, '0.11', '1.2', '0.38', -1, -1, -1, '0.37', '0.03', -1, '0.49', '0.6', '0.06', '0.09', '5.4\xa0—\xa0230', -1, '0.015\xa0—\xa00.52', -1, '0\xa0—\xa00.68', '0.108', '0\xa0—\xa00.052', '0.032\xa0—\xa00.81', '0\xa0—\xa00.19', -1, '0.0005', -1, -1, -1, '0\xa0—\xa01', -1, -1, '0.0001', -1, '0.001', '0.03', -1, '0.05\xa0—\xa00.2', '0.0001', '0.13', '0.0002', '0.22', '0\xa0—\xa00.096', '0\xa0—\xa00.089', '0.003', '0.001', '0.0003', '0.069', '0.02', '0.021', '0\xa0—\xa00.037', '0.02', '0.003', '0.006', '9', -1, '0\xa0—\xa00.029', '0.0005', '0.0008', -1, '0.05', '0.008', '0.003', '0.0005', '0.0005', '0.0002', '0.0006', '0.0009', '0.0005\xa0—\xa00.23', '0.05', '0.02', '0.0005', -1, '0.001', '0.001', '0.01', '0.003', '0\xa0—\xa00.15', '0.0005', '0.1', '0.06\xa0—\xa07', '0.001', '0.1', '0.2', '0.1', '0.02', '0.05', '0.002', '0.02', '0.02', '0.01', '0.006', -1, -1, -1, -1, '0.03', '0.02', '0.07', '0.01', '0.05', '0.004', '0.01', '0.007', '0.11', '0.01', '0.04', '0.3\xa0—\xa01.3', '0.026', '0.009\xa0—\xa016.2', '0.0065', '0.003', '0.001', '0.08', '0.008', '0.02', '0.05', '0.0003', '0.006', '0.01', '0.03\xa0—\xa00.1', '0.008\xa0—\xa00.1', '0.16', '0.08', '0.02', '0.004', -1, '0.004', '0.02', '0.004', -1, '0\xa0—\xa00.048', '0.0058', '0.0005', '0\xa0—\xa04.2', 'trace\xa0—\xa010', '0.01', '0.0039', '0\xa0—\xa00.25', -1, '0.0001', '0\xa0—\xa00.25', '0.001', '0\xa0—\xa00.2', '0.0001', '0.0004', '0.03', -1, '0.02', '0.04', '0.01', '0.02', '0.01', '0.04', '0.03', '0.02', '0.02', -1, '0.003', '0.5', -1, '0.0011', '0.52', '0.59', '0.12', '37.5', '<0.1', '0.3', '<0.1', -1, '0.17', -1, '0.00023\xa0—\xa00.00094', -1, 'trace\xa0—\xa00.0037', '0\xa0—\xa00.0003', -1, '0.00024\xa0—\xa00.0033', '0\xa0—\xa00.000065', '0\xa0—\xa00.000071', -1, '0\xa0—\xa00.000075', -1, -1, '0\xa0—\xa00.0002', '0.0008', '0.000027\xa0—\xa00.00014', '0\xa0—\xa00.000053', '0\xa0—\xa00.000024', '0\xa0—\xa00.00042', '0\xa0—\xa00.00025', '0.04', -1, -1, '0.0001', '0.0002', '0.002', '0.06', '0.09', '0.0004', '0.0004', '0.007', '0.001', '0.07\xa0—\xa00.25', -1, '0.02', '0.001', '0.1', -1, '0.27', '0.02', '9.8', '10.7', -1, '0.2', '0.34', -1, -1, '0.05', '0.0031', -1, '0.1', '0.19', '0.2', '0.0007', '0.08', '0.03\xa0—\xa00.08', '0.19', '0.003\xa0—\xa00.13', '0.37', -1, -1, -1, '0\xa0—\xa02.9', '0\xa0—\xa010', '0.0006']"
SWEET_ORANGE_PEEL_OIL_(C._sinesis)_589.html,"['217400\xa0\xa0217400', '11900\xa0\xa011900', '91500\xa0\xa091500', '11800\xa0\xa011800', '13800\xa0\xa013800', '11800\xa0\xa011800', '105100\xa0\xa0105100', '153700\xa0\xa0153700', '12400\xa0\xa012400', '13900\xa0\xa013900', '5\xa0\xa05', '17800\xa0\xa017800', '158800\xa0\xa0158800', '54300\xa0\xa054300', '18300\xa0\xa018300', '16500\xa0\xa016500', '17000\xa0\xa017000', '5\xa0\xa036500', '11600\xa0\xa011600', '12400\xa0\xa012400']"
DRAGON_FRUIT_(Hylocereus_undatus)_36502.html,"[-1, -1, -1, -1, -1, -1]"
APPLE_FRESH_(Pink_Lady)_27623.html,"['<0.0005', '0.0024\xa0—\xa00.0035', '0.0151\xa0—\xa00.0237', '0.0061\xa0—\xa00.0182', '0.0013\xa0—\xa00.002', '0.013\xa0—\xa00.0263', '0.0087\xa0—\xa00.0088', '0.0015', '0.0011\xa0—\xa00.0015', '0.0014\xa0—\xa00.0024', '0.0058\xa0—\xa00.0131', '0.0015\xa0—\xa00.0019', '0.0165\xa0—\xa00.029', '0.0221\xa0—\xa00.0255', '0.0114\xa0—\xa00.0357', '0.0961\xa0—\xa00.3585', '0.0109\xa0—\xa00.012', '0.2816\xa0—\xa00.3794', '0.016\xa0—\xa00.0368', '0.2698\xa0—\xa00.8115', '0.0007\xa0—\xa00.0012', '0.0016\xa0—\xa00.0041', '0.0051\xa0—\xa00.0174', '0.0353\xa0—\xa00.0585', '0.0036\xa0—\xa00.0068', '0.0027\xa0—\xa00.0077', '0.0062\xa0—\xa00.0206', '0.0017\xa0—\xa00.0022', '0.0845\xa0—\xa00.1133', '0.0041\xa0—\xa00.0051', '0.0012\xa0—\xa00.0016', '0.0013\xa0—\xa00.0019', '0.0084\xa0—\xa00.0166', '0.0027\xa0—\xa00.0042', '0.0212\xa0—\xa00.0436', '0.0036\xa0—\xa00.0106', '0.0007\xa0—\xa00.0011', '0.0819\xa0—\xa00.1157', '0.0048\xa0—\xa00.0049', '0.0314\xa0—\xa00.1086', '0.0071\xa0—\xa00.0301', '0.1636\xa0—\xa00.2586', '0.0028\xa0—\xa00.0039', '0.0027\xa0—\xa00.0037', '0.0804\xa0—\xa00.0935', '0.0138\xa0—\xa00.0186', '0.0085\xa0—\xa00.0096', '0.0803\xa0—\xa00.0958', '0.0015\xa0—\xa00.0073', '0.0103\xa0—\xa00.0105', '0.0027\xa0—\xa00.0046']"
ELDERBERRY_JUICE_16620.html,"[-1, -1, -1, -1, -1, -1, -1, -1, -1, -1, -1, -1, -1, -1, -1, -1, -1, -1, -1, -1, -1, -1, -1, -1, -1, -1, '<1', -1, -1, '<1', '<1', '2.1', -1, -1, -1, -1, -1, -1, -1, -1, -1, -1, '<1', -1, -1, '3', -1, -1, -1, '<1', -1, -1, -1, -1, -1, -1, -1, -1, -1, -1, -1, -1, -1, -1, -1, -1, -1, -1, -1, -1, -1, -1, -1, -1, -1, -1, '<1', '<1', '<1', '<1', '<1', '<1', '<1', '<1', '<1', '<1', '<1', '<1', -1, -1, -1, -1, -1, -1, -1, -1, -1, -1, -1, -1, -1, -1, -1, -1, '<1', -1, -1, -1, -1, -1, -1, -1, -1, -1]"
KUMQUAT_OIL_(Citrus_Fortunella_species)_518.html,"['100', '20', '200', '<100', '100', '<100\xa0—\xa0200', '10\xa0—\xa0100', '20\xa0—\xa0200', '<50', '<100\xa0—\xa02000', '170\xa0—\xa03000', '80\xa0—\xa063000', -1, '2000', '800', '100\xa0—\xa0200', '280\xa0—\xa0400', '1600\xa0—\xa01900', '<100\xa0—\xa0200', '40\xa0—\xa02700', '50\xa0—\xa01000', '737000\xa0—\xa0970400', '<1000', '<50', '30\xa0—\xa01000', '30\xa0—\xa050', '2000', -1, '270\xa0—\xa0290', '1000', '1000', '34000', '80\xa0—\xa01000', '<100', '3400\xa0—\xa017000', '<100\xa0—\xa027000', 'trace\xa0—\xa01000', '10\xa0—\xa01000', '90\xa0—\xa028000', '100\xa0—\xa0500', '210', '<1000', '<1000', '30\xa0—\xa01000', '<1000', '100', '<50', '2000', '200\xa0—\xa01000', '400\xa0—\xa03000', '<50\xa0—\xa0200', '<50\xa0—\xa0100', '100', '70\xa0—\xa0200', '<1000', '<50\xa0—\xa01000', '500', '<1000', '100', '<100\xa0—\xa01000', '200\xa0—\xa01000', -1, -1, '200', '200', '200', '<100', '<100\xa0—\xa01000', '<100', '10\xa0—\xa01000', '<1000', -1, '20', '40\xa0—\xa05000', '30', '30', -1, '30\xa0—\xa02000', '140', '4000', -1, '<1000', '370\xa0—\xa01000', '1000', '<50', '<1000', '100\xa0—\xa01000', '<10\xa0—\xa010500', '<10\xa0—\xa02160', '50\xa0—\xa023000', '<50', '<1000', '<50', '250', '240', '90', '<50', '<50\xa0—\xa01000', '20', '<50', '100', '200', '70\xa0—\xa08000', '140\xa0—\xa01000', '<1000', '400\xa0—\xa01000', '110', '100\xa0—\xa02700', '<1000', '<1000', '40', '<50\xa0—\xa0100', '100', '1000\xa0—\xa01400', '900\xa0—\xa03000', '40', '<50\xa0—\xa01000', '400\xa0—\xa01000', '<1000', '400', '200', '<50', '<50\xa0—\xa03000', -1, '<50', '3000', '<50\xa0—\xa07000', '<50\xa0—\xa07000', '1000', '<1000', '200\xa0—\xa01000', '<50', '100', '<100', '<100', '<100', '10\xa0—\xa01000', '800', '1200', 'trace\xa0—\xa01000', '<100\xa0—\xa01000', '<100\xa0—\xa01000', '410\xa0—\xa01000', '50\xa0—\xa01000', '2000', '1000', '3000', '100\xa0—\xa01000', '1300', -1, '100\xa0—\xa02000', '130', '<1000', '200', '<50\xa0—\xa05000', '<1000', '<1000', '<50\xa0—\xa01000', -1, -1, '170\xa0—\xa01000', '<50\xa0—\xa01000', '<50', '400', '<1000\xa0—\xa04600', '100', '<100', '200', '<1000', '<1000', '<1000', '100', '<1000', '<100', '1000', '1750\xa0—\xa04000', '200', '<1000', '<50\xa0—\xa01000', '100', -1, '200', '100', '<50', '40', '20\xa0—\xa050', -1, '<100\xa0—\xa011300', '10', '<1000', '<100\xa0—\xa01000', '100\xa0—\xa02100', '20\xa0—\xa01000', '<50\xa0—\xa01000', '100\xa0—\xa01000', '100\xa0—\xa015000', '100\xa0—\xa02000', -1, -1, '<50', '700\xa0—\xa01700', -1, '100', '60\xa0—\xa012590', '200', '<100\xa0—\xa01200', '200\xa0—\xa04000', '<100\xa0—\xa07600', -1, -1, '<1000', '18240', '<100', '40', -1, '80', -1, '<100', '<100', '<1000', -1, '30', -1, -1, '60', -1, '100', -1, '20', -1, -1, '70', '30', -1, -1, -1, -1, '20', -1, -1, -1, '50', -1, -1, -1, -1, -1, -1, '1000', '<100\xa0—\xa01000', -1, '<100', -1, '<50', '200', '<50\xa0—\xa01000', '<1000', '<1000', '<1000', '<100', '<100\xa0—\xa01000', '<100\xa0—\xa02000', '<1000', '<1000', '2000', '<50', '1000', '200', '100', '300', '30', '1490']"
CALAMANSI_FRUIT_TAIWAN_(citrus_x_microcarpa)_561.html,"['0.063', '0.111', '0.035', '0.066', '0.068', '19.232', '0.09', '0.108', '0.252', '0.007', '0.072', '0.071', '0.502', '0.411', '0.055', '0.09', '0.121', '0.171', '0.638', '0.176', '0.084', '0.336', '0.124', '0.094', '0.088', '0.227', '0.132', '0.133', '0.101', '0.082', '0.082', '0.026', '0.214', '0.313', '0.065', '0.093', '0.157', '0.098', '17.395']"
DAIDAI_PEEL_OIL(C.aurantium_L.cyathifera_Y.Tanaka)_531.html,"['220', '3000', '60\xa0—\xa0500', '2040', '12700\xa0—\xa022000', '110', '<500', -1, '510\xa0—\xa03000', '30\xa0—\xa0500', '845400\xa0—\xa0947000', '1000', '900\xa0—\xa01000', '30\xa0—\xa0500', '4700\xa0—\xa06000', '4000\xa0—\xa07000', '40\xa0—\xa0500', '1910\xa0—\xa02000', -1, '150\xa0—\xa0500', '420\xa0—\xa0500', '<30', '30\xa0—\xa0500', '30', '40\xa0—\xa0500', '40', '1490\xa0—\xa02000', '490\xa0—\xa01000', '<500', '330\xa0—\xa0500', '<500', '50\xa0—\xa0500', '<500', '<30\xa0—\xa0500', '30\xa0—\xa0500', '<30', '40\xa0—\xa0500', '<30\xa0—\xa0500', '1000\xa0—\xa07600', '170\xa0—\xa0500', '900\xa0—\xa02000', '<500', '50\xa0—\xa0500', '40', '<500', '<30\xa0—\xa01000', '320\xa0—\xa01000', '200\xa0—\xa0500', '80\xa0—\xa01000', '<30\xa0—\xa0500', -1, '3000', '30', '<500\xa0—\xa01060', '60\xa0—\xa0500', '250\xa0—\xa01000', '<30\xa0—\xa0500', '850\xa0—\xa02000', '380\xa0—\xa0500', '11000\xa0—\xa014000', '<500', '80\xa0—\xa01000', '<500', '<30', '<30\xa0—\xa0500', '<30\xa0—\xa0500', '<30\xa0—\xa0500', '40\xa0—\xa0500']"
KAFFIR_LIME_JUICE_556.html,"['trace', 'trace', '50', '40', '190', '50', '230', '10', '180', '640', '50', '10', '110', '130', 'trace', '30', '20', '490', '340', '10', '670']"
CAVONE_LEMON_PEEL_OIL_562.html,"['300', '1400', '16200', -1, '600', '2000', '89300', '3800', '628000', '100', '300', '4000', '100', '<100', '21900', '146800', '700', '4300', '25900', '<100', '2700', '400', '<100', '1500', '<100', -1, '<100', '400', '900', '1400', '2300', '200', '200', '100', '100', '800', '600', '400', '1200', '400', '200', '100', '100', '1400', -1, '10300', -1, '<100', '100', '<100', '<100', '<100', '300', '2000', '6400', -1, '<100', '<100']"
AUSTRALIAN_FINGER_LIME_PEEL_(cv._Alstonville)_590.html,"['< 100\xa0\xa0< 100', '1500\xa0\xa01500', '2100\xa0\xa02100', '< 100\xa0\xa0< 100', '15000\xa0\xa015000', '< 100\xa0\xa0< 100', '100\xa0\xa0100', '1800\xa0\xa01800', '< 100\xa0\xa0< 100', '800\xa0\xa0800', '200\xa0\xa0200', '616600\xa0\xa0616600', '< 100\xa0\xa0< 100', '< 100\xa0\xa0< 100', '< 100\xa0\xa0< 100', '6100\xa0\xa06100', '2000\xa0\xa02000', '900\xa0\xa0900', '5500\xa0\xa05500', '3200\xa0\xa03200', '< 100\xa0\xa0< 100', '< 100\xa0\xa0< 100', '1200\xa0\xa01200', '205500\xa0\xa0205500', '900\xa0\xa0900', '30900\xa0\xa030900', '< 100\xa0\xa0< 100', '< 100\xa0\xa0< 100', '< 100\xa0\xa0< 100', '< 100\xa0\xa0< 100', '< 100\xa0\xa0< 100', '< 100\xa0\xa0< 100', '< 100\xa0\xa0< 100', '< 100\xa0\xa0< 100', '< 100\xa0\xa0< 100', '300\xa0\xa0300', '< 100\xa0\xa0< 100', '< 100\xa0\xa0< 100', '1600\xa0\xa01600', '< 100\xa0\xa0< 100', '< 100\xa0\xa0< 100', '< 100\xa0\xa0< 100', '< 100\xa0\xa0< 100', '< 100\xa0\xa0< 100', '< 100\xa0\xa0< 100', '< 100\xa0\xa0< 100', '3600\xa0\xa03600', '< 100\xa0\xa0< 100', '< 100\xa0\xa0< 100', '< 100\xa0\xa0< 100', '< 100\xa0\xa0< 100', '< 100\xa0\xa0< 100', '< 100\xa0\xa0< 100', '< 100\xa0\xa0< 100', '< 100\xa0\xa0< 100', '< 100\xa0\xa0< 100', '< 100\xa0\xa0< 100', '< 100\xa0\xa0< 100', '< 100\xa0\xa0< 100', '< 100\xa0\xa0< 100', '< 100\xa0\xa0< 100', '< 100\xa0\xa0< 100', '< 100\xa0\xa0< 100', '< 100\xa0\xa0< 100', '< 100\xa0\xa0< 100', '< 100\xa0\xa0< 100', '< 100\xa0\xa0< 100', '< 100\xa0\xa0< 100', '< 100\xa0\xa0< 100', '< 100\xa0\xa0< 100', '< 100\xa0\xa0< 100', '< 100\xa0\xa0< 100', '< 100\xa0\xa0< 100', '< 100\xa0\xa0< 100', '< 100\xa0\xa0< 100', '< 100\xa0\xa0< 100', '< 100\xa0\xa0< 100', '1000\xa0\xa01000', '< 100\xa0\xa0< 100', '< 100\xa0\xa0< 100', '< 0\xa0\xa0< 0', '< 100\xa0\xa0< 100', '6600\xa0\xa06600', '< 100\xa0\xa0< 100', '< 100\xa0\xa0< 100', '< 100\xa0\xa0< 100', '< 100\xa0\xa0< 100', '< 100\xa0\xa0< 100', '< 100\xa0\xa0< 100', '< 100\xa0\xa0< 100', '< 100\xa0\xa0< 100', '< 100\xa0\xa0< 100', '< 100\xa0\xa0< 100', '< 100\xa0\xa0< 100', '< 100\xa0\xa0< 100', '< 100\xa0\xa0< 100', '< 100\xa0\xa0< 100', '< 100\xa0\xa0< 100', '< 100\xa0\xa0< 100', '< 100\xa0\xa0< 100', '< 100\xa0\xa0< 100', '56700\xa0\xa056700', '< 100\xa0\xa0< 100', '< 100\xa0\xa0< 100', '< 100\xa0\xa0< 100']"
KABOSU_OIL_(Citrus_spaerocarpa)_528.html,"['<50', '<50\xa0—\xa0520', '560\xa0—\xa01000', '40', '1200', '16000\xa0—\xa0202000', '4000\xa0—\xa04450', '5000\xa0—\xa010000', '250\xa0—\xa02000', -1, '450\xa0—\xa01000', '17800\xa0—\xa027660', '1000\xa0—\xa01900', '77130\xa0—\xa0772000', '230', '420', '2000', '500\xa0—\xa09000', '370', '2000\xa0—\xa07000', '1780\xa0—\xa03000', '30\xa0—\xa050', -1, '860\xa0—\xa01000', '21000\xa0—\xa027000', -1, '210', '50', '370', '1700\xa0—\xa04000', '100\xa0—\xa01000', '600', '<30', '720\xa0—\xa01500', -1, -1, -1, '<50', -1, -1, '830', '40\xa0—\xa05000', '50', '970\xa0—\xa04000', '50\xa0—\xa0500', -1, -1, '<30\xa0—\xa02800', '1100', -1, '70', -1, -1, '90\xa0—\xa0500', -1, -1, -1, '110', '30', -1, '<30', -1, -1, -1, '1540\xa0—\xa018000', '520\xa0—\xa01000', '1900\xa0—\xa012000', -1, -1, -1, '500', '50', '40\xa0—\xa0500', -1, -1, '110\xa0—\xa0500', '190', -1, '130', '<30', '100\xa0—\xa0500', -1, -1, -1, -1, -1, '<500', '<30', -1, '50', -1, '480\xa0—\xa0500', '<50', '370\xa0—\xa03000', '800\xa0—\xa01300', '90\xa0—\xa0500', -1, -1, '<30\xa0—\xa0500', '80', -1, '100', -1, -1, '100', '<30', -1, '2000\xa0—\xa03000']"
APPLE_PROCESSED_(juice)_27730.html,"[-1, -1, -1, 'trace', '<0.001\xa0—\xa00.05', -1, '0.0079\xa0—\xa00.0081', 'trace', -1, -1, -1, '1\xa0—\xa04', '3\xa0—\xa015.2', -1, 'trace\xa0—\xa020', '0.3\xa0—\xa040', '1.3\xa0—\xa01.8', '0.03\xa0—\xa01.5', -1, '8\xa0—\xa020.3', -1, '0.01\xa0—\xa03', '0.003\xa0—\xa00.018', '0.001\xa0—\xa00.003', -1, '0.0616\xa0—\xa018.2', -1, '0.02\xa0—\xa01', '0.0062\xa0—\xa01.2', -1, '0.1', -1, -1, -1, -1, '0.02\xa0—\xa00.04', -1, '0.005\xa0—\xa03.2', '0.0007\xa0—\xa00.0011', '2.5\xa0—\xa095.1', 'trace\xa0—\xa010.7', '0.2\xa0—\xa01.2', '0.2\xa0—\xa04.2', '0.2\xa0—\xa01.2', 'trace\xa0—\xa00.5', '0.002\xa0—\xa05.8', 'trace\xa0—\xa05', '0.006\xa0—\xa00.018', '0.005\xa0—\xa00.05', '0.1', '0.2\xa0—\xa02.2', 'trace', -1, -1, '0.3', '0.1\xa0—\xa00.7', -1, -1, -1, -1, '0.0012\xa0—\xa04', '0.0087\xa0—\xa00.0096', '0.02\xa0—\xa00.4', -1, '0.0436\xa0—\xa00.9', -1, '0\xa0—\xa01', -1, '0.0021\xa0—\xa00.0024', -1, '0.3\xa0—\xa00.6', '0.02\xa0—\xa00.12', 'trace', 'trace', '0.006\xa0—\xa00.2', '0.05\xa0—\xa00.2', -1, '0.005\xa0—\xa00.05', -1, '0.0007', '0.02\xa0—\xa02.2', -1, -1, -1, -1, -1, '0.0018\xa0—\xa00.0019', -1, '0.0004\xa0—\xa00.0005', -1, '3.9\xa0—\xa010.3', -1, -1, '1\xa0—\xa05.4', '<0.001\xa0—\xa01.2', '1.6', -1, '0.4\xa0—\xa00.6', -1, '1.7\xa0—\xa012.9', -1, -1, -1, -1, 'trace', '0.05\xa0—\xa00.26', '0.56\xa0—\xa00.77', '0.86\xa0—\xa01.05', 'trace', '2.49\xa0—\xa09.14', -1, 'trace\xa0—\xa00.001', '<0.001\xa0—\xa02', 'trace\xa0—\xa00.3', -1, '0\xa0—\xa02.2', 'trace\xa0—\xa00.5', '0.03\xa0—\xa00.5', '<0.001\xa0—\xa00.1', '0\xa0—\xa06.3', -1, '0.0193\xa0—\xa01.4', -1, '0.02\xa0—\xa00.03', '0.007\xa0—\xa00.02', 'trace\xa0—\xa00.003', -1, -1, '0.0001\xa0—\xa00.0004', '0.03\xa0—\xa00.2', '0.004', 'trace\xa0—\xa00.03', -1, 'trace', -1, 'trace\xa0—\xa00.02', '0.5\xa0—\xa01.1', '0.008\xa0—\xa00.021', 'trace', '0.5\xa0—\xa05', '0\xa0—\xa03.6', 'trace', 'trace\xa0—\xa00.05', 'trace', 'trace', 'trace\xa0—\xa00.07', -1, -1, 'trace\xa0—\xa00.04', -1, 'trace', 'trace', 'trace', -1, '<0.001\xa0—\xa00.07', '0\xa0—\xa03.5', -1, -1, -1, 'trace', -1, 'trace\xa0—\xa03.5', 'trace\xa0—\xa00.02', 'trace\xa0—\xa00.04', 'trace\xa0—\xa00.02', 'trace', 'trace\xa0—\xa00.002', 'trace\xa0—\xa00.03', '0.004', -1, -1, 'trace\xa0—\xa00.001', '0\xa0—\xa00.6', '0.012', '1.5\xa0—\xa017.5', '0.012\xa0—\xa00.8', '0.002', '18.8\xa0—\xa037.6', -1, -1, 'trace', 'trace', 'trace', '0.005\xa0—\xa00.06', -1, -1, -1, '0.46\xa0—\xa03.68', -1, -1, -1, -1, -1, 'trace', 'trace', 'trace', 'trace', 'trace', '0.001', 'trace', 'trace', -1, -1, -1, 'trace', 'trace', 'trace\xa0—\xa00.06', '0.02\xa0—\xa00.83', -1, -1, '0.007\xa0—\xa00.021', '0.001\xa0—\xa00.01', '0.2\xa0—\xa00.45', -1, -1, -1]"
PERSIAN_LIME_JUICE_559.html,"['trace', '10', '10', 'trace', '10', '10', '60', '20', '10', '20', '50', 'trace', '70', 'trace', '10']"
CHERIMOYA_(Annona_cherimolia_Mill.)_17200.html,"[-1, -1, -1, -1, -1, -1, -1, -1, -1, -1, -1, -1, -1, -1, -1, -1, '0.5', -1, -1, -1, -1, -1, -1, -1, -1, -1, -1, -1, -1, -1, -1, -1, -1, -1, -1, -1, '0.01\xa0—\xa00.05', '0.5\xa0—\xa01', -1, '1', '0.05\xa0—\xa00.1', '0.01\xa0—\xa00.05', '0.05\xa0—\xa00.1', '0.01\xa0—\xa00.05', -1, '0.05\xa0—\xa00.1', -1, '0.05\xa0—\xa00.1', -1, '0.05\xa0—\xa00.1', -1, '1\xa0—\xa03', '0.01\xa0—\xa00.05', '0.05\xa0—\xa00.5', -1, -1, '0.01\xa0—\xa00.05', -1, -1, -1, -1, -1, -1, -1, -1, -1, -1, -1, -1, -1, -1, '0.09\xa0—\xa01', -1, -1, -1, '0.01\xa0—\xa00.05', -1, -1, -1, '0.05\xa0—\xa00.1', -1, -1, -1, -1, -1, -1, -1, '0.02', -1, -1, -1, -1, -1, -1, -1, -1, -1, '0.02', -1, -1, -1, -1, -1, -1, -1, -1, -1, -1, -1, -1, -1, -1, -1, -1, -1, -1, -1, -1, -1, -1, -1, -1, -1, -1, -1, -1, -1, -1, -1, -1, -1, -1, -1, -1, -1, -1, -1, '0.01\xa0—\xa00.05', -1, -1, -1, -1, -1, -1, -1, -1, -1, -1, -1, -1, -1, -1, -1, -1, -1, -1, -1, -1, -1, -1, -1, -1, -1, -1, -1, -1, -1, -1, -1, -1, -1, -1, -1, -1, -1, -1, -1, '0.03', -1, -1, -1, -1, -1, -1, -1, -1, -1, -1, -1, -1, -1, -1, -1, -1, -1, -1, -1, -1, '4.2', '0.04', -1, '0.1\xa0—\xa05.2', -1, -1, -1, '0.1\xa0—\xa08.9', -1, -1, -1, '0.1\xa0—\xa03.2', -1, -1, '0.03', -1, -1, -1, -1, -1, '0.02', -1, '0.04', -1, -1, '0.03', -1, -1, '0.01\xa0—\xa011', -1, '0.03', -1, -1, -1, -1, -1, -1, -1, -1, '3.1', -1, -1, -1, -1, -1, -1, -1, -1, -1, -1, -1, -1, -1, -1, -1, -1, -1, -1, -1, -1, -1, -1, -1, -1, -1, -1, -1, -1, -1, -1, -1, -1, -1, -1, -1, '0.01\xa0—\xa00.05', -1, -1, -1, -1, -1, -1, -1, -1, -1, -1]"
SWEET_CHERRY_(Prunus_avium_L.)_410.html,"[-1, -1, -1, -1, -1, -1, -1, -1, -1, -1, -1, -1, -1, -1, -1, -1, -1, -1, -1, -1, -1, -1, -1, -1, 'trace', -1, -1, -1, -1, -1, -1, -1, -1, -1, -1, -1, -1, -1, -1, -1, -1, '0\xa0—\xa00.5', -1, -1, -1, -1, -1, -1, -1, -1, -1, -1, -1, -1, '0.009\xa0—\xa00.05', '0.009\xa0—\xa00.2', -1, -1, -1, -1, '0.0001\xa0—\xa00.002', -1, '0.02\xa0—\xa00.4', '0\xa0—\xa00.006', -1, -1, -1, -1, -1, -1, -1, -1, -1, -1, -1, -1, -1, -1, -1, -1, -1, -1, -1, -1, -1, 'trace', '4', '5', '14', 'trace', '9', '15', -1, -1, -1, -1, -1, -1, -1, -1, -1, -1, -1, -1, -1, -1, -1, -1, -1, -1, -1, -1, -1, -1, -1, -1, -1, -1, -1, -1, -1, -1, '0.001\xa0—\xa00.02', -1]"
MICROCITRUS_SPECIES_OIL_530.html,"[-1, '7000\xa0—\xa051000', '2000\xa0—\xa07000', 'trace\xa0—\xa02000', '10000\xa0—\xa035000', '2000\xa0—\xa033000', 'trace\xa0—\xa03000', '<500\xa0—\xa06000', 'trace\xa0—\xa02000', '48000\xa0—\xa0112000', '2000\xa0—\xa014000', '12000\xa0—\xa0511000', '4000', '2000\xa0—\xa013000', '2000', '12000\xa0—\xa032000', '1000', '16000\xa0—\xa028000', '4000', '9000', '2000\xa0—\xa030000', '2000\xa0—\xa05000', '10000\xa0—\xa0102000', '4000\xa0—\xa0131000', 'trace', '1000\xa0—\xa02000', '<500\xa0—\xa0196000', '3000\xa0—\xa053000', '16000', '4000', '2000', '<500', '3000\xa0—\xa0259000', '2000\xa0—\xa010000', '2000', '<500', '1000\xa0—\xa029000', '3000', -1, -1, -1, -1, -1, -1, -1, -1, 'trace\xa0—\xa05000', '<500', -1, '2000\xa0—\xa07000', '8000', '2000', '4000', '2000\xa0—\xa07000', '5000', '<500', '1000', '3000', '7000', '<500', '19000', '1000\xa0—\xa04000', '98000', '20000', '4000', -1, -1, -1, 'trace', 'trace', '8000', '1000', 'trace', '<500\xa0—\xa02000', '20000\xa0—\xa073000', '12000\xa0—\xa045000', -1, -1, -1, -1, '<500', -1, -1, -1, -1, -1, -1, -1, -1, '2000\xa0—\xa04000', '1000', 'trace', -1, '2000', '3000', '5000', -1, '<500', 'trace', 'trace', -1, -1, -1, '11000', -1, '34000', '4000', '2000', '35000']"
PONKAN_PEEL_OIL_(Citrus_reticulair_Blanco)_540.html,"['1000\xa0\xa01000', '51200\xa0—\xa0112700', '4000\xa0\xa04000', '136800\xa0—\xa0156100', '8000\xa0\xa08000', '330900\xa0—\xa0757500', -1, '17900\xa0\xa017900', '12000\xa0—\xa042900', '6800\xa0\xa06800', '101200\xa0\xa0101200', '700\xa0—\xa01900', '13400\xa0—\xa036900', '300\xa0—\xa023100', '31300\xa0—\xa038000', '1200\xa0—\xa019800', '0\xa0—\xa06900', '200\xa0—\xa01100', '400\xa0\xa0400', '0\xa0—\xa03500', '2100\xa0\xa02100', '0\xa0—\xa01200', '300\xa0—\xa03200', '5600\xa0—\xa090100', '600\xa0—\xa04500', '2900\xa0—\xa010300', '300\xa0—\xa01400', '35300\xa0—\xa099900', '600\xa0\xa0600', '5700\xa0—\xa020400', '1500\xa0\xa01500', '1300\xa0—\xa07300', '400\xa0—\xa07700', -1, -1, '0\xa0—\xa01600', '400\xa0—\xa04000', '400\xa0\xa0400', '3900\xa0—\xa014000', '1100\xa0\xa01100', '2800\xa0—\xa024900', '900\xa0\xa0900', '1700\xa0\xa01700', -1, -1, '700\xa0\xa0700', '1500\xa0\xa01500', -1, -1, '5900\xa0\xa05900']"
CAPE_GOOSEBERRY_(Physalis_peruviana_L.)_22600.html,"[-1, -1, -1, -1, -1, -1, -1, -1, -1, -1, -1, -1, -1, -1, -1, -1, -1, -1, -1, -1, -1, -1, -1, -1, -1, -1, -1, -1, -1, -1, -1, -1, -1, -1, -1, -1, -1, -1, -1, -1, -1, -1, -1, -1, -1, -1, -1, -1, -1, -1, -1, -1, -1, -1, -1, -1, -1, -1, -1, -1, -1, -1, -1, -1, -1, -1, -1, -1, -1, -1, -1, -1, -1, -1, -1, -1, -1, -1, -1, -1, -1, -1, -1, -1, -1, -1, -1, -1, -1, -1, -1, -1, -1, -1, -1, -1, -1, -1, -1, -1, -1, -1, -1, -1, -1, -1, -1, -1, -1, -1, -1, -1, -1, -1, -1, -1, -1, -1, -1, -1, -1, -1, -1, -1, -1, -1, -1, -1, -1, -1, -1, -1, -1, -1, -1, -1]"
KABUSU_PEEL_OIL_(Citrus_aurantium_f._kabusu)_529.html,"[-1, -1, -1, -1, -1, -1, -1, -1, -1, -1, -1, -1, -1, -1, -1, -1, -1, -1, -1, -1, -1, -1, -1, -1, -1, -1, -1, -1, -1, -1, -1, -1, -1, -1, -1, -1, -1, -1, -1, -1, -1, -1, -1, -1, -1, -1, -1]"
DATE_(Phoenix_dactylifera_L.)_28000.html,"[-1, -1, -1, -1, -1, -1, -1, -1, -1, -1, -1, -1, -1, -1, -1, -1, -1, -1, -1, -1, -1, -1, -1, -1, -1, -1, -1, -1, -1, -1, -1, -1, -1, -1, -1, -1, -1, -1, -1, -1, -1, -1, -1, -1, -1, -1, -1, -1, -1, -1, -1, -1, -1, -1, -1, -1, -1, -1, -1, -1, -1, -1, -1, -1, -1, -1, -1, -1, -1, -1, -1, -1, -1, -1, -1, -1, -1, -1, -1, -1, -1, -1, -1, -1, -1, -1, -1, -1, -1, -1, -1, -1, -1, -1, -1, -1, -1, -1, -1, -1, -1, -1, -1, -1, -1, -1, -1, -1, '0\xa0—\xa020.4', '14.5\xa0—\xa041.4', '0\xa0—\xa060.2', '11.6\xa0—\xa050.8', -1, -1, -1, -1, -1, -1, -1, -1, -1, -1, -1, -1, -1, -1, -1, -1, -1, -1, -1, -1, -1, -1, -1, -1, -1, -1, -1, -1, -1, -1, -1, -1, -1, -1, -1, -1, -1, -1, -1, -1, -1, -1, -1]"
KAFFIR_LIME_PEEL_OIL_555.html,"['10000\xa0\xa010000', '600\xa0\xa0600', '15000\xa0—\xa016900', '12100\xa0\xa012100', '3400\xa0—\xa04500', '14700\xa0\xa014700', '21800\xa0\xa021800', '20000\xa0—\xa0125600', '14300\xa0—\xa027400', '211300\xa0\xa0211300', '171000\xa0\xa0312400', '3400\xa0\xa03400', '31300\xa0—\xa039400', '14600\xa0\xa014600', '138100\xa0\xa0164900', '2600\xa0—\xa04000', '2300\xa0—\xa05800', '71800\xa0\xa0117000', '7000\xa0\xa0137700', '7600\xa0\xa07600', '18800\xa0\xa018800', '1800\xa0\xa01800', '2100\xa0\xa02100', '6500\xa0\xa06500', '3900\xa0—\xa011700', '12900\xa0\xa012900', '3100\xa0\xa03100', '2800\xa0\xa02800', '3700\xa0\xa09800', '1400\xa0\xa01400', '5\xa0\xa05', '26300\xa0—\xa056200', '3000\xa0\xa03000', '8800\xa0\xa08800', '14100\xa0\xa014100', '600\xa0\xa0600', '36300\xa0\xa045900', '82800\xa0\xa0118500', '12200\xa0\xa012200', '72800\xa0\xa072800', '1900\xa0\xa01900', '5\xa0\xa0134100', '8600\xa0\xa08600', '29600\xa0\xa029600', '5900\xa0\xa05900', '600\xa0\xa0600', '30000\xa0\xa030000']"
KINOKUNI_MANDARIN_OIL_(Citrus_kinokuni)_522.html,"['20', '20', '<200', '1800\xa0—\xa03800', '13500\xa0—\xa019100', '700', '2700', '41590\xa0—\xa0174800', '2000\xa0—\xa08300', '706300\xa0—\xa0879550', -1, -1, -1, '10080\xa0—\xa021500', '13600\xa0—\xa015700', '4500\xa0—\xa08000', '2700\xa0—\xa02800', -1, '<200\xa0—\xa0700', -1, '3700\xa0—\xa025200', '<200', -1, '44\xa0—\xa0900', -1, '2300', -1, -1, '<0.2', '269', '6.5', '<200', '1700\xa0—\xa05958', '2200\xa0—\xa04600', '700\xa0—\xa0900', '1200', -1, -1, '700', -1, -1, '11', -1, '99\xa0—\xa0100.9', -1, '4.5', '1103\xa0—\xa05400', '1.5', '400\xa0—\xa0701', '6', '2100\xa0—\xa04247', '111', '56', '285', '4.5', '581', '4.8', -1, '211', -1, '<200', '173', '<0.2', -1, -1, -1, '6700', '<0.2', '<0.2', '13', '7.6', '712\xa0—\xa01800', -1, '<0.2', -1, -1, '3600']"
KINOKUNI_MANDARIN_JUICE_(Citrus_kinokuni)_532.html,"['0.055', '<0.000068', '0.012', '0.0037', '0.0012', '0.0025', '<0.000068', '0.00029', '<0.000068', '0.0006', '0.00013', '0.00011', '0.004', '0.015', '0.00014', '0.0022']"
"CUSTARD_APPLE,_ATEMOYA_(Annona_atemoya)_19700.html","[-1, -1, -1, -1, -1, -1, -1, -1, -1, -1, -1, -1, -1, -1, -1, -1, -1, -1, -1, -1, -1, -1, -1, -1, -1, -1, -1, -1, -1, -1, -1, -1, -1, -1, -1, -1, -1, -1, -1, -1, -1, -1, -1, -1, -1, -1, -1, -1, -1, -1, -1, -1, -1, -1, -1]"
BLACK_CURRANTS_-_BERRIES_710.html,"['0.08\xa0—\xa00.34', '0.037\xa0—\xa00.206', '<0.001\xa0—\xa00.08', '0.015\xa0—\xa00.1', '0.015\xa0—\xa00.111', '0.074\xa0—\xa00.5', '<0.001\xa0—\xa00.186', '0.01\xa0—\xa02.3', '<0.001\xa0—\xa00.797', '0.04\xa0—\xa00.3', -1, -1, '0\xa0—\xa00.012', '0.01\xa0—\xa00.09', '0.017\xa0—\xa00.6', '0.02\xa0—\xa00.098', '0.002\xa0—\xa00.05', -1, '0.005\xa0—\xa00.05', '0.03\xa0—\xa02.44', '0\xa0—\xa00.005', '0.066\xa0—\xa02.3', -1, '0.005', '0.013\xa0—\xa03.3', -1, -1, -1, '0.1', -1, -1, -1, -1, -1, -1, '0.04', '0.002\xa0—\xa00.1', '0\xa0—\xa00.04', -1, -1, '4', '0.8', '0.3\xa0—\xa00.5', '0.003\xa0—\xa00.8', -1, '0\xa0—\xa00.1', '0.02\xa0—\xa00.6', '0.6', '0.1\xa0—\xa01.3', '0.1', '0.1\xa0—\xa01.53', '0.002\xa0—\xa00.02', '0.01', '0.028\xa0—\xa00.067', '0.04', '0.016\xa0—\xa00.4', -1, '0.169\xa0—\xa00.749', '0\xa0—\xa00.008', '0.01\xa0—\xa00.508', -1, '0.002\xa0—\xa00.003', -1, -1, '0.003\xa0—\xa00.03', '0.002', '0.005\xa0—\xa00.2', '0\xa0—\xa00.1', '<0.001\xa0—\xa00.008', '0.007\xa0—\xa00.086', -1, '0.002\xa0—\xa00.003', -1, '0.002\xa0—\xa00.3', '0.014\xa0—\xa00.24', '0.01\xa0—\xa00.02', '0.01\xa0—\xa00.02', '<0.001\xa0—\xa00.002', '0.02\xa0—\xa08', '0.01', -1, -1, -1, '0.003\xa0—\xa00.004', '0.009\xa0—\xa00.207', '0.008', -1, -1, -1, '0.01', '0.01', -1, -1, -1, '0.007\xa0—\xa00.046', '0.01\xa0—\xa00.335', -1, '0.403\xa0—\xa05.977', '0\xa0—\xa00.786', '0\xa0—\xa00.083', '0.002\xa0—\xa00.008', '0\xa0—\xa00.002', '0\xa0—\xa00.002', '0.006\xa0—\xa00.04', '0.004', '0\xa0—\xa00.002', -1, '0\xa0—\xa00.007', '0.01', -1, -1, '0.2\xa0—\xa01.2', '0.02', -1, '0.004\xa0—\xa00.047', -1, '0.002', -1, -1, -1, -1, -1, -1, -1, -1, '2.3', '0.02', 'trace', '0.5', -1, -1, '0.004', -1, -1, -1, -1, -1, '0\xa0—\xa06', '<10\xa0—\xa052', '56\xa0—\xa0120', '14\xa0—\xa093', '7\xa0—\xa019', -1, '0.4\xa0—\xa00.5', '0.6\xa0—\xa01.8', '0.2', '0.05', '0\xa0—\xa00.021', '0.3', '0.03', '0\xa0—\xa00.004', '0.002\xa0—\xa00.007', '0.003\xa0—\xa00.01', '0.005\xa0—\xa00.4', '0\xa0—\xa00.005', -1, '0\xa0—\xa00.006', -1, '0\xa0—\xa00.009', '0.005\xa0—\xa00.047', '0.04', '0.445\xa0—\xa026.389', '0.03\xa0—\xa02.827', '0\xa0—\xa00.007', '0\xa0—\xa00.004', '0\xa0—\xa00.004', '0.02\xa0—\xa00.546', '0.1', '0.002\xa0—\xa00.059', '0.006\xa0—\xa00.023', '0.002\xa0—\xa00.008', -1, '0.004\xa0—\xa00.066', '0.005\xa0—\xa00.02', '0.002\xa0—\xa00.04', -1, '0.01', -1, -1, -1, '0.00016\xa0—\xa00.00537', '0.068\xa0—\xa00.357', -1, -1, -1, -1, -1, -1, -1, -1, -1, '0.003\xa0—\xa00.6', -1, -1]"
APPLE_FRESH_(Elstar)_27620.html,"[-1, '4.864', -1, '1.387', '0.0093', -1, -1, '0.085', '0.077', '0.0064', -1, '0.0088', '0.0011', -1, '0.00002', '0.0014', '1.232', '0.116', '4.639', '0.24', '5.595', '0.003', -1, -1, '0.0007', '0.0002', -1, '0.001', -1, -1, -1, -1, -1, '0.0004', -1]"
DWARF_QUINCE_(Chaenomeles_japonica)_23100.html,"[-1, -1, -1, -1, -1, -1, -1, -1, -1, -1, -1, -1, -1, -1, -1, -1, -1, -1, -1, -1]"
"AMBARELLA_FRUIT_(unripe,_Spondias_cytherea_S.)_33102.html","[-1, -1, -1, -1, -1, -1, -1, -1, -1, -1, -1, -1, -1, -1, -1, -1, -1, -1, -1, -1, -1, -1, -1, -1, -1, -1, -1, -1, -1, -1, -1, -1, -1, -1, -1, -1, -1, -1]"
POMELO_PINK_JUICE_(citr_grandis_Osbeck)_PO52_566.html,"['41.1', '86.49', '248.1', '348.71', '11.88', '24.57', '11.7', '4.54', '92.52', '8.42', '20.5', '155.06', '195.92', '50.09', '189.1', '162.51', '26.91', '58.2', '155.06', '144', '6.08', '5.55', '76.61']"
BITTER_ORANGE_PEEL_OIL_(Kabusu)_535.html,"['10900', '738200', '8600', '8600', '2300', '1800', '2900', '6400', '2500', '3200', '13600', '2600', '3900', '3200', '5700', '6100', '9900', '57000']"
CALIFORNIA_PEPPER_(Schinus_molle_L.)_17000.html,"[-1, -1, -1, -1, -1, -1, -1, -1, -1, -1, -1, -1, -1, -1, -1, -1, -1, -1, -1, -1, -1, -1, -1, -1, -1, -1, -1, -1, -1, -1, -1, -1, -1, -1, -1, -1, -1, -1, -1, -1, -1]"
BABACO_FRUIT_(Carica_pentagona_Heilborn)_17700.html,"[-1, -1, -1, -1, -1, -1, -1, -1, -1, -1, -1, -1, -1, -1, -1, -1, -1, -1, -1, -1, -1, -1, -1, -1, -1, -1, -1, -1, -1, -1, -1, -1, -1, -1, -1, -1, -1, -1, -1, -1, -1, -1, -1, -1, -1, -1, -1, -1, -1, -1, -1, -1, -1, -1, -1, -1, -1, -1, -1, -1, -1, -1, -1, -1, -1, -1, -1, -1, -1, -1, -1, -1, -1, -1, -1, -1, -1, -1, -1, -1, -1, -1, -1, -1, -1, -1, -1, -1, -1, -1, -1, -1, -1, -1, -1, -1, -1, -1, -1, -1, -1, -1, -1, -1, -1, -1, -1, -1, -1, -1, -1, -1, -1, -1, -1, -1, -1, -1, -1, -1, -1, -1, -1, -1, -1, -1, -1, -1, -1, -1, -1, -1, -1, -1]"
BUDDHA_HAND_JUICE_558.html,"['trace', '10', '10', '70', '10', '30', '100', '830', '50', '1320', '10', '10', '170', 'trace', '50', 'trace', '110', 'trace', '60', '10', '160', '60', 'trace', 'trace', 'trace', '10']"
BAIA_ORANGE_PEEL_(C._sinensis_L._Osbeck_var._Baia)_579.html,"['23700\xa0\xa042200', '1000\xa0\xa02100', -1, '700\xa0\xa0700', '2000\xa0\xa03200', '752400\xa0\xa0911300', '0\xa0\xa0800', '2400\xa0\xa02500', '2500\xa0\xa03600', -1, -1, -1, '12800\xa0\xa032800', '2400\xa0\xa010700', -1, -1, '0\xa0\xa05500', '18600\xa0\xa028800', -1, -1, -1, '9700\xa0\xa064600', -1, -1, '800\xa0\xa06600', '0\xa0\xa03500', '0\xa0\xa03000', -1, -1, '0\xa0\xa02400', '60\xa0\xa04700', -1]"
TANGERINE_MANDARIN_PEEL_OIL_512.html,"[-1, '13700\xa0\xa013700', '< 1000\xa0—\xa0< 2000', '15000\xa0—\xa045700', '11600\xa0\xa011600', '300 \xa0—\xa0600', '2000\xa0—\xa07000', '800 \xa0—\xa01000', '17400 \xa0—\xa052000', '2000\xa0\xa02000', '871000\xa0—\xa0936000', '500600\xa0\xa0500600', '5100\xa0\xa05100', -1, '0\xa0—\xa01000', '18200\xa0\xa018200', '1500 \xa0\xa01500', '1000 \xa0\xa07900', '0\xa0—\xa01000', '6900\xa0\xa06900', -1, -1, '5000\xa0—\xa036900', '78100\xa0\xa078100', '1700 \xa0—\xa04000', '140 \xa0—\xa0200', '1000\xa0—\xa02000', '1000\xa0—\xa02000', '40 \xa0\xa040', -1, -1, -1, '1000\xa0—\xa08200', '5\xa0\xa05', -1, -1, -1, '0\xa0—\xa019800', '7500\xa0\xa07500', '11900\xa0\xa011900', '4000\xa0—\xa084700', '600 \xa0—\xa04050', '15100\xa0\xa015100', -1, -1, -1, '7000\xa0\xa07000', -1, '5000\xa0\xa05000', -1, 'trace\xa0\xa00', 'trace\xa0\xa00', '1000\xa0—\xa05000', '600 \xa0—\xa010000', '1600 \xa0—\xa018800', '500 \xa0\xa0500', '430 \xa0—\xa01350', '500 \xa0\xa0500', '0\xa0—\xa021800', '14000\xa0\xa014000', '150 \xa0—\xa0700', '100 \xa0—\xa0600', '0\xa0—\xa02600', '12100\xa0\xa012100', '500 \xa0—\xa01000', '0\xa0—\xa01000', '0\xa0—\xa01000', '0\xa0—\xa01000', '720 \xa0\xa0720', '220 \xa0—\xa0400', -1, '900 \xa0\xa0900', '0\xa0—\xa01000']"
ARCTIC_BRAMBLE_(Rubus_arcticus_L.)_8500.html,"['<0.05', '1.7\xa0—\xa03.2', '<0.05', '0.15\xa0—\xa00.2', '0.75\xa0—\xa00.95', '0.02\xa0—\xa02.9', '3', '0.4\xa0—\xa00.65', '0.04\xa0—\xa01.25', '0.1', '0.65\xa0—\xa08.2', '<0.05\xa0—\xa00.3', '<0.05', '0.03\xa0—\xa03', -1, -1, '0.7\xa0—\xa02.85', '0.1\xa0—\xa01.4', '0.05\xa0—\xa00.2', -1, '9', -1, -1, -1, -1, -1, -1, '0.15', '0.2', '0.1', -1, -1, -1, '<0.05', '0.01\xa0—\xa00.05', '0.1', -1, '3.1\xa0—\xa09.7', '0.3\xa0—\xa00.6', '0.05', '0.15\xa0—\xa00.3', '0.1', -1, '0.05', '0.15\xa0—\xa05.1', '0.15', '0.3', '0.1\xa0—\xa00.15', '0.03\xa0—\xa01.5', '0.15\xa0—\xa00.55', '0.1', '0.1\xa0—\xa00.3', -1, -1, -1, '0.4\xa0—\xa03.3', '0.4', '0.02\xa0—\xa00.65', '0.25', '<0.05', '0.05\xa0—\xa00.1', '0.05', '0.35', '0.05', '0.05', '<0.05', '<0.05', '0.2', '<0.05', '<0.05', '<0.05', '<0.05', '0.01\xa0—\xa00.05', '<0.05', '0.3', '0.25', -1, '<0.05\xa0—\xa014', '2.8\xa0—\xa020', '0.05']"
CALAMANSI_PHILIPPINE_FRUIT_(citrus_x_microcarpa)_560.html,"['0.055', '0.14', '0.112', '0.644', '0.056', '59.382', '0.404', '2.576', '0.344', '0.132', '0.131', '0.194', '0.148', '1.143', '0.161', '0.085', '0.28', '3.607', '0.394', '0.181', '0.551', '0.106', '0.569', '0.064', '0.161', '0.138', '0.366', '0.335', '0.139', '0.353', '0.245', '0.062', '0.138', '0.212', '0.121', '0.093', '0.052', '0.099', '0.245', '0.106', '0.146', '23.282']"
GABIROBA_(Campomanesia_xanthocarpa)_29200.html,"[-1, -1, -1, -1, -1, -1, -1, -1, -1, -1, -1, -1, -1, -1, -1, -1, -1, -1, -1, -1, -1, -1, -1, -1, -1, -1, -1, -1, -1, -1, -1, -1, -1, -1, -1, -1, -1, -1, -1, -1, -1, -1, -1, -1, -1, -1, -1, -1, -1, -1, -1, -1, -1, -1, -1, -1, -1, -1, -1, -1, -1, -1, -1, -1, -1, -1, -1, -1, -1, -1, -1, -1]"
ITALIAN_TANGERINE_PEEL_(C._deliciosa_Ten.)_583.html,"['27500\xa0\xa030800', '5700\xa0\xa07800', -1, -1, '180800\xa0\xa0224100', '13300\xa0\xa053600', '580900\xa0\xa0681400', -1, '0\xa0\xa03800', '10100\xa0\xa047400', -1, '1300\xa0\xa01600', -1, -1, '700\xa0\xa01500', '0\xa0\xa02300', -1, -1, -1, '0\xa0\xa01500', '2800\xa0\xa04200', '7600\xa0\xa014400', -1, -1, -1, -1, '700\xa0\xa03300', '0\xa0\xa0700', '1300\xa0\xa013700', -1, -1, '0\xa0\xa01100', -1]"
LIMA_ORANGE_PEEL_(C._sinensis_L._Osbeck_var._Lima)_580.html,"['25300\xa0\xa088700', -1, '500\xa0\xa02600', '800\xa0\xa02500', '793300\xa0\xa0915900', '3500\xa0\xa04900', '2300\xa0\xa02400', -1, -1, '1400\xa0\xa012400', -1, -1, -1, -1, '0\xa0\xa03100', '13300\xa0\xa056300', -1, -1, '12400\xa0\xa018600', '700\xa0\xa04300', '0\xa0\xa02300', '0\xa0\xa01200', -1, -1, '0\xa0\xa0700', -1]"
MEYER_LEMON_PEEL_OIL_(citrus_meyerii_Y.)_563.html,"['400', '800', '20900', -1, -1, '5300', '86500', '8400', '797000', -1, '100', '<100', '1700', '2400', '100', '13300', '10400', '100', '4200', '1800', '<100', '1300', -1, '200', '1800', '800', -1, -1, -1, '<100', -1, '<100', '300', '3600', -1, '2000', '300', '4800', -1, -1, '100', '<100', '<100', '300', '500', '500', '100', '<100', '100', '<100', '<100', '3600', -1, '500', -1, '<100', '800', '1100', '<100', '<100', '<100', '100', '2200', '300', -1, '300', -1, -1, '<100']"
APPLE_FRESH_(McIntosh)_27617.html,"[-1, -1, -1, -1, -1, -1, -1, -1, -1, -1, -1, -1, -1, -1, -1, -1, -1, -1, -1, -1, -1, -1, -1, -1, -1, -1, -1, -1, -1, -1, -1, -1, -1, -1, -1, -1, -1, -1, -1, -1]"
SATSUMA_MANDARIN_JUICE_(Citrus_unshiu)_513.html,"['trace', '0.0004', '0.013', '0.001', '0.01', -1, '0.002', '0.03\xa0—\xa00.2', -1, '0.002', '0.52\xa0—\xa040', 'trace', -1, 'trace', '0.001', '0.0004', '0.01', '0.003', '0.002\xa0—\xa00.031', -1, '0.001', 'trace', '0.001', '0.96', '0.001', 'trace', -1, '0.002', '2.7', '0.008\xa0—\xa01', '<0.1', -1, 'trace', -1, '0.1', -1, '0.021', -1, '0.01', 'trace\xa0—\xa00.02', 'trace', '0.01', '0.0069', '<0.0005\xa0—\xa00.01', '0.005', '0.02\xa0—\xa00.051', -1, -1, -1, 'trace', -1, -1, '0.01\xa0—\xa00.14', -1, '0.002', '0.001', 'trace', '<0.0005\xa0—\xa00.01', -1, -1, '0.003\xa0—\xa00.1', -1, 'trace', 'trace', 'trace', 'trace', -1, -1, -1, -1, -1, -1, '0.01', '<0.0005\xa0—\xa00.05', '0.09', 'trace', 'trace\xa0—\xa00.0005', 'trace\xa0—\xa00.0063', '0.004', 'trace\xa0—\xa00.021', '0.001', 'trace\xa0—\xa00.081', 'trace', 'trace', -1, '<0.0005', '0.01', '0.029', -1, -1, '<0.0003', 'trace', 'trace', -1, '0.001', '0.001', '0.065', -1, '0.001', '0.002', -1, 'trace', '0.37', -1, 'trace', 'trace', 'trace', 'trace', '0.001', 'trace\xa0—\xa00.012']"
AUSTRALIAN_FINGER_LIME_PEEL_(cv._Durham’s_Emerald)_592.html,"['2300\xa0\xa02300', '7300\xa0\xa07300', '1900\xa0\xa01900', '< 100\xa0\xa0< 100', '15400\xa0\xa015400', '< 100\xa0\xa0< 100', '< 100\xa0\xa0< 100', '20000\xa0\xa020000', '47400\xa0\xa047400', '< 100\xa0\xa0< 100', '100\xa0\xa0100', '1000\xa0\xa01000', '662700\xa0\xa0662700', '< 100\xa0\xa0< 100', '< 100\xa0\xa0< 100', '< 100\xa0\xa0< 100', '1600\xa0\xa01600', '7400\xa0\xa07400', '< 100\xa0\xa0< 100', '1200\xa0\xa01200', '9000\xa0\xa09000', '< 100\xa0\xa0< 100', '9800\xa0\xa09800', '300\xa0\xa0300', '< 100\xa0\xa0< 100', '< 100\xa0\xa0< 100', '100\xa0\xa0100', '5800\xa0\xa05800', '3600\xa0\xa03600', '< 100\xa0\xa0< 100', '18000\xa0\xa018000', '< 100\xa0\xa0< 100', '< 100\xa0\xa0< 100', '3200\xa0\xa03200', '< 100\xa0\xa0< 100', '< 100\xa0\xa0< 100', '< 100\xa0\xa0< 100', '< 100\xa0\xa0< 100', '< 100\xa0\xa0< 100', '< 100\xa0\xa0< 100', '< 100\xa0\xa0< 100', '< 100\xa0\xa0< 100', '51800\xa0\xa051800', '2100\xa0\xa02100', '< 100\xa0\xa0< 100', '< 100\xa0\xa0< 100', '< 100\xa0\xa0< 100', '300\xa0\xa0300', '< 100\xa0\xa0< 100', '< 100\xa0\xa0< 100', '< 100\xa0\xa0< 100', '< 100\xa0\xa0< 100', '< 100\xa0\xa0< 100', '< 100\xa0\xa0< 100', '< 100\xa0\xa0< 100', '< 100\xa0\xa0< 100', '< 100\xa0\xa0< 100', '2000\xa0\xa02000', '4000\xa0\xa04000', '< 100\xa0\xa0< 100', '< 100\xa0\xa0< 100', '< 100\xa0\xa0< 100', '< 100\xa0\xa0< 100', '< 100\xa0\xa0< 100', '< 100\xa0\xa0< 100', '< 100\xa0\xa0< 100', '< 100\xa0\xa0< 100', '< 100\xa0\xa0< 100', '< 100\xa0\xa0< 100', '< 100\xa0\xa0< 100', '< 100\xa0\xa0< 100', '< 100\xa0\xa0< 100', '< 100\xa0\xa0< 100', '< 100\xa0\xa0< 100', '< 100\xa0\xa0< 100', '92600\xa0\xa092600', '< 100\xa0\xa0< 100', '< 100\xa0\xa0< 100', '< 100\xa0\xa0< 100', '< 100\xa0\xa0< 100', '< 100\xa0\xa0< 100', '< 100\xa0\xa0< 100', '< 100\xa0\xa0< 100', '< 100\xa0\xa0< 100', '< 100\xa0\xa0< 100', '< 100\xa0\xa0< 100', '< 100\xa0\xa0< 100', '< 100\xa0\xa0< 100', '< 100\xa0\xa0< 100', '< 100\xa0\xa0< 100', '300\xa0\xa0300', '< 100\xa0\xa0< 100', '< 100\xa0\xa0< 100', '< 100\xa0\xa0< 100', '< 100\xa0\xa0< 100', '< 100\xa0\xa0< 100', '< 100\xa0\xa0< 100', '< 100\xa0\xa0< 100', '< 100\xa0\xa0< 100', '400\xa0\xa0400', '< 100\xa0\xa0< 100', '< 100\xa0\xa0< 100', '< 100\xa0\xa0< 100', '< 100\xa0\xa0< 100', '< 100\xa0\xa0< 100', '< 100\xa0\xa0< 100', '< 100\xa0\xa0< 100', '< 100\xa0\xa0< 100', '< 100\xa0\xa0< 100', '< 100\xa0\xa0< 100', '< 100\xa0\xa0< 100', '< 100\xa0\xa0< 100', '< 100\xa0\xa0< 100', '< 100\xa0\xa0< 100', '< 100\xa0\xa0< 100', '< 100\xa0\xa0< 100', '< 100\xa0\xa0< 100', '< 100\xa0\xa0< 100', '< 100\xa0\xa0< 100', '< 100\xa0\xa0< 100', '< 100\xa0\xa0< 100', '< 100\xa0\xa0< 100', '< 100\xa0\xa0< 100', '< 100\xa0\xa0< 100', '< 100\xa0\xa0< 100', '< 100\xa0\xa0< 100', '< 100\xa0\xa0< 100', '< 100\xa0\xa0< 100', '< 100\xa0\xa0< 100', '400\xa0\xa0400', '< 100\xa0\xa0< 100', '< 100\xa0\xa0< 100', '< 100\xa0\xa0< 100']"
VALENCIA_ORANGE_PEEL_(C._sinensis_L._Osbeck_var.V)_581.html,"['22800\xa0\xa052600', '700\xa0\xa01600', -1, '50\xa0\xa01600', '700\xa0\xa04400', '701200\xa0\xa0885400', -1, -1, '2600\xa0\xa03000', '2600\xa0\xa02900', -1, '0\xa0\xa01700', -1, '2500\xa0\xa02600', '0\xa0\xa01200', -1, -1, -1, -1, '0\xa0\xa06000', '44500\xa0\xa098500', -1, -1, -1, '13600\xa0\xa024000', -1, '800\xa0\xa08800', '700\xa0\xa035800', '0\xa0\xa014900', -1, -1, '1200\xa0\xa01300', -1]"
MANDARIN_OIL_(Citrus_reticulata)_510.html,"[-1, -1, -1, -1, -1, -1, -1, -1, -1, -1, -1, -1, -1, -1, -1, -1, -1, -1, -1, -1, -1, -1, '10\xa0—\xa0200', '0\xa0—\xa05000', '300\xa0—\xa020110', '200\xa0—\xa01700', '200', '0\xa0—\xa0190', '0\xa0—\xa09000', '<100\xa0—\xa02000', '260\xa0—\xa05900', '200\xa0—\xa0300', '200\xa0—\xa0300', 'trace\xa0—\xa07000', '0\xa0—\xa06000', '0\xa0—\xa0367000', '0\xa0—\xa059600', '522000\xa0—\xa0962000', '701665\xa0—\xa07064970.', '5590\xa0—\xa013229', '<100', '0\xa0—\xa02000', -1, '100\xa0—\xa0200', 'trace\xa0—\xa0500', '100', '0\xa0—\xa04000', 'trace\xa0—\xa01000', -1, '1000\xa0—\xa035200', '7380\xa0—\xa010300', '9020\xa0—\xa012600', '0\xa0—\xa023000', '92\xa0—\xa013680', '46\xa0—\xa0420', 'trace\xa0—\xa03660', '54', '46', 'trace\xa0—\xa09390', '51\xa0—\xa076', '5050\xa0—\xa07525', '1000\xa0—\xa040000', '340\xa0—\xa01520', '10\xa0—\xa0380', '0\xa0—\xa016000', '0\xa0—\xa01000', '400', '0\xa0—\xa01000', '0\xa0—\xa042', '<100', 'trace\xa0—\xa0430', '80', '0\xa0—\xa0400', '<100', '80\xa0—\xa01060', '0\xa0—\xa0200', '75\xa0—\xa0400', 'trace\xa0—\xa01000', '100', '80', -1, '200', '120\xa0—\xa01500', '900', '0\xa0—\xa081560', 'trace\xa0—\xa0100', 'trace\xa0—\xa0160', 'trace\xa0—\xa0890', -1, 'trace\xa0—\xa01000', '200\xa0—\xa01000', '0\xa0—\xa01900', '<100', 'trace\xa0—\xa01300', 'trace\xa0—\xa01000', '0\xa0—\xa025000', '90\xa0—\xa0357', '510\xa0—\xa070436', '0\xa0—\xa0110', '<100', '90', -1, 'trace\xa0—\xa0310', '0\xa0—\xa011110', '0\xa0—\xa01300', '0\xa0—\xa0665', -1, '100\xa0—\xa03500', '88\xa0—\xa025550', '12\xa0—\xa09450', '100\xa0—\xa0300', 'trace\xa0—\xa0100', 'trace\xa0—\xa0100', '200', 'trace\xa0—\xa0100', -1, -1, -1, -1, '100', 'trace\xa0—\xa0720', 'trace\xa0—\xa0470', 'trace\xa0—\xa0100', 'trace\xa0—\xa0300', 'trace\xa0—\xa0100', '100\xa0—\xa0200', '<100', '100', -1, '100', -1, -1, '1660', '60\xa0—\xa0700', 'trace\xa0—\xa02000', '600', -1, 'trace\xa0—\xa0100', -1, -1, -1, '0\xa0—\xa010500', 'trace\xa0—\xa03000', 'trace\xa0—\xa0100', '0\xa0—\xa06000', 'trace\xa0—\xa0100', 'trace\xa0—\xa0100', 'trace\xa0—\xa0300', 'trace\xa0—\xa01000', 'trace\xa0—\xa0100', 'trace\xa0—\xa01000', '100\xa0—\xa0210', 'trace\xa0—\xa0200', 'trace\xa0—\xa0100', 'trace\xa0—\xa0100', 'trace\xa0—\xa0100', 'trace\xa0—\xa0100', 'trace\xa0—\xa0100', 'trace\xa0—\xa0100', 'trace\xa0—\xa0100', 'trace\xa0—\xa0100', 'trace\xa0—\xa02000', '0\xa0—\xa0280', '0\xa0—\xa020', 'trace\xa0—\xa01000', 'trace\xa0—\xa01800', '0\xa0—\xa07000', '0\xa0—\xa03160', 'trace\xa0—\xa0100', -1, 'trace\xa0—\xa03600', 'trace\xa0—\xa0100', -1, 'trace\xa0—\xa0100', '100', -1, -1, '100\xa0—\xa01000', '<100\xa0—\xa0400', '100\xa0—\xa0200', -1, '1600', '100', 'trace\xa0—\xa0100', '40', 'trace\xa0—\xa0440', '130', '290', '30', '60', '60', -1, '0\xa0—\xa03000', '<10\xa0—\xa040', '20\xa0—\xa0100', 'trace\xa0—\xa0500', 'trace\xa0—\xa02000', 'trace\xa0—\xa01000', '40\xa0—\xa04900', '0\xa0—\xa02000', '<100', 'trace\xa0—\xa0100', '1900', '700', -1, 'trace\xa0—\xa0100', '0\xa0—\xa011000', '800\xa0—\xa01100', 'trace\xa0—\xa0100', -1, '0\xa0—\xa05000', 'trace\xa0—\xa0100', '410', -1, -1, '100\xa0—\xa0200', '100\xa0—\xa0200', 'trace\xa0—\xa0100', 'trace\xa0—\xa0100', '<100', '<100', 'trace\xa0—\xa03000', 'trace\xa0—\xa02000', -1, '<100', '200', '1400\xa0—\xa01800', '1200\xa0—\xa01400', '1300\xa0—\xa01500', '900\xa0—\xa01100', '3600\xa0—\xa04000', -1, '100\xa0—\xa0200']"
DANCY_MANDARIN_JUICE_542.html,"['11\xa0—\xa035', '63\xa0—\xa0185', '1.8\xa0—\xa013', '0\xa0—\xa00.07']"
ORANGE_JUICE_(Citrus_sinensis_L._Osbeck)_501.html,"[-1, -1, -1, -1, -1, -1, -1, -1, -1, -1, -1, -1, -1, -1, -1, -1, -1, -1, -1, -1, -1, -1, -1, -1, -1, -1, -1, -1, -1, -1, -1, -1, -1, -1, -1, -1, -1, -1, -1, -1, -1, -1, -1, '0.017\xa0—\xa00.28', '0.07\xa0—\xa00.083', '0.03', '0.024\xa0—\xa013', '<0.01', '0\xa0—\xa04.88', '1.2', '0.001\xa0—\xa021.23', '0\xa0—\xa08.51', '<0.01\xa0—\xa00.16', '0.4\xa0—\xa0772.36', '26.452\xa0—\xa0374', '0.017\xa0—\xa00.036', '0.014\xa0—\xa00.05', '0.004\xa0—\xa00.05', -1, 'trace\xa0—\xa06.61', '0.133\xa0—\xa01.9', '0\xa0—\xa01.01', '0\xa0—\xa00.002', '0.008\xa0—\xa00.01', '0\xa0—\xa05.63', 'trace\xa0—\xa00.65', -1, '<0.01', -1, '3', -1, -1, '0.01', -1, '0\xa0—\xa015.3', '0.002\xa0—\xa00.009', '0.1', '0.01\xa0—\xa00.53', '0.018\xa0—\xa00.055', '0\xa0—\xa00.1', '0.026\xa0—\xa00.114', -1, -1, -1, '0.01\xa0—\xa03.1', -1, -1, '0\xa0—\xa0213', '0\xa0—\xa06700', -1, '0.05\xa0—\xa01.5', 'trace\xa0—\xa00.4', -1, -1, '0\xa0—\xa01.5', '0.02', 'trace\xa0—\xa00.4', '0.0004\xa0—\xa01.1', 'trace\xa0—\xa00.3', '0.047\xa0—\xa00.4', 'trace\xa0—\xa00.093', '<0.01\xa0—\xa00.46', -1, -1, '0.006\xa0—\xa00.1', '0\xa0—\xa00.15', '0.027\xa0—\xa00.045', 'trace\xa0—\xa02.54', -1, -1, '0\xa0—\xa00.65', '<0.05', '0.1', '0\xa0—\xa02.14', -1, '0.01\xa0—\xa02.31', '<0.05', '0\xa0—\xa07.84', -1, -1, '0.02\xa0—\xa00.1', -1, '0.044\xa0—\xa00.3', -1, '0.02\xa0—\xa00.06', '0.1', '0.015\xa0—\xa00.512', '0.009\xa0—\xa00.226', '0.009\xa0—\xa00.1', '0\xa0—\xa011', '0.073\xa0—\xa01.87', '0\xa0—\xa00.002', '<0.01\xa0—\xa00.02', '0.11', '0.01', -1, -1, -1, -1, 'trace\xa0—\xa06.05', -1, 'trace\xa0—\xa02.82', -1, -1, -1, -1, '0.01', '0.015\xa0—\xa00.02', -1, '0.03\xa0—\xa00.044', '0.01\xa0—\xa00.57', '0.037\xa0—\xa00.108', '0.02\xa0—\xa00.05', -1, '0.08', -1, -1, -1, -1, -1, -1, -1, '0.15', '0\xa0—\xa0130', -1, '0.04\xa0—\xa00.39', -1, -1, -1, -1, -1, -1, '<0.01', 'trace\xa0—\xa00.58', -1, 'trace\xa0—\xa01.065', '0.0074\xa0—\xa00.463', -1, 'trace\xa0—\xa00.01', '0\xa0—\xa00.004', -1, -1, 'trace\xa0—\xa03.64', -1, -1, -1, 'trace\xa0—\xa00.63', -1, '0.0006\xa0—\xa00.0015', -1, -1, -1, '0\xa0—\xa02.45', -1, '0.0013\xa0—\xa00.0028', -1, '0.0012\xa0—\xa00.07', '0.01\xa0—\xa00.09', -1, '0.048\xa0—\xa00.48', '0.22\xa0—\xa00.3', -1, -1, -1, -1, '0.01\xa0—\xa00.15', 'trace\xa0—\xa00.9', '0.02\xa0—\xa01.7', '0.01\xa0—\xa01.7', '0\xa0—\xa00.05', -1, '0\xa0—\xa00.05', 'trace\xa0—\xa00.212', '0.1\xa0—\xa00.25', '0\xa0—\xa00.007', -1, -1, '0\xa0—\xa00.15', -1, 'trace\xa0—\xa0209.19', -1, '0\xa0—\xa00.75', '<0.01\xa0—\xa00.35', -1, -1, 'trace\xa0—\xa00.71', -1, -1, -1, '0.01', -1, -1, -1, '0.0041\xa0—\xa00.0057', -1, -1, -1, -1, -1, -1, -1, -1, -1, -1, '0.00012\xa0—\xa00.00047', -1, '0.01', -1, '0.06', -1, '0\xa0—\xa00.03', 'trace\xa0—\xa00.37', -1, -1, -1, '<0.05', -1, '0.007\xa0—\xa00.7', -1, -1, -1, -1, -1, -1, -1, -1, -1, -1, '0.4\xa0—\xa08.06', -1, -1, '0.035\xa0—\xa00.074', -1, -1, -1, -1, '0.013\xa0—\xa00.1', -1, -1, '0.2', '0.1', '0.3', -1, -1, -1, -1, -1, -1, -1, '5530\xa0—\xa05959', '12478\xa0—\xa012570', '0.7\xa0—\xa00.8', 'trace', -1, '0.021\xa0—\xa00.037', -1, -1, '0.1\xa0—\xa00.3', '0.23\xa0—\xa00.54', '0.36\xa0—\xa01.11', '0.13\xa0—\xa02.04', -1, -1, -1, -1, '0\xa0—\xa05.1', '<0.05', '0.02\xa0—\xa00.1', -1, -1, -1, '0.01\xa0—\xa00.1', '<0.01\xa0—\xa00.12', '0.009\xa0—\xa00.19', '<0.01\xa0—\xa00.1', -1, -1, -1, -1, '<0.01', '<0.05', -1, '0.08', -1, '0\xa0—\xa00.011', -1, -1, -1, '0.003\xa0—\xa00.028', '0.0013\xa0—\xa00.0088', '0.03', 'trace\xa0—\xa00.2', 'trace\xa0—\xa04.9', -1, '0.2', '<0.01\xa0—\xa00.1', -1, -1, '0.1', -1, -1, -1, -1, -1, '<0.01\xa0—\xa00.1', '0.0015\xa0—\xa00.048', '0.01', '0.01\xa0—\xa00.11', -1, '0\xa0—\xa00.6', -1, -1, -1, -1, '0.06', '0.03\xa0—\xa00.034', 'trace\xa0—\xa07.5', '0.361\xa0—\xa01.136', -1, -1, -1, -1, '0.006\xa0—\xa00.5', '<0.01', '0.02', -1, -1, '0.1', -1, -1, -1, -1, -1, -1, -1, '0.16\xa0—\xa00.2', -1, -1, -1, '0.02', -1, -1, -1, '0.0008\xa0—\xa00.0021', -1, -1, '<0.1\xa0—\xa01.09', '1.13\xa0—\xa031.11', '<0.1\xa0—\xa00.7', '49.7\xa0—\xa0138.88', '<0.1\xa0—\xa00.41', '<0.1\xa0—\xa00.49', -1, '<0.1\xa0—\xa01.29', -1, -1, '0.000002\xa0—\xa00.00027', 'trace\xa0—\xa00.035', -1, -1, '0.001\xa0—\xa00.008', '0.003', -1, -1, -1, -1, -1, -1, '0.0003\xa0—\xa00.01155', -1, -1, -1, -1, -1, '0.14', -1, -1, -1, -1, -1, -1, -1, '0\xa0—\xa00.016', -1, -1, '0.0084\xa0—\xa00.022', '0.005\xa0—\xa00.03', -1, -1, 'trace', -1, '0.0013\xa0—\xa00.0028', '0.0043\xa0—\xa00.0058', -1, -1, -1, -1, -1, -1, -1, -1, -1, 'trace\xa0—\xa00.14', '0.01\xa0—\xa00.3', 'trace', -1, -1]"
APPLE_FRESH_(Fuji)_27619.html,"[-1, 'trace', '1', -1, -1, '0.015', -1, '0.007', '0\xa0—\xa00.1', '0.006\xa0—\xa00.3', -1, '0.054\xa0—\xa00.85', '0.31', '0.002\xa0—\xa00.01', '0.032\xa0—\xa08.99', '0.02\xa0—\xa00.4', '1.56\xa0—\xa03.22', '<0.01', '0.029\xa0—\xa00.04', -1, '0.11\xa0—\xa00.78', '0.03', -1, -1, -1, '0.03\xa0—\xa00.52', -1, '0.18\xa0—\xa01.34', -1, '0.01', -1, '<0.005', -1, '<0.005\xa0—\xa00.01', -1, '0.01', -1, -1, -1, -1, '<0.005\xa0—\xa00.06', -1, -1, -1, '0.12', '<0.001', '<0.001\xa0—\xa00.006', '0.01\xa0—\xa00.014', 'trace\xa0—\xa00.08', '0.02\xa0—\xa05.13', '<0.001\xa0—\xa00.24', '0.1\xa0—\xa016.52', '<0.001\xa0—\xa00.11', -1, '0.02\xa0—\xa01.41', '<0.005', -1, '0.002', -1, -1, -1, '0\xa0—\xa00.23', -1, '0.003', 'trace\xa0—\xa00.014', '0.004', '0.01', 'trace\xa0—\xa00.003', -1, -1, -1, '<0.001\xa0—\xa00.13', 'trace\xa0—\xa00.51', '0.005', 'trace\xa0—\xa02.97', -1, 'trace\xa0—\xa00.32', -1, -1, '<0.001\xa0—\xa00.2', '0.013', 'trace\xa0—\xa00.005', -1, '<0.005\xa0—\xa00.098', -1, -1, -1, -1, -1, -1, -1, -1, 'trace', '0.01\xa0—\xa00.13', 'trace\xa0—\xa00.004', 'trace', 'trace\xa0—\xa00.03', 'trace\xa0—\xa00.026', -1, -1, -1, '0.004', -1, 'trace', -1, -1, 'trace']"
APPLE_FRESH_(Ruixue)_27625.html,"[-1, -1, -1, -1, -1, -1, -1, -1, -1, -1, -1, -1, -1, -1, -1, -1, -1, -1, -1, -1, -1, -1, -1, -1, -1, -1, -1, -1, -1, -1, -1, -1, -1, -1, -1, -1, -1, -1, -1, -1, -1, -1, -1, -1, -1, -1, -1, -1, -1, -1, -1, -1, -1]"
ORLANDO_TANGELO_(dancy_mand_duncan+grapefr_hybrid)_543.html,"['12\xa0—\xa019', '120\xa0—\xa0296', '1.9\xa0—\xa06.9', '0\xa0—\xa00.01', '0.05\xa0—\xa00.18', '0.01\xa0—\xa00.13']"
APPLE_FRESH_UNRIPE_(Ruixue)_27626.html,"[-1, -1, -1, -1, -1, -1, -1, -1, -1, -1, -1, -1, -1, -1, -1, -1, -1, -1, -1, -1, -1, -1, -1, -1, -1, -1, -1, -1, -1, -1, -1]"
VITIS_LABRUSCA_L._920.html,"[-1, -1, -1, -1, -1, -1, -1, -1, -1, -1, -1, -1, -1, -1, -1, -1, '0.07', -1, -1, -1, '0.05', '0.01', '0.49', -1, '0.02', -1, -1, -1, -1, -1, -1, -1, -1, '0.02', '0.01', '0.22\xa0—\xa00.69', -1, -1, '0.22', -1, '0.93', -1, -1, -1, -1, -1, -1, '0.02', -1, -1, -1, -1, -1, -1, -1, -1, -1, -1, '0.01', -1, '0.01', -1, '0.0002\xa0—\xa00.006', -1, -1, -1, '0.03', -1, -1, '0.02', '0.04', '0.04', -1, '0.27', -1, '0.26', '0.04', '0.92', '0.36', '0.02', '0.9', '0.5', '2.1', '2.9', '0.06', '0.02', '0.04', -1, '0.02', -1, -1, -1, '0.01', -1, -1, '0.01', -1, -1, -1, '0.062\xa0—\xa00.1', -1, '0.01', -1, -1, '0.33', -1, -1, '0.0026\xa0—\xa00.02', '0.03', '0.43', '1', -1, -1, -1, -1, '0.017\xa0—\xa00.1', -1, -1, -1, -1, -1, '0.01', '0.01', -1, -1, '0.02', -1, '0.01', -1, -1, -1, -1, '0.01', '0.02', '0.1', '0.08', -1, -1, -1, -1, -1, -1, -1, -1, -1, -1, -1, -1, -1, -1, -1, -1, -1, -1, -1, '0.01', '0.02', -1, -1, '0.3\xa0—\xa04.1', '0.03', -1, -1, -1, -1, -1, -1, -1, -1, -1, -1, -1, -1, -1, -1, -1, -1, -1, -1, -1, '0.15', -1, -1, -1, -1]"
VITIS_ROTUNDIFOLIA_930.html,"[-1, -1, -1, -1, -1, -1, -1, -1, -1, -1, -1, -1, -1, -1, -1, -1, -1, -1, -1, -1, -1, -1, -1, -1, -1, -1, -1, -1, -1, -1, -1, -1, -1, -1, -1, -1, -1, -1, -1, -1, -1, -1, -1, -1, -1, -1, -1, -1, -1, -1, -1, -1, -1, -1, -1, -1, -1, -1, -1, -1, -1, -1, -1, -1, -1, -1, -1, -1, -1]"
APPLE_FRESH_(Jonagold)_27615.html,"[-1, -1, -1, -1, -1, -1, -1, -1, -1, -1, -1, -1, -1, -1, -1, -1, -1, -1, -1, -1, -1, -1, -1, -1, -1, -1, -1, -1, -1, -1, -1, -1, -1, -1, -1, -1, -1, -1, -1, -1, -1, -1, -1, -1, -1, -1, -1, -1]"
BULLOCK'S_HEART_(Annona_reticulata_L.)_25600.html,"[-1, -1, -1, -1, -1, -1, -1, -1, -1, -1, -1, -1, -1, -1, -1, -1, -1, -1, -1, -1, -1, -1, -1, -1, -1, -1, -1, -1, -1, -1, -1, -1, -1, -1, -1, -1, -1, -1, -1, -1, -1, -1, -1, -1, -1, -1, -1]"
GRAPEFRUIT_OIL_(Citrus_paradisi)_508.html,"[-1, -1, -1, '2200', '98', '789\xa0—\xa04000', '13700\xa0—\xa034100', '88\xa0—\xa0200', '95', '1000', '197\xa0—\xa08400', '<100\xa0—\xa06600', '98\xa0—\xa01400', '98\xa0—\xa08000', '98\xa0—\xa03100', '834000\xa0—\xa0960000', -1, '<500', '600', '<500', '666\xa0—\xa02000', '<100\xa0—\xa01000', -1, '1800\xa0—\xa016100', '197\xa0—\xa06000', '<98\xa0—\xa01700', '98\xa0—\xa0100', '1000\xa0—\xa010400', '<100', '700\xa0—\xa04000', -1, '82', '<100', '1000', '2000\xa0—\xa07000', '600', '904\xa0—\xa01000', '600\xa0—\xa03000', '100\xa0—\xa0200', -1, -1, '<98\xa0—\xa03700', -1, -1, -1, -1, -1, '<100', '100', -1, '400\xa0—\xa03000', '200', '800', -1, -1, '<100\xa0—\xa0500', '700', '1000\xa0—\xa016800', -1, '400\xa0—\xa02600', '700', -1, -1, '500', -1, -1, '300', -1, -1, -1, -1, -1, '400', -1, '<500', -1, 'trace', -1, -1, '2000\xa0—\xa08100', '400\xa0—\xa01400', -1, -1, -1, '1000\xa0—\xa06000', -1, -1, -1, '<100', '200\xa0—\xa02100', '500', '1000', '800\xa0—\xa02000', '600\xa0—\xa01100', '200\xa0—\xa01000', -1, '200\xa0—\xa0300', '200\xa0—\xa02000', -1, -1, -1, -1, -1, -1, -1, '200\xa0—\xa0800', '<500', '100\xa0—\xa08300', -1, -1, -1, -1, -1, '500\xa0—\xa01000', -1, '100\xa0—\xa01500', '400\xa0—\xa0500', '400\xa0—\xa01300', '100\xa0—\xa02200', -1, '100', -1, '<100', -1, -1, -1, '<100', -1, -1, -1, -1, -1, -1, -1, -1, -1, -1, -1, -1, -1, -1, '900', '500', '7600', '3500', -1, -1, -1, -1, -1, -1, -1, -1, -1, -1, -1, -1, -1, -1, -1, -1, -1, -1, -1, -1]"
RAISIN_990.html,"[-1, -1, -1, -1, -1, -1, -1, -1, -1, -1, -1, -1, -1, -1, -1, -1, -1, -1, -1, -1, -1, -1, -1, -1, -1, -1, -1, -1, -1, -1, -1, -1, -1, -1, -1, -1, -1, -1, -1, -1, -1, -1, -1, -1, -1, -1, -1, -1, -1, -1, -1, -1, -1, -1, -1]"
CHINESE_QUINCE_PEEL_23020.html,"['3.07', '0.02', '0.38', '0.03', '0.22', '0.06', 'trace', '0.06', '0.03', '0.03', -1, '0.03', '0.02', '0.02', '0.03', 'trace', '0.02', '0.19', '0.02', '0.02', '0.22', '0.1', '0.43', -1, '0.05', '0.02', '0.06', '0.13', '0.02', 'trace', '0.13', '0.06', '0.1', '0.02', -1, -1, '0.14', -1, '0.66', '0.35', '0.02', '0.1', '0.1', '0.35', '0.02', '0.22', '0.06', '0.88', '0.11', '0.55', '2.04', '0.06', '0.05', '0.1', '0.06', '0.1', '0.06', '0.22', '0.28', '0.06', '0.55', '0.81', '0.02', '0.02', '0.05', '0.1', '0.14', '0.13', '0.02', '0.02', '0.13', -1, '0.02', 'trace', '0.06', 'trace', '0.03']"
CUPUACU_(Theobroma_grandiflorum_Spreng.)_13600.html,"[-1, -1, -1, -1, -1, -1, -1, -1, -1, -1, -1, -1, -1, -1, -1, -1, -1, -1, -1, -1, -1, -1, -1, -1, -1, -1, -1, -1, -1, -1, -1, -1, -1, -1, -1, -1, -1, -1, -1, -1, -1, -1, -1, -1, -1, -1]"
"DALIEB,_PALMYRA_PALM_FRUIT_(Borassus_aethiopum_L.)_19500.html","['28', '970', '69', '86', '4', -1, -1, -1, -1, -1, -1, '737', '84', '25', '58', '5', -1, -1, -1, -1, -1, -1, -1, -1, -1, -1, -1, -1, -1]"
PERSIAN_LIME_OIL_557.html,"['1100', '1300', '10300', '700', '4700', '148200', '7900', '417900', '12100', '93700', '3700', '11300', '5100', '7400', '58200', '42100', '10500', '31700', '18500', '19100', '26900', '6600']"
DURIAN_(Durio_zibethinus)_8700.html,"[-1, -1, -1, '0.56\xa0—\xa01.09', -1, -1, '0.02', '0.1064', '0.0553', -1, -1, -1, -1, -1, -1, -1, -1, -1, -1, -1, '0.2047', '0.0537', -1, -1, '0.1275', -1, '0.0484\xa0—\xa00.69', -1, -1, -1, -1, -1, -1, -1, -1, -1, -1, -1, -1, -1, -1, -1, '0.0386\xa0—\xa00.93', '0.09\xa0—\xa00.56', -1, '0.202\xa0—\xa00.97', '1.5705\xa0—\xa078.5', '0.2132\xa0—\xa024.95', -1, '0\xa0—\xa00.73', -1, -1, '0.212\xa0—\xa00.52', '0.1363', -1, '0\xa0—\xa00.45', '0.04\xa0—\xa02.22', '0.0507\xa0—\xa00.95', '0\xa0—\xa00.14', -1, '0.12933\xa0—\xa04.07', -1, '0.021\xa0—\xa062.2', -1, '0.3279\xa0—\xa012.67', -1, '0.0764\xa0—\xa00.32', '0\xa0—\xa00.38', -1, -1, -1, -1, -1, '0\xa0—\xa01.7', '0\xa0—\xa05.52', '0.31\xa0—\xa00.58', -1, '0.15\xa0—\xa00.25', '0\xa0—\xa00.22', '0.26\xa0—\xa00.55', -1, '0.001', -1, -1, -1, -1, -1, -1, -1, -1, -1, -1, -1, -1, -1, '0.7599\xa0—\xa05.48', -1, -1, -1, -1, -1, -1, -1, -1, '0.3309\xa0—\xa013.96', -1, -1, -1, -1, -1, -1, -1, -1, '0.06427\xa0—\xa00.71', '0\xa0—\xa00.27', '0.1821', '2.1306\xa0—\xa040.85', -1, '0\xa0—\xa00.33', '0.4474\xa0—\xa09.04', '0.11\xa0—\xa01.03', -1, -1, -1, -1, '1.1831\xa0—\xa014.68', '0.68\xa0—\xa01.73', -1, '0.0365\xa0—\xa00.16', -1, -1, -1, '0.14\xa0—\xa00.66', -1, -1, -1, -1, -1, -1, -1, -1, -1, -1, -1, -1, -1, -1, -1, -1, -1, -1, -1, -1, -1, -1, -1, -1, '0\xa0—\xa00.34', '0.06\xa0—\xa00.32', -1, -1, -1, -1, -1, -1, -1, -1, -1, -1, '0.3987\xa0—\xa01.71', '0.3712\xa0—\xa01.74', -1, -1, -1, -1, -1, -1, -1, -1, '0.03', -1, -1, -1, -1]"
APPLE_FRESH_(Golden_Delicious)_27614.html,"['trace\xa0—\xa00.001', '0.005\xa0—\xa00.05', -1, -1, -1, -1, '<0.001\xa0—\xa00.02', '0.002\xa0—\xa01.2', '<0.001\xa0—\xa00.1', '0.25', '<0.001\xa0—\xa00.02', -1, -1, '<0.001\xa0—\xa05.82', '<0.001\xa0—\xa00.2', '0.62\xa0—\xa01.69', '0.01', -1, '0.05\xa0—\xa00.3', -1, -1, -1, -1, 'trace\xa0—\xa00.65', 'trace\xa0—\xa00.9', -1, '0.01', -1, -1, -1, -1, '0.03', '0.03', 'trace\xa0—\xa00.03', -1, -1, '<0.001', '<0.001\xa0—\xa00.01', '0.001\xa0—\xa00.06', '0.09\xa0—\xa02.67', '<0.001\xa0—\xa00.23', '0.02\xa0—\xa00.66', '0.003\xa0—\xa00.07', -1, '0\xa0—\xa00.94', -1, -1, -1, -1, -1, -1, '0\xa0—\xa00.21', 'trace', '0.002\xa0—\xa00.009', -1, -1, -1, -1, 'trace\xa0—\xa00.05', -1, 'trace\xa0—\xa00.04', 'trace\xa0—\xa01.61', -1, -1, '0.006\xa0—\xa00.07', -1, -1, 'trace\xa0—\xa00.02', -1, -1, -1, -1, 'trace', '0.006\xa0—\xa00.05', -1, -1, '0.06', 'trace\xa0—\xa00.001', '0.009\xa0—\xa00.04', '<0.001\xa0—\xa00.009', 'trace\xa0—\xa00.001', 'trace\xa0—\xa00.01', '<0.001\xa0—\xa00.02', -1, -1, 'trace\xa0—\xa00.001', 'trace\xa0—\xa00.001', -1]"
FINGERED_CITRON_PEEL_OIL_(Citrus_medica_L.)_527.html,[]
ELDER_FLOWER_16630.html,"[-1, -1, -1, -1, -1, -1, -1, -1, -1, -1, -1, -1, -1, -1, -1, -1, -1, -1, -1, -1, -1, -1, -1, -1, -1, -1, -1, -1, -1, -1, -1, -1, -1, -1, -1, -1, -1, -1, -1, -1, -1, -1, -1, -1, -1, -1, -1, -1, -1, -1, -1, -1, -1, -1, -1, -1, -1, -1, -1, -1, -1, -1, -1, -1, -1, -1, -1, -1, -1, -1, -1, -1, -1, -1, -1, -1, -1, -1, -1, -1, -1, -1, -1, -1, -1, -1, -1, -1, -1, -1, -1, -1, -1, -1, -1, -1, -1, -1, -1, -1, -1, -1, -1, -1, -1, -1, -1, -1, -1, -1, -1, -1, -1, -1, -1, -1, -1, -1, -1, -1, -1, -1, -1, -1]"
JACKFRUIT_(Artocarpus_heterophyllus_Lam.)_13401.html,"[-1, -1, -1, -1, -1, -1, -1, -1, -1, -1, -1, -1, -1, -1, -1, -1, -1, -1, -1, -1, -1, -1, -1, -1, -1, -1, -1, -1, -1, -1, -1, -1, -1, -1, -1, -1, -1, -1, -1, -1, -1, -1, -1, -1, -1, -1, -1, -1, -1, -1, -1, -1, -1, -1, -1, -1, -1, -1, -1]"
BLACK_CHOKE_BERRY_JUICE(Aronia_melanocarpa_Ell.)_22400.html,"['trace', '0.13', 'trace', '0.1', '0.03', '0.02', '0.05', '0.01', '0.14', '0.21', 'trace', 'trace', '0.04', '0.05', 'trace', 'trace', 'trace', 'trace', 'trace', '0.14', 'trace', '0.01', '0.12', '0.14', 'trace', 'trace', 'trace', 'trace', 'trace', 'trace', 'trace', 'trace', '0.06', 'trace', '1.1', 'trace', '0.1', '0.07', 'trace', 'trace', 'trace', 'trace', '2.8', 'trace', 'trace', 'trace', 'trace', 'trace', 'trace']"
BITTER_ORANGE_PEEL_OIL_504.html,"[-1, -1, -1, '14900', '200', '500', -1, -1, '2200', -1, -1, '962700\xa0—\xa0964000', '100', '500', '200', '1200', '400', -1, '4000\xa0—\xa04200', '3500', 'trace', 'trace', '600\xa0—\xa01500', 'trace', '100', -1, '100', '200', '1000', -1, -1, -1, -1, -1, 'trace', 'trace', -1, -1, '300', '100', '500', '100', '2000', 'trace\xa0—\xa0200', '100', '2000\xa0—\xa02200', -1, -1, -1, '2300', '700\xa0—\xa02600', '100', -1, -1, '300', '50', '100', '20', '600', '100', '200', '40', '1450\xa0—\xa01500', '200', '100', '100', '100', '10', '300', '100', '60', '40', '20', '10', '100', '150\xa0—\xa02500', '100\xa0—\xa0800', -1, -1, '100', '50', '250', '150', '100', '1300', '200', '500', '500', '100', '750', '50', '100', -1, '1700', '500', '900\xa0—\xa08600', '200', '200', -1, -1, '100', '200', '100', -1, -1, '50', '50', '100', '200', '100', -1, '2000', -1, -1, '5000', -1, -1, '500', -1, -1]"
BITTER_ORANGE_PEEL_OIL_(Sudachi)_536.html,"['20300', '784900', '24000', '5400', '11100', 'trace', '10200', '2300', '4100', '21700', '3600', '3000', '10800', '2900', '2300', '2800', '81100']"
CALAMONDIN_JUICE_(Citrus_mitis_Blanco)_525.html,"[-1, '3', '0.3', -1, '5.6', '2', '0.2', '0.2', '9', '11', '0.9', '20.6', '0.2', '2.4', '1.2', '0.5', '1.1', '0.4', '2.5', '0.3']"
APPLE_FRESH_(Braeburn)_27622.html,"['0\xa0—\xa00.03', '0.49', '0\xa0—\xa02.65', '2.05\xa0—\xa02.26', '0.02', '0.04\xa0—\xa00.72', '0.14\xa0—\xa00.53', '1.52', '0.32', '0.06', '0.04', '9.87\xa0—\xa010.61', '0.34\xa0—\xa00.54', '16.34\xa0—\xa025.83', '0.43', '2.98\xa0—\xa03.44', '0.01\xa0—\xa00.03', '0.09\xa0—\xa00.13', '0.38\xa0—\xa00.66', '0.04\xa0—\xa00.42', '0.34', '0\xa0—\xa00.09', '0.01', '0.27', '0.04']"
BITTER_ORANGE_PEEL_OIL_(Natsu-daidai)_538.html,"['20600', '830700', '5900', '8900', '3900', '4200', '800', 'trace', '13400', '4600', '3900', '800', '2100', '800', '1100', '89000']"
SATSUMA_MANDARIN_PEEL_OIL_(Citrus_unshiu)_514.html,"['trace', '<10', '<10', '<100', '200\xa0—\xa01000', '10000\xa0—\xa071500', '2500\xa0—\xa011100', -1, '0\xa0—\xa01000', '400', '2000\xa0—\xa03000', '600\xa0—\xa04100', '30000\xa0—\xa058000', -1, '1300\xa0—\xa011100', '674400\xa0—\xa0940000', '902520', '7280', '1830', 'trace\xa0—\xa010400', '<100', 'trace\xa0—\xa0580', '700\xa0—\xa01000', '300', '1600\xa0—\xa04600', '300\xa0—\xa01000', '5000\xa0—\xa025200', '1600\xa0—\xa014600', '230', '10', '100', '1000\xa0—\xa04500', '1000\xa0—\xa07700', '157', '13', -1, '4400', '100', '240', '700\xa0—\xa08600', 'trace', 'trace\xa0—\xa07800', '100', '200\xa0—\xa0700', '400', '400\xa0—\xa02300', -1, -1, '<100', '1000\xa0—\xa028000', -1, '200', '100', '<0.001', 'trace\xa0—\xa07500', '100', 'trace', '134.6\xa0—\xa0140', '<100', -1, '<0.1\xa0—\xa00.2', '90\xa0—\xa0200', '2.3\xa0—\xa0100', '<100\xa0—\xa03500', '320\xa0—\xa08200', '1455', '550', 'trace', '0\xa0—\xa02100', '330', '670', '4200', '100\xa0—\xa0300', '<100', '80', '9400', 'trace\xa0—\xa04100', 'trace\xa0—\xa05600', '100', '100\xa0—\xa0200', '100', '100', '100', '100', '200', '<100', -1, -1, '58.6\xa0—\xa061', -1, '48\xa0—\xa050', '<0.2', 'trace\xa0—\xa01000', '<0.1\xa0—\xa00.2', 'trace\xa0—\xa0500', '<0.1\xa0—\xa00.2', '430\xa0—\xa01300', '32\xa0—\xa0100', '4.6\xa0—\xa04.8', '<10\xa0—\xa0118', '<0.1\xa0—\xa00.2', '10\xa0—\xa0300', '2.8\xa0—\xa02.9', '0\xa0—\xa01000', '200', '<100', '<100', '<100', 'trace', '2800', 'trace\xa0—\xa0500', 'trace', 'trace\xa0—\xa07000', '<100\xa0—\xa0300', '<0.1\xa0—\xa00.2', -1, -1, 'trace', '<100\xa0—\xa0300', '100', '30\xa0—\xa0100', 'trace', 'trace', '<100\xa0—\xa0440', '400\xa0—\xa01100', '200\xa0—\xa0620', 'trace\xa0—\xa010', '<100', '20', '80\xa0—\xa0100', '30\xa0—\xa0300', 'trace', 'trace', 'trace', 'trace\xa0—\xa056', '<0.1\xa0—\xa00.2', -1, 'trace\xa0—\xa055', 'trace', '4.9\xa0—\xa05.1', 'trace\xa0—\xa05.8', 'trace', '6.4\xa0—\xa06.7', '<0.1\xa0—\xa00.2', '<100', -1, -1, 'trace\xa0—\xa014500', 'trace\xa0—\xa08100', '4100', '<100', 'trace', 'trace', '<100', '1600\xa0—\xa01700', '700\xa0—\xa0900', '<100', '3000\xa0—\xa03100', '<100']"
BLOOD-OF-MOMBUCA_ORANGE_PEEL_(C._sinensis_var._S.)_582.html,"['26200\xa0\xa031300', '1700\xa0\xa03800', -1, '27300\xa0\xa030200', '695800\xa0\xa0794500', -1, -1, '3600\xa0\xa03700', '5000\xa0\xa05100', -1, -1, '4300\xa0\xa026000', '1200\xa0\xa02700', -1, -1, -1, -1, '0\xa0\xa05300', '48500\xa0\xa076500', -1, '23500\xa0\xa071700', -1, '90\xa0\xa08500', '1500\xa0\xa014400', '2500\xa0\xa017600', -1, '1300\xa0\xa01600']"
KUMQUAT_PEEL_OIL_541.html,"['108800\xa0—\xa0142900', '20300\xa0—\xa027800', '560000\xa0—\xa0583900', -1, -1, '10800\xa0—\xa015600', -1, '200\xa0—\xa01800', '0\xa0—\xa0100', '5900\xa0—\xa056900', '14400\xa0—\xa053900', -1, '100\xa0—\xa0900', '3400\xa0—\xa010800', '600\xa0—\xa05900', '1100\xa0—\xa04300', '2300\xa0—\xa010500', '14800\xa0—\xa024000', '0\xa0—\xa0600', '100\xa0—\xa0200', '900\xa0—\xa014900', '200\xa0—\xa0500', -1, '1100\xa0—\xa02500', '400\xa0—\xa09400', '500\xa0—\xa01600', '600\xa0—\xa05900', '0\xa0—\xa08200', '2600\xa0—\xa07800', -1, -1, '7700\xa0—\xa012200', '21400\xa0—\xa028700', '32900\xa0—\xa051600', -1, '0\xa0—\xa01000', '700\xa0—\xa01100', -1, '1600\xa0—\xa024800', -1, -1]"
CHINESE_QUINCE_FRUIT_23010.html,"[-1, -1, -1, -1, -1, -1, -1, -1, -1, -1, -1, -1, -1, -1, -1, -1, -1, -1, -1, -1, -1, -1, -1, -1, -1, -1, -1, -1, -1, -1, -1, -1, -1, -1, -1, -1, -1, -1, -1, -1, -1, -1, -1, -1, -1, -1, -1, -1, -1, -1, -1, -1, -1, -1, -1, -1, -1, -1, -1, -1, -1, -1, -1, -1, -1, -1, -1, -1, -1, -1, -1, -1, -1, -1, -1, -1, -1, -1, -1, -1, -1, -1, -1, -1, -1, -1, -1, -1, -1, -1, -1, -1, -1, -1, -1, -1, -1, -1, -1, -1, -1, -1, -1, -1, -1, -1, -1, -1, -1, -1, -1, -1, -1, -1, -1, -1, -1, -1, -1, -1, -1, -1, -1, -1, -1, -1, -1, -1, -1, -1, -1, -1, -1, -1, -1, -1, -1, -1, -1, -1]"
"AMBARELLA_FRUIT_(ripe,_Spondias_cytherea_S.)_33101.html","[-1, -1, -1, -1, -1, -1, -1, -1, -1, -1, -1, -1, -1, -1, -1, -1, -1, -1, -1, -1, -1, -1, -1, -1, -1, -1, -1, -1, -1, -1, -1, -1, -1, -1, -1, -1, -1, -1, -1, -1, -1, -1, -1, -1, -1, -1, -1, -1, -1, -1, -1, -1, -1, -1, -1, -1]"
SOUR_CHERRY_(Prunus_cerasus_L.)_420.html,"[-1, -1, '129\xa0—\xa0199', '0\xa0—\xa00.3', '0\xa0—\xa00.02', '0\xa0—\xa00.019', 'trace', '0.01\xa0—\xa00.02', -1, '0.005\xa0—\xa00.3', '0.06\xa0—\xa00.12', '0\xa0—\xa00.01', -1, -1, -1, -1, '0.01\xa0—\xa00.04', '0.001\xa0—\xa00.1', -1, -1, '0.4\xa0—\xa02.5', '0\xa0—\xa00.05', '0.01\xa0—\xa00.07', -1, -1, '0\xa0—\xa00.016', '0\xa0—\xa00.01', '0.002\xa0—\xa00.05', -1, -1, -1, '0\xa0—\xa00.002', -1, '0.0004\xa0—\xa00.002', -1, '0.2\xa0—\xa08.9', '0\xa0—\xa00.005', '0.8\xa0—\xa04.7', -1, -1, -1, -1, '4.3\xa0—\xa013.7', -1, '0\xa0—\xa00.39', -1, '2.1', -1, '0.03\xa0—\xa00.16', -1, '0.2\xa0—\xa00.8', -1, '0.07\xa0—\xa00.35', -1, 'trace\xa0—', '5\xa0—\xa06', '3\xa0—\xa07', '10\xa0—\xa020', 'trace', 'trace', '9\xa0—\xa012', '12\xa0—\xa021', -1, -1, -1, '0\xa0—\xa00.01', -1, -1, '0.01\xa0—\xa00.03', -1, -1, -1, -1, -1, -1, -1, -1, -1, -1, '0.003\xa0—\xa00.06', '0.02\xa0—\xa00.05', -1, -1, -1]"
APPLE_JAM_27750.html,"[-1, -1]"
DRAGON_FRUIT_(Hylocereus_costaricensis)_36501.html,"[-1, -1, -1]"
LEMON_PEEL_OIL_(Citrus_limon_Burm._f.)_506.html,"['<100', -1, -1, -1, -1, -1, -1, -1, -1, -1, -1, -1, -1, -1, -1, -1, -1, -1, -1, -1, -1, -1, -1, -1, -1, '330\xa0—\xa02000', '<10\xa0—\xa05880', '6440\xa0—\xa023500', '10800\xa0\xa010800', '2000', -1, '216', '200\xa0—\xa0300', '0\xa0—\xa02000', '4800 \xa0—\xa014300', '300\xa0—\xa025300', '11000\xa0—\xa0168700', '2700\xa0—\xa021000', '68700\xa0—\xa0810000', '413600\xa0\xa0413600', '<100\xa0—\xa0170', -1, '1600 \xa0—\xa025000', '68', '5000\xa0—\xa07000', '420\xa0—\xa0870', '60\xa0—\xa02000', '0\xa0—\xa03400', -1, '3900\xa0—\xa038000', '24300\xa0\xa024300', '20000 \xa0—\xa0229000', '0\xa0—\xa05000', '500', '700\xa0—\xa05000', '<1000\xa0—\xa032000', '20\xa0—\xa0660', '2100\xa0—\xa04400', '300\xa0—\xa0365', '1100\xa0—\xa017600', '2000\xa0—\xa04100', '1000', '80\xa0—\xa0120', -1, -1, '<10\xa0—\xa0630', -1, '600\xa0—\xa09300', '<100', -1, '0\xa0—\xa0800', '100', '<100', -1, '50\xa0—\xa095', '100\xa0—\xa0580', '23400\xa0\xa023400', 'trace\xa0—\xa018000', '1000', -1, -1, -1, -1, -1, -1, 'trace\xa0—\xa01500', '1100', '60', '70\xa0—\xa0100', -1, -1, '0\xa0—\xa04000', -1, '100 \xa0—\xa015000', '100\xa0—\xa07500', '200 \xa0—\xa029000', '540\xa0—\xa01010', '460\xa0—\xa0895', '<100', '<100', -1, '40\xa0—\xa0240', '<100', '100\xa0—\xa0200', -1, '900 \xa0—\xa0120000', '3000', '1000', '1000', -1, '100\xa0—\xa025000', '160\xa0—\xa011200', '40\xa0—\xa0980', '0\xa0—\xa050', -1, -1, '<100', -1, '0.015', -1, -1, -1, -1, -1, '<12\xa0—\xa0100', '<12', -1, '100\xa0—\xa0400', '400\xa0—\xa0500', '<100', 'trace\xa0—\xa01000', '150\xa0—\xa0300', '160\xa0—\xa0300', '<1000', '240\xa0—\xa01010', '170\xa0—\xa0890', -1, '100', '100', -1, -1, '40\xa0—\xa060', -1, '200\xa0—\xa01710', -1, '200\xa0—\xa03200', -1, '100\xa0—\xa01200', '40\xa0—\xa0100', '50\xa0—\xa080', '30\xa0—\xa0220', '150\xa0—\xa0400', 'trace\xa0—\xa0400', '40', '80\xa0—\xa0130', -1, -1, -1, -1, -1, '300\xa0—\xa01700', '20000 \xa0—\xa0130000', '<1000\xa0—\xa035600', '< 1000\xa0—\xa019800', '200', -1, '<100', '50\xa0—\xa0470', '<10\xa0—\xa0310', 'trace\xa0—\xa0170', '20\xa0—\xa0600', '<100', -1, -1, -1, '100', '20\xa0—\xa060', '0\xa0—\xa01600', '<12\xa0—\xa0700', -1, '80\xa0—\xa0100', '70\xa0—\xa090', '3000', '80\xa0—\xa0100', -1, '20\xa0—\xa090', -1, -1, '<100', '<100', '100', '8700\xa0\xa08700', '50', '<100', '20\xa0—\xa0400', '20\xa0—\xa0500', -1, -1, 'trace\xa0—\xa0500', '60\xa0—\xa090', '<100', '0\xa0—\xa04000', '1000 \xa0—\xa031800', '2440\xa0—\xa025400', '100', '<100', '<10', '<10', '190\xa0—\xa0260', -1, -1, '<10', '20\xa0—\xa0100', -1, '10', '90\xa0—\xa0100', '70', -1, '100', '<10', '<10', -1, -1, -1, '30\xa0—\xa070', -1, -1, -1, -1, -1, '400\xa0—\xa033000', '100 \xa0\xa09000', '100', -1, '<100', '30\xa0—\xa0700', '40\xa0—\xa0400', '2000', '0\xa0—\xa046', '<10\xa0—\xa0650', '<10', -1, -1, '80', '<10\xa0—\xa01600', -1, -1, '0\xa0—\xa027', '<10\xa0—\xa0180', '<10\xa0—\xa060', '<10\xa0—\xa01100', '<10\xa0—\xa0260', -1, -1, -1, '<10\xa0—\xa02200', '<10\xa0—\xa0750', -1, '<10', '<10\xa0—\xa0450', -1, '<10\xa0—\xa070', '<10\xa0—\xa0220', '30\xa0—\xa040', -1, -1]"
ORANGE_OIL_(Citrus_sinensis_L._Osbeck)_502.html,"[-1, -1, -1, -1, -1, -1, '<500', -1, '<500', '2000', -1, '2000', -1, '4000', -1, '4000', -1, '4000', -1, '2000', -1, '2000', -1, '<1000', -1, '<1000', -1, -1, -1, -1, -1, -1, '200\xa0—\xa01450', '0\xa0—\xa04000', '<50\xa0—\xa04490', '<100\xa0—\xa069900', '50\xa0—\xa01000', '200\xa0—\xa04000', '50\xa0—\xa0260', '<100\xa0—\xa0200', -1, -1, '170\xa0—\xa04000', '100\xa0—\xa09400', '500', '5000', '20\xa0—\xa02000', -1, '20\xa0—\xa06400', -1, '100\xa0—\xa018300', '52000\xa0—\xa0973000', -1, -1, '19\xa0—\xa04000', -1, '800\xa0—\xa0900', '2000', '14', '0\xa0—\xa01500', '30\xa0—\xa0500', -1, '1800\xa0—\xa0129000', '50\xa0—\xa018200', '0\xa0—\xa012000', '30\xa0—\xa0100', '200\xa0—\xa014600', '0\xa0—\xa07000', -1, -1, '140\xa0—\xa0220', '<10\xa0—\xa0300', '<100\xa0—\xa04000', '<500', '<10\xa0—\xa050', '40\xa0—\xa0216', '2000', '100\xa0—\xa020500', -1, -1, '<500', '<50\xa0—\xa02000', '100\xa0—\xa02000', '189\xa0—\xa01000', '<100\xa0—\xa01000', '<100\xa0—\xa045000', -1, -1, '0\xa0—\xa0200', '<100', -1, '20\xa0—\xa04000', -1, '10\xa0—\xa0170', '200\xa0—\xa06980', -1, -1, -1, -1, -1, '140', -1, '20\xa0—\xa0960', '42', -1, -1, -1, -1, '50\xa0—\xa02000', '80', '0\xa0—\xa0500', -1, '395', '0\xa0—\xa0700', '30\xa0—\xa01400', '50\xa0—\xa01000', '400\xa0—\xa018100', -1, '1823', -1, -1, '20\xa0—\xa060', '<100\xa0—\xa0300', '200\xa0—\xa014110', -1, '30\xa0—\xa01832', -1, '500\xa0—\xa04000', -1, '130\xa0—\xa07000', -1, '100', '30\xa0—\xa0100', '0\xa0—\xa02000', -1, '0\xa0—\xa05000', -1, -1, '0\xa0—\xa0100', -1, '<500', '<100\xa0—\xa0500', '0\xa0—\xa0300', -1, '2000', '0\xa0—\xa0200', '90\xa0—\xa0270', -1, '<100\xa0—\xa0300', 'trace', -1, '0\xa0—\xa0100', '4420', -1, '20\xa0—\xa0850', '70\xa0—\xa0160', '20\xa0—\xa01740', -1, '300\xa0—\xa018900', '100\xa0—\xa024550', '600\xa0—\xa022000', -1, '20\xa0—\xa040', '30\xa0—\xa0300', -1, -1, -1, '50\xa0—\xa0200', -1, -1, '0\xa0—\xa01250', -1, -1, -1, '<10\xa0—\xa060', '<10\xa0—\xa01000', -1, -1, -1, -1, '100\xa0—\xa02000', -1, -1, -1, '0\xa0—\xa035000', '200\xa0—\xa03000', '0\xa0—\xa01500', '40\xa0—\xa01800', -1, -1, '40\xa0—\xa01000', '260\xa0—\xa0340', '<10\xa0—\xa040', '119', -1, -1, -1, -1, '0\xa0—\xa0200', '4000', -1, '500\xa0—\xa04200', '<500', -1, -1, '50\xa0—\xa025000', -1, -1, -1, '1700\xa0—\xa03600', '4000', -1, '<10\xa0—\xa0500', '1290', '2630', '120', -1, -1, -1, -1, -1, -1, '20\xa0—\xa0380', -1, -1, '0\xa0—\xa01000', '20\xa0—\xa080', '40\xa0—\xa0260', '30\xa0—\xa0100', '0\xa0—\xa02400', '0\xa0—\xa0500', '<100', '10\xa0—\xa060', '<50', -1, -1, '80\xa0—\xa0400', -1, '84', '40\xa0—\xa02860', '539', -1, -1, -1, -1, -1, '404', -1, '2000', -1, -1, '40\xa0—\xa0550', -1, -1, -1, '200', -1, -1, -1, -1, -1, -1, -1, -1, -1, -1, -1, -1, -1, -1, -1, -1, -1, -1, '10\xa0—\xa0260', -1, -1, '0.02', '0.04', -1, '0.004', '0.02', '0.01', '0.03', -1, -1, -1, '2000', '40\xa0—\xa0500', '100\xa0—\xa01000', -1, -1, -1, -1, -1, -1, -1, -1, -1, -1, -1]"
APPLE_FRESH_(Golden_Reinders)_27624.html,"['0.0146\xa0—\xa00.034', '0.0011\xa0—\xa00.0077', '0.0018\xa0—\xa00.0019', '0.0016\xa0—\xa00.0168', '0.0011\xa0—\xa00.0014', '0.0012\xa0—\xa00.002', '0.0057\xa0—\xa00.0132', '0.0135\xa0—\xa00.0447', '0.006\xa0—\xa00.0135', '0.0274\xa0—\xa00.0292', '0.0054\xa0—\xa00.0124', '0.0036\xa0—\xa00.0037', '<0.0005\xa0—\xa00.0008', '0.0128\xa0—\xa00.014', '0.0038\xa0—\xa00.0059', '0.0303\xa0—\xa00.0485', '0\xa0—\xa00.0005', '0.0008\xa0—\xa00.0011', '0.0007\xa0—\xa00.0028', '0\xa0—\xa00.0005', '0.0033\xa0—\xa00.0368', '0\xa0—\xa00.0005', '0.0016\xa0—\xa00.004', '<0.0005\xa0—\xa00.0008', '0.0015\xa0—\xa00.0021', '0.0055\xa0—\xa00.0062', '0.0098\xa0—\xa00.0861', '0.0421\xa0—\xa00.1258', '0.0014\xa0—\xa00.0202', '0\xa0—\xa00.0118', '0.0153\xa0—\xa00.1354', '0.0007\xa0—\xa00.004', '0.0006\xa0—\xa00.0071', '0.9\xa0—\xa062.9', '0\xa0—\xa02', '0.0013\xa0—\xa00.0032', '0.0058\xa0—\xa00.0384', '0.0054\xa0—\xa00.0055', '0.0022\xa0—\xa00.0033', '0\xa0—\xa00.0057']"
ACEROLA_(Malpighia)_26300.html,"[-1, '0.01', '0.01', '0.01', '0.01', '0.01', '<0.01', '0.19\xa0—\xa00.68', '<0.01', '<0.01', '<0.01', '0.08', '0.44', '<0.01', '0.02', '0.01', '0.09', '0.02', '<0.01', '2.6', '<0.01\xa0—\xa09.3', '1.5', '0.72\xa0—\xa012.4', '0.01', -1, '0.05\xa0—\xa01.1', -1, '0.01', '0.07\xa0—\xa00.86', -1, '<0.01', '<0.01', '0.02', '0.01\xa0—\xa00.073', -1, '0.08\xa0—\xa00.18', '<0.01', '0.09', '0.02', '0.03\xa0—\xa00.11', '0.07', '0.03', '0.02', '<0.01', '0.32', '<0.01\xa0—\xa02.7', -1, -1, '0.06', '0.02', '<0.01', '<0.01', -1, '0.01', '<0.01', '<0.01', '<0.01', -1, '0.02', '0.04', -1, '0.01', -1, '0.01', '0.01', '0.01', '0.01', '0.02', '<0.01', -1, -1, '0.02\xa0—\xa00.04', '0.01', '<0.01', '<0.01', '<0.01', '<0.01', '<0.01', '0.01', '<0.01', '0.03', '<0.005', -1, -1, '<0.01', -1, -1, -1, '<0.01', -1, '0.02', '0.03', -1, '<0.005', -1, -1, '<0.005\xa0—\xa00.01', -1, '0.11', '0.01', '<0.01', '<0.01', '0.03', '0.16', '0.01', '0.58', -1, '0.05', -1, -1, '<0.01', -1, '0.04', '<0.01\xa0—\xa00.13', '<0.01', -1, '0.12', -1, '0.005\xa0—\xa00.01', -1, '0.03', '0.088', '0.01', '<0.01', -1, '<0.01', '0.02', '0.02\xa0—\xa00.71', -1, -1, -1, '0.02', '<0.01', -1, '<0.01', '<0.01', '<0.01', -1, -1, -1, -1, -1, '<0.01', '<0.01', '0.36', '0.22\xa0—\xa00.23', '0.01', -1, '0.04', '0.03', -1, '<0.01', '0.01', -1, '0.01', -1, '0.01\xa0—\xa00.089', -1, '<0.01', '0.019', '<0.01', '<0.01', '<0.01', '0.01', '<0.01\xa0—\xa00.039', '0.01', '<0.005', '0.01', -1, -1, '0.2', -1, -1, '0.04', '0.044', '0.01', -1, -1, '0.01', -1, -1, '<0.01', '<0.01', -1, '<0.01', -1, -1, -1, -1, '<0.005', '0.14', -1, -1, '<0.01', '0.01', '<0.01', '2.19', '0.02', '<0.01\xa0—\xa00.072', -1, -1, -1]"
IYO-KAN_PEEL_OIL_(Citrus_iyo_Hort._ex_Tanaka)_523.html,"['31000', -1, '26000', '854000', -1, -1, '1000', '13000', '1000', '1000', '1000', -1, -1, -1, -1, -1, -1, '26000', -1, -1, -1, -1, '170', -1, -1, -1, -1, -1, -1, -1, '330', -1, '10000\xa0—\xa010410', -1, '1290', '820', -1, -1, '2000', -1, '3000', -1, -1, -1, -1, '2000', '230\xa0—\xa04000', '2000', -1, -1, -1, -1, -1, '150', '250', '1500', '210', -1, -1, '1020', '490', '2000', -1, '240', '270', -1, -1, '410', '1540', '1190', -1, -1, -1, '130', -1, -1, -1, -1, -1, -1, -1, -1, -1, -1, -1, '100', -1, -1, -1, -1, -1, -1, -1, -1]"
OTHER_VITIS_SPECIES_940.html,"[-1, -1, -1, -1, -1, -1, -1, -1, -1, -1, -1, '0.007', -1, '0.35', '0.025', -1, '0.11', -1, -1, -1, '0.04', '0.13', '0.07', '<0.004', '0.006', -1, '0.014', -1, -1, '0.032', '5.1', '0.013', -1, '<0.004', '<0.004', -1, -1, -1, -1, -1, -1, -1, -1, -1, -1, -1, -1, -1, '0.016', '0.009', '0.014', '0.007', '0.24', '0.072', -1, -1, -1, -1, -1, -1, -1, -1, -1, '0.021', '1.125', -1, -1, -1, -1, -1, -1, -1, -1, -1, -1, -1, -1, -1, -1, -1, -1, -1, -1, -1, -1, -1, -1, -1, -1, '0.1', '25.4', '0.035', '<0.004', '<0.004', '<0.004', '0.063', -1, '0.087', '0.027', '<0.004', '0.69', -1, -1, '0.077', '0.075', -1, -1, '0.026', -1, -1, '0.34', -1, -1, -1, -1, -1, '0.011', -1, -1, -1, -1, -1, -1, -1, -1, -1, -1, -1, -1, -1, -1, -1, -1, -1, -1, -1, -1, -1, -1, -1, -1, -1, -1, -1, -1, -1, -1, -1, -1]"
BUDDHA_HAND_HYDROLATE_(citrus_medica_v._sarcod.)_554.html,"[-1, -1, -1, -1, -1, -1, -1, -1, -1, -1]"
POMELO_WHITE_JUICE_(citr_grandis_Osbeck)_PO51_565.html,"['7.72', '10.1', '141.94', '99.59', '15.92', '542.66', '9.59', '3.01', '341.26', '19.57', '88.39', '39.88', '2.25', '3.04', '2.94', '69.3', '2.9', '70.22', '3.25', '2.01', '62.1', '2.59', '1.2', '29.44', '5.56', '4.01', '123.86', '102.69', '2.32', '1.79', '8.2', '1.89', '4.34', '38.69', '1.58', '0.53']"
MEYER_LEMON_LEAF_OIL_578.html,"['10800', '14040', '7560', '788400', '2268', '2920', '108', '21.6', '24840', '756', '32400', '1728', '10800', '3240', '76', '0.86']"
RUM_Category_unknown_6540.html,"[-1, -1, -1, -1, -1, -1, -1, -1, -1, -1, -1, -1, -1, -1, -1, -1, -1, -1, -1, -1, -1, -1, -1, -1, -1, -1, -1, '<0.1', -1, -1, -1, -1, -1, -1, -1, -1, -1, -1, -1, -1, -1, -1, '4.8\xa0—\xa0248', '317000', '28\xa0—\xa01628', '0\xa0—\xa015.2', '0.412\xa0—\xa0196', '0.7\xa0—\xa014.8', '0\xa0—\xa0284', '4.4\xa0—\xa0264', '0.156\xa0—\xa0148', '0.667\xa0—\xa0909', '0.5', '0.2', '1.1', '0.2\xa0—\xa01.2', '1', '0.1', -1, '0.2', '0.08\xa0—\xa01.2', '0\xa0—\xa00.04', '0\xa0—\xa01', '0.1', '0.6', '0.2', -1, '0\xa0—\xa00.4', '0.1', -1, -1, '0.4', '0.3', -1, '0.2', -1, -1, -1, -1, -1, '0.1', -1, -1, -1, -1, '0.0255', '0.0233', -1, '0.1', -1, -1, '0.5', '0.2', '0\xa0—\xa010.4', -1, -1, -1, -1, -1, -1, -1, -1, '0.1', -1, -1, -1, -1, -1, '2\xa0—\xa0200', '0\xa0—\xa06', '0\xa0—\xa04.4', -1, -1, -1, -1, '0.0082\xa0—\xa00.885', '0.00639\xa0—\xa00.456', '0.0341\xa0—\xa02.08', -1, '0.00431\xa0—\xa00.0435', -1, -1, -1, -1, -1, -1, -1, -1, '0.00011\xa0—\xa00.00232', -1, -1, -1, -1, '0\xa0—\xa00.8', -1, -1, '0\xa0—\xa00.2', '0\xa0—\xa02.84', -1, '0\xa0—\xa03.2', -1, -1, -1, -1, -1, -1, '0.1', -1, '0\xa0—\xa012.8', '0.0297\xa0—\xa00.621', '1', -1, '0.6', '0.9', '6.9', -1, -1, -1, -1, -1, -1, -1, -1, -1, '0.00101', -1, -1, -1, -1, -1, -1, -1, -1, -1, -1, -1, '0.1', -1, -1, -1, -1, -1, '0.1', -1, '0.1', -1, '0.00096\xa0—\xa00.328', -1, -1, -1, -1, -1, '0\xa0—\xa0121', '0.1', -1, '0.6', '0.172\xa0—\xa01', '0.5', '0.0215\xa0—\xa00.216', '0.0069\xa0—\xa00.023', '0.0297\xa0—\xa00.8', -1, '0.1', '0.5', -1, '1.3', '0.9', -1, '6.7', -1, '0.195\xa0—\xa04.9', -1, -1, -1, -1, -1, -1, -1, -1, -1, -1, -1, -1, -1, -1, '0\xa0—\xa00.8', '0\xa0—\xa00.8', '0.67', '0\xa0—\xa01.7', '0.0358', -1, '2.13', '0.2', '0.1', -1, -1, -1, '0.24\xa0—\xa0776', '0\xa0—\xa03.6', '0\xa0—\xa00.4', '0.1', -1, '0\xa0—\xa01.86', '0\xa0—\xa01.6', -1, -1, -1, -1, -1, '0.12', -1, -1, '0\xa0—\xa04.8', -1, -1, -1, '0.14', -1, -1, -1, '0\xa0—\xa021.9', -1, '0\xa0—\xa03.6', -1, '0\xa0—\xa04.19', -1, -1, -1, -1, -1, '0.02', '0.00687\xa0—\xa00.0194', '0.0006', '0.00422\xa0—\xa00.2', -1, -1, -1, '0.2', -1, '0.00626\xa0—\xa01.1', -1, -1, -1, -1, -1, '0.4', '0\xa0—\xa04.35', -1, -1, -1, -1, -1, -1, -1, '0\xa0—\xa00.08', -1, -1, -1, '0\xa0—\xa04.12', -1, -1, -1, -1, -1, '0\xa0—\xa00.04', -1, '0.04\xa0—\xa09.6', -1, -1, -1, -1, -1, -1, -1, '0\xa0—\xa05.6', -1, '0.4', -1, -1, '0\xa0—\xa01.2', -1, -1, -1, '0\xa0—\xa04.4', -1, -1, -1, -1, -1, '1.1', '0\xa0—\xa05.1', '0.3', '0.1', '0.7', '0.2', '0.00006\xa0—\xa00.0012', '0.1', '0.5', -1, -1, -1, -1, '1.2', -1, -1, '<0.1', '0.00051\xa0—\xa00.0267', -1, '0.00041\xa0—\xa02.41', '0.00037\xa0—\xa00.39', '0.15', -1, -1, -1, -1, -1, -1, -1, -1, -1, -1, -1, -1, -1, '<0.1', -1, -1, -1, -1, -1, -1, -1, -1, -1, -1, -1, -1, -1, -1, -1, -1, -1, '0.00336', -1, -1, -1, '1', '0\xa0—\xa0104', -1, -1, -1, -1, -1, -1, -1, -1, -1, -1, -1, '0\xa0—\xa02', -1, -1, -1, -1, -1, -1, -1, '<0.1', -1, -1, -1, -1, -1, -1, -1, -1, -1, -1, -1, -1, -1, -1, '0.1', -1, -1, '0.00017\xa0—\xa00.00323', '0.00055\xa0—\xa01.45', -1, -1, -1, -1, -1, -1, -1, -1, '0.00133\xa0—\xa00.65', '0.1', '0.00178\xa0—\xa00.11', -1, '0.00037\xa0—\xa00.34', '0.00147\xa0—\xa00.09', -1, '0.1', -1, -1, -1, -1, -1, -1, -1, -1, -1, -1, -1, -1, -1, -1, -1, -1, -1, '0.04\xa0—\xa018.8', -1, -1, '<0.1', -1, -1, -1, -1, -1, -1, '0.00033\xa0—\xa00.00295', '0.00354', '0.6', -1, -1, -1, -1, -1, -1, -1, '0.2', -1, -1, -1, '0.1', '0\xa0—\xa00.04', '0\xa0—\xa00.08', -1, -1]"
RUM_Category_I_(total_volatiles_>_3600_ppm)_6510.html,"['36', '2200', '64\xa0—\xa0124', '40', '32\xa0—\xa074', '176\xa0—\xa0220', '49', '3100\xa0—\xa03600', '11', '32', '24\xa0—\xa064', '3\xa0—\xa04', '2\xa0—\xa06', '2\xa0—\xa04', '1\xa0—\xa02', '8\xa0—\xa011', '0.05', '1.2', '22']"
"BRANDY_DE_JEREZ_(Solera,_Spanish_brandy)_6415.html","[-1, -1, -1, -1, -1, -1, -1, -1, -1, -1, -1, -1, -1, -1, -1, '0\xa0—\xa00.07', '0.04\xa0—\xa04.08', -1, '0\xa0—\xa00.16', '0\xa0—\xa00.06', -1, -1, '0\xa0—\xa00.25', -1, '0\xa0—\xa00.58', '0\xa0—\xa00.09', -1, -1, -1, -1, -1, -1, -1, -1, -1, -1, -1, -1, -1, -1, -1, -1, -1, -1, -1, -1, -1, -1, -1, -1, -1, -1, -1, -1, -1, -1, -1, '0\xa0—\xa00.69', '0\xa0—\xa00.03', -1, -1, -1, -1, -1]"
JAPANESE_WHISKY_6660.html,"['trace', '0.0005', '0.0001', '0.0001', '0.00004', '0.00004', '57\xa0—\xa0370', '69\xa0—\xa0225', -1, '150\xa0—\xa0460', '0.5\xa0—\xa01.1', '0.1\xa0—\xa00.3', '0.01\xa0—\xa00.1', '0.4', '0.04\xa0—\xa00.1', '0\xa0—\xa010.4', '12\xa0—\xa049', '0.001', '0.04\xa0—\xa00.78', '0.28\xa0—\xa01.79', '0\xa0—\xa08', '1.4\xa0—\xa01.6', '1.7\xa0—\xa03.9', '1.8\xa0—\xa01.9', '3.4\xa0—\xa06', '0.4\xa0—\xa00.8', '4.2\xa0—\xa06.4', 'trace\xa0—\xa00.5', '17.8\xa0—\xa037.9', '1\xa0—\xa01.1', '29.4\xa0—\xa049.8', 'trace', '8.6\xa0—\xa022.5', 'trace', '0.5\xa0—\xa01.8', 'trace', '0.5\xa0—\xa01.5', '0.1\xa0—\xa01.4', 'trace', '0.3\xa0—\xa00.7', '0.1\xa0—\xa00.6', '0.3\xa0—\xa00.8', 'trace\xa0—\xa00.44', '0\xa0—\xa00.26', 'trace\xa0—\xa00.68', 'trace', 'trace', '45\xa0—\xa0255', '0.02\xa0—\xa00.03', '1.1', '0.7\xa0—\xa03.4', '0.02\xa0—\xa00.05', '0.1\xa0—\xa00.2', '1.7\xa0—\xa08', '0.1\xa0—\xa00.2', '0.003\xa0—\xa00.05', '0.005\xa0—\xa00.01', '0.7\xa0—\xa00.8', '0.1\xa0—\xa00.2', '1\xa0—\xa04.5', '0.1\xa0—\xa00.4', '2.4\xa0—\xa010.2', '0.5', '0.4\xa0—\xa00.5', '2.3\xa0—\xa06.8', 'trace\xa0—\xa01.5', '0.5\xa0—\xa00.8', '0.08\xa0—\xa00.4', 'trace\xa0—\xa00.001', '0.1', 'trace\xa0—\xa00.3', '0.3', -1, -1, -1, -1, -1, -1, -1, -1, -1, -1, -1, -1, -1, -1, -1, -1, -1, -1, -1, -1, '5\xa0—\xa020', '0.006\xa0—\xa00.07', '0.01\xa0—\xa00.05', '0.02', '0.01\xa0—\xa00.03', '0.002', '0.002\xa0—\xa00.03', -1, '0.001', '0.001\xa0—\xa00.04', -1, '0.002\xa0—\xa00.02', '0.01\xa0—\xa00.03', '0.5\xa0—\xa04.5', -1, -1, -1]"
ARRACK_19900.html,"['25.6\xa0—\xa0750', 'Present', '0\xa0—\xa0244', -1, '1.6', '0\xa0—\xa0438', '6.8', '4', '22', '92\xa0—\xa0890', -1, '0\xa0—\xa01246', -1, -1, '3.2', '100', -1, '14.8', -1, -1, '15.2', '380\xa0—\xa01330', '4', -1, '1.2', '2', '22.8', '2.4', -1, '1.2', '1.6', '1.2', '1.6', -1, -1, -1, '52', -1, -1, '17.2']"
GERMAN_BRANDY_6414.html,"['260', '128', '1.2', '256', '9.6', '11.2', '160', '596', '1.2', '0.16', '5.2', '0.008', '0.4', '0.04', '<0.8', '0.04', '3.2', '0.016', '88', '2', '0.8', '6', '0.04', '0.8', '7.2', '0.016', '180', '0.08', '<0.8', '0.8', '0.008', '0.08', '4', '0.8', '1.6', '<0.8', '0.12', '0.012', '7.6', '<0.8', '<0.8', '0.04', '12', '0.28', '0.02', '4.8', '0.8', '0.12', '1.2', '3.6', '27.2', '0.24', '3.2', '0.08', '0.04']"
PISCO_(Chilean_brandy)_6412.html,"['0\xa0—\xa00.192', '47.07\xa0—\xa0892.44', '10.92\xa0—\xa0135.03', '40\xa0—\xa0400', '2\xa0—\xa08', -1, '85.5\xa0—\xa0214.16', '325.04\xa0—\xa02000', '0.4\xa0—\xa04', '0\xa0—\xa00.132', '0.04\xa0—\xa02', '0.04\xa0—\xa02', '0.036\xa0—\xa00.4', '0\xa0—\xa020', '0\xa0—\xa00.816', '0.04\xa0—\xa02', '0\xa0—\xa02', '0\xa0—\xa00.4', '0.04\xa0—\xa08', '0.04\xa0—\xa00.4', '4\xa0—\xa040', '0.04\xa0—\xa04', '0.04\xa0—\xa02', '2.6\xa0—\xa037.46', '0\xa0—\xa01.488', '0.04\xa0—\xa00.492', '40', '0.036\xa0—\xa00.624', '0.4\xa0—\xa08', '0.252\xa0—\xa020', '0.132\xa0—\xa020', '0.04\xa0—\xa02.184', '0.084\xa0—\xa02.004', '0.132\xa0—\xa03.804', -1, -1, '20.17\xa0—\xa0400', -1, '0.04\xa0—\xa02', '0.132\xa0—\xa00.552', '0.04\xa0—\xa02', -1, '400\xa0—\xa0800', '0.04\xa0—\xa02', '0.04\xa0—\xa02', '0.04\xa0—\xa02', '0.01\xa0—\xa00.4', '0.04\xa0—\xa04', '0.04\xa0—\xa08.76', '0.072\xa0—\xa00.984', '0.04\xa0—\xa04', '0.04\xa0—\xa020', '0\xa0—\xa080.04', '0.4\xa0—\xa04', '0.04\xa0—\xa02']"
"PISCO_(Peruvian_brandy,_non-aromatic)_6411.html","[-1, -1, -1, -1, -1, -1, -1, -1, -1, -1, -1, -1, -1, -1, -1, -1, -1, -1, -1, -1, -1]"
CHERRY_BRANDY_12400.html,"[-1, 'Present', -1, -1, -1, -1, -1, -1, -1, -1, -1, -1, -1, -1, -1, -1, -1, -1, -1, -1, -1, -1, -1, -1, -1, -1, -1, -1, -1, -1, -1, -1, -1, -1, -1, -1, -1, -1]"
TEQUILA_(Agave_tequilana)_25900.html,"[-1, -1, -1, -1, '500\xa0—\xa01000', -1, -1, -1, '180\xa0—\xa0300', '2\xa0—\xa06', -1, -1, -1, -1, -1, -1, -1, -1, -1, -1, -1, -1, -1, -1, -1, -1, -1, -1, -1, -1, -1, -1, -1, -1, -1, -1, -1, -1, '0.12\xa0—\xa00.74', -1, -1, '0.4\xa0—\xa01.8', -1, '0.06\xa0—\xa00.52', -1, '0.04\xa0—\xa00.22', -1, -1, -1, '6\xa0—\xa028', -1, -1, '1.08\xa0—\xa04.63', '0\xa0—\xa00.22', -1, -1, -1, '20\xa0—\xa040', -1, -1, -1, -1, -1, -1, -1, -1, -1, -1, -1, -1, -1, -1, -1, -1, -1, -1, -1, -1, -1, -1, -1, -1, -1, -1, -1, -1, -1, -1, -1, -1, -1, -1, -1, -1, -1, -1, -1, -1, -1, -1, -1, -1, -1, -1, -1, -1, -1, -1, -1, -1, -1, -1, -1, -1, -1, -1, '60\xa0—\xa0120', -1, -1, -1, -1, -1, -1, -1, -1, -1, -1, -1, '0\xa0—\xa00.27', -1, -1, -1, -1, '0.62\xa0—\xa01.98', -1, -1, -1, -1, -1, '3.54\xa0—\xa04.33', -1, -1, -1, '3.18\xa0—\xa05.97', '0.73\xa0—\xa02.61', '7.42\xa0—\xa013.08', -1, '9.85\xa0—\xa015.03', -1, -1, -1, -1, -1, -1, -1, -1, -1, -1, -1, -1, -1, -1, -1, -1, -1, -1, -1, -1, -1, -1, -1, -1, -1, -1, -1, -1, -1, -1, -1, -1, -1, -1, -1, -1, -1, -1, -1, '0.08\xa0—\xa00.28', -1, -1, -1, -1, -1, -1, -1, -1, -1, -1, -1, -1, -1, -1, -1, -1]"
OUZO_18910.html,"[-1, -1, -1, -1, -1, -1, -1, -1, -1, 'trace\xa0—\xa0192', 'Present', '0\xa0—\xa0156', '0.2', '2.04', '0.2', 'trace\xa0—\xa00.8', '0\xa0—\xa00.16', -1, '0\xa0—\xa02', -1, -1, -1, '2.4\xa0—\xa010.4', -1, -1, '0\xa0—\xa00.4', '0.08\xa0—\xa00.56', '0.12\xa0—\xa00.68', '0\xa0—\xa06.8', '0.4\xa0—\xa06.4', '0\xa0—\xa00.08', '0.56', '0.04\xa0—\xa00.44', '0.08\xa0—\xa02', '0\xa0—\xa00.04', '0\xa0—\xa02', '0.2', -1, -1, '1.6\xa0—\xa02.8', '368', '0.4\xa0—\xa00.8', '115\xa0—\xa0181', '0.16\xa0—\xa00.4', '0\xa0—\xa00.2']"
RUM_Category_III_(total_volatiles_240-1100_ppm)_6530.html,"['8\xa0—\xa025', '48\xa0—\xa0260', '2\xa0—\xa0180', '0\xa0—\xa08', '0\xa0—\xa028', 'trace\xa0—\xa068', '4\xa0—\xa0516', '11\xa0—\xa064', '0.5\xa0—\xa00.9', '0.05\xa0—\xa00.6', '11.7', '0\xa0—\xa04.2', '0\xa0—\xa00.01', '0.1\xa0—\xa00.7', '0.1\xa0—\xa02.6', '0.1\xa0—\xa00.5', '0.01\xa0—\xa02.2', '0.01\xa0—\xa00.1', '0.1\xa0—\xa01.3', '0.01\xa0—\xa00.1', '0.5\xa0—\xa06.3', '0.3\xa0—\xa010', 'trace\xa0—\xa03.7', '0.02\xa0—\xa00.3', '0.1\xa0—\xa00.5', 'trace\xa0—\xa00.1', '0.02\xa0—\xa00.05', '0.01\xa0—\xa00.1', '0.01\xa0—\xa00.05', '1.2\xa0—\xa02.4', '20\xa0—\xa0384', 'trace', 'trace', 'trace\xa0—\xa03.2', '0.1\xa0—\xa03.4', '0\xa0—\xa07.4', 'trace\xa0—\xa05.3', 'trace\xa0—\xa00.9', 'trace\xa0—\xa03.8', 'trace', '0.02\xa0—\xa00.1', '0\xa0—\xa00.1', '0\xa0—\xa00.05', '0\xa0—\xa00.1', '0\xa0—\xa01.6', '0\xa0—\xa00.8', 'trace\xa0—\xa01.8', '0\xa0—\xa00.6', '0\xa0—\xa01', 'trace']"
BAIJIU_(Wuliangye)_29905.html,"['0.005\xa0\xa00.005', '0.009\xa0\xa00.009', '1.56\xa0\xa01.56', '71.9\xa0\xa071.9', '1.22\xa0\xa01.22', '1.27\xa0\xa01.27', '0.262\xa0\xa00.262', '0.031\xa0\xa00.031', '0.198\xa0\xa00.198', '0.063\xa0\xa00.063', '0.069\xa0\xa00.069', '0.003\xa0\xa00.003', '0.004\xa0\xa00.004', '0.045\xa0\xa00.045', '0.015\xa0\xa00.015', '0.144\xa0\xa00.144', '0.003\xa0\xa00.003', '0.020\xa0\xa00.020', '1.02\xa0\xa01.02', '3.54\xa0\xa03.54', '0.535\xa0\xa00.535', '58.5\xa0\xa058.5', '0.846\xa0\xa00.846', '0.010\xa0\xa00.010', '0.002\xa0\xa00.002', '0.128\xa0\xa00.128', '0.027\xa0\xa00.027', '0.734\xa0\xa00.734', '0.072\xa0\xa00.072', '0.032\xa0\xa00.032', '0.07\xa0\xa00.07', '0.581\xa0\xa00.581', '0.015\xa0\xa00.015', '1.10\xa0\xa01.10', '0.276\xa0\xa00.276', '0.009\xa0\xa00.009', '17.73\xa0\xa017.73', '0.276\xa0\xa00.276', '0.06\xa0\xa00.06', '0.219\xa0\xa00.219', '0.013\xa0\xa00.013', '0.024\xa0\xa00.024', '0.011\xa0\xa00.011', '0.120\xa0\xa00.120', '0.010\xa0\xa00.010', '0.001\xa0\xa00.001', '6.95\xa0\xa06.95', '6.63\xa0\xa06.63', '1.029\xa0\xa01.029', '17.51\xa0\xa017.51', '6.29\xa0\xa06.29', '2.25\xa0\xa02.25', '0.0142\xa0\xa00.0142', '6.42\xa0\xa06.42', '0.344\xa0\xa00.344', '1.108\xa0\xa01.108', '1.464\xa0\xa01.464', 'trace', '0.0739\xa0\xa00.0739', '0.048\xa0\xa00.048', '3.119\xa0\xa03.119', '0.006\xa0\xa00.006', '0.623\xa0\xa00.623', '1.002\xa0\xa01.002', '0.317\xa0\xa00.317', '0.269\xa0\xa00.269', '0.408\xa0\xa00.408', '0.519\xa0\xa00.519', '0.430\xa0\xa00.430', '2.390\xa0\xa02.390', '0.500\xa0\xa00.500', '1.130\xa0\xa01.130', '0.0236\xa0\xa00.0236', '0.004\xa0\xa00.004', '0.179\xa0\xa00.179', '0.689\xa0\xa00.689', '0.906\xa0\xa00.906', '0.055\xa0\xa00.055', '0.198\xa0\xa00.198', '0.0003\xa0\xa00.0003', '0.042\xa0\xa00.042', '0.070\xa0\xa00.070', '0.005\xa0\xa00.005', '0.457\xa0\xa00.457', '0.098\xa0\xa00.098', '0.152\xa0\xa00.152', '0.004\xa0\xa00.004', '0.122\xa0\xa00.122', '0.238\xa0\xa00.238', '0.098\xa0\xa00.098', '0.001\xa0\xa00.001', '0.173\xa0\xa00.173', '0.113\xa0\xa00.113', '0.043\xa0\xa00.043', '0.540\xa0\xa00.540', '0.001\xa0\xa00.001', '1.530\xa0\xa01.530', '0.323\xa0\xa00.323', '0.044\xa0\xa00.044', '0.162\xa0\xa00.162', '26.66\xa0\xa026.66', '0.677\xa0\xa00.677', '0.548\xa0\xa00.548', '0.155\xa0\xa00.155', '1.253\xa0\xa01.253', '0.499\xa0\xa00.499']"
"GUOJING_BAIJIU_(sesame-flavor,_non-aged)_29902.html","['214.4\xa0\xa0214.4', '141.8\xa0\xa0141.8', '412.9\xa0\xa0412.9', '36.5\xa0\xa036.5', '2.69\xa0\xa02.69', '28.4\xa0\xa028.4', '0.091\xa0\xa00.091', '5.57\xa0\xa05.57', '189.4\xa0\xa0189.4', '12.0\xa0\xa012.0', '5.75\xa0\xa05.75', '41.9\xa0\xa041.9', '9.21\xa0\xa09.21', '1.46\xa0\xa01.46', '0.36\xa0\xa00.36', '56.0\xa0\xa056.0', '6.07\xa0\xa06.07', '6.35\xa0\xa06.35', '0.892\xa0\xa00.892', '3.40\xa0\xa03.40', '1365.5\xa0\xa01365.5', '4.35\xa0\xa04.35', '4.53\xa0\xa04.53', '1337\xa0\xa01337', '107.5\xa0\xa0107.5', '2.59\xa0\xa02.59', '8.00\xa0\xa08.00', '21.75\xa0\xa021.75', 'trace', '7.30\xa0\xa07.30', '0.162\xa0\xa00.162', '236.6\xa0\xa0236.6', '3.16\xa0\xa03.16', '6.97\xa0\xa06.97', '24.1\xa0\xa024.1', '44.8\xa0\xa044.8', '2.89\xa0\xa02.89', '15.7\xa0\xa015.7', '249.8\xa0\xa0249.8', '112.2\xa0\xa0112.2', '37.1\xa0\xa037.1', '14.2\xa0\xa014.2', '10.45\xa0\xa010.45', '1.88\xa0\xa01.88', '11.6\xa0\xa011.6', '9.18\xa0\xa09.18', '1.70\xa0\xa01.70', '0.001\xa0\xa00.001', '1.20\xa0\xa01.20', 'trace', '0.286\xa0\xa00.286', '3.28\xa0\xa03.28', '2.01\xa0\xa02.01', '7.13\xa0\xa07.13', '3.32\xa0\xa03.32', '11.2\xa0\xa011.2', '1.70\xa0\xa01.70', '271.0\xa0\xa0271.0', '16.3\xa0\xa016.3', '14.2\xa0\xa014.2']"
EAU_DE_VIE_DE_COING_33700.html,"[-1, -1, -1, -1, -1, -1, -1, -1, -1, -1, -1, -1, -1, -1, -1, -1, -1, -1, -1, -1, -1, -1, -1, -1, -1, -1, -1, -1, -1, -1, -1, -1, -1, -1, -1, -1, -1, -1, -1]"
RAKI_18920.html,"[-1, -1, -1, -1, -1, -1, -1, -1, -1, -1, '300\xa0—\xa0563', 'Present', '0\xa0—\xa0225', '0.08\xa0—\xa0473', '0\xa0—\xa06', '0.36\xa0—\xa0195', '1.04\xa0—\xa0715', -1, -1, -1, '0\xa0—\xa01', -1, -1, -1, -1, -1, -1, -1, -1, -1, -1, -1, -1, -1, -1, -1, -1, -1, -1, -1, -1, -1, -1, -1, -1, -1, -1, '6.8\xa0—\xa055', -1, -1, -1, -1, -1, -1, -1, -1, -1, -1, '0.4\xa0—\xa01.2', -1, '0\xa0—\xa01.4', -1, -1, -1, -1, '0\xa0—\xa039', -1, -1, -1, -1, -1, -1, -1, -1, '1040\xa0—\xa01715', -1, -1, -1, -1, -1, -1, -1, -1, -1, -1]"
RASPBERRY_BRANDY_17900.html,"[-1, -1, -1, -1, -1, -1, -1, -1, -1, -1, -1, -1, -1, -1, -1, -1, -1, -1, -1, -1, -1, -1, -1, -1, -1, -1, -1, -1, -1, -1, -1, -1, -1, -1, -1, -1, -1, -1, -1, -1, -1, -1, -1, -1, -1, -1]"
"GUOJING_BAIJIU_(sesame-flavor,_aged)_29903.html","['169.8\xa0\xa0169.8', '280.0\xa0\xa0280.0', '390.3\xa0\xa0390.3', '27.2\xa0\xa027.2', '4.34\xa0\xa04.34', '11.2\xa0\xa011.2', '0.071\xa0\xa00.071', '5.17\xa0\xa05.17', '183.5\xa0\xa0183.5', '7.01\xa0\xa07.01', '4.34\xa0\xa04.34', '29.4\xa0\xa029.4', '6.26\xa0\xa06.26', '15.3\xa0\xa015.3', '0.42\xa0\xa00.42', '90.7\xa0\xa090.7', '4.90\xa0\xa04.90', '4.50\xa0\xa04.50', '0.913\xa0\xa00.913', '3.00\xa0\xa03.00', '1093.2\xa0\xa01093.2', '3.86\xa0\xa03.86', '3.16\xa0\xa03.16', '800.4\xa0\xa0800.4', '68.5\xa0\xa068.5', '1.35\xa0\xa01.35', '6.62\xa0\xa06.62', '7.87\xa0\xa07.87', 'trace', '10.4\xa0\xa010.4', '0.098\xa0\xa00.098', '377.7\xa0\xa0377.7', '2.59\xa0\xa02.59', '3.44\xa0\xa03.44', '10.7\xa0\xa010.7', '17.27\xa0\xa017.27', '2.56\xa0\xa02.56', '3.16\xa0\xa03.16', '62.9\xa0\xa062.9', '36.7\xa0\xa036.7', '31.8\xa0\xa031.8', '14.9\xa0\xa014.9', '11.82\xa0\xa011.82', '1.89\xa0\xa01.89', '11.6\xa0\xa011.6', '4.08\xa0\xa04.08', '1.80\xa0\xa01.80', '0.0005\xa0\xa00.0005', '0.97\xa0\xa00.97', '5.94\xa0\xa05.94', '0.119\xa0\xa00.119', '2.50\xa0\xa02.50', '1.44\xa0\xa01.44', '27.0\xa0\xa027.0', '4.59\xa0\xa04.59', '2.42\xa0\xa02.42', '1.80\xa0\xa01.80', '157.7\xa0\xa0157.7', '5.54\xa0\xa05.54', '24.3\xa0\xa024.3']"
ARMAGNAC_(French_brandy)_6402.html,"['200\xa0—\xa0332', 'Present', '112\xa0—\xa0230', '1.2\xa0—\xa03.6', '0.16\xa0—\xa00.8', '220\xa0—\xa0680', 'trace\xa0—\xa08', 'trace\xa0—\xa060', '160\xa0—\xa0400', '590\xa0—\xa01700', -1, -1, '0.08\xa0—\xa00.52', '0.04\xa0—\xa00.8', '6\xa0—\xa033', '0.04\xa0—\xa00.8', '0.4\xa0—\xa01.2', '0.12\xa0—\xa00.8', '0.04\xa0—\xa00.16', '0.08\xa0—\xa02.4', '0\xa0—\xa07.2', '10.4\xa0—\xa024.8', '0.04\xa0—\xa00.8', '44\xa0—\xa0104', '0.04\xa0—\xa02', '0.16\xa0—\xa04.8', '2\xa0—\xa013.2', '0.12\xa0—\xa00.8', '0.15', '0.4\xa0—\xa05.2', '0.8\xa0—\xa09.2', '0.34', -1, '3.2', '0.08\xa0—\xa00.6', '0.2\xa0—\xa01.6', '0\xa0—\xa02', '0.023', -1, -1, -1, -1, -1, '0.8', '0.52\xa0—\xa00.7', '4.77', '1.4\xa0—\xa02.15', '6.53', '30.78', '2\xa0—\xa014.4', '0\xa0—\xa00.8', '124\xa0—\xa0600', '0.04\xa0—\xa00.08', '0.12\xa0—\xa00.24', '0.8\xa0—\xa02', '0\xa0—\xa00.8', '0.2\xa0—\xa00.8', '0.8\xa0—\xa046', '20\xa0—\xa064', '0.4\xa0—\xa02.8', '0.8\xa0—\xa02', '0\xa0—\xa00.12', '0.08\xa0—\xa00.2', '<0.8', '1.2\xa0—\xa02.4', '0.064\xa0—\xa00.8', '0\xa0—\xa00.08', '0\xa0—\xa00.12', '4.4\xa0—\xa08.4', '0.08\xa0—\xa00.8', '<0.8', '0.04', '2.8\xa0—\xa05.6', '0\xa0—\xa00.8', '0.8\xa0—\xa02.4', '0\xa0—\xa00.04', '0.8', '0\xa0—\xa00.08', '1.08\xa0—\xa01.8', '1.2\xa0—\xa04.4', '0\xa0—\xa00.8', -1, -1, -1, '0.013', -1, '0.004', '5.2\xa0—\xa048', '0\xa0—\xa00.8', '0.05', 'trace', 'trace', 'trace', '0.09', 'trace', '0.24', '0.12', -1, '2\xa0—\xa010.4', '0.24\xa0—\xa00.88', '3.2\xa0—\xa011.6', -1, '0.2\xa0—\xa00.8', '0.08\xa0—\xa00.8', -1]"
PASTIS_18930.html,"['48', 'Present', '8', '0.16', '0.64', '4.4', '0.8', '1920']"
CELERY_BRANDY_34200.html,"[-1, -1, -1, -1, -1, -1, -1, -1, -1, '1189.69', '70.24', '136.09', '2.195', -1, -1, -1, '10.756', '0.79', '0.966', -1, -1, -1, -1, '2.283', -1, -1, -1, -1, '128.539', -1, -1, -1, -1, -1, -1, -1, -1, -1, -1, -1, -1, -1, -1, '12.951', '2.722', -1, '2.239', -1, -1, '1.141', '0.263', -1, -1, -1, -1, -1, -1, -1, -1, -1, -1, -1, -1, -1, -1, -1, -1, -1, -1, -1, -1, '0.746', -1, -1, -1, -1]"
APPLE_BRANDY_(''Alquitara''_distilled)_11002.html,"['291.716\xa0—\xa0634.92', '437000\xa0—\xa0466000', '181.355\xa0—\xa0242.55', '9.177\xa0—\xa0110.908', '111.573\xa0—\xa0164.964', '36.271\xa0—\xa065.268', '10.488\xa0—\xa057.784', '201.778\xa0—\xa0232.212', '965.79\xa0—\xa01124.401', '85.744\xa0—\xa0124.108', '100.947\xa0—\xa0157.974', '224.181\xa0—\xa0416.138', '31.464\xa0—\xa065.24', '5.328\xa0—\xa010.051']"
BRANDY_DE_JEREZ_(Spanish_brandy)_6406.html,"[-1, -1, -1, -1, -1, -1, -1, -1, -1, -1, -1, -1, -1, -1, -1, -1, -1, -1, -1, -1, -1, -1, -1, -1, -1, -1, -1, -1, -1, -1, -1, -1]"
PLUM_BRANDY_10000.html,"[-1, -1, -1, -1, -1, -1, -1, -1, -1, -1, -1, -1, -1, -1, -1, -1, -1, -1, -1, -1, -1, -1, -1, -1, -1, -1, -1, -1, -1, -1, -1, -1, -1, -1, -1, -1, -1, -1, -1, -1, -1, -1, -1, -1, -1, -1, -1, -1, -1, -1, -1, -1, -1, -1, -1, -1, -1, -1, -1, -1, -1, -1, -1, -1, -1, -1, -1, -1, -1, -1, -1, -1, -1, -1, -1, -1, -1, -1, -1, -1, -1, -1, -1, -1, -1, -1, -1, -1, -1, -1, -1, -1, -1, -1, -1, -1, -1, -1, -1, -1, -1, -1, -1, -1, -1, -1, -1, -1, -1, -1, -1, -1, -1, -1, -1, -1, -1, -1, -1, -1, -1, -1, -1, -1, -1, -1, -1, -1, -1, -1, -1, -1, -1, -1, -1, -1, -1, -1, -1, -1, -1, -1, -1, -1, -1, -1, -1, -1, -1, -1, -1, -1, -1]"
MALT_WHISKY_6630.html,"[-1, '0.0004', 'trace\xa0—\xa00.007', 'trace\xa0—\xa00.002', '0.0004\xa0—\xa00.002', '0.00006', '0.00004', '0.00008', '0.00005', '0.00004', '0.00003', '<20\xa0—\xa0160', '144\xa0—\xa0360', '0.8', '268\xa0—\xa0510', '2\xa0—\xa06', '2.4', '188\xa0—\xa0268', '512\xa0—\xa01610', '<0.8', '1.2\xa0—\xa08', -1, -1, '0.3\xa0—\xa00.8', -1, '0.2\xa0—\xa00.8', '<0.1', '1.7\xa0—\xa07', '<0.3', -1, '15\xa0—\xa031', '2.47', '35\xa0—\xa092', '1.6', '2.4\xa0—\xa015', '<0.8', '<0.5', '2\xa0—\xa021', '<0.5', '<0.8', -1, '0.5', '1', '0.05', '<0.2\xa0—\xa00.8', '0.1', '0.1\xa0—\xa00.3', '<0.01\xa0—\xa00.02', -1, -1, '0.001', -1, -1, '0.1', -1, -1, '6.3\xa0—\xa0166', '0.1\xa0—\xa013.8', '0.15\xa0—\xa03.4', '0.1\xa0—\xa01.9', -1, '0.1\xa0—\xa04.1', '0.1', '0.3\xa0—\xa03.8', '0.3\xa0—\xa00.4', '4\xa0—\xa029', '0.02\xa0—\xa01.6', '8\xa0—\xa037', '0.1', '5.6\xa0—\xa015', '0.005', '1.1', '0.05', '1.1', '0.2', '0.3', '0.5', '0.3', '0.3', '0.2', '1.3', '0.9', '2.61', '10', '4.4', -1, '0.015\xa0—\xa00.1', '136\xa0—\xa0440', -1, -1, '0.2', -1, -1, '0.8\xa0—\xa030', '<0.8', -1, '0.4\xa0—\xa019.2', '1\xa0—\xa04.4', -1, -1, '<0.1', 'trace\xa0—\xa0200', -1, '<0.8', '<0.8', '1.3\xa0—\xa02.9', -1, -1, -1, -1, -1, -1, '1.6\xa0—\xa04', -1, -1, -1, -1, '0.2\xa0—\xa00.8', -1, '<0.8', '10.8\xa0—\xa024', -1, -1, -1, -1, -1, '<0.8\xa0—\xa03.6', -1, '<0.8', '21\xa0—\xa058', -1, -1, -1, -1, '<0.1\xa0—\xa01.2', -1, '<0.1', '<0.8', '6.6\xa0—\xa045', -1, -1, -1, -1, -1, -1, -1, '0.3\xa0—\xa03.7', -1, -1, -1, -1, '0.2\xa0—\xa036.7', -1, -1, -1, '<0.1\xa0—\xa027.4', '0.4', -1, -1, '0.5', '2.9', -1, 'trace\xa0—\xa00.8', -1, -1, -1, -1, '0.2\xa0—\xa00.7', -1, -1, -1, -1, -1, -1, -1, -1, -1, -1, -1, -1, -1, -1, -1, -1, -1, -1, -1, '0.011\xa0—\xa00.143', '0.003\xa0—\xa00.0094', '0\xa0—\xa00.003', '0\xa0—\xa00.003', '0\xa0—\xa00.11', '0.023', '0\xa0—\xa00.008', '<0.0007', '0.0008', '<0.0001', '0.01\xa0—\xa00.02', '0\xa0—\xa00.03', '0.02\xa0—\xa00.03', '0.004\xa0—\xa00.006', '0.006\xa0—\xa00.013', '15\xa0—\xa099.4', '<0.8', -1, '0.003\xa0—\xa00.1', '0.015\xa0—\xa00.08', '0.03', '0.009\xa0—\xa00.05', '0.002', -1, '0.009\xa0—\xa00.07', -1, -1, '0.001', -1, -1, -1, -1, '0.012\xa0—\xa00.09', '0.005', '0.035\xa0—\xa00.1', -1, '0.032\xa0—\xa00.05', '3.6\xa0—\xa037', 'trace', '5.4', -1, -1, -1, -1, -1, -1, -1]"
BAIJIU_(Guotai)_29906.html,"['0.022\xa0\xa00.022', '0.007\xa0\xa00.007', '1.46\xa0\xa01.46', '10.22\xa0\xa010.22', '7.80\xa0\xa07.80', '0.039\xa0\xa00.039', '0.685\xa0\xa00.685', '0.173\xa0\xa00.173', '0.093\xa0\xa00.093', '0.331\xa0\xa00.331', '0.041\xa0\xa00.041', '0.006\xa0\xa00.006', '0.011\xa0\xa00.011', '0.078\xa0\xa00.078', '0.020\xa0\xa00.020', '1.45\xa0\xa01.45', '0.003\xa0\xa00.003', '0.054\xa0\xa00.054', '4.24\xa0\xa04.24', '7.70\xa0\xa07.70', '0.887\xa0\xa00.887', '82.3\xa0\xa082.3', '0.641\xa0\xa00.641', '0\xa0\xa00', '0.020\xa0\xa00.020', '0.074\xa0\xa00.074', '0.059\xa0\xa00.059', '0.497\xa0\xa00.497', '0.051\xa0\xa00.051', '0.011\xa0\xa00.011', '0.05\xa0\xa00.05', '0.316\xa0\xa00.316', '0.013\xa0\xa00.013', '0.946\xa0\xa00.946', '2.81\xa0\xa02.81', '0.002\xa0\xa00.002', '52.26\xa0\xa052.26', '0.877\xa0\xa00.877', '0.217\xa0\xa00.217', '0.03\xa0\xa00.03', '0.180\xa0\xa00.180', '0.009\xa0\xa00.009', '0.046\xa0\xa00.046', '0.015\xa0\xa00.015', '0\xa0\xa00', '0.009\xa0\xa00.009', '0.001\xa0\xa00.001', '2.62\xa0\xa02.62', '3.36\xa0\xa03.36', '0.766\xa0\xa00.766', '5.49\xa0\xa05.49', '4.90\xa0\xa04.90', '0.864\xa0\xa00.864', '0.023\xa0\xa00.023', '9.18\xa0\xa09.18', '0.110\xa0\xa00.110', '6.933\xa0\xa06.933', '2.545\xa0\xa02.545', '0.005\xa0\xa00.005', '0.021\xa0\xa00.021', '2.367\xa0\xa02.367', '0.002\xa0\xa00.002', '0.007\xa0\xa00.007', '0.263\xa0\xa00.263', '0.115\xa0\xa00.115', '0.024\xa0\xa00.024', '0.020\xa0\xa00.020', '0.142\xa0\xa00.142', '0.138\xa0\xa00.138', '0.364\xa0\xa00.364', '1.338\xa0\xa01.338', '0.117\xa0\xa00.117', '1.947\xa0\xa01.947', '0.004\xa0\xa00.004', '0.004\xa0\xa00.004', '0.367\xa0\xa00.367', '0.568\xa0\xa00.568', '0.099\xa0\xa00.099', '0.276\xa0\xa00.276', '0.001\xa0\xa00.001', '0.037\xa0\xa00.037', '0.470\xa0\xa00.470', '0.085\xa0\xa00.085', '2.353\xa0\xa02.353', '0.929\xa0\xa00.929', '0.007\xa0\xa00.007', '0.579\xa0\xa00.579', '0.004\xa0\xa00.004', '1.192\xa0\xa01.192', '0.250\xa0\xa00.250', '0.035\xa0\xa00.035', '0.122\xa0\xa00.122', '0.01\xa0\xa00.01', '0.001\xa0\xa00.001', '0.182\xa0\xa00.182', '0.733\xa0\xa00.733', '0.074\xa0\xa00.074', '0.048\xa0\xa00.048', '0.014\xa0\xa00.014', '0.085\xa0\xa00.085', '0.306\xa0\xa00.306', '0.035\xa0\xa00.035', '0.236\xa0\xa00.236', '0.010\xa0\xa00.010', '0.127\xa0\xa00.127', '0.073\xa0\xa00.073', '0.083\xa0\xa00.083', '0.026\xa0\xa00.026', '38.66\xa0\xa038.66', '2.85\xa0\xa02.85', '2.031\xa0\xa02.031', '0.280\xa0\xa00.280', '0.458\xa0\xa00.458', '0.222\xa0\xa00.222']"
MEZCAL_(Agave_salmiana)_26200.html,"['600\xa0—\xa0891', '388\xa0—\xa0738', '0\xa0—\xa0280', '4\xa0—\xa08', '0\xa0—\xa066', -1, -1, '15.2\xa0—\xa026.8', '20\xa0—\xa0100', -1, -1, '133\xa0—\xa0224', -1, -1, -1, -1, -1, '103\xa0—\xa0182', -1, -1, '20\xa0—\xa0192', -1, -1, -1, -1, -1, -1, -1]"
BLUEBERRY_BRANDY_31800.html,[-1]
"GRAPE_BRANDY,_OTHER_TYPES_6404.html","['0\xa0—\xa00.68', '0\xa0—\xa00.29', '0\xa0—\xa00.15', '0\xa0—\xa00.74', '0\xa0—\xa00.24', '0.04\xa0—\xa00.83', '0\xa0—\xa00.13', '0\xa0—\xa00.08', '0.06\xa0—\xa02.32', '0.03\xa0—\xa00.17', '0.03\xa0—\xa00.13', '0\xa0—\xa00.09', '0.04\xa0—\xa00.82', '0\xa0—\xa00.05', '0\xa0—\xa00.38', '0\xa0—\xa00.13', -1, '0\xa0—\xa00.13', -1, '0.04\xa0—\xa00.25', '20\xa0—\xa0528', 'Present', '12\xa0—\xa0608', '0.4\xa0—\xa06.8', '0\xa0—\xa013.9', '4\xa0—\xa0542', '0\xa0—\xa027', '0\xa0—\xa0244', '476\xa0—\xa0622', '102\xa0—\xa0573', '2.4\xa0—\xa0767', '44\xa0—\xa01809', -1, -1, -1, -1, -1, '0\xa0—\xa016.2', '0.14\xa0—\xa00.16', '0.04', '0.19\xa0—\xa00.74', -1, -1, -1, -1, -1, -1, -1, -1, '0\xa0—\xa04.29', -1, -1, -1, '0.09\xa0—\xa04.56', '0.07\xa0—\xa06.45', '0\xa0—\xa03.96', '0.12\xa0—\xa034.94', '0.21\xa0—\xa01.05', -1, -1, -1, '0.07\xa0—\xa00.58', '0.4\xa0—\xa00.68', '0.17\xa0—\xa00.21', '0.04\xa0—\xa084', '0\xa0—\xa06.34', '0\xa0—\xa00.07', '0\xa0—\xa00.4', '0\xa0—\xa00.05', '0\xa0—\xa00.11', '0\xa0—\xa00.07', '12\xa0—\xa0216', -1, '0\xa0—\xa026', '1.76\xa0—\xa09.37', -1, -1, '0.14\xa0—\xa00.15', '0.24\xa0—\xa02.52', '0.22\xa0—\xa07.6', -1, -1, -1, -1, -1, -1, '0.34\xa0—\xa020.44', -1, '0\xa0—\xa08', -1, -1, -1, -1, -1, -1, -1, '0\xa0—\xa00.26', -1, -1, '0.008\xa0—\xa00.12', -1, '0.02\xa0—\xa00.11', -1, '0.1\xa0—\xa0296.3', '18.65\xa0—\xa0454.9', '1.08\xa0—\xa01.46', -1, -1, '0.08\xa0—\xa00.1', -1, '0.39\xa0—\xa00.54', -1, '1.14\xa0—\xa01.28', -1, '0.52\xa0—\xa00.55', '0.1\xa0—\xa00.14', -1, -1, -1, -1, -1, '0\xa0—\xa02.03', -1, '0.04', '1.06', '0.49', -1, -1, '2.31', '0\xa0—\xa065', -1, '4\xa0—\xa0738', -1, -1, -1, -1, '0.2\xa0—\xa00.31', -1, '0.46\xa0—\xa03.29', -1, -1, -1, '0\xa0—\xa00.29', '0\xa0—\xa00.31', '0\xa0—\xa00.12', -1, '0\xa0—\xa00.1', '0\xa0—\xa07.5', -1, -1, -1, '0\xa0—\xa0188.4', -1, -1, -1, -1, -1, '0\xa0—\xa020.8', -1, -1, -1, -1, '0.3\xa0—\xa00.46', -1, -1, -1, -1, -1, '0.05\xa0—\xa00.151', -1, -1, -1, '0\xa0—\xa03.2', -1, -1, -1, -1, -1, '0\xa0—\xa01.6', -1, -1, -1, '0.4\xa0—\xa08.55', -1, -1, '0\xa0—\xa00.24', -1, -1, '0.35\xa0—\xa011.6', -1, -1, '4.5\xa0—\xa05.19', -1, -1, -1, '0.05\xa0—\xa011.3', -1, -1, '0\xa0—\xa00.8', -1, -1, -1, -1, '0\xa0—\xa02.4', -1, -1, -1, -1, -1, -1, '0\xa0—\xa020', -1, -1, -1, -1, -1, -1, -1, -1, '2.34\xa0—\xa02.81', -1, -1, -1, -1, '0.22\xa0—\xa00.31', '0.08\xa0—\xa00.1', -1, -1, -1, -1, -1, -1, -1, -1, -1, -1, -1, -1, -1, -1, -1, -1, -1, -1, -1, '0\xa0—\xa015.82', -1, '0\xa0—\xa0140', -1, -1, -1, -1, '0\xa0—\xa03.6', -1, -1, -1, -1, -1, -1, -1, -1, -1, 'trace', -1, -1, -1, -1, '0.19\xa0—\xa00.2', -1, '0.2\xa0—\xa00.21', '0.08\xa0—\xa00.19', '0.03\xa0—\xa00.06', '0.08\xa0—\xa00.09', '0.03\xa0—\xa01.97', '0\xa0—\xa02.73', '0.12\xa0—\xa014.8', '0.7\xa0—\xa01.03', '3.22\xa0—\xa014', -1, -1, -1, -1, '0\xa0—\xa00.04', '0\xa0—\xa00.89', '0\xa0—\xa02.26', '0\xa0—\xa00.62', '0\xa0—\xa01.54', -1, -1, -1, '0.08\xa0—\xa00.64', '0.09\xa0—\xa00.5', '0.25\xa0—\xa01.15', -1, -1, -1]"
AWAMORI_(Japanese_liquor)_34400.html,"['17', '154', '324', '603', '7', '2', '29', '3']"
"EAU_DE_VIE_DE_FIGUE_(Fig_Brandy,_Tunisian)_33800.html","['0.05', '1733', '114', '108', '3.3', '74', '387', '3.1', '1.5', '0.15', '<0.05', '0.75', '<0.05', '0.05', '0.05', '18.1', '0.14', '60', '2.91', '0.09', '2.4', '55', -1, '1018', '4.11', '3.37', '2.32', '3.87', '0.25', '3.29', -1, '6.01', '2.07', '0.32', '1.02', '2', '885', '2.09', '0.41', '0.05', '608', '0.12', '0.75', '<0.05', '0.1', '3.05', '0.08', '8', '0.14', '6.7', '0.29', '3', '0.11', -1, '<0.05', '0.5', '0.13', '0.4', '0.5', '8.2', '9.7', '0.82', '0.05', '20', '<0.05', '0.19', -1, '17.4', '3.1', '1.1']"
ARBUTUS_DISTILLATE_(Portuguese_brandy)_34000.html,"[-1, -1, '3541.46\xa0—\xa05211.96', '361500\xa0—\xa0640000', '50.372\xa0—\xa0118.734', '153.172\xa0—\xa0441.012', '0.514\xa0—\xa06.682', '5.14\xa0—\xa014.392', '88.408\xa0—\xa0351.576', '262.14\xa0—\xa0929.312', '0.9766\xa0—\xa012.336', '1.1822\xa0—\xa09.252', '0.1028\xa0—\xa01.028', '0.3084\xa0—\xa02.57', -1, '0.1542\xa0—\xa01.028', '0.1028\xa0—\xa01.3364', -1, '0.1028\xa0—\xa03.1868', '5.397\xa0—\xa015.934', '1.2336\xa0—\xa018.504', -1, -1, -1, '124.902\xa0—\xa01639.66', -1, -1, '139.294\xa0—\xa04569.46', '425.592\xa0—\xa014427.98', '2.1588\xa0—\xa045.746', '0.514\xa0—\xa03.2896', '0.1028\xa0—\xa01.3364', '1.799\xa0—\xa0102.8', '0.7196\xa0—\xa014.392', '2.8784\xa0—\xa029.555', '2.6728\xa0—\xa025.7', '1.0794\xa0—\xa012.85', '0.3084\xa0—\xa08.224', '0.3598\xa0—\xa027.242', '0.0514\xa0—\xa019.789', '0.0514\xa0—\xa03.4952', '0.3598\xa0—\xa09.766', -1, -1, '115.65\xa0—\xa0693.9', -1, -1, -1, '0.1028\xa0—\xa00.6168', '6.682\xa0—\xa047.802', -1, -1]"
BLACKBERRY_BRANDY_20100.html,"['320', 'Present', '8.8', '7.2', -1, -1, '19', '2.4', '0.8', '48', '0.16', '0.6', '0.8', '1.2', '0.7', '4.7', '15']"
PEAR_BRANDY_10900.html,"[-1, '4300\xa0—\xa09300', 'Present', '100\xa0—\xa01915', -1, '50', '101\xa0—\xa0468', '84\xa0—\xa0192', '64\xa0—\xa0170', '58.87\xa0—\xa0148', '235.5\xa0—\xa0478', '2\xa0—\xa02.4', 'trace', '44\xa0—\xa0179', 'trace', 'trace', -1, -1, '1\xa0—\xa01.2', -1, -1, 'trace', -1, 'trace', 'trace\xa0—\xa00.297', 'trace', '0.56\xa0—\xa012', 'trace', '34.99\xa0—\xa068', '2', '1', '1', -1, '0.156\xa0—\xa00.456', '0.411\xa0—\xa00.654', '0.137\xa0—\xa00.415', '0.018\xa0—\xa00.0729', -1, '0.012\xa0—\xa00.069', '0.0013\xa0—\xa00.0177', -1, '0.002\xa0—\xa00.0669', 'trace\xa0—\xa01.2', '0.0069\xa0—\xa00.01', '0.018\xa0—\xa01.05', '1.6\xa0—\xa02', '2', '2', '0.039\xa0—\xa00.5', '0.0049\xa0—\xa00.0175', -1, '0.028\xa0—\xa00.473', -1, -1, '40.9\xa0—\xa051.4', -1, '1.064\xa0—\xa01.87', -1, '7.074\xa0—\xa021.39', '3.304\xa0—\xa03.869', -1, -1, '1.689\xa0—\xa010.8', -1, -1, 'trace\xa0—\xa06', '80\xa0—\xa0132', '236\xa0—\xa06259', '6', '11', -1, '0.522\xa0—\xa02.8', '1.38\xa0—\xa02', 'trace\xa0—\xa00.408', '2.4\xa0—\xa03', '0.011\xa0—\xa00.333', '136\xa0—\xa0180', '<1.2\xa0—\xa02', 'trace\xa0—\xa01.319', '0.36\xa0—\xa00.904', '0.372\xa0—\xa00.376', '0.0054\xa0—\xa00.013', 'trace', '2', '0.602\xa0—\xa01.49', 'trace', 'trace', 'trace', '2\xa0—\xa04', 'trace', 'trace', -1, '7', 'trace', 'trace', '4\xa0—\xa06', 'trace', 'trace', '1\xa0—\xa01.2', 'trace', '5', '25', '8', '4.739\xa0—\xa0109', '2.483\xa0—\xa035.5', -1, -1, -1, -1, -1, -1, -1, -1, '1.6\xa0—\xa02', -1, -1, -1, -1, -1, -1, 'trace', -1, -1, -1, 'trace', -1, -1, -1, -1, 'trace\xa0—\xa01.2', 'trace', 'trace', '0.0084\xa0—\xa00.0377', '0.0072\xa0—\xa00.0166', '0.0044\xa0—\xa00.046', '0.0073\xa0—\xa00.0282', -1, -1, '12.29\xa0—\xa044', -1, '3', -1, -1, -1, -1, -1, -1, '0.0036\xa0—\xa00.0105', -1, '0.142\xa0—\xa00.3', '0.0282\xa0—\xa00.118', '0.006\xa0—\xa00.0411', '0.0099\xa0—\xa00.11', '0.0899\xa0—\xa00.175', -1, -1, '7', -1, -1, -1, -1, 'trace\xa0—\xa01.2', 'trace\xa0—\xa01.2']"
BOURBON_WHISKY_6610.html,"[-1, -1, -1, -1, -1, '0.002\xa0—\xa00.007', 'trace\xa0—\xa00.0008', 'trace\xa0—\xa00.0003', '60\xa0—\xa0106', '78\xa0—\xa0169', '<0.8', '225\xa0—\xa0556', '2.8\xa0—\xa01404', -1, '360\xa0—\xa01390', '772\xa0—\xa01685', '<0.8\xa0—\xa04433', '<0.8', '1.2', -1, '0.7\xa0—\xa00.8', '0.04\xa0—\xa00.8', '0.1', -1, '1.8\xa0—\xa039', '5.7\xa0—\xa0104', '<0.4\xa0—\xa02.4', '1.62', '0.233\xa0—\xa013.8', '<0.8', '0.04', -1, '0.342\xa0—\xa08.3', -1, -1, '0.009\xa0—\xa00.012', '0.0024', '0.0009', '0.0018', '0.039', '<0.8', '0.94\xa0—\xa03.06', '1.9\xa0—\xa04.44', '1.4', '2.7', '<0.8\xa0—\xa010', '0.6\xa0—\xa01.7', -1, '0.032\xa0—\xa01', -1, '<0.01', -1, -1, '0.009\xa0—\xa00.011', -1, -1, '297\xa0—\xa0581', '1.4\xa0—\xa06.3', '0.6\xa0—\xa02.9', '1.7\xa0—\xa015.7', -1, '1.1\xa0—\xa010.9', '<0.1\xa0—\xa00.9', '1.9\xa0—\xa016.7', '0.2\xa0—\xa00.9', '3.7\xa0—\xa023', '<0.1\xa0—\xa00.5', '6.8\xa0—\xa023.8', '2.3\xa0—\xa08.3', '2.7', '0.1', '3.8', '0.8', '0.5', '1.1', '0.05', '0.6', '1.3', '2.1', -1, '7.95', '12', '8', '0.1', '0.1', '<0.8', '139\xa0—\xa0764', -1, '0.3', '1.1\xa0—\xa05.1', '<0.4\xa0—\xa00.8', '<0.8', '0.3\xa0—\xa02.3', '0.793\xa0—\xa01', -1, '0.134\xa0—\xa00.143', '2.3', 'trace\xa0—\xa0174', '<0.8', '<0.8', '0.551\xa0—\xa01', '0.01\xa0—\xa00.03', '0.051\xa0—\xa00.052', '0.5', -1, '0.2', '1.2\xa0—\xa05', '0.7\xa0—\xa00.8', '<0.8', '3.4\xa0—\xa016.2', '0.5\xa0—\xa00.8', -1, '5.2\xa0—\xa028.5', '<0.4\xa0—\xa00.8', '0.9', '0.8', '2.1\xa0—\xa012.4', '0.8\xa0—\xa07.8', -1, '0.3\xa0—\xa06.2', 'trace\xa0—\xa01.2', -1, '0.2', -1, '0.8\xa0—\xa01', -1, -1, '0.0017', -1, '1.4\xa0—\xa04.2', '0.39\xa0—\xa03.88', '0.337\xa0—\xa03.8', '0.12', -1, '0.0016', -1, -1, -1, -1, -1, -1, '10\xa0—\xa048', -1, -1, '<0.8', -1, -1, '0.39', '0.056\xa0—\xa00.09', -1, '0.059\xa0—\xa00.36', '0.194\xa0—\xa00.24', '2.97', '2\xa0—\xa011.6', '<0.8', '1.4', -1, '0.57']"
APRICOT_BRANDY_34600.html,"[-1, -1, -1, -1, -1, -1, -1, -1, -1, -1, -1, -1]"
EAU_DE_VIE_DE_CIDRE_(Apple_Brandy)_33900.html,"['361.2\xa0—\xa0736.8', '88.8\xa0—\xa0998', '58\xa0—\xa0566.8', '29.6\xa0—\xa0162', '2\xa0—\xa0672.4', '71.2\xa0—\xa0237.2', '217.2\xa0—\xa01373.2', '38.4\xa0—\xa0102.8', '0\xa0—\xa02', '2\xa0—\xa031.9', '96\xa0—\xa01596', '26.8\xa0—\xa0816', '0\xa0—\xa023.2', '0\xa0—\xa040.2', '0\xa0—\xa06.1', '0\xa0—\xa041.4', '0\xa0—\xa08.5', '0\xa0—\xa068.4', '0\xa0—\xa02.4']"
FINNISH_WHISKY_6670.html,"['95\xa0—\xa0117', '1.5\xa0—\xa016', '0.5\xa0—\xa01', '0.4\xa0—\xa00.6', '0.8', '<0.1', '0.3\xa0—\xa01.2', '0.3', '3.2\xa0—\xa03.5', '0.2', '2.7\xa0—\xa03.8', '1.4\xa0—\xa01.9', -1, -1, -1, -1, -1, -1, '0.003\xa0—\xa00.033', '0.0001\xa0—\xa00.002', '0.0001\xa0—\xa00.0006', -1, '0.00004\xa0—\xa00.0004', -1, -1, '0.00004\xa0—\xa00.0005', '0.00004\xa0—\xa00.0002', -1, '0.00005\xa0—\xa00.0002', -1, -1, -1, -1, -1, '0.01', -1, '0.001', '0.007', -1, -1, '0.007', -1, -1, -1, -1]"
MULBERRY_SPIRIT_(Mouro)_26700.html,"['377\xa0—\xa0775', 'Present', '20\xa0—\xa0189', '6.9\xa0—\xa052', '95\xa0—\xa0207', '457\xa0—\xa0718', '0\xa0—\xa03.7', '0\xa0—\xa00.3', '0\xa0—\xa00.3', '0\xa0—\xa00.6', '0\xa0—\xa052', '99\xa0—\xa0337', '0\xa0—\xa013', '0\xa0—\xa01.8', '0\xa0—\xa03.9', '0.08\xa0—\xa07.6', '0\xa0—\xa02.9', '0\xa0—\xa04.8', '0\xa0—\xa04.9', '28\xa0—\xa04379', '0\xa0—\xa02.9', '0\xa0—\xa04.4', '0\xa0—\xa0224', '0.4\xa0—\xa02.3', '3\xa0—\xa08.8', '3.1\xa0—\xa08.7', '0\xa0—\xa00.3', '2.3\xa0—\xa0305']"
APPLE_BRANDY_(unkn._type)_11001.html,"['203.31\xa0—\xa0679.44', '371000\xa0—\xa0456000', '92.25\xa0—\xa0400.53', '0.83\xa0—\xa02.36', '5.83\xa0—\xa0115.43', '110.55\xa0—\xa0180.73', '4.03\xa0—\xa080.3', '119.29\xa0—\xa0288.58', '594.17\xa0—\xa01159.22', '0\xa0—\xa00.33', '0\xa0—\xa00.39', '8.38\xa0—\xa061.29', '0.22\xa0—\xa02.01', -1, '0\xa0—\xa01.78', '0\xa0—\xa00.36', '0\xa0—\xa00.74', '0\xa0—\xa00.5', '13.7\xa0—\xa0151.42', '11.6\xa0—\xa0113.31', '0\xa0—\xa02.45', -1, -1, -1, -1, -1, -1, '198.23\xa0—\xa0744.18', -1, '1.23\xa0—\xa09.06', '0\xa0—\xa00.96', '0.9\xa0—\xa04.14', '18.32\xa0—\xa0267.56', '0.61\xa0—\xa02.08', -1, -1, '0.23\xa0—\xa00.77', '1.32\xa0—\xa03.19', '3.03\xa0—\xa015.36', '1.92\xa0—\xa012.82', '0.97\xa0—\xa04.16', '0.42\xa0—\xa01.69', '0.39\xa0—\xa01.48', '0.59\xa0—\xa06.82', '4.69\xa0—\xa060.82', '0.09\xa0—\xa09.58', '1.65\xa0—\xa049.08', '0.99\xa0—\xa02.67', -1, '1\xa0—\xa0151.42']"
SCOTCH_BLENDED_WHISKY_6640.html,"[-1, -1, -1, '<20\xa0—\xa072', -1, -1, '128\xa0—\xa0260', '1.7', '0.8', '236\xa0—\xa0472', '1.2\xa0—\xa04', '0.42\xa0—\xa06.4', '40\xa0—\xa0276', '112\xa0—\xa0664', '<0.8', 'trace', '0.2\xa0—\xa01.6', '<0.08\xa0—\xa00.8', '<0.08\xa0—\xa00.8', '<0.08\xa0—\xa00.3', '0.2\xa0—\xa06', '0.1\xa0—\xa06', -1, '4.3\xa0—\xa031.6', '18\xa0—\xa080', '2', -1, '1.6\xa0—\xa08', '<0.8', '<0.3', '<0.3\xa0—\xa04.5', '0.2\xa0—\xa00.3', -1, -1, -1, '<0.8', '0\xa0—\xa00.15', '0\xa0—\xa02.1', '0\xa0—\xa04', '0.41\xa0—\xa010', -1, '0.06\xa0—\xa00.8', '<0.001\xa0—\xa00.04', -1, -1, -1, -1, '1.2\xa0—\xa0183', '0.04\xa0—\xa02.7', '0.03\xa0—\xa07.7', '0.01\xa0—\xa02.7', -1, '0.04\xa0—\xa09.9', '0.1\xa0—\xa00.5', '0.04\xa0—\xa08.4', '0.004\xa0—\xa00.3', '0.4\xa0—\xa046.6', '0.04\xa0—\xa01.3', '1.6\xa0—\xa051.5', '0.03\xa0—\xa00.4', '1.2\xa0—\xa025.4', '0.01\xa0—\xa00.24', '0.2\xa0—\xa03.1', '0.02\xa0—\xa00.2', '0.8\xa0—\xa02.7', '0.2\xa0—\xa03.1', -1, -1, '0.1\xa0—\xa00.5', '0.2\xa0—\xa00.8', '0.1\xa0—\xa00.8', '0\xa0—\xa00.8', '0\xa0—\xa00.8', '0.8\xa0—\xa06.1', '0\xa0—\xa01.5', '2.38', 'trace', '5', '4\xa0—\xa04.4', '0.03', '0.02\xa0—\xa00.075', '2.4', '82\xa0—\xa0247', -1, '0.2\xa0—\xa01.2', -1, -1, '1.6\xa0—\xa08', '<0.4\xa0—\xa00.8', '0.3\xa0—\xa06.4', '0.4\xa0—\xa06', -1, '<0.08\xa0—\xa00.1', 'trace\xa0—\xa060', '<0.8', '<0.8', '0.1\xa0—\xa01.2', -1, -1, -1, '0.1', -1, '0.001', '<0.4\xa0—\xa02', '0.1\xa0—\xa00.8', -1, '<0.8', '2.4\xa0—\xa011.6', '0.2\xa0—\xa01.6', '<0.8', '4.8\xa0—\xa032', -1, '0\xa0—\xa01.6', '0.1\xa0—\xa00.3', -1, '<0.8', '3.6\xa0—\xa035.6', -1, '0.6\xa0—\xa05.2', '0.2\xa0—\xa016.8', '1.9\xa0—\xa05.5', '0.05', '0.1', '0.1', 'trace\xa0—\xa00.8', -1, -1, '<0.04\xa0—\xa00.2', -1, -1, -1, -1, -1, -1, -1, -1, -1, -1, -1, -1, -1, -1, -1, -1, '0.005\xa0—\xa00.079', '0.0007\xa0—\xa00.004', '0.024\xa0—\xa00.05', '<0.0007\xa0—\xa00.0032', '<0.0005\xa0—\xa00.0073', '<0.0001\xa0—\xa00.0007', -1, -1, '11.5\xa0—\xa032', -1, -1, -1, -1, -1, '<0.8', -1, -1, -1, -1, -1, -1, -1, -1, '0.1\xa0—\xa00.2', '0.08\xa0—\xa00.09', '0.03\xa0—\xa00.04', '0.05', '0.04\xa0—\xa00.05', -1, '0.1\xa0—\xa00.12', -1, '0.03\xa0—\xa00.04', '0.1', '1.1\xa0—\xa030', '<0.8', '2.6\xa0—\xa010.1', -1, -1, -1, -1, -1, -1, -1, -1]"
COGNAC_(French_brandy)_6401.html,"['trace', -1, -1, '0.01', '40.85\xa0—\xa0290', 'Present', '0.06', '18\xa0—\xa0450', -1, '0\xa0—\xa04', -1, -1, '0.34\xa0—\xa01.6', '28\xa0—\xa0720', 'trace\xa0—\xa013', 'trace\xa0—\xa050', '25\xa0—\xa0461.78', '125\xa0—\xa02500', -1, '0.04\xa0—\xa00.8', '0.03', -1, '0.04\xa0—\xa00.48', -1, 'trace', '0\xa0—\xa0110', -1, -1, '0.04\xa0—\xa00.8', -1, -1, '1.18\xa0—\xa03.2', -1, '1.11', '0.04', 'trace\xa0—\xa00.9', '0.17\xa0—\xa00.5', -1, -1, -1, '0.01', -1, '0.19', '0.04\xa0—\xa00.8', -1, -1, -1, '0.1', -1, -1, -1, '0.05', -1, -1, '0.08\xa0—\xa00.3', -1, -1, -1, -1, -1, -1, 'trace', -1, '0.15', -1, -1, -1, '0\xa0—\xa00.3', -1, '0.2\xa0—\xa00.9', '1.8\xa0—\xa02.9', -1, -1, -1, '0.02\xa0—\xa00.8', -1, -1, '6\xa0—\xa0180', -1, -1, '0.12\xa0—\xa00.8', -1, -1, -1, '0.02', -1, -1, -1, -1, -1, -1, -1, -1, -1, -1, -1, -1, '8\xa0—\xa0155.6', -1, '0.04\xa0—\xa02', '0.2\xa0—\xa04.8', '4.86\xa0—\xa023', -1, -1, -1, -1, -1, '0.35\xa0—\xa00.39', '0.205\xa0—\xa03.14', -1, -1, '0.013\xa0—\xa00.075', -1, -1, '0.064\xa0—\xa00.214', -1, '0.002\xa0—\xa00.007', -1, -1, '0.001\xa0—\xa00.004', -1, -1, '0.004\xa0—\xa00.016', -1, '0.009', -1, '0.004\xa0—\xa00.026', -1, '0.001\xa0—\xa00.002', '0.003\xa0—\xa00.038', -1, -1, '0.28\xa0—\xa00.8', -1, -1, -1, -1, -1, -1, -1, '0\xa0—\xa00.15', '0.18\xa0—\xa04.4', '0.54\xa0—\xa06.85', -1, -1, '0.19\xa0—\xa08.5', '2.2\xa0—\xa05.2', -1, -1, -1, -1, '0.3\xa0—\xa04', '0.3\xa0—\xa01.2', -1, '0.14', -1, '0\xa0—\xa03.59', -1, '0.02', '0\xa0—\xa01.3', '0.06', -1, -1, -1, '<0.006\xa0—\xa00.012', '0.02', -1, '0.018\xa0—\xa00.5', -1, -1, -1, -1, -1, '0.013\xa0—\xa00.45', -1, -1, -1, '0.002\xa0—\xa00.16', -1, '0.003\xa0—\xa00.024', '0.0005\xa0—\xa00.06', -1, '0.01', -1, -1, -1, -1, -1, -1, -1, '0.03\xa0—\xa00.33', -1, -1, -1, -1, -1, '0.2', '0.4', -1, -1, -1, -1, '0.14', -1, -1, -1, -1, -1, -1, -1, -1, -1, -1, '14.3\xa0—\xa0167.5', '10\xa0—\xa0414.3', '7\xa0—\xa010', '8', -1, '8', -1, -1, -1, '7', 'trace\xa0—\xa03', '2\xa0—\xa022', -1, 'trace', '37\xa0—\xa0112', 'trace\xa0—\xa01', '39\xa0—\xa0100', 'trace', '12\xa0—\xa028', 'trace\xa0—\xa02', '4', 'trace', '2\xa0—\xa07', '1', -1, 'trace', '0.4\xa0—\xa03', '0.3\xa0—\xa01.2', '0\xa0—\xa03', '0.3', -1, -1, '0.06', '0\xa0—\xa00.75', '0.2\xa0—\xa05.3', '3.23\xa0—\xa017.1', '0.6\xa0—\xa02.8', '0.023', '6.3', -1, '0.1\xa0—\xa00.2', '0.3\xa0—\xa05.2', '0.2', '0.18\xa0—\xa01', '0.18\xa0—\xa014.84', -1, '0\xa0—\xa033.4', '0.43', -1, -1, -1, -1, '0\xa0—\xa01.6', '14\xa0—\xa0480', -1, '0.03', '0\xa0—\xa00.92', '0\xa0—\xa00.2', '0.2\xa0—\xa07.44', '0.22', -1, '0.45\xa0—\xa010', -1, '0\xa0—\xa03', -1, -1, -1, '0.4', -1, '0.17', -1, '0.006', -1, '0.2\xa0—\xa00.8', '0.3\xa0—\xa040', '0.01', '0.05', '0.541', -1, -1, '5.3\xa0—\xa0280', -1, '0.2', '0.8\xa0—\xa02.8', '0.06', -1, -1, 'trace\xa0—\xa00.5', '0.657\xa0—\xa02.8', -1, '0.01', -1, -1, -1, -1, '0.02', -1, 'trace\xa0—\xa00.24', -1, -1, 'trace\xa0—\xa00.36', -1, -1, -1, 'trace', '0.1\xa0—\xa00.106', '0.003\xa0—\xa00.013', -1, '0.12', '0.04', '0.7\xa0—\xa00.8', '0.3\xa0—\xa06', -1, '0.4', -1, '0\xa0—\xa00.8', '0.09\xa0—\xa00.3', -1, -1, -1, -1, -1, '0.12', -1, '0\xa0—\xa00.16', -1, '0.2', '0\xa0—\xa00.16', '4\xa0—\xa039', -1, '0.01\xa0—\xa00.06', '0.05', '0.15\xa0—\xa00.8', '0.06', -1, 'trace\xa0—\xa00.8', -1, '0.02\xa0—\xa00.2', '5.86\xa0—\xa085', -1, 'trace\xa0—\xa00.08', '0.06', '0.2', '0.1\xa0—\xa04.93', -1, '0.04', '0.1\xa0—\xa00.2', -1, -1, -1, '0\xa0—\xa00.12', '2.3\xa0—\xa039', 'trace', -1, '0.01\xa0—\xa00.05', -1, 'trace\xa0—\xa00.08', '0.008\xa0—\xa06', '0.3', '0.05\xa0—\xa06.8', '0.2', -1, '0\xa0—\xa00.16', '0.1\xa0—\xa013', 'trace\xa0—\xa02', -1, '0.4\xa0—\xa00.7', '0.01\xa0—\xa02', -1, -1, '0.21\xa0—\xa010', -1, '2\xa0—\xa03', '0.07', -1, '0.05', '13\xa0—\xa016', 'trace', '0.93\xa0—\xa09', '0.01\xa0—\xa00.04', -1, '0.05\xa0—\xa00.12', -1, '0.2', -1, '0.2', -1, -1, '0.02', '0.02', -1, -1, '0.2', '0.04', -1, -1, -1, -1, -1, '0\xa0—\xa00.8', -1, -1, -1, -1, -1, -1, '0.2', '0.4\xa0—\xa04.2', '0.1\xa0—\xa01.2', '0.192\xa0—\xa02.6', '0.07', -1, -1, -1, -1, -1, -1, -1, -1, -1, -1, -1, -1, -1, -1, '0.001\xa0—\xa00.007', -1, '0.0004\xa0—\xa00.0016', -1, '0.03', '0.04', -1, -1, -1, -1, -1, -1, 'trace\xa0—\xa05.82', '34.23\xa0—\xa040.39', '0.58\xa0—\xa072', '0.02', -1, -1, -1, -1, '0.01\xa0—\xa00.46', -1, -1, -1, -1, -1, -1, -1, '0.04', -1, '0\xa0—\xa01.9', -1, '1.24\xa0—\xa01.7', -1, 'trace', -1, '0.13', '0.14\xa0—\xa00.2', '0.005', -1, '0.03', '0.01', -1, -1, -1, -1, -1, -1, -1, -1, '0.01\xa0—\xa00.06', 'trace\xa0—\xa00.02', 'trace\xa0—\xa00.02', 'trace', '0.03\xa0—\xa00.1', -1, -1, 'trace\xa0—\xa00.096', '0.043\xa0—\xa00.7', '0.048', -1, 'trace\xa0—\xa00.15', -1, -1, -1, -1, -1, -1, -1, -1, -1, -1, -1, -1, '0.01\xa0—\xa033', -1, '0.4\xa0—\xa01.6', '8\xa0—\xa037', -1, '0.0057', -1, '0.01\xa0—\xa01', -1, -1, -1, -1, -1, -1, '5\xa0—\xa014', -1, -1, '0.26', '0.1\xa0—\xa00.12', -1, -1, -1, -1, -1, -1, -1, -1, -1, -1, '0.01', -1, -1, -1, -1, -1, -1, '0.07\xa0—\xa00.8', '0.12\xa0—\xa00.8', -1, -1, -1, -1, -1, -1, -1, -1, -1, '0.02', '0.02']"
WEINBRAND_(German_brandy)_6403.html,"[-1, -1, '240\xa0—\xa02360', 'Present', '86\xa0—\xa05330', '1.2', '16\xa0—\xa0340', '1.2\xa0—\xa040', '0.06\xa0—\xa0200', '80\xa0—\xa0160', '310\xa0—\xa0840', '0.3\xa0—\xa01.2', '0.03', '0.02', '0.1\xa0—\xa00.8', -1, '5.2\xa0—\xa030', '0.05\xa0—\xa00.8', '0.3\xa0—\xa00.8', -1, '0.08', '0.1', '0.1', '0.2\xa0—\xa00.8', '0.009', -1, '0.2', -1, '0.05', -1, '0.07\xa0—\xa00.8', '0.3', -1, '0.02\xa0—\xa00.8', '1.6\xa0—\xa02.8', '0.2\xa0—\xa00.8', '0.04', '20\xa0—\xa0102', '<0.8', '<0.8', '0.4\xa0—\xa00.8', '4.2\xa0—\xa06', '0.3\xa0—\xa00.8', '0\xa0—\xa00.2', '0\xa0—\xa00.65', -1, '6', '0.6', '0.1', '0.6\xa0—\xa01', '0.2', '0.07', '0.3', -1, -1, '0.02', '0.03', -1, '0.003\xa0—\xa00.031', -1, '0\xa0—\xa00.15', -1, -1, -1, -1, '2.4\xa0—\xa022', '0\xa0—\xa00.8', '52\xa0—\xa0530', -1, '0.02', '0\xa0—\xa00.08', '0\xa0—\xa00.4', '0.08\xa0—\xa01', -1, '0.8\xa0—\xa04.4', 'trace\xa0—\xa00.8', -1, '0.08\xa0—\xa01.3', '0.4\xa0—\xa079', -1, -1, '0.01', '0.8\xa0—\xa088', -1, '0.2\xa0—\xa02.4', '0.04', -1, '0.02', '0.4\xa0—\xa05', '0.008', -1, '0.009', '0.04\xa0—\xa00.3', -1, -1, '0.2\xa0—\xa00.8', -1, '0.05', '0.068\xa0—\xa00.32', -1, -1, '0.04\xa0—\xa01.2', '1.2\xa0—\xa03.2', '0.01', 'trace\xa0—\xa00.8', '0.08', -1, -1, '0\xa0—\xa01.2', -1, '0\xa0—\xa00.3', '3.2\xa0—\xa022', -1, '0.04\xa0—\xa00.8', '0\xa0—\xa00.8', -1, '0\xa0—\xa00.1', '3.2\xa0—\xa019', '0.01', 'trace\xa0—\xa00.8', '0.08', -1, '0\xa0—\xa00.08', '1.2\xa0—\xa05.6', '0.03', '0\xa0—\xa00.08', '0.09\xa0—\xa01.2', '0.04', '0\xa0—\xa00.2', '0.08\xa0—\xa02.4', -1, '0.02', -1, -1, '1.6\xa0—\xa010', '0.02', '0.04', '0.3', '0.06', -1, '0.02', '0.1', '0.02', '0\xa0—\xa00.8', -1, '0.05', '0.05', '0.1', '0.1', -1, -1, -1, -1, -1, -1, -1, -1, -1, -1, '0.01', '0.02', '28', '0.02', '0.008', '0.009', -1, '<0.8\xa0—\xa02', '0.3', '0.2', '0.03', '0.01', '0.02', '0.02', -1, '0.2', -1, -1, '0.2\xa0—\xa04.3', '<0.8', -1, -1, '0.06', '0.03', '0.1\xa0—\xa00.8', '0.1\xa0—\xa00.8', -1, '0.2', '0.08']"
BRANDY_(by-product_from_Spanish_Holandas_brandy)_6409.html,"['250\xa0—\xa0437', '83\xa0—\xa0137', '61\xa0—\xa0120', '4\xa0—\xa09', '0\xa0—\xa08', '312\xa0—\xa0531', '157\xa0—\xa0226', '3\xa0—\xa08.8']"
RUM_Category_II_(total_volatiles_1100-3600_ppm)_6520.html,"['0.25', '0.08\xa0—\xa025', '7.5\xa0—\xa01216', '12\xa0—\xa0380', '10', '3\xa0—\xa0120', 'trace\xa0—\xa0225', 'trace\xa0—\xa0968', '0.2', '2.5', '0.5', '0.1', '2.5', '0.02', '0.5', '0.5', '0.5\xa0—\xa072', '0.01', '0.25', '1.5', '1.8', '2', '0.25\xa0—\xa09.6', '0.4\xa0—\xa019.9', '0.1\xa0—\xa01', '0.3\xa0—\xa01.1', '0.25', '0.2\xa0—\xa01.5', '0.03', '5', '0.03\xa0—\xa04.4', '1.2', '7', '7.5', '0.3', '0.01', '3.5\xa0—\xa07.5', '1.1\xa0—\xa01.5', '0.2', '0.7\xa0—\xa00.9', '0.15', '1.8\xa0—\xa07.5', '0.6', '0.7', '1.8', '0.09\xa0—\xa07.5', '0.09', '1.1\xa0—\xa015', '0.08\xa0—\xa02.5', '0.5', '0.03', '7.5', '0.06', '0.6', '0.4', '0.02\xa0—\xa00.85', '0.4\xa0—\xa04.2', '1.7\xa0—\xa018', '0.1\xa0—\xa01.2', '0.02\xa0—\xa00.4', '10', '2', '132\xa0—\xa01800', '0.5', '0.01', '1.5', 'trace\xa0—\xa010', '1', '1', '50', '0.2', '0.5', '0.1', '8', '10\xa0—\xa052', '220', '0.03', '1.5', '2.5', '2.5', '40', '0.5', 'trace\xa0—\xa040', '1', '2.5', '1.2', '0.1', '0.6\xa0—\xa015', '1', '0.1', '0.3', '0.2', '1.2\xa0—\xa025', '0.15', '1', '0.2', '0.1', '0.1', '1.2\xa0—\xa015', '1', '0.1', '1\xa0—\xa06', '0.2', '0.8', '0.3', '4\xa0—\xa050', '0.05', '1', '1.5\xa0—\xa01.6', '0.05', '0.5', '8', '50', '2', '0.8', '1', '0.5', '0.15', '0.3', '0.5', '0.01', '0.02', '0.02', '0.02', '0.02', '0.02', '0.5', '0.8', '1.5', '0.25', '0.1', '0.2', '0.1', '0.1', '0.1', '0.8', '0.3', '320', '1.2', '1.5', '0.5', '2.5', '10', '0.5', '0.25', '2.5', '5', '1.5', '0.5', '2.3', '7.5', '0.08', '1.2', '0.25', '0.5', '0.1', '1.3', '6', '1', '0.1', '5', '0.1', '0.1', '0.5', '0.8', '0.1', '0.1', '2.5', '13', '5', '4', '0.1', '0.1', '0.25', '0.8', '0.25', '0.1', '0.25', '0.05', '0\xa0—\xa00.19', '0\xa0—\xa00.07', '0.001\xa0—\xa00.04', 'trace\xa0—\xa00.2', '0.25\xa0—\xa02', '0.1\xa0—\xa00.8', '0.05', '0.02\xa0—\xa01.3', '0\xa0—\xa00.8', '0.08\xa0—\xa01.4', '0.08', '0.05', 'trace\xa0—\xa025', '1.2', '5', '1.2', '0.4', '0.3', '0.1']"
EAU_DE_VIE_6405.html,"[-1, -1, -1, -1, -1, -1, -1, -1, '600\xa0—\xa0770', '88\xa0—\xa0603', -1, -1, -1, -1, '5.8\xa0—\xa012.2', -1, '1.46\xa0—\xa02.32', -1, -1, -1, -1, -1, -1, -1, -1, -1, -1, -1, -1, -1, -1, '0.37\xa0—\xa00.649', -1, '0.17\xa0—\xa00.511', -1, '7.2\xa0—\xa018.5', -1, -1, -1, -1, -1, -1, -1, -1, -1, -1, -1, -1, -1, -1, -1, -1, -1, -1, -1, -1, -1, -1, -1, -1, -1, -1, -1, -1, -1, -1, -1, -1, '0.191\xa0—\xa00.222', -1, -1, -1, -1, -1, -1, -1, -1, -1, -1, -1, -1, -1, -1, -1, '194\xa0—\xa0302', -1, -1, -1, -1, -1, -1, '0.364\xa0—\xa01.705', -1, -1, '0.64\xa0—\xa01.92', -1, -1, -1, -1, '2.5\xa0—\xa05.7', -1, -1, -1, -1, -1, -1, -1, -1, -1, -1, -1, -1, -1, -1, -1, -1, -1, -1, -1, -1, -1, -1, -1, -1, -1, -1, -1, -1, -1, -1, -1, '0\xa0—\xa00.0068', '0\xa0—\xa00.0004', '0\xa0—\xa00.0016', 'trace', '0.013\xa0—\xa00.017', '0\xa0—\xa00.0008', '0.0084\xa0—\xa00.039', '0.029\xa0—\xa00.2', '0\xa0—\xa00.004', '0.0024\xa0—\xa00.049', '0.002\xa0—\xa00.014', '0\xa0—\xa00.0052', 'trace', '0\xa0—\xa00.036', '0\xa0—\xa039', '0.0056\xa0—\xa00.012', -1, '0.48\xa0—\xa00.49', -1, '0.14\xa0—\xa00.23', '0.0052\xa0—\xa00.0068', '0.01\xa0—\xa00.021', -1, -1, -1, -1, -1, -1, -1, -1, -1, -1, -1, -1]"
"PISCO_(Peruvian_brandy,_aromatic)_6410.html","[-1, -1, -1, -1, -1, -1, -1, -1, -1, -1, -1, -1, -1, -1, -1, -1, -1, -1, -1, -1, -1, -1, -1]"
SCOTCH_WHISKY_6680.html,"['32\xa0—\xa068', '91\xa0—\xa0303', '0.8\xa0—\xa02.4', '248\xa0—\xa0416', '0.4\xa0—\xa0537', '24\xa0—\xa0268', '60\xa0—\xa0604', '494\xa0—\xa0566', '0.28\xa0—\xa01.2', '0.03', '0.05', '0.1', '0.06', '0.91', '0.54', '0.03', '3.28\xa0—\xa024.8', '15\xa0—\xa035.2', '0.4\xa0—\xa01.6', '0\xa0—\xa02.4', '0.07', '0.15\xa0—\xa00.2', '0.8\xa0—\xa02.05', '1.7\xa0—\xa07.7', '6\xa0—\xa018', '0.03', '0.55\xa0—\xa00.8', '0.4\xa0—\xa00.8', '0.8\xa0—\xa02.4', '0.06', '4.4\xa0—\xa04.8', '50\xa0—\xa0206', '0.24', '0.8\xa0—\xa08.4', '0\xa0—\xa00.4', '0.03', '0.11', '0.05', '0.4\xa0—\xa04', '0.4\xa0—\xa04.4', '1.2\xa0—\xa021.6', '0.01', '0.37\xa0—\xa01.6', '0.03', '0.8\xa0—\xa010.8', '0.03', '0.08', '0.04', '0.05', '1.6\xa0—\xa028.4', '0.06', '0.08', '0\xa0—\xa01.2', '0.06', '0.21', '1.2\xa0—\xa021.6', '0.02', '0.04', '0.4\xa0—\xa02', -1, '0.51\xa0—\xa09.2', '0.62', '0.04', '0.07', '0.3\xa0—\xa00.8', '0.11', -1, '14.8\xa0—\xa033', '0.04', '0.03', '0.04', '0.03', '1.2\xa0—\xa010', -1, '0.05', -1]"
BRANDY_(unknown_type)_6413.html,"['126', '16.2', '60', '126', '81', '300', '2.7', '0.4', '9.8', '43.5', '0.6', '0.35', '1.4', '0.8', -1, -1, -1, -1, -1, -1, '100', '0.9', '65', '5', '2.5', '10', '15', '7.5', '1.6', '2', '5', -1, -1, '5.2', -1, -1]"
IRISH_WHISKY_6620.html,"['15\xa0—\xa056', '144\xa0—\xa0236', '248\xa0—\xa0464', '<0.8\xa0—\xa03.6', '48\xa0—\xa0316', '112\xa0—\xa0852', '<0.8', '0.65\xa0—\xa02.4', '0.45\xa0—\xa00.8', '<0.8', '0.006', '0.005', '0.01', '0.65\xa0—\xa03.2', '12\xa0—\xa056', '<0.8', '0.5\xa0—\xa00.7', '1.1\xa0—\xa01.6', '<0.8', '0.2', '0.03', -1, -1, '112', '0.6\xa0—\xa01.6', '0.2\xa0—\xa01.2', '0.2\xa0—\xa01.7', '0.3\xa0—\xa01.6', '<0.1\xa0—\xa00.4', '0.2\xa0—\xa01.8', '0.1', '0.2\xa0—\xa09.1', '<0.1\xa0—\xa00.4', '3\xa0—\xa020.7', '1.2\xa0—\xa06.3', '0.2\xa0—\xa00.5', '0.6\xa0—\xa00.8', '0.2\xa0—\xa00.3', '0.3\xa0—\xa00.4', '0.2\xa0—\xa00.3', '0.3\xa0—\xa00.4', '1.4\xa0—\xa03.4', '0.4\xa0—\xa00.7', 'trace', '1.6\xa0—\xa05.6', '0.01', '44\xa0—\xa0280', '0.12', '0.8\xa0—\xa05', '0.2\xa0—\xa02', '0.06\xa0—\xa00.8', '0.7', '1.8\xa0—\xa06.8', '<0.8', '<0.8', '0.2', '0.1', '0.005', '0\xa0—\xa01.2', '0.3\xa0—\xa00.8', '<0.8', '1.2\xa0—\xa07.5', '0.1\xa0—\xa00.8', '<0.8', '1.2\xa0—\xa023.9', '0.2\xa0—\xa00.8', '0.3', '<0.8\xa0—\xa015.2', '0.14\xa0—\xa02.6', '0.6\xa0—\xa02.4', '0\xa0—\xa02.5', '0.005', '0.3', '0.4', '0\xa0—\xa00.8', '0.7', '0.21', '0.58', '3.6\xa0—\xa015.2', '<0.8', '0.01', '0.01\xa0—\xa00.03', '0.02', '0.01\xa0—\xa00.06', '0.05\xa0—\xa00.06', '0.8\xa0—\xa013.6', '<0.8', '8.7']"
GRAPPA_6408.html,"['47200\xa0—\xa0296000', '9600\xa0—\xa031600', '15200\xa0—\xa040400', -1, '10000\xa0—\xa088000', '572\xa0—\xa0694', '288\xa0—\xa01529', -1, -1, -1, '11200\xa0—\xa058000', -1, -1, -1, -1, '44000\xa0—\xa0106800', '120\xa0—\xa01320', '0\xa0—\xa0480', '9200\xa0—\xa082000', '1320\xa0—\xa05200', '440\xa0—\xa01680', '640\xa0—\xa05600', -1, '200\xa0—\xa02800', '200\xa0—\xa02800', '80\xa0—\xa01640', '1080\xa0—\xa03720', -1, -1, -1, '0\xa0—\xa02560']"
"BRANDY_DE_JEREZ_(Solera_Reserva,_Spanish_brandy)_6416.html","[-1, -1, -1, -1, -1, -1, -1, -1, -1, '0.08\xa0—\xa00.51', '0.67\xa0—\xa04.89', -1, '0\xa0—\xa00.48', '0\xa0—\xa00.16', '0.22\xa0—\xa01.85', -1, '0.46\xa0—\xa04.42', '0\xa0—\xa01.17', -1, -1, -1, -1, -1, -1, -1, -1, -1, -1, '0\xa0—\xa02.1', '0\xa0—\xa00.08', -1, -1, -1, -1, -1]"
BAIJIU_(Fenjui)_29904.html,"['0.002\xa0\xa00.002', '0.006\xa0\xa00.006', '0.562\xa0\xa00.562', '5.47\xa0\xa05.47', '0.26\xa0\xa00.26', '0.013\xa0\xa00.013', '0.071\xa0\xa00.071', '0.0988\xa0\xa00.0988', '0.054\xa0\xa00.054', '0.043\xa0\xa00.043', '0.004\xa0\xa00.004', '0.009\xa0\xa00.009', '0.048\xa0\xa00.048', '0.123\xa0\xa00.123', '0.004\xa0\xa00.004', '0.004\xa0\xa00.004', '0.544\xa0\xa00.544', '0.658\xa0\xa00.658', '0.161\xa0\xa00.161', '14.9\xa0\xa014.9', '0.151\xa0\xa00.151', '0.019\xa0\xa00.019', '0.30\xa0\xa00.30', '0.285\xa0\xa00.285', '0.017\xa0\xa00.017', '0.003\xa0\xa00.003', '0.05\xa0\xa00.05', '0.061\xa0\xa00.061', '0.013\xa0\xa00.013', '0.497\xa0\xa00.497', '4.80\xa0\xa04.80', '0.004\xa0\xa00.004', '2.10\xa0\xa02.10', '0.047\xa0\xa00.047', '0.04\xa0\xa00.04', '0.014\xa0\xa00.014', 'present', '0.012\xa0\xa00.012', '0.018\xa0\xa00.018', '0.012\xa0\xa00.012', '0.007\xa0\xa00.007', '0.001\xa0\xa00.001', '0.970\xa0\xa00.970', '0.349\xa0\xa00.349', '0.148\xa0\xa00.148', '1.025\xa0\xa01.025', '0.918\xa0\xa00.918', '0.414\xa0\xa00.414', '0.006\xa0\xa00.006', '5.34\xa0\xa05.34', '0.147\xa0\xa00.147', '0.853\xa0\xa00.853', '0.330\xa0\xa00.330', '0.008\xa0\xa00.008', '0.001\xa0\xa00.001', '0.242\xa0\xa00.242', '0.001\xa0\xa00.001', '0.0624\xa0\xa00.0624', 'trace', '0.007\xa0\xa00.007', '0.021\xa0\xa00.021', '0.0335\xa0\xa00.0335', '0.0794\xa0\xa00.0794', '0.442\xa0\xa00.442', '0.151\xa0\xa00.151', '4.887\xa0\xa04.887', '0.002\xa0\xa00.002', '0.002\xa0\xa00.002', '0.143\xa0\xa00.143', '0.190\xa0\xa00.190', '0.0617\xa0\xa00.0617', '0.047\xa0\xa00.047', '0.121\xa0\xa00.121', '0.003\xa0\xa00.003', '0.025\xa0\xa00.025', '0.045\xa0\xa00.045', '0.011\xa0\xa00.011', 'present', '0.008\xa0\xa00.008', '0.025\xa0\xa00.025', '0.036\xa0\xa00.036', '0.185\xa0\xa00.185', '0.011\xa0\xa00.011', '0.024\xa0\xa00.024', '0.0004\xa0\xa00.0004', '0.044\xa0\xa00.044', '0.038\xa0\xa00.038', '0.284\xa0\xa00.284', '0.005\xa0\xa00.005', '0.073\xa0\xa00.073', 'present', '0.028\xa0\xa00.028', '0.055\xa0\xa00.055', '0.006\xa0\xa00.006', '0.109\xa0\xa00.109', '0.021\xa0\xa00.021', '9.186\xa0\xa09.186', '0.042\xa0\xa00.042', '0.042\xa0\xa00.042', '0.046\xa0\xa00.046', '0.077\xa0\xa00.077', '0.041\xa0\xa00.041', '0.002\xa0\xa00.002']"
CANADIAN_WHISKY_6650.html,"['48\xa0—\xa060', 'trace\xa0—\xa030', '48\xa0—\xa080', '<0.4\xa0—\xa00.8', '47\xa0—\xa0109', '96\xa0—\xa0237', '<0.8', '0.3\xa0—\xa00.8', '0.05\xa0—\xa00.8', '<0.8', '0.001', '0.05', '0.04', '1.8\xa0—\xa08', '13\xa0—\xa026', '<0.4\xa0—\xa00.8', '5.5', '3', '<0.8', '0.38\xa0—\xa04.3', '1.14\xa0—\xa08.7', '0.04\xa0—\xa01.02', '0.65\xa0—\xa00.95', '<0.8\xa0—\xa05', '0.02\xa0—\xa00.5', '<0.01', -1, -1, '138', '0.5', '0.2', '0.3', '0.2', '<0.1', '0.3', '<0.1', '0.2', '<0.1', '0.3', '0.2', '0.27', '0.21\xa0—\xa00.62', '0.57\xa0—\xa02.93', '0.98\xa0—\xa01.08', 'trace', '6', '4.4\xa0—\xa06', '<0.05\xa0—\xa00.15', '65\xa0—\xa0180', '0.05', '0.3\xa0—\xa00.8', '0.2\xa0—\xa00.8', '0.04\xa0—\xa00.8', '0.6', '1.2\xa0—\xa016', '0.2', '0.01', '0.003', '0.3\xa0—\xa00.8', '0.1', '<0.4\xa0—\xa01', '0.02', '<0.8', '0.9\xa0—\xa01.6', '0.2\xa0—\xa00.8', '0.09', '0.5\xa0—\xa01.2', '0.3\xa0—\xa00.8', '1.2\xa0—\xa01.8', '0.01\xa0—\xa00.8', '0.01', '0.3', '0.03', '<0.4\xa0—\xa00.8', '0.9', '0.07', '0.95', '9.6\xa0—\xa026', '<0.8', 'trace', 'trace', 'trace', 'trace', '0.05\xa0—\xa00.1', '0.01', '0.03\xa0—\xa00.08', '0.05', '0.2\xa0—\xa00.8', '0.5', '0.83']"
HOLANDAS_(Spanish_brandy)_6407.html,"['348\xa0—\xa0389', '159\xa0—\xa0169', '197\xa0—\xa0204', '11\xa0—\xa015', '1020\xa0—\xa01083', '205\xa0—\xa0312', '2.2\xa0—\xa06']"
BAIJIU_(Chixiang_Aroma)_29901.html,[]
"BRANDY_DE_JEREZ(Sol._Gran_Reserva,_Spanish_brandy)_6417.html","[-1, -1, -1, -1, -1, -1, -1, -1, -1, '0.2\xa0—\xa00.98', '2.53\xa0—\xa04.87', -1, '0.1\xa0—\xa00.35', '0\xa0—\xa00.29', '1.3\xa0—\xa02.9', -1, '0.07\xa0—\xa07.24', '0\xa0—\xa00.88', -1, -1, -1, -1, -1, -1, -1, -1, -1, -1, '0.91\xa0—\xa05.68', '0\xa0—\xa00.29', -1, -1, -1, -1, -1]"
GIN_12100.html,"[-1, -1, -1, -1, -1, -1, -1, -1, -1, -1, -1, -1, -1, -1, -1, -1, -1, -1, -1, -1, -1, -1, -1, -1, -1, -1, '76', 'Present', '1.2', '1.6', -1, -1, -1, -1, -1, -1, -1, -1, -1, -1, -1, -1, -1, -1, '4', -1, -1, -1, -1, '1.6', -1, '1.6', -1, 'trace', -1, -1, -1, -1, 'trace', 'trace', -1, -1, -1, -1, -1, -1]"
AYU_(raw)_5513.html,"[-1, -1, -1, -1, -1, -1, -1, -1, -1, -1, -1, -1, -1, -1, -1, -1, -1, -1]"
RED_ALGAE_(laurencia_subopposita)_16318.html,"[-1, -1, -1, -1]"
"KELP_(Laminaria_angustata,_brown_algae)_11710.html","['0.0801\xa0—\xa00.59', '0.0004', '3.51', '0.09', '0.0402', '0.0022', '0.0008', '0.0067', '0.8', '0.06', '0.0042', '0.0009', '0.21', '0.0042\xa0—\xa00.07', '0.0391\xa0—\xa02.75', '5.86', '1.87', '0.11', '0.31', '0.84', '0.0017', '0.93', '8.79', '0.0053', '0.0194', '0.0054\xa0—\xa00.07', '0.08', '0.09', '0.0036\xa0—\xa00.05', '0.1', '0.0037\xa0—\xa00.6', '0.0046', '8.61', '0.07', '2.3', '0.42', '1.19', '0.2', '2.46', '0.015', '0.0058', '0.0262', '0.0042', '0.0043', '0.0071', '0.38', '0.002', '0.0116', '0.0072\xa0—\xa01.16', '0.4026', '0.0188', '0.0087', '0.0066', '0.0233', '0.0016', '0.0062', '11.34', '2.77', '0.91', '0.55', '2.3', '0.0042', '0.0015\xa0—\xa00.07', '0.28', '0.0014', '0.0013', '0.0018', '0.0011', '0.0035', '0.0128']"
"BLUE_CRAB_(fresh_meat,_C._sapidus)_21401.html","['0.0016', '0.00071', '0.026', '0.019', '0.58', '0.11', '0.1', '0.49', '0.034', '0.028', '0.0032', '0.0021', '0.00091', '0.00087', -1, -1, -1, '0.0024', '0.0011', -1, -1, '0.0013', '0.0014', -1, '0.0014', '0.014', -1, '0.0025', '0.00064', '0.0022', '0.0038', '0.0027', '0.0046', '0.0024', '0.043', '0.011', '0.01', -1, -1, '0.0025', '0.00085', '0.0014', '0.0015', '0.0044', '0.0035', '0.0015', -1, '0.0027', '0.0089', '0.0097', '0.016', '0.03', -1, '0.00081', '0.016', -1, -1, '0.0014', '0.0004', '0.0019', '0.048', '0.026', '0.0044', '0.0048', '0.231', '0.0082', '0.086', '0.0087', '0.0033', '0.033', '0.0014', '0.0019', '0.0026', '0.0019', '0.0032', '0.00087', '0.0026', '0.048', -1, '0.004', '0.012', '0.0068', '0.017', '0.0042', -1, '0.0035', '0.025', '0.0081', -1, '0.0035', -1, '0.00048', '0.00075']"
RED_ALGAE_(chondria_californica)_16324.html,"[-1, -1, -1, -1, -1, -1]"
HADDOCK_(stored)_5525.html,[]
SQUID_MANTLE_FLESH_(raw)_33401.html,"['14', '94', '1310', '18', '58', '100', '43', '114', '167', '11', '4530', '384', '474', '74', '7', '56', '351', '352', '88', '40', '45', '46', '67', '248', '157', '116']"
KELP_(Laminaria_ochotensis)_11721.html,"[-1, -1, -1, -1, -1, -1, -1, -1, -1, -1, -1]"
PURPLE_SEA_URCHIN_GONADS_(Paracentrotus_Lividus)_39301.html,"['3710\xa0\xa04940', '2405\xa0\xa03505', '2880\xa0\xa03895', '2875\xa0\xa04040', '5315\xa0\xa06775', '7490\xa0\xa09440', '3125\xa0\xa04375', '2340\xa0\xa03815', '10855\xa0\xa012900', '2535\xa0\xa03870', '1260\xa0\xa01800', '1620\xa0\xa02420', '1690\xa0\xa02025', '3820\xa0\xa05450']"
RED_ALGAE_(spyridia_filamentosa)_16314.html,"[-1, -1, -1, -1, -1, -1, -1, -1, -1, -1, -1]"
GREEN_ALGEA_(codium_intricatum)_31320.html,"[-1, -1, -1, -1, -1, -1, -1, -1, -1, -1, -1, -1]"
BROWN_ALGAE_(eisenia_bicyclus)_11735.html,"[-1, -1, -1, -1, -1, -1, -1, -1, -1, -1, -1, -1]"
BASS_(raw)_5563.html,"['91\xa0—\xa0150', '3.2\xa0—\xa035', '34\xa0—\xa0232', '3800\xa0—\xa010770']"
GREEN_ALGAE_(enteromorpha_clathrata)_31324.html,"[-1, -1, -1, -1, -1, -1, -1, -1, -1, -1, -1, -1, -1, -1]"
"CRAYFISH_BYPRODUCT_(hydrolysate,_P._clarkii)_21602.html","['0.014', '0.02', '0.0023', '0.0031', '0.0039', '0.001', '0.02', '0.0056', '0.012', '0.0002', '0.28', '0.0019', -1, '0.0044', '0.0003', -1, '0.0061', '0.0016', '0.0015', -1, '0.0008', '0.0022', 'trace', '0.058', '0.0098', -1, '0.0055', '0.016', '0.002', '0.0004', '0.23', '0.002', '0.018', '0.0013', '0.016', '0.004', '0.0012', 'trace', '0.013', '0.0048', -1, '0.014', '0.0039', 'trace']"
HERRING_(raw)_5530.html,"['10\xa0—\xa020', '100\xa0—\xa0168', '3\xa0—\xa04', '3', -1, -1, -1, -1, '6.4', -1, -1, -1, '19\xa0—\xa043', -1, -1, -1, '<5', '<5', '13.5', '37.5\xa0—\xa048']"
RED_ALGAE_(corallina_officinalis)_16308.html,"[-1, -1, -1, -1, -1, -1, -1, -1, -1]"
"SHRIMPS,_PRAWN_(fermented)_19230.html","['1.56', '1.23', '0.529', '0.0578', '0.39', '7.16', '0.192', -1, '0.777', '0.0725', '0.18', '0.0586', '0.0999', '0.038', '0.201', -1, -1, -1, '0.0397', '0.223', '1.84', '0.135', -1, -1, '0.201', '5.87', '12.4', -1, '0.143', -1, '0.222', -1, '0.791', '0.0936', '0.042', -1, '0.0491', '0.25', '0.0648', '3.75', -1, '0.0796', -1, -1, '0.758', '0.292', '0.63', '1.3', '1.41', '4.18', '2.19', -1, '0.207', '17.9', '0.21', '1.41', '0.0926', '5.36', '0.224', '0.312', -1, -1, '0.227', '0.802', '0.133', '0.124', '0.256', '0.599', -1, -1]"
GREEN_ALGAE_(enteromorpha_linza)_31314.html,"[-1, -1, -1, -1, -1, -1, -1, -1, -1, -1]"
KRILL_16700.html,"[-1, -1, -1, -1, -1, -1, -1, -1, -1, -1, -1, -1, -1, -1, -1, -1, -1, -1, -1, -1, -1, -1, -1, '0.002', -1, -1, '0.01', -1, '0.06', -1, '0.005', '0.007', '0.17', -1, -1, -1, '0.12', -1, '0.014', '0.01', -1, '0.04', '0.012', '0.02', '0.03', '0.01', -1, -1, -1, -1, -1, -1, -1, -1, -1, -1, -1, -1, -1, -1, -1, -1, -1, -1, -1, -1, -1, -1, -1, -1, -1, -1, -1, -1, -1, -1, -1, -1, -1, -1, -1, -1, -1, -1, -1, -1, -1, -1, '0.004', '0.002', '0.002', -1, -1, -1, -1, -1, -1, -1, -1, -1, '0.007', '0.026', -1, '0.033', '0.14', '0.086', -1, -1, '0.01', -1, '0.54', '0.004', '0.026', -1, '0.075', -1, -1, -1, -1, -1, -1, '0.017', -1, '0.014', '0.007', '0.01', '0.02', -1, -1, -1, -1, -1, -1, -1, -1, -1, -1, '0.002', '0.002', '0.13', '0.024', '0.002', '0.007', '0.35', '0.035', '0.02', -1, -1, -1]"
SARDINE_(Sardinops_melanostica)_(Fresh)_5581.html,"[-1, -1, -1, -1, -1, -1, -1, -1, -1, -1, -1, -1, -1, -1, -1, -1, -1, -1, -1, -1, -1, -1, -1, -1, -1, -1, -1, -1, -1, -1, -1, -1, -1]"
SARDINE_(raw)_5545.html,"[-1, -1, -1, -1, -1, -1, -1, -1, -1, -1, -1, -1, -1, -1, -1, -1, -1, -1, -1, -1, -1, -1, -1, -1, -1, -1, -1, -1]"
"BLUE_CRAB_(by-products,_C._sapidus)_21402.html","[-1, '0.00052', -1, '0.0005', -1, '0.035', '0.02', '0.18', '0.026', '0.097', '0.007', '0.0042', -1, '0.0027', -1, -1, -1, -1, '0.0026', '0.0024', -1, '0.002', -1, -1, '0.0034', '0.0032', -1, '0.003', '0.0099', '0.00095', '0.0044', '0.00068', '0.014', '0.0098', '0.0062', '0.0057', '0.011', '0.024', '0.0072', '0.013', '0.082', '0.047', '0.033', '0.0021', '0.01', '0.011', '0.0012', -1, -1, '0.0017', '0.0013', '0.023', '0.058', '0.01', '0.029', -1, '0.0021', '0.0054', '0.0011', '0.00045', '0.0081', '0.0084', '0.014', '0.02', '0.024', '0.061', '0.038', '0.0074', '0.18', '0.025', '0.039', '0.017', '0.0066', '0.011', '0.0029', '0.0096', '0.0057', '0.015', '0.01', '0.084', '0.021', '0.064', '0.00061', '0.011', '0.011', '0.0017', '0.022', '0.0029', '0.0078', -1, '0.0053', '0.019', '0.0062', -1, '0.006', '0.0003', '0.0054']"
COD_(raw)_5532.html,"[-1, -1, -1, -1, -1, -1, -1, -1, -1, -1, -1, -1, -1, -1, -1, -1, -1, -1, '0.0021', '0.0004', '0.002', '0.0002', '0.0009', -1, '0.00003', 'trace', -1, -1, -1, -1, -1, -1, -1, -1, -1, -1, -1, -1, -1, -1, -1, -1, -1, -1, -1, -1, 'trace', -1, -1, -1, -1, -1, -1, -1, -1, -1, -1, -1, 'trace', -1, -1, -1, -1, -1]"
HERRING_(cooked)_5527.html,"[-1, -1, -1, -1, -1, -1, -1, -1, -1]"
LEAN_FISH_(processed)_5509.html,"['1.3', '0.027', '0.02', '0.051', '0.115', '0.0013', '0.0016', -1, '0.0032', '0.0035', '0.0013', '0.0035', '0.2', '0.086', '0.0007', '0.0001', '199\xa0—\xa0331', '180\xa0—\xa0274', '0\xa0—\xa04.12', '0\xa0—\xa020', '43\xa0—\xa082', '5.7\xa0—\xa011', '0.95\xa0—\xa07', '9\xa0—\xa054', -1, '34\xa0—\xa090', '0.1', '0.077', '0.00015', -1, '0.011', -1]"
"SHRIMPS,_PRAWN_(Royal_red,_Hymenopenaeus_sibogae)_19251.html",['0.00004\xa0—\xa00.00018']
KELP_(Laminaria_diabolica)_11715.html,"[-1, -1, -1, -1, -1, -1, -1, -1, -1, -1, -1]"
"SHRIMPS,_PRAWN_(raw)_19210.html","[-1, -1, -1, -1, -1, -1, -1, -1, -1, -1, -1, -1, -1, -1, -1, -1, -1, -1, -1, -1, -1, -1, -1, -1, -1, -1, -1, -1, -1, -1, -1, '35', '16', '43', '308', '141', '21', '209', '329', '232', '30', '317', '435', '41', '60', '60', '240', -1, -1, -1, -1, -1, -1, -1, -1, -1, -1, -1, -1, -1, -1, -1, -1, -1, -1, -1, -1, -1, -1, -1, '<0.001\xa0—\xa00.004', -1, -1, -1, -1, -1, -1, -1, -1, '0.0005\xa0—\xa00.053', 'trace\xa0—\xa00.41', '0.0059\xa0—\xa00.39', '0.0027\xa0—\xa00.25', '0.0024\xa0—\xa00.27', -1, -1, -1, -1, -1]"
"SHRIMPS,_PRAWN_(Endeavour,_Metapenaeus_endeavouri)_19254.html",['0.00007']
"CRUCIFIX_CRAB_(leg_meat,_C._feriatus)_21403.html","['0.00007', '0.0002', '0.00027', '0.00013', '0.00017', '0.0023', '0.00067', '0.00213', '0.02662', '0.00745', '0.00146', '0.00093', '0.00013', '0.01045', '0.0179', '0.01198', '0.0009', '0.00359', '0.0017', '0.00878', '0.00186', '0.00023', '0.0001', '0.00389', '0.0009', '0.13454', '0.00017', '0.00007', '0.00013', '0.00023', '0.00063', '0.00073', '0.00033', '0.0014', '0.00013', '0.00063', '0.0017', '0.00053', '0.0001', '0.00203', '0.00213', '0.00083', '0.00013', '0.0013', '0.00107', '0.0005', '0.00146', '0.00143', '0.00037', '0.00077', '0.0004', '0.00532', '0.00037', '0.00203', '0.02129', '0.00116', '0.00339', '0.00143', '0.13927', '0.03183', '0.00922', '0.00017', '0.00007', '0.0018', '0.0003', '0.0002', '0.0003', '0.0002', '0.00136', '0.00522', '0.02475', '0.0003', '0.00013', '0.00077', '0.00027', '0.28915', '0.00629', '0.00167', '0.0001', '0.05519', '0.00183', '0.00386', '0.00013', '0.01337', '0.01284', '0.0002', '0.00336', '0.00818', '0.00413', '0.00572', '0.00013', '0.00146', '0.00216', '0.00186', '0.05955', '0.0022', '0.00336', '0.00269', '0.0005', '0.00273', '0.00103', '0.00053', '0.00509', '0.0001', '0.00652', '0.00582', '0.00007', '0.00047', '0.00629', '0.00492', '0.00303', '0.00033', '0.0011', '0.00023', '0.0011', '0.00193', '0.00043', '0.0003', '0.00017']"
BROWN_ALGAE_(ishige_okamura)_11731.html,"[-1, -1, -1, -1, -1, -1, -1, -1, -1, -1, -1, -1]"
GREEN_ALGAE_(halimeda_opuntia)_31319.html,"[-1, -1, -1, -1, -1, -1, -1, -1, -1, -1, -1, -1, -1, -1, -1, -1, -1, -1]"
"SHRIMPS,_PRAWN_(Red_spot_king,Penaeus_longistylus)_19256.html",['0.00004']
BROWN_ALGAE_(sargassum_sagamianum)_11736.html,"[-1, -1, -1, -1]"
FATTY_FISH_(raw)_5501.html,"['336\xa0—\xa09330', '65\xa0—\xa0391', '7\xa0—\xa020', '2646\xa0—\xa017531', '696\xa0—\xa012299', '0\xa0—\xa01486', '0\xa0—\xa01217', '1008\xa0—\xa03037', '1870\xa0—\xa09648', '144\xa0—\xa01314', '53\xa0—\xa070', '113\xa0—\xa02303', '0\xa0—\xa067', '290\xa0—\xa01971', '466\xa0—\xa016379', '130\xa0—\xa01246', '17\xa0—\xa01591', '0\xa0—\xa081', '221\xa0—\xa01069', '255\xa0—\xa02060', '1951\xa0—\xa08225']"
TUNA_(canned)_5517.html,"[-1, -1, -1, -1, -1, -1, -1, -1, -1, -1, -1, -1, -1]"
SALMON_(smoked)_5537.html,"['0.03', '0.1', '0.05', 'Present', '0.04', 'trace', '0.04', 'trace', 'trace', '0.03', '0.01', 'trace', 'trace', 'trace', '0.35', '0.14', '0.29', 'trace', '0.03', 'trace', '0.22', '0.04', '0.11', '0.05', '0.02', '0.06', 'trace', '0.006', '0.78', '0.51', '0.68', '0.06', '0.01', 'trace', '0.29', '0.16', '0.12', '0.04', '0.04', '3.5', '0.34', '0.97', '0.41', '0.21', '0.48', '0.2', '0.48', '0.08', '0.09', '0.11', '0.29', '0.04', '0.009', '0.11', '0.01', '0.03', '3', '0.58', '0.34', '0.02', '1.4']"
ALBACORE_(canned)_5569.html,"['461\xa0—\xa0510', '22.5\xa0—\xa024.7', '67\xa0—\xa080', '10.2\xa0—\xa022.5']"
MUSSEL_21900.html,"['0.03', '0.05', '7.34', '10.2', '0.27', '0.03', '0.11', '11.5', '0.09', '0.16', '7.33', '2.73', '0.08', '0.16', '0.16', '0.2', '0.05', '0.08', '4.08', '0.05', '97.1', '4.23', '0.14', '0.29', '0.33', '0.99', '0.07', '0.06', '0.14', '0.06', '0.37', '0.03', -1, '0.16', -1, '0.45', '0.07', '1.62', '0.32', '0.48', '0.16', '0.29', '0.09']"
GREEN_ALGEA_(ulva_linza)_31326.html,"[-1, -1, -1, -1, -1, -1, -1, -1, -1, -1, -1, -1, -1, -1, -1, -1, -1, -1, -1, -1, -1, -1, -1, -1, -1, -1, -1]"
SQUID_(non-categorised)_22100.html,"[-1, -1, -1, -1, -1, -1, -1, -1, -1, -1, -1, -1, -1, -1, -1, -1, -1, '11.6\xa0—\xa01200', '4.6\xa0—\xa02120', '43200', -1, '5.23\xa0—\xa08.75', '4.1\xa0—\xa05.4', '5.57\xa0—\xa06.11', '2.61\xa0—\xa02.99', '5.2\xa0—\xa07.06', '0\xa0—\xa01.29', -1, -1, -1, -1, -1, -1, -1, -1, -1, -1, -1, -1, -1, -1, -1, -1, -1, -1, -1, -1, -1, -1, -1, -1, -1, -1, -1, -1, -1, -1, -1, -1, -1, -1, -1, -1, -1, -1, -1, -1, -1, -1, -1, -1, -1, -1, -1, -1]"
SARDINE_(smoked)_5546.html,"[-1, -1, -1, -1, -1, -1, -1, -1, -1, -1, -1, -1, -1, -1, -1, -1, -1, -1, -1, -1, -1, -1, -1, -1, -1, -1, -1, -1, -1, -1, -1, -1, -1]"
GREEN_ALGAE_(acetabularia_ryukyuensis)_31316.html,"[-1, -1, -1, -1, -1, -1, -1, -1, -1, -1, -1, -1, -1, -1, -1, -1]"
RED_ALGEA_(porphyra_tenera)_16325.html,"[-1, -1, -1, -1, -1, -1, -1, -1, -1, -1, -1, -1, -1, -1, -1, -1, -1, -1, -1, -1, -1, -1, -1, -1, -1, -1, -1, -1, -1, -1, -1, -1, -1, -1, -1, -1, -1, -1, -1, -1, -1, -1, -1]"
SALMON_(raw)_5536.html,"[-1, -1, -1, -1, -1, -1, -1, -1, -1, -1, -1, -1, -1, -1, -1, -1, -1, -1, '3.7', '3.5', -1, -1, -1, '0.035', -1, -1, '0.0026', -1, -1, -1, -1, '0.003', -1, -1, -1, -1, -1, -1, '0.002', -1, '0.0022', '0.0093', -1, -1, -1, '0.0048', -1, -1, -1, -1, -1, '0.057', '0.141', -1, -1, -1, '0.0005', -1, '0.0004', -1, -1, -1, -1, -1, -1, -1, '1.027', -1, -1, -1, -1, -1, -1, -1, -1, -1, -1, -1, -1, -1, -1, -1, -1, -1, -1, -1, -1, -1, -1, -1, -1, -1, -1, -1, -1, -1, -1, -1, -1, -1, -1, -1, -1, -1, '0.003', -1, -1, -1, -1, -1]"
SIBERIAN_WHITE_FISH_(raw)_5541.html,"['2.5', '1.2', '3', '2.4', -1, -1, '0.4', -1, '0.6', '0.4']"
BROWN_ALGAE_(cutleria_multifida)_11740.html,"[-1, -1, -1]"
GREEN_ALGAE_(monostroma_nitidum)_31312.html,"[-1, -1, -1, -1, -1, -1, -1, -1, -1, -1, -1, -1, -1, -1, -1, -1, -1, -1, -1, -1, -1, -1, -1, -1, -1, -1, -1, -1, -1, -1, -1, -1]"
RED_ALGAE_(chondrus_verrucosa)_16303.html,"[-1, -1, -1, -1, -1, -1, -1, -1, -1, -1, -1, -1, -1]"
RED_ALGAE_(carpopeltis_cornea)_16311.html,"[-1, -1, -1, -1, -1, -1, -1]"
RED_ALGAE_(hypnea_roman)_16316.html,"[-1, -1, -1, -1, -1, -1, -1]"
SALMON_(cooked)_5538.html,"['2.3', '1.7', '0.058', '0.0039', '0.006', -1, -1, '0.0027', -1, '0.0026', '0.0097', '0.0057', '0.006', '0.052', '0.234', '0.0004', '0.0003', '1.137', -1, -1, -1, '0.008', -1]"
FISH_OIL_5510.html,"[-1, -1, -1, -1, -1, -1, -1, -1, -1, -1, -1, -1, -1, -1, -1, -1, -1, -1, -1, -1, -1, -1, -1, -1, -1, -1, -1, -1, -1, -1, -1, -1, -1, -1, -1, -1, -1, -1, -1, -1, -1, -1, -1, -1, -1, -1, -1, -1, -1, -1, -1, -1, -1, -1, -1, -1, -1, -1, -1, -1, -1, -1, -1, -1, -1, -1]"
ALBACORE_(raw)_5567.html,"['304', '7.7\xa0—\xa011.6', '12.6\xa0—\xa020.6', '102']"
RED_ALGAE_(ahnfeltia_paradoxa)_16306.html,"[-1, -1, -1, -1, -1, -1, -1, -1, -1, -1]"
CAVIAR_5400.html,"[-1, -1, -1, -1, -1, -1, -1, -1, -1, -1, -1, -1, -1, -1, -1, -1, -1, -1, -1, -1, -1, -1, -1, -1, -1, -1, -1, -1, -1, -1, -1, -1, -1, -1, -1, -1, -1, -1, -1, -1, -1, -1, -1, -1, -1, -1, -1, -1, -1, -1, -1, -1, -1, -1, -1, -1, -1, -1, -1, -1]"
TROUT_(smoked)_5562.html,"[-1, -1, -1, -1, -1, -1, -1, -1, -1, -1, -1, -1, 'trace', -1, 'trace', 'trace', -1, -1, 'trace', -1, -1, -1, -1, -1, -1, -1, -1, -1, -1, -1, -1, -1, -1, -1, -1, -1, -1, -1, -1, -1, -1, -1, -1, -1, -1, -1, -1, -1, -1, -1, -1, -1, -1, -1, -1, -1, -1, -1, -1, -1, -1, -1, -1, -1, -1, -1, -1]"
BROWN_ALGAE_(colpomenia_sinuosa)_11733.html,"[-1, -1, -1, -1, -1, -1, -1]"
BROWN_ALGAE_(hydroclathrus_clathratus)_11732.html,"[-1, -1, -1, -1, -1, -1]"
MACKEREL_(smoked)_5519.html,"['1.5\xa0—\xa02.5', '0.2\xa0—\xa00.4', '2.7\xa0—\xa04.4', '0.8\xa0—\xa01.3', '1.1\xa0—\xa02', '0.8\xa0—\xa01.4', '0.2\xa0—\xa00.3', '0.2\xa0—\xa00.5', -1, -1, '6.1\xa0—\xa09', '8.9\xa0—\xa014', '1.1\xa0—\xa01.8', '2.8\xa0—\xa04.7', '1.5\xa0—\xa02.6', '1\xa0—\xa02.2', '4.3\xa0—\xa07.4', '1.1\xa0—\xa01.8', '0.7\xa0—\xa01.5']"
"SHRIMPS,_PRAWN_(Metapenaeus_macleayi)_19255.html",['0.00003\xa0—\xa00.00008']
GREEN_ALGAE_OIL_(ulva_pertusa)_31311.html,"[-1, -1, '0.003', '0.004', '0.004', '0.011', '0.006', '0.003', '0.045', '0.004', '0.007', -1, '0.006', '0.047', '3.775', '0.005', -1, '0.006', -1, -1, '0.007', '0.005', -1, '0.095', -1, '0.071', -1, '0.044', '0.038', '0.033', '0.038', '0.053', '0.007', '0.007', -1, -1, '0.005', -1, -1, '0.025', '0.028', '0.158', '0.017', -1, '0.004', '0.021', '0.013', '0.005', '0.01', -1, '0.006', '0.057', '0.034', '1.469', '0.208', '0.008', '0.003', '0.008', '0.083', -1, '0.021', '0.008', -1, '0.023', -1, '0.002', -1, -1, -1, '0.007', '0.012', '0.037', -1, -1, -1, -1, '0.01', -1, 'trace', 'trace', 'trace', -1, 'trace', '0.002', 'trace', 'trace', -1, 'trace', -1, -1, -1, -1]"
MULLET_(salted)_5558.html,"['232\xa0—\xa0684', '78\xa0—\xa0120', '10.3\xa0—\xa027']"
RED_ALGAE_(hyena_nidulans)_16315.html,"[-1, -1, -1, -1, -1, -1, -1, -1, -1]"
OYSTERS_19300.html,"['0.0005', -1, -1, -1, -1, -1, -1, -1, -1, -1, -1, -1, -1, -1, -1, -1, -1, -1, -1, '0.03\xa0—\xa00.04', -1, -1, '0.004\xa0—\xa00.005', -1, -1, '0.04', -1, '0.003', -1, -1, -1, -1, -1, -1, '0.014', -1, '0.03\xa0—\xa00.07', '0.02\xa0—\xa00.09', '0.07\xa0—\xa00.26', -1, -1, '0.015', -1, -1, '0.01\xa0—\xa00.02', -1, -1, '0.001\xa0—\xa00.002', -1, '0.001\xa0—\xa00.006', -1, -1, -1, -1, '0.001', '0.003', -1, -1, '0.003\xa0—\xa00.007', '0.005', -1, '0.001\xa0—\xa00.002', '0.004', '0.001', -1, -1, -1, -1, '0.003', '0.002', '0.003', -1, -1, -1, '0.02\xa0—\xa00.03', '0.002', -1, -1, -1, -1, -1, -1, -1, -1, -1, -1, '0.0005\xa0—\xa00.042', '0.005', -1, -1, '0.04', -1, -1, -1, -1, -1]"
MARLIN_(raw)_5550.html,['6']
FATTY_FISH_(smoked)_5502.html,"[-1, -1, -1, -1, -1, -1, -1, -1, -1, -1, -1, -1, -1, -1, -1, -1, -1, -1, -1, -1, -1, -1, -1, -1, -1, -1, -1, -1, -1, -1, -1, -1, -1, -1, -1, -1, -1, -1, -1, -1, -1, -1, -1, -1, -1, -1, -1, -1, -1, -1, -1, -1, -1, -1, -1, -1, -1, -1, -1, -1, -1, -1, -1, -1, -1, -1, -1, -1, -1, -1, -1, -1, -1, -1, -1, -1, -1, -1, -1, -1, -1, -1, -1, -1, -1, -1, -1, -1, -1, -1, -1, -1, -1, -1, -1, -1, -1, -1, -1, -1, -1, -1, -1, -1, -1, -1, -1, -1, -1, -1, -1, -1, -1, -1, -1, -1, -1, -1, -1, -1, -1, -1, -1, -1, -1, -1, -1, -1, -1, -1]"
GREEN_ALGAE_(halicornye_wrightii)_31315.html,"[-1, -1, -1, -1, -1, -1, -1, -1, -1, -1, -1, -1, -1, -1, -1]"
SARDINE_(dried)_5547.html,"[-1, -1, -1, -1, -1, -1, -1, -1, -1, -1, -1, -1, -1, -1, -1, -1, -1, -1, -1, -1, -1, -1, -1, -1, -1, -1, -1, -1, -1, -1, -1, -1, -1, -1, -1, -1, -1, -1, -1, -1, -1, -1, -1, -1]"
ANCHOVY_(canned)_5572.html,"['0.25\xa0—\xa07.58', '0\xa0—\xa032.97', '0\xa0—\xa04.1', '1.28\xa0—\xa014.92', '0\xa0—\xa06.03', '0\xa0—\xa07.74', '0.33\xa0—\xa026.92', '0\xa0—\xa02.71', '0\xa0—\xa02.87']"
GREEN_ALGEA_(boodlea_coacta)_31322.html,"[-1, -1, -1, -1, -1, -1, -1, -1, -1, -1, -1, -1, -1]"
FATTY_FISH_(cooked)_5507.html,"['0.03', '0.24', '0.04', 'trace', '0.008', '0.001', '1.2', '0.01', '0.01', '0.005', '0.003', 'trace', '0.01', '0.002', 'trace', 'trace', '0.002', '0.004', '0.01', '0.02', '0.007', '0.02', '0.02', '0.009', '0.02', '0.05', 'trace', '0.005', '0.03', '0.003', '0.003', '0.008', '0.01', '0.004', '0.18', '0.005', '0.004', '0.0002', '0.002', '0.05', 'trace', '0.007', 'trace', '0.01', '0.008']"
CARP_(raw)_5551.html,"[-1, -1, -1, -1, -1, -1, -1, -1, -1]"
PANGASIUS_5554.html,"['0.00002\xa0—\xa00.00325', '0.00008\xa0—\xa00.001', '0.00001\xa0—\xa00.001', '0.00015\xa0—\xa00.045', '0\xa0—\xa00.0004', '0.00002\xa0—\xa00.0083', '0.00006\xa0—\xa00.003', '0.00001\xa0—\xa00.002', '0.00001\xa0—\xa00.0009', '0.00002\xa0—\xa00.007', '0\xa0—\xa00.0005', '0.00001\xa0—\xa00.001', '0\xa0—\xa00.0015', '0.000007\xa0—\xa00.0045', '0.00003\xa0—\xa00.001', '0.00015\xa0—\xa00.0022', '0.00002\xa0—\xa00.01', '0.00003\xa0—\xa00.0003', '0.00001\xa0—\xa00.0004', '0\xa0—\xa00.00015']"
CUTTLEFISH_22200.html,"[-1, -1, -1, -1, -1, -1, -1, -1, -1, -1, -1, -1, -1, -1, -1, -1, -1, -1, -1]"
HERRING_(salted)_5529.html,"['2928', '3.4', '0.1', '7.8', '1.9', '65\xa0—\xa0168', '0\xa0—\xa014', '21\xa0—\xa089', '0.7']"
KUSAYA_(dried)_5544.html,"[-1, -1, -1, -1, -1, -1, -1, -1, -1, -1, -1, -1, -1, -1, -1, -1]"
SCALLOP_22000.html,"[-1, -1, -1, -1, -1, -1, -1, -1, -1, -1, -1, -1, -1, -1, -1, -1, -1, -1, -1, -1, -1, -1, -1, -1, -1, -1, -1, -1, -1, -1, -1, -1, -1, -1, -1, -1, -1, -1, -1, -1, -1, -1, -1, -1, -1, -1, -1, -1, -1, -1, -1, -1, -1, -1, -1, -1, -1, -1, -1, -1, -1, -1, -1, -1, -1, -1, -1, -1, -1, -1, -1, -1, -1, -1, -1, -1, -1, -1, -1, -1, -1, -1, -1, -1, -1]"
RED_ALGAE_(gigartha_mamillosa)_16305.html,"[-1, -1, -1, -1, -1, -1, -1, -1]"
"LOBSTER_(Balmain_bug,_Ibacus_peronii)_21501.html","['0.000002', '0\xa0—\xa00.014']"
MULLET_(raw)_5557.html,"['0.065', '0.914', '0.028', '0.819', '0.096', '0.16', '0.496', '0.747', '0.267', '1.295', '0.09', '0.101', '0.463', '0.324', '0.227', '0.229', '0.32', '0.226', '0.035', '0.15', '0.087', '0.104', '0.044', '0.099', '0.309', '0.689', '1149', '474', '72', '498', '2019', '330', '187', '325', '1053', '200', '134', '521', '704', '1461', '255', '4', '68', '119', '276', '389', '0.22', '0.58', '0.056', '38', '3.8\xa0—\xa07', '0.102', '0.115', '0.139', '0.071', '0.094', '0.049', '0.15', '0.143', '0.231']"
BROWN_ALGAE_(sargassum_nigrifolium)_11738.html,"[-1, -1, -1, -1, -1, -1, -1, -1, -1, -1, -1]"
BROWN_ALGAE_(dictyopteris_divaricata)_11739.html,"[-1, -1, -1, -1, -1, -1]"
BROWN_ALGAE_(scytosiphon_lomentaria)_11734.html,"[-1, -1, -1, -1, -1, -1, -1, -1]"
RED_ALGAE_(carpopeltis_angusta)_16309.html,"[-1, -1, -1, -1, -1, -1]"
TRASSI_(cooked)_9800.html,"[-1, -1, -1, -1, -1, -1, -1, -1, -1, -1, -1, -1, -1, -1, -1, -1, -1, -1, -1, -1, -1, -1, -1, -1, -1, -1, -1, -1, -1, -1, -1, -1, -1, -1, -1, -1, -1, -1, -1, -1, -1, -1, -1, -1, -1, -1, -1, -1, -1, -1, -1, -1, -1, -1, -1, -1, -1, -1, -1, -1, -1, -1, -1, -1, -1, -1, -1, -1, -1, -1, -1, -1, -1, -1, -1, -1, -1, -1, -1, -1, -1, -1, -1, -1, -1, -1, -1, -1, -1, -1, -1, -1, -1, -1, -1, -1, -1, -1, -1, -1, -1, -1, -1, -1, -1, -1, -1, -1, -1, -1, -1, -1, -1, -1, -1, -1, -1, -1, -1, -1, -1, -1, -1, -1, -1, -1, -1, -1, -1, -1, -1, -1, -1]"
SMELT_(raw)_5566.html,"['0.012', '0.012', '0.1', -1, '0.05', -1, '0.03', '0.057', '0.003', '0.006', '0.001', '0.001']"
TUNA_(raw)_5516.html,"['2', '10']"
RED_ALGAE_(liagora_caenomyce)_16301.html,"[-1, -1, -1, -1, -1]"
HADDOCK_(raw)_5524.html,"[-1, -1, -1, -1, -1, -1, -1, -1, -1, -1, '16', '61.5', '<5', '<5', '5.1', -1, -1, -1]"
BLUE-GREEN_ALGAE_(aoko)_31510.html,"[-1, '1940', -1, '78.6', '9.3', -1, '9.1', '5.6', '2.8', '2.8', '644', -1, '3660', -1, -1, -1, -1, -1, -1, -1, -1, -1, -1, -1, -1, -1, -1, -1, -1, -1, -1, -1, -1]"
GREEN_ALGAE_(cladophoropsis_vaucheriaeformis)_31321.html,"[-1, -1, -1, -1, -1, -1, -1, -1, -1, -1, -1, -1, -1, -1, -1, -1]"
HERRING_(smoked)_5528.html,"['270', -1, '0.4', -1, '0.3', '6.3', '5.2', '157\xa0—\xa0271', '17.5\xa0—\xa025.2', '54\xa0—\xa082.5', '0.2', '0.2\xa0—\xa01.8', '0.1\xa0—\xa00.7', '0.1\xa0—\xa00.6', '1\xa0—\xa06.5', '0.6\xa0—\xa04.4', '0.1\xa0—\xa00.9', '0.02\xa0—\xa00.17', '0.1\xa0—\xa01.4', '0.03\xa0—\xa01.8', '1\xa0—\xa04.1']"
GREEN_ALGAE_(caulerpa_racemosa)_31318.html,"[-1, -1, -1, -1, -1, -1, -1, -1, -1, -1, -1, -1, -1]"
"SHRIMPS,_PRAWN_(roasted)_19250.html","[-1, -1, -1, -1, -1, -1, -1, -1, -1, -1, '0.025', '0.023', '0.00062', '0.00022', '0.00055', '0.00004', -1, '0.00057', '0.032', '0.04', -1, -1, -1, -1, -1, '0.012', -1, -1, -1, -1, '0.00041', -1, -1, '0.00021', -1, '0.00058', -1, -1, -1, -1, -1, -1, -1, '0.0039', -1, -1, '0.61', '0.03', '0.05', -1, -1, -1, -1, -1, -1, '0.81', -1, -1, -1, -1, -1, -1, -1, '0.0012', '110', '0.45', -1, '0.01', -1, '0.0091', '0.00023', -1, -1, -1, -1, '0.0043', -1, -1, -1, -1, -1, -1, -1, -1, '0.069', -1, -1, '0.00036', -1, -1, '0.0022', -1, -1, -1, -1, -1, -1, -1, '0.01', -1, -1, '0.0032', -1, '0.00016', -1, -1, -1, -1, -1, -1, -1, '0.00048', '0.002', -1, '0.004', '0.0098', '0.04']"
"CRUCIFIX_CRAB_(body_meat,_C._feriatus)_21404.html","['0.00003', '0.00013', '0.00017', '0.0001', '0.0001', '0.00206', '0.0001', '0.00036', '0.00113', '0.01887', '0.00564', '0.00242', '0.0004', '0.0001', '0.00783', '0.0133', '0.00869', '0.00076', '0.00232', '0.00136', '0.00604', '0.00123', '0.00017', '0.00007', '0.00279', '0.00027', '0.1142', '0.00007', '0.00007', '0.00036', '0.00033', '0.0001', '0.0006', '0.00007', '0.0004', '0.00063', '0.0001', '0.00242', '0.00083', '0.00073', '0.00013', '0.00129', '0.00096', '0.00046', '0.00126', '0.00017', '0.00119', '0.00106', '0.00036', '0.00066', '0.00093', '0.00474', '0.00066', '0.00133', '0.01038', '0.00226', '0.04514', '0.00053', '0.03659', '0.04279', '0.00982', '0.00033', '0.00017', '0.00159', '0.00053', '0.0002', '0.0009', '0.00027', '0.00544', '0.02849', '0.00027', '0.00007', '0.00063', '0.00033', '0.32042', '0.00388', '0.00169', '0.0001', '0.02959', '0.00086', '0.00249', '0.00007', '0.00876', '0.0059', '0.00023', '0.00216', '0.00119', '0.00196', '0.00189', '0.0001', '0.00159', '0.00123', '0.00053', '0.02279', '0.00037', '0.00275', '0.00275', '0.00023', '0.00007', '0.00517', '0.00083', '0.00083', '0.00245', '0.00007', '0.00547', '0.00232', '0.0001', '0.00033', '0.00289', '0.01042', '0.00398', '0.00007', '0.0006', '0.00073', '0.0008', '0.00132', '0.00063', '0.00043', '0.0003']"
LEAN_FISH_(raw)_5508.html,"[-1, -1, -1, -1, -1, -1, -1, -1, -1, -1, -1, -1, -1, -1, '30\xa0—\xa051']"
CRAYFISH_BYPRODUCT_(P._clarkii)_21601.html,"['0.033', '0.035', '0.0018', '0.0042', '0.0057', '0.0015', '0.021', '0.015', '0.0069', '0.0009', '0.0066', '0.0008', '0.049', '0.0022', -1, '0.003', '0.0039', '0.036', -1, '0.0027', '0.0028', -1, '0.0025', '0.0049', 'trace', '0.083', '0.011', -1, '0.0071', '0.011', '0.0018', '0.0003', '0.089', '0.001', '0.0029', '0.0012', '0.0055', '0.0011', '0.0001', '0.0031', '0.0008', -1, '0.019', '0.0022', 'trace']"
GREYLING_(raw)_5553.html,[-1]
RED_ALGAE_(gracilaria_verrucosa)_16317.html,"[-1, -1, -1, -1, -1]"
MACKEREL_(raw)_5518.html,"[-1, -1, -1, -1, -1, -1, -1, -1, -1, -1, -1, -1, -1, -1, -1, -1, -1, -1, -1, -1, -1, -1, -1, -1, -1, -1, -1, -1, -1, -1, -1, -1, -1, -1, -1, -1, -1, -1, -1, -1, -1, -1, -1, -1, -1, -1, -1, -1, -1, -1, -1, -1, -1, -1, -1]"
EMEREAL_SHINER_(raw)_5512.html,"['0.06', '0.04', '0.03', '0.02', '0.008', '0.01', '0.008', '0.025', '0.02', '0.09', '0.01', '0.05', '0.02', '0.013', '0.11', '0.01', '0.03', '0.02', '0.025', '0.01', '0.42', '0.006', '0.016', '0.03', '0.04', '0.01', '0.004', '0.003', '0.004', '0.003', '0.012', '0.05', '0.005', '0.02', '0.008', '0.1', '0.08']"
"SHRIMPS,_PRAWN_(cooked)_19220.html","['0.0005', -1, '0.0007', -1, -1, -1, -1, -1, -1, -1, '0.036', '0.001', '0.0009', 'trace', 'trace', 'trace', '0.001', '0.0008', -1, 'trace', -1, '0.002', '0.1', -1, '0.001', '0.007', '0.114', '0.003', 'trace', -1, -1, '0.004', '0.002', -1, -1, -1, -1, '0.001', '0.002', '0.001', -1, '0.013', '0.005\xa0—\xa00.012', -1, -1, -1, -1, -1, -1, '0.00022', -1, -1, -1, -1, '0.00018', -1, '0.00084', -1, '0.00003', '0.002', -1, '0.00031', '0.0007\xa0—\xa00.01', '0.028', '0.0066', -1, -1, -1, '0.0007', '0.0007', -1, '0.004', -1, -1, '0.0065', -1, -1, '0.01', '0.002', -1, -1, '0.00047', '0.003', '0.0005', -1, -1, '0.00044', -1, '0.0007', '0.0004', '0.1', 'trace', '0.001', '1.8', '6.6', -1, '0.002', -1, '0.0015', -1, -1, '0.45', '0.034', '0.028', -1, -1, -1, -1, -1, -1, '0.34', -1, -1, -1, -1, -1, -1, -1, -1, '0.00044', '71', '0.58', '0.03\xa0—\xa023', -1, '0.0068', -1, -1, '0.002\xa0—\xa00.03', '0.0001', '0.01', '0.02', -1, 'trace', '0.002', -1, '0.0007', '0.01', '0.002', -1, '0.00002', '0.02', '0.004\xa0—\xa00.1', -1, '0.002\xa0—\xa00.06', '0.003\xa0—\xa00.1', '0.003\xa0—\xa00.1', -1, '0.002', -1, -1, '0.0016\xa0—\xa00.07', -1, 'trace\xa0—\xa00.03', 'trace', -1, '0.00003', '0.002', 'trace\xa0—\xa00.003', '0.004', '0.002', -1, '0.00052', -1, -1, '0.0005', '0.001\xa0—\xa00.07', '0.0009', -1, -1, '0.0061', -1, -1, -1, '0.0009', -1, -1, -1, -1, -1, -1, '0.001\xa0—\xa00.13', '0.001\xa0—\xa00.15', -1, -1, -1, -1, -1, -1, -1, 'trace', -1, '0.0029', '0.001', '0.03', '0.00006', -1, '4.5', '0.35', '0.3', -1, -1, -1, -1, -1, -1, -1, -1, -1, -1, -1, -1, '0.007\xa0—\xa00.07', -1, '0.0001', -1, '0.002', '0.001', '0.011', -1, -1, -1, '0.0013', '0.017', '0.0012', '0.14', -1, '0.2', -1, -1]"
"KELP_(Laminaria_japonica,_brown_algae)_11720.html","['0.1553\xa0—\xa00.39', '0.0007', '0.026', '0.052', '0.0057', '0.0017', '0.0025', '0.0092', '0.0037\xa0—\xa00.026', '0.06', '0.0029', '0.0038', '0.0246\xa0—\xa00.043', '0.043\xa0—\xa00.281', '0.0153', '0.1793', '0.008', '0.103', '1.82', '0.0028', '0.034', '13.85', '0.043', '<0.001', '0.0132', '0.0128\xa0—\xa00.043', '0.112', '0.0031', '0.0218', '0.06', '0.0042\xa0—\xa00.086', '0.0172', '0.0183', '0.0111\xa0—\xa00.163', '0.0041\xa0—\xa00.155', '0.0014', '0.112', '0.0184', '0.0054', '0.052', '0.026', '0.0398', '0.0063', '0.0061', '0.0329', '0.0027', '0.0066', '0.0064\xa0—\xa00.57', '0.5342', -1, '0.0189', '0.0032', '0.0029', '0.0064', '0.0025', '0.0077', '33.02', '9.28', '2.67', '0.85', '0.0117', '0.0088', '0.0068', '0.0152', '0.0015', '0.004', '0.0027', '0.0062', -1, -1, -1, -1, -1]"
SKIPJACK_TUNA_(katsuwonus_pelamus)_(fermented)_5580.html,"[-1, -1, -1, -1, -1, -1, -1, -1, -1, -1, -1, -1, -1, 'present', -1, -1, -1, -1, -1, -1, -1, -1, -1, -1, -1, -1, -1, -1, -1, -1, -1, -1, -1, -1, -1, -1, -1, -1, -1, -1, -1, -1, -1, -1]"
RED_ALGAE_(coeloseira_pacifica)_16304.html,"[-1, -1, -1, -1, -1, -1, -1, -1, -1, -1, -1]"
RED_ALGAE_(beckerella_subrostata)_16302.html,"[-1, -1, -1, -1, -1, -1, -1]"
ANCHOVY_(colatura_di_alici)_(fermented_fish_sauce)_5573.html,"['0.007\xa0—\xa00.018', '0\xa0—\xa00.004', '0.006\xa0—\xa00.029', '0\xa0—\xa00.002', '0\xa0—\xa00.007', '0.0015\xa0—\xa00.0096', '0\xa0—\xa00.0012', '0\xa0—\xa00.0192', '0\xa0—\xa00.0146', '0\xa0—\xa00.0048', '0.002\xa0—\xa00.022', '0.0014\xa0—\xa00.0242', '0.0004\xa0—\xa00.0042', '0.0008\xa0—\xa00.0039', '0.0022\xa0—\xa00.0147', '0.0049\xa0—\xa00.0146', '0.0011\xa0—\xa00.0023', '0.0136\xa0—\xa00.0537', '0.002\xa0—\xa00.0165', '0\xa0—\xa00.013', '0.011\xa0—\xa00.058', '0.008\xa0—\xa00.036', '0.0009\xa0—\xa00.0027', '0.0008\xa0—\xa00.0013', '0\xa0—\xa00.0055', '0\xa0—\xa00.196', '0\xa0—\xa00.0217', '0\xa0—\xa00.745', '0.0007\xa0—\xa00.0108', '0\xa0—\xa00.0191', '0\xa0—\xa00.002', '0.0008\xa0—\xa00.0208', '0\xa0—\xa00.0087', '0.0011\xa0—\xa00.0498', '0.0024\xa0—\xa00.0498', '0.0014\xa0—\xa00.0363', '0\xa0—\xa00.0221', '0\xa0—\xa00.121', '0\xa0—\xa00.0093', '0\xa0—\xa00.0064', '0.0023\xa0—\xa00.0123', '0\xa0—\xa00.0035', '0\xa0—\xa00.0247']"
BREAM_(raw)_5559.html,"[-1, -1, -1, -1, -1, -1, -1, -1, 'trace', -1, -1, -1, -1, -1, -1, -1, -1, -1, -1, -1, -1, -1, -1, -1, -1, -1, -1, -1, -1, -1]"
RED_ALGAE_(vidalia_obtusiloba)_16321.html,"[-1, -1, -1, -1, -1, -1]"
GREEN_ALGAE_(cladophora_rudolphiana)_31323.html,"[-1, -1, -1, -1, -1, -1, -1, -1, -1, -1, -1, -1, -1, -1, -1, -1, -1]"
WHITE_FISH_(raw)_5542.html,"[-1, -1, '0.0006', '0.0008', '0.0008', '0.002', -1, '0.001', '0.002', -1, '0.002', -1, '0.001', -1, -1, '0.003', '0.001', -1, -1, '0.006', '0.002', '0.01', '0.002', -1, '0.0005', '0.001', '0.006', '0.019', '0.004', '0.025', '0.0008', '0.005', '0.006', -1, -1, -1, '0.002', '0.021', '0.001', -1, '0.002', -1, -1, -1, '0.0006', -1, '0.001', '0.003', '0.006', -1, -1, '0.017', '0.003', -1, -1, -1, '0.001', -1, '0.0017', -1, -1, '0.003', '0.004', '0.001', '0.002', -1, '0.003', -1, -1, '0.001', '0.002', -1, -1, -1, '0.005', -1, '0.001', -1]"
"BARRAMUNDI_(lates_calcarifer)_(grilled,_farmed)_5582.html","['0.9\xa0\xa016.7', '29.6\xa0\xa038.0', '7.08\xa0\xa021.2', '69\xa0\xa096', '1.45\xa0\xa05.86', '34.1\xa0\xa082.6', '0.21\xa0\xa01.37', '7829\xa0\xa015898', '15.3\xa0\xa026.8', '15.4\xa0\xa037.6', '10.6\xa0\xa047.5', '3.63\xa0\xa010.2', '0.15\xa0\xa03.13', '7.3\xa0\xa019.5', '0.12\xa0\xa01.23', '6.03\xa0\xa012.2', '0.64\xa0\xa01.3', '45.7\xa0\xa0132', '12.1\xa0\xa019.7']"
SQUID_MANTLE_FLESH_(cooked)_33402.html,"['15', '93', '1300', '18', '58', '92', '44', '120', '157', '11', '3710', '375', '470', '77', '7', '31', '355', '346', '87', '77', '45', '18', '61', '224', '100', '117']"
GREEN_ALGEA_(ulva_pertusa)_31313.html,"['1300\xa0—\xa01400', -1, -1, '31900\xa0—\xa0116000', '1200\xa0—\xa08600', -1, '13800\xa0—\xa0173100', '11800', '2400', '1300', '5000', '7900\xa0—\xa027300', '4800\xa0—\xa015400', '8200\xa0—\xa012300', '65000\xa0—\xa0157900', '12200\xa0—\xa021900', '21600\xa0—\xa045700', '19100\xa0—\xa042300', '81500\xa0—\xa0344800', '11200\xa0—\xa015500', '7600', '4100\xa0—\xa030400', -1, -1, '12100', -1, -1, -1, -1, -1, '1200\xa0—\xa09300', '4400\xa0—\xa05100']"
RED_ALGAE_(ceratodictyon_spongiosum)_16307.html,"[-1, -1, -1, -1, -1, -1, -1]"
RED_ALGAE_(chondrus_elatus)_16322.html,"[-1, -1, -1, -1, -1, -1, -1]"
COD_(smoked)_5534.html,"['1.2\xa0—\xa04.8', '0.2\xa0—\xa00.6', '3.5\xa0—\xa09.4', '1\xa0—\xa02.6', '1.5\xa0—\xa03.8', '1.1\xa0—\xa02.8', '0.1\xa0—\xa00.4', '0.3\xa0—\xa00.9', -1, -1, '7.1\xa0—\xa017', '10\xa0—\xa024', '1.2\xa0—\xa02.9', '3.1\xa0—\xa03.8', '1.8\xa0—\xa04.3', '1.2\xa0—\xa04.2', '3.9\xa0—\xa014', '1.4\xa0—\xa04.5', '0.7\xa0—\xa03.3']"
BROWN_ALGAE_(ectocarpus_siliculosus)_11730.html,"[-1, -1, -1, -1, -1]"
RED_ALGAE_(hypnea_charoides)_16312.html,"[-1, -1, -1, -1, -1, -1, -1, -1, -1, -1, -1]"
"SHRIMPS,_PRAWN_(cooked_fermented)_19240.html","['0.5', -1, -1, '0.08\xa0—\xa00.6', '0.1', -1, -1, -1, -1, '0.02\xa0—\xa00.2', -1, -1, -1, '0.1', 'trace\xa0—\xa00.2', -1, 'trace', 'trace\xa0—\xa00.04', 'trace', 'trace', 'trace', '0.5', '0.2\xa0—\xa01.8', '0.5\xa0—\xa01.3', '0.7\xa0—\xa02.4', '0.7\xa0—\xa02', -1, '0.2', '4.1\xa0—\xa09.9', 'trace\xa0—\xa00.3', '0.9\xa0—\xa01.6', '0.3\xa0—\xa00.9', '0.3', '0.1', -1, '0.1', '0.1', '0.6', '0.1', '0.5', '0.2\xa0—\xa01.2', '0.04', '0.04', '0.02\xa0—\xa00.1', '0.1\xa0—\xa010.5', '0.2']"
RED_ALGAE_(asparagopsis_taxiformis)_16310.html,"[-1, -1, -1, -1, -1, -1, -1, -1, -1, -1, -1, -1, -1, -1, -1, -1, -1, -1, -1, -1, -1, -1, -1, -1, -1, -1, -1, -1, -1, -1, -1, -1, -1, -1, -1, -1, -1, -1, -1, -1, -1, -1]"
"BARRAMUNDI_(lates_calcarifer)_(wild,_grilled)_5583.html","['1.8\xa0\xa06.3', '2.7\xa0\xa011.1', '1.59\xa0\xa03.84', '12.8\xa0\xa032', '6.11\xa0\xa011.66', '3.8\xa0\xa08.76', '57.4\xa0\xa0108.7', '6884\xa0\xa024457', '17.4\xa0\xa017.4', '0.1\xa0\xa011.9', '3.5\xa0\xa03.5', '6.97\xa0\xa011.0', '0.78\xa0\xa03.04', '8.8\xa0\xa014.0', '0.1\xa0\xa00.1', '4.7\xa0\xa09.22', '5.2\xa0\xa053', '16.6\xa0\xa022.4', '13.8\xa0\xa018.6']"
GREEN_ALGEA_(ulva_prolifera)_31325.html,"[-1, -1, -1, -1, -1, -1, -1, -1, -1, -1, -1, -1, -1, -1, -1, -1, -1, -1, -1, -1, -1, -1, -1, -1, -1, -1, -1, -1, -1]"
CLAM_21800.html,"['0.041', -1, '0\xa0—\xa00.01', '0.009', '0.02', -1, '0.003\xa0—\xa00.022', -1, -1, '0.013\xa0—\xa00.014', -1, '0.0003\xa0—\xa00.012', '0.003\xa0—\xa00.05', '0.01', -1, '0.011\xa0—\xa00.05', '0.0009\xa0—\xa00.02', '0.02', '0.009\xa0—\xa00.03', '0.01', '0.004\xa0—\xa00.03', '0.003', '0.009', '0.08', '0.1', '0.009\xa0—\xa00.013', '0.02', -1, -1, -1, -1, '0.02', '0.005\xa0—\xa00.1', '0.03', '0.015\xa0—\xa00.05', '0.02', '0.03', '0.001\xa0—\xa00.04', '0.022', '0\xa0—\xa00.06', '0.05', '0.02', '0.02', '0.04', '0.05', '0.009', '0\xa0—\xa00.02', '0.02', '0.01', -1, '0.007\xa0—\xa00.03', '0.001', '0\xa0—\xa00.008', -1, -1, -1, '0.0003\xa0—\xa00.02', -1, -1, -1, -1, '0\xa0—\xa00.001', '0.02', '0.02', -1, '0\xa0—\xa00.0003', '0.01', '0.004\xa0—\xa00.007', '0.03', '0\xa0—\xa00.01', '0.01', '0.008', '0.0027', -1, '0.02', -1, '0\xa0—\xa00.002', -1, '0.02', -1, -1, '0.006\xa0—\xa00.007', '0.002', -1, -1, -1, -1, -1, -1, -1, '0\xa0—\xa00.005', '0\xa0—\xa00.004', -1, -1, -1, -1, -1, -1, -1, -1, -1, -1, '0\xa0—\xa00.033', '0.003', -1, -1, -1, -1, '0\xa0—\xa00.014', '0.014\xa0—\xa00.017', -1, -1, -1, -1, -1, '0\xa0—\xa00.0003', '0.002\xa0—\xa00.07', -1, '0.004\xa0—\xa00.005', '0\xa0—\xa00.04', '0.004\xa0—\xa00.05', '0\xa0—\xa00.02', -1, -1, '0.0006', '0.006', -1, -1, -1, -1, -1, -1, -1, '0.0007', '0.008', -1, '0\xa0—\xa00.04', '0\xa0—\xa00.04', '0\xa0—\xa00.01', '0\xa0—\xa00.02', '0.0001', '0\xa0—\xa00.04', '0.02', '0.02', -1, -1, -1, '0.04', -1, -1, -1, -1, -1, '0.003\xa0—\xa00.014', -1, -1, '0.003\xa0—\xa00.02', -1, -1, -1, '0.008', -1, -1]"
SWORDFISH_(smoked)_5565.html,"[-1, -1, -1, -1, -1, -1, -1, -1, -1, -1, -1, -1, -1, -1, -1, -1, -1, -1, -1, -1, -1, -1, -1, -1, -1, -1, -1, -1, -1, -1, -1, -1, -1, -1, -1, -1, -1, -1, -1, -1, -1, -1, -1, -1, -1]"
ANCHOVY_(dried)_5571.html,"['323', '239', '101', '762', '12']"
BROWN_ALGAE_(ascophyllum_nodosum)_11741.html,[-1]
"CRUCIFIX_CRAB_(carapace_soft_meat,_C._feriatus)_21405.html","['0.0006', '0.00127', '0.00174', '0.00087', '0.00869', '0.32551', '0.53502', '0.00254', '0.0113', '0.11697', '0.04789', '0.00902', '0.00625', '0.0111', '0.06674', '0.11009', '0.0784', '0.00668', '0.04512', '0.01504', '0.05742', '0.01113', '0.00231', '0.00043', '0.02226', '0.00438', '1.60433', '0.0007', '0.0013', '0.00632', '0.00585', '0.00174', '0.01113', '0.00057', '0.0011', '0.00211', '0.00023', '0.02095', '0.00675', '0.00892', '0.01631', '0.00194', '0.00227', '0.02396', '0.00167', '0.00765', '0.01287', '0.0011', '0.00311', '0.00959', '0.0886', '0.02664', '0.08606', '0.02032', '0.0643', '0.01962', '0.05625', '0.02791', '0.23494', '0.24026', '0.01163', '0.00261', '0.04361', '0.18822', '0.0248', '0.0012', '0.00137', '0.01203', '0.01059', '0.00361', '0.00277', '0.0015', '0.01076', '0.01674', '0.0005', '0.00368', '0.00094', '0.00508', '0.15286', '0.01892', '0.01567', '0.0014', '0.09571', '0.0015', '0.00488', '0.00317', '0.01507', '0.02463', '0.00932', '0.01755', '0.00718', '0.02299', '0.00057', '0.00916', '0.00277', '0.00371', '0.00317', '0.05568', '0.01477', '0.0002', '0.0001', '0.00755', '0.00023', '0.05427', '0.00832', '0.00384', '0.00267', '0.00368', '0.01447', '0.02633', '0.0004', '0.00769', '0.00037', '0.0019', '0.00348', '0.02607', '0.01868', '0.00341']"
"SHRIMPS,_PRAWN_(Carid,_Plesionika_sp.)_19252.html",['0.00012']
TILAPA_5555.html,"['0.00003\xa0—\xa00.0028', '0.00002\xa0—\xa00.00025', '0.00003\xa0—\xa00.0005', '0.00035\xa0—\xa00.0208', '0.00001\xa0—\xa00.00025', '0.00005\xa0—\xa00.115', '0.00015\xa0—\xa00.0104', '0.00008\xa0—\xa00.127', '0.00007\xa0—\xa00.027', '0.0001\xa0—\xa00.12', '0.00001\xa0—\xa00.128', '0.00002\xa0—\xa00.021', '0.00001\xa0—\xa00.0008', '0.00005\xa0—\xa00.0035', '0.00005\xa0—\xa00.0047', '0.00018\xa0—\xa00.0032', '0.00035\xa0—\xa00.108', '0.00001\xa0—\xa00.0005', '0.00005\xa0—\xa00.0015', '0\xa0—\xa00.0002']"
TROUT_(raw)_5561.html,"[-1, -1, -1, -1, -1, -1, -1, -1, -1, -1, -1, -1, -1, -1, -1, -1, -1, -1, -1, -1, -1, -1, -1, -1, -1, -1, -1, -1, -1, -1, -1, -1, -1, -1, -1, -1, -1, -1, -1, -1, -1, -1, -1, -1, -1, -1, -1, -1, -1, -1, -1, -1, -1]"
"ANCHOITA_(Engraulis_anchoita)_(raw,_frozen)_5564.html","[-1, -1, -1, -1, -1, -1, -1, -1, -1, -1, -1, -1, -1, -1, -1, -1]"
BROWN_ALGAE_(sargassum_thunbergii)_11737.html,"[-1, -1, -1, -1, -1, -1, -1]"
"SHRIMPS,_PRAWN_(Red,_Aristeomorpha_foliacea)_19253.html",['0.00098']
"LOBSTER_(Moreton_Bay_bug,_Thenus_orientalis)_21502.html",['0.000014']
EEL_(roasted)_5522.html,"[-1, -1, -1, -1, -1, -1, -1, -1, -1, -1, -1, -1]"
GREEN_ALGAE_(bryopsis_maxima)_31317.html,"[-1, -1, -1, -1, -1, -1, -1, -1, -1, -1, -1]"
ALBACORE_(cooked)_5568.html,"['376', '16.7', '54', '45']"
WHITE_FISH_(oxidized)_5543.html,"[-1, '0.037\xa0—\xa00.098', '0.0016\xa0—\xa00.013', '0.0028\xa0—\xa00.006', -1, -1, -1, -1, '0.0027\xa0—\xa00.005', '0.0047\xa0—\xa00.0064', '0.008\xa0—\xa00.0105', '<0.0012\xa0—\xa00.014', -1, '0.268\xa0—\xa00.363', '0.14\xa0—\xa00.167', '0.0006\xa0—\xa00.0009', '0.00036\xa0—\xa00.00064', -1, -1, '0.0058\xa0—\xa00.0075', -1, -1]"
RED_WINE_(Aglianico_del_Vulture)_7002.html,"['25.65\xa0—\xa065.38', '0.047\xa0—\xa00.079', '0\xa0—\xa06.993', '0.1\xa0—\xa00.25', '0.009\xa0—\xa00.15', '0.399\xa0—\xa02.232', '0.047\xa0—\xa00.169']"
"RED_WINE_(Cabernet_Sauvignon,_RO_concentrated)_7075.html","[-1, -1, -1, -1, -1, -1, -1, -1, -1, -1, -1, -1, -1, -1, -1, -1, -1, -1, -1, -1, -1, -1, -1, -1, -1, -1, -1, -1, -1, -1, -1, -1, -1, -1, -1, -1, -1, -1, -1, -1, -1, -1, -1, -1, -1, -1, -1]"
KIWI_WINE_(S._cerevisiae)_32801.html,"['0.022', '0.0163', '0.00192', '0.00364', '0.456', '1.56', '0.0399', '0.0258', '0.482', '0.00385', '0.0123', '0.00669', '0.00392', '0.255', '0.0566', '0.0199', '0.00847', '0.00422', '0.0156', '0.00422', '0.00527', '0.00534', '0.00812', '0.00467', '0.00298', '0.0907', '0.0272', '0.338', '0.125', '0.0466', '0.0113', '0.0189', '0.0541', '0.00326', '0.0253', '0.00392', '0.336', '0.00236', '0.19', '0.0294', '0.0197', '0.123']"
RED_WINE_(Sagrantino_di_Montefalco)_7054.html,"[-1, -1, -1, -1, -1, -1]"
POMEGRANATE_wine_(Punica_granatum_L.)_28600.html,"[-1, -1, -1, -1, -1, -1, -1, -1, -1, -1, -1, -1, -1, -1, -1, -1, -1, -1, -1, -1, -1, -1, -1, -1, -1, -1, -1]"
RED_WINE_(Barbera_+_Croatina)_7048.html,"[-1, -1]"
PALE_ALE_CRAFT_BEER_33609.html,"[-1, -1, -1, -1, -1, -1, -1, -1, -1, -1, -1, -1, -1, -1, -1, -1, -1, -1, -1, -1, -1, -1, -1, -1, -1, -1, -1, -1, -1, -1, -1, -1, -1, -1, -1, -1, -1, -1, -1]"
AMERICAN_BEER_(premium)_33602.html,"[-1, -1, -1, -1, -1, -1]"
CHINESE_RICE_WINE_(Guyelongshan_Huadiao)_15304.html,"['71.500\xa0\xa071.500', '85.200\xa0\xa085.200', '3.310\xa0\xa03.310', '214.200\xa0\xa0214.200', '0.0238\xa0\xa00.0238', '0.253\xa0\xa00.253', '0.0180\xa0\xa00.0180', '0.0100\xa0\xa00.0100', '0.571\xa0\xa00.571', '109.310\xa0\xa0109.310', '0.00036\xa0\xa00.00036', '137.500\xa0\xa0137.500', '2.320\xa0\xa02.320', '0.0124\xa0\xa00.0124', '5.250\xa0\xa05.250', '1.276\xa0\xa01.276', '0.090\xa0\xa00.090', '0.0361\xa0\xa00.0361', '0.199\xa0\xa00.199', '0.213\xa0\xa00.213', '0.682\xa0\xa00.682', '895.0\xa0\xa0895.0', '2.160\xa0\xa02.160', '0.897\xa0\xa00.897', '2.790\xa0\xa02.790', '3.100\xa0\xa03.100', '0.338\xa0\xa00.338', '0.294\xa0\xa00.294', '1.059\xa0\xa01.059', '0.0872\xa0\xa00.0872', '0.296\xa0\xa00.296', '0.0569\xa0\xa00.0569', '83.970\xa0\xa083.970', '0.145\xa0\xa00.145', '0.0488\xa0\xa00.0488', '2.200\xa0\xa02.200', '0.106\xa0\xa00.106', '417.0\xa0\xa0417.0', '1.242\xa0\xa01.242', '0.0246\xa0\xa00.0246', '0.0697\xa0\xa00.0697', '0.0964\xa0\xa00.0964', '0.392\xa0\xa00.392', '0.0827\xa0\xa00.0827', '0.0237\xa0\xa00.0237', '9.640\xa0\xa09.640', '0.120\xa0\xa00.120', '0.714\xa0\xa00.714', '0.1037\xa0\xa00.1037', '0.0533\xa0\xa00.0533', '0.0020\xa0\xa00.0020', '3.790\xa0\xa03.790', '0.304\xa0\xa00.304', '0.0223\xa0\xa00.0223', '0.136\xa0\xa00.136', '0.2203\xa0\xa00.2203', '0.0092\xa0\xa00.0092', '0.0195\xa0\xa00.0195', '0.0120\xa0\xa00.0120', '0.151\xa0\xa00.151', '0.00057\xa0\xa00.00057', '0.0024\xa0\xa00.0024', '0.0163\xa0\xa00.0163', '0.0653\xa0\xa00.0653', '0.0019\xa0\xa00.0019', '0.0277\xa0\xa00.0277', '0.072\xa0\xa00.072', '0.0103\xa0\xa00.0103', '0.1026\xa0\xa00.1026', '6.250\xa0\xa06.250', '0.0671\xa0\xa00.0671', '0.0322\xa0\xa00.0322', '0.0080\xa0\xa00.0080', '0.655\xa0\xa00.655', '0.0080\xa0\xa00.0080']"
YOUNG_DRY_WHITE_WINE_7042.html,"[-1, -1, -1, -1, -1, -1, -1, -1, -1, -1, -1, -1, -1]"
RED_WINE_(Tannat)_7049.html,"[-1, -1, -1, -1, -1, -1, -1]"
DRY_WHITE_WINE_(Chenin_blanc)_7011.html,"[-1, -1, -1, -1, -1, -1, -1, -1, -1, -1]"
WHITE_WINE_(Pinot_blanc)_7032.html,"[-1, -1, -1, -1, -1, -1, -1, -1, -1, -1, -1, -1, -1, -1, -1, -1, -1, -1, -1, -1, -1, -1, -1, -1, -1, -1, -1, -1, -1, -1, -1, -1]"
LAGER_BEER_(Belgian)_33606.html,['0.037']
CHINESE_RICE_WINE_QU_15301.html,"['0\xa0—\xa05.2164', '0\xa0—\xa00.1315', '2.8555\xa0—\xa09.1589', '0.544\xa0—\xa02.2903', '0.2801\xa0—\xa05.5972', '0\xa0—\xa00.0438', '0.1728\xa0—\xa00.2249', '0.3311\xa0—\xa01.3878', '0\xa0—\xa010.1368', '0.2893\xa0—\xa00.5157', '0\xa0—\xa00.0317', '0.0144\xa0—\xa00.2906', '0.0199\xa0—\xa00.0648', '0.3463\xa0—\xa00.4024', '0.1782\xa0—\xa00.1912', '0\xa0—\xa00.6101', '0\xa0—\xa01.0932', '0\xa0—\xa00.8552', -1, -1, '7.7435\xa0—\xa012.4875', '0.0999\xa0—\xa00.1455', '0.2219\xa0—\xa00.2445', '0\xa0—\xa00.0402', '0\xa0—\xa00.2181', '0\xa0—\xa00.1317', '0\xa0—\xa00.0553', '0\xa0—\xa00.0553', '0\xa0—\xa00.4494', '0\xa0—\xa00.0615', '0\xa0—\xa00.1318', '0\xa0—\xa00.8552', '0\xa0—\xa08.4959', '0\xa0—\xa00.6474']"
RED_WINE_(Grenache)_7046.html,"[-1, -1, -1, -1, -1, -1, -1, -1, -1, -1, -1, -1, -1, -1, -1, -1, -1, -1, -1, -1, -1]"
PLUM_WINE_12700.html,"[-1, -1, -1, -1, -1, -1, -1, -1, -1, -1, -1, -1, -1, -1, -1, -1, -1, -1, -1, -1, -1, -1, -1, -1, -1, -1, -1, -1, -1, -1, -1, -1, -1, -1, -1, -1, -1, -1, -1, -1, -1, -1, -1, -1, -1, -1, -1, -1, -1, -1, -1, -1]"
WHITE_WINE_(Albariño_-_O_Condado)_7037.html,"['41\xa0—\xa074', '19\xa0—\xa034', '15\xa0—\xa034', '15\xa0—\xa026', '89\xa0—\xa0129', '0.98\xa0—\xa01.51', '0.06\xa0—\xa00.09', '0.01\xa0—\xa00.03', '12.3\xa0—\xa023.8', '15\xa0—\xa0224', '0.01\xa0—\xa00.02', '0.41\xa0—\xa00.62', '0.73\xa0—\xa01.76', '0.35\xa0—\xa00.6', '3.3\xa0—\xa05.81', '4.84\xa0—\xa09.59', '0.97\xa0—\xa02.67', '0.05\xa0—\xa00.33', '52\xa0—\xa087', '1.58\xa0—\xa04.31', '0.13\xa0—\xa00.41', '0.17\xa0—\xa00.45', '0.83\xa0—\xa05.56', '0.15\xa0—\xa00.3', '0.64\xa0—\xa01.5', '0.85\xa0—\xa01.67', '0.18\xa0—\xa00.44', '0.02\xa0—\xa00.04', '0.06\xa0—\xa00.2']"
FINNISH_LAGER_BEER_33604.html,"['0.0012\xa0—\xa00.0013', '0.032\xa0—\xa00.086', '0.0001\xa0—\xa00.0002', '0.00003', '0.008\xa0—\xa00.015', '0.0012\xa0—\xa00.0018']"
WHEAT_BEER_(Belgian)_33608.html,['0.045']
WHITE_WINE_(Müller-Thurgau)_7026.html,"['47.5\xa0—\xa065.7', '26.5\xa0—\xa036.5', '109.5\xa0—\xa0152', '32\xa0—\xa055', '132\xa0—\xa0235', '2.615\xa0—\xa03.48', -1, -1, '0.103\xa0—\xa00.158', '0.056\xa0—\xa00.116', -1, '0.0335\xa0—\xa00.07', '0.0145\xa0—\xa00.0315', '0.38\xa0—\xa00.94', -1, '0.0075\xa0—\xa00.009', -1, '0.0405\xa0—\xa00.082', '0.07\xa0—\xa00.108', '83\xa0—\xa0175.6', '0.0076\xa0—\xa00.02', '28\xa0—\xa058.1', '2.81\xa0—\xa05.91', '8.3\xa0—\xa014.79', '4.03\xa0—\xa07', '36\xa0—\xa051.5', '0.432\xa0—\xa00.61', '0.515\xa0—\xa00.782', '0.787\xa0—\xa01.13', '3.12\xa0—\xa04.93', '0.294\xa0—\xa00.414', '0.473\xa0—\xa00.64', '1.06\xa0—\xa01.5', '0.38\xa0—\xa00.662', -1, '0.259\xa0—\xa00.478', '0.088\xa0—\xa00.156', -1, '0.0027\xa0—\xa00.0043', -1, '0.0009\xa0—\xa00.0025', '0.0115\xa0—\xa00.0195']"
"RED_WINE_(Leon_Millot,_S._cerevisiae+Z._bailii)_7065.html","[-1, -1, -1, -1, -1, -1, -1, -1, -1, -1, -1, -1, -1, -1, -1, -1, -1, -1, -1, -1, -1, -1, -1, -1, -1, -1, -1, -1, -1, -1, -1, -1, -1, -1, -1, -1, -1, -1, -1, -1, -1, -1, -1, -1, -1, -1]"
ROSÉ_WINE_7030.html,"[-1, -1, -1, -1, -1, -1, -1, -1, '48\xa0—\xa0101', 'Present', -1, -1, '6.8\xa0—\xa011.54', -1, '0.53\xa0—\xa0724', -1, '1.7\xa0—\xa0171.2', '0.131\xa0—\xa00.132', -1, -1, '19.5\xa0—\xa0577', '841\xa0—\xa0863', '0.0859\xa0—\xa00.1174', -1, '0.1\xa0—\xa02270', '<0.0002\xa0—\xa01', '0.03\xa0—\xa0240', -1, -1, '0.0265\xa0—\xa00.0319', '13.4\xa0—\xa013.8', '2.1\xa0—\xa02.3', -1, '0.0031\xa0—\xa03.1', '0.0912\xa0—\xa00.128', '5.44\xa0—\xa026890', '0.0215\xa0—\xa00.0319', -1, '0.065', '0.012\xa0—\xa00.016', '0.0058\xa0—\xa00.011', '0.01\xa0—\xa00.011', '0.0005\xa0—\xa00.00055', '<0.00001', '0.00002\xa0—\xa00.00003', '0.00008\xa0—\xa00.00053', '0.081\xa0—\xa00.105', '0.029\xa0—\xa00.071', '<0.01', '0.0084\xa0—\xa00.01', -1, '0\xa0—\xa039', '0.06\xa0—\xa01.297', '<0.00005', '0.01\xa0—\xa00.05', -1, '0.001675\xa0—\xa00.006211', '0.00003\xa0—\xa00.00725', '80\xa0—\xa0189', -1, '0.437\xa0—\xa01.323', -1, 'trace\xa0—\xa01.842', '0.0937\xa0—\xa00.687', -1, '1.4\xa0—\xa05.5', -1, '1.8\xa0—\xa07.4', '0\xa0—\xa03.4', '3.189\xa0—\xa06.546', '1.166\xa0—\xa01.283', '0.04', -1, '0.02\xa0—\xa039', -1, '0.00131\xa0—\xa00.00246', '0.03\xa0—\xa0132', '0.1\xa0—\xa02140', '0\xa0—\xa069', '0.00304\xa0—\xa00.00755', '0.00252\xa0—\xa00.00777', '0\xa0—\xa03.8', -1, '0.0179\xa0—\xa00.0456', '0.2\xa0—\xa040460', '0.1\xa0—\xa0165', '0.00066\xa0—\xa00.00139', '0.0031\xa0—\xa00.0211', -1, '0.2\xa0—\xa0544', -1, '0.0059\xa0—\xa00.0064', '0.1\xa0—\xa0812', '0\xa0—\xa0375', '0.046\xa0—\xa015.1', -1, '56.8\xa0—\xa057.2', -1, '0.6\xa0—\xa06456', -1, '0.46\xa0—\xa00.64', 'trace\xa0—\xa00.1', '0.0001', '0.00001', 'trace\xa0—\xa017', '0.0362\xa0—\xa00.0425', -1, -1, '<0.01', '<0.01', '0.0706', '0.0004\xa0—\xa00.00261', '1.66', '0.86', -1, '0.000002\xa0—\xa00.00001', '<0.000001', '<0.00002', '0.005\xa0—\xa00.02', '0.0007\xa0—\xa00.0014', 'trace\xa0—\xa00.005', '0.31\xa0—\xa01.807', '0.00008\xa0—\xa00.539', '<0.00001\xa0—\xa00.00043', '<0.000001', '0\xa0—\xa00.00002', '0.0005\xa0—\xa00.01', 'trace', '0\xa0—\xa00.35', -1, -1, -1, '0.04', -1, -1, -1, -1, -1, -1, -1, -1, -1, -1, '0\xa0—\xa00.075', '0.003\xa0—\xa00.215', -1, '0.0009\xa0—\xa00.006', '<0.001', '0\xa0—\xa00.015', '0.004\xa0—\xa00.075', -1, '0.0004\xa0—\xa00.01', -1, '0.035', -1, -1, '0.105\xa0—\xa00.2', '<0.01', '<0.00001\xa0—\xa00.009', '0.078\xa0—\xa00.312', '0.036', '0.1083\xa0—\xa00.1234', '0.122\xa0—\xa00.254', '0.0225\xa0—\xa00.0283', -1, -1, -1]"
CASHEW_APPLE_WINE_26500.html,"[-1, -1, -1, -1, -1, -1, -1, -1, -1, -1, -1, -1, -1, -1, -1, -1, -1, -1, -1, -1, -1, -1, -1, -1, -1, -1, -1, -1, -1, -1, -1, -1, -1, -1, -1, -1]"
TRAPIST_BEER_(Belgian)_33607.html,['0.017']
DRY_WHITE_WINE_(Chardonnay_w_o_malolactic_ferment)_7023.html,"['99600', -1, -1, -1, -1, '480', '230', '4320', -1, -1, -1, -1, -1, -1, '1360', '<100']"
LITCHI_WINE_28200.html,"['0.101\xa0—\xa00.114', '82600\xa0—\xa084100', '15.7745\xa0—\xa017.5469', '7.5999\xa0—\xa09.3594', '0.39\xa0—\xa00.432', '22.672\xa0—\xa023.128', '0.0135\xa0—\xa00.0144', '419.286\xa0—\xa0468.136', '114.413\xa0—\xa0137.574', '0.0368\xa0—\xa00.0393', '0.0112\xa0—\xa00.0128', '0.013\xa0—\xa00.0147', '0.000806\xa0—\xa00.0009', '0.0075\xa0—\xa00.0084', '0.0018\xa0—\xa00.0023', '0.0056\xa0—\xa00.00587', '0.0304\xa0—\xa00.0463', '0.0258\xa0—\xa00.0521', '0.0438\xa0—\xa00.0742', '0.0022\xa0—\xa00.00287', '0.0237\xa0—\xa00.0252', '1.858\xa0—\xa02.5619', '0.0031\xa0—\xa00.0035', '0.0029\xa0—\xa00.00359', '0\xa0—\xa00.00097', '0.0035\xa0—\xa00.0119', '0.0266\xa0—\xa00.0552', '0\xa0—\xa00.015', '128.804\xa0—\xa0151.482', '1.2701\xa0—\xa01.9204', '3.1578\xa0—\xa04.8204', '3.582\xa0—\xa03.9937', '47.755\xa0—\xa049.958', '0.1921\xa0—\xa00.226', '0.0039\xa0—\xa00.0044', '7.337\xa0—\xa08.291', '0.0398\xa0—\xa00.0432', '0.00158\xa0—\xa00.0017', '0.0046\xa0—\xa00.0085', '0.0062\xa0—\xa00.0209', '0.0087\xa0—\xa00.0188', '0.0022\xa0—\xa00.0056', '0\xa0—\xa00.005', '0.0921\xa0—\xa00.1353', '3.493\xa0—\xa05.458', '1.3577\xa0—\xa01.4531', '1.396\xa0—\xa01.41', '0.00082\xa0—\xa00.0012', '0.0037\xa0—\xa00.0045', '2.698\xa0—\xa03.054', '0\xa0—\xa00.00025', '0.0006\xa0—\xa00.0012', '0.00037\xa0—\xa00.00093', '0.8861\xa0—\xa01.4473', '0.0588\xa0—\xa00.0958', '0.0824\xa0—\xa00.1391', '0.0533\xa0—\xa00.0545', '0.001964\xa0—\xa00.0021', '2.1228\xa0—\xa03.0164', '2.796\xa0—\xa03.4947', '0.0196\xa0—\xa00.0204', '0.0228\xa0—\xa00.0316', '0.0113\xa0—\xa00.0318', '0\xa0—\xa00.0164', '0.0155\xa0—\xa00.0189', '0.0031\xa0—\xa00.0051', '0.0116\xa0—\xa00.0143']"
BOTRYTISED_WINE_7070.html,"[-1, -1, -1, -1, -1, -1, -1, '25\xa0—\xa072', -1, '12\xa0—\xa058', '21\xa0—\xa078', '14600\xa0—\xa027800', '0.07836\xa0—\xa0208', '700\xa0—\xa02900', -1, -1, '0.03', -1, -1, -1, -1, '0.05', -1, -1, -1, -1, -1, '0.02', '0.02', -1, -1, -1, -1, -1, -1, -1, -1, -1, -1, -1, '0.01\xa0—\xa08.38', -1, '0.01', -1, -1, '39\xa0—\xa0178', -1, '0.27', '0.067', '0.023\xa0—\xa00.136', -1, -1, -1, -1, -1, -1, -1, -1, '934\xa0—\xa01990', '160\xa0—\xa03700', 'trace\xa0—\xa0426', -1, '33\xa0—\xa0263', -1, -1, 'trace\xa0—\xa00.03', '0.03', -1, -1, -1, -1, -1, -1, -1, '0.047\xa0—\xa00.109', -1, '0.023\xa0—\xa00.039', 'trace\xa0—\xa00.007', '0.06', 'trace', '0.08', '0.186\xa0—\xa00.472', -1, -1, -1, -1, -1, '0.23', -1, -1, -1, -1, -1, '0.05', -1, -1, -1, -1, -1, -1, -1, -1, '0.006', -1, -1, -1, -1, '0.03', '0.02', -1, '0.03', -1, -1, -1, '0.01', '0.14', -1, '0\xa0—\xa00.0085', '0\xa0—\xa00.0053', '0\xa0—\xa00.0032', '0.193\xa0—\xa00.348', -1, -1, '0.0089\xa0—\xa00.06', '0.0067\xa0—\xa00.0445', '0.0022\xa0—\xa00.0148', -1, -1, -1, -1, -1, -1, -1, -1, -1, -1, -1, -1, '0.00005\xa0—\xa00.000185', -1, '0.000093\xa0—\xa00.000375', -1, -1, '0.002326\xa0—\xa00.009648', -1, '0.000034\xa0—\xa00.000263', '0.0043\xa0—\xa00.0498', -1, -1, -1, '0.00034', -1, 'trace\xa0—\xa00.01', -1, -1, -1, -1, -1, -1, 'trace\xa0—\xa00.01', -1, -1, -1, -1, -1, 'trace', '0.019', -1, -1, '0.13', -1, -1, -1, '0.008\xa0—\xa00.324', '0.237\xa0—\xa03.26', '0.06\xa0—\xa00.185', -1, -1, -1, -1, -1, -1, -1, -1, '0.07']"
RED_WINE_(Shiraz)_7021.html,['0.00015']
YOUNG_RED_WINE_7043.html,"[-1, -1, -1, -1, -1, -1, -1, -1, -1, -1, -1, -1, -1]"
RED_WINE_(Sangiovese)_7051.html,"[-1, -1, -1, -1, -1, -1]"
RED_WINE_(Vidadillo)_7045.html,"[-1, -1, -1, -1, -1, -1, -1, -1, -1, -1, -1, -1, -1, -1, -1, -1, -1, -1, -1, -1, -1, -1, -1, -1, -1, -1, -1, -1, -1, -1, -1, -1, -1, -1, -1, -1, -1, -1, -1, -1, -1, -1, -1, -1, -1, -1, -1, -1, -1, -1, -1, -1, -1, -1, -1, -1, -1, -1, -1, -1, -1, -1, -1, -1, -1, -1, -1, -1, -1, -1, -1, -1, -1, -1, -1, -1, -1, -1, -1, -1, -1, -1, -1, -1, -1, -1, -1, -1, -1, -1, -1, -1, -1, -1, -1, -1, -1, -1, -1, -1, -1, -1, -1, -1, -1, -1, -1, -1, -1, -1, -1, -1, -1, -1, -1, -1, -1, -1, -1, -1, -1, -1, -1, -1, -1, -1, -1, -1, -1, -1, -1, -1, -1, -1, -1, -1, -1, -1, -1, -1, -1, -1, -1, -1, -1, -1, -1, -1, -1, -1, -1, -1, -1, -1, -1, -1, -1, -1, -1, -1, -1, -1, -1, -1, -1, -1]"
SAKE_(Sokujo-brewed)_15303.html,"['0.043\xa0—\xa00.33', '0.0005\xa0—\xa00.0033', -1, '0.00022\xa0—\xa00.0022', -1, '0.097\xa0—\xa00.22', -1, '0.0068\xa0—\xa00.017', '0.39\xa0—\xa00.93', -1, '0.055\xa0—\xa00.96', '0.00095\xa0—\xa00.003', '0.00047\xa0—\xa00.0018', '0.00019\xa0—\xa00.00035', '0.0006\xa0—\xa00.0036', -1, -1]"
"WHITE_WINE_(Verdejo,_retail_stored)_7073.html","[-1, -1, -1, -1, -1, -1, -1, -1, -1, -1, -1, -1, -1, -1, -1, -1, -1, -1, -1, -1, -1, -1, -1, -1, -1, -1, -1, -1, -1, -1, -1, -1, -1, -1, -1, -1, -1, -1, -1, -1, -1, -1, -1, -1, -1, -1, -1, -1, -1, -1, -1, -1, -1, -1, -1, -1, -1, -1, -1, -1, -1, -1, -1, -1, -1, -1, -1, -1, -1, -1, -1, -1, -1, -1, -1, -1, -1, -1, -1, -1, -1]"
RED_WINE_(Noble_muscadine)_7039.html,"[-1, -1, -1, -1, -1, -1, -1, -1, -1, -1, -1, -1, -1]"
BILBERRY_WINE_17800.html,"[-1, -1, 'Present', -1, -1, -1, -1, -1, -1, -1, -1, -1, -1, -1, -1, -1, -1, -1, -1, -1, -1, -1, -1, -1, -1, -1, -1, -1, -1, -1, -1, -1, -1, -1, -1, -1, -1, -1, -1, -1, -1, -1, -1, -1, -1, -1, -1, -1, -1, -1, -1, -1, -1, -1, -1, -1, -1, -1, -1, -1, -1, -1, -1, -1, -1, -1, -1, -1, -1, -1, -1, -1, -1]"
WHITE_WINE_(Riesling)_7024.html,"['0.44\xa0—\xa00.6', '0.06', '30.48\xa0—\xa032.86', '1.03\xa0—\xa01.13', -1, -1, '0.02\xa0—\xa00.03', -1, -1, -1, -1, -1, -1, '0.05\xa0—\xa00.06', -1, -1, '0.18\xa0—\xa00.21', -1, -1, '0.02\xa0—\xa00.04', -1, '0.06\xa0—\xa00.07', -1, -1, -1, '0.13\xa0—\xa00.32', '0.92\xa0—\xa02.77', '4.22\xa0—\xa010.23', '2.08\xa0—\xa04.88', -1, '0.83\xa0—\xa01.04', '0.13\xa0—\xa00.17', -1, '0.13\xa0—\xa00.15', '0.74\xa0—\xa02.28', '0.14\xa0—\xa00.2', -1, -1, '0.79\xa0—\xa00.88', '0.9\xa0—\xa00.99', '0.34\xa0—\xa00.38', '0.23', -1, -1, -1, '0.03\xa0—\xa00.07', -1, -1, -1, -1, -1, -1]"
"RED_WINE_(Leon_Millot,_S._cerevisiae_fermented)_7062.html","[-1, -1, -1, -1, -1, -1, -1, -1, -1, -1, -1, -1, -1, -1, -1, -1, -1, -1, -1, -1, -1, -1, -1, -1, -1, -1, -1, -1, -1, -1, -1, -1, -1, -1, -1, -1, -1, -1, -1, -1, -1, -1, -1, -1, -1, -1, -1, -1, -1, -1, -1, -1]"
CHERRY_BEER_(Belgian)_33605.html,['0.022']
OLOROSO_SHERRY_WINE_34303.html,"['96.7', '38.1', '45.2', '8069', '285', '820', '281', '45.1', '95.6', '38.8', '109.5', '270', '66.8', '10.9']"
RED_WINE_(Pinot_noir)_7044.html,"[-1, -1, -1, -1, -1, -1, -1, -1, -1, -1, -1, -1]"
WHITE_WINE_(Verdicchio)_7061.html,"[-1, -1, -1, -1, -1, -1, -1, -1, -1, -1, -1, -1, -1, -1, -1, -1, -1, -1, -1, -1, -1, -1, -1, -1, -1, -1, -1, -1, -1, -1, -1, -1, -1, -1, -1, -1, -1, -1, -1, -1, -1, -1, -1, -1, -1, -1, -1, -1, -1, -1, -1, -1, -1, -1, -1, -1, -1, -1, -1, -1, -1, -1, -1, -1, -1, -1, -1, -1, -1, -1]"
PASSION_FRUIT_WINE_6800.html,"[-1, -1, -1, -1, -1, -1, -1, -1, -1, -1, -1, -1, -1, -1, -1, -1, -1, -1, -1, -1, -1, -1, -1]"
AMONTILLADO_SHERRY_WINE_34302.html,"['89.7', '75.1', '98.2', '13276', '490', '2530', '1061', '121', '186', '62.2', '266', '895', '215', '29.3']"
WHITE_WINE_(non-categorised)_7010.html,"[-1, -1, -1, -1, -1, -1, -1, -1, -1, -1, -1, -1, -1, -1, -1, -1, -1, -1, -1, -1, '0.001\xa0—\xa00.002', -1, -1, -1, -1, -1, '0\xa0—\xa00.00021', -1, '0.001\xa0—\xa00.003', '0.001\xa0—\xa00.042', -1, -1, -1, -1, -1, '8.1\xa0—\xa0116', 'Present', -1, -1, '2.1\xa0—\xa03.2', '-1\xa0—\xa070', '0.005\xa0—\xa020', -1, '0.965\xa0—\xa0200', '4900\xa0—\xa010915', 'trace\xa0—\xa0180', -1, '1.9\xa0—\xa0200', '6.27\xa0—\xa0396', '0.001\xa0—\xa00.02', -1, '0.1\xa0—\xa01500', '0.05\xa0—\xa01023', '0.05\xa0—\xa07.9', '0.01\xa0—\xa0305', 'trace\xa0—\xa082', -1, 'trace', -1, '0\xa0—\xa00.005', '0\xa0—\xa01', '0.008\xa0—\xa01', '0.01\xa0—\xa00.05', '0.3\xa0—\xa01206', '0.043', 'trace\xa0—\xa05', 'trace\xa0—\xa01', '0.009', '0.01\xa0—\xa0199', '0.02\xa0—\xa00.42', -1, -1, -1, -1, -1, '0\xa0—\xa046', '<0.1', -1, -1, -1, '0.009\xa0—\xa09', -1, 'trace\xa0—\xa00.002', -1, '0.002\xa0—\xa00.017', -1, -1, -1, '0.0055\xa0—\xa00.25', -1, -1, '0.005\xa0—\xa00.09', 'trace\xa0—\xa00.2', 'trace\xa0—\xa00.25', 'trace\xa0—\xa01.2', -1, 'trace\xa0—\xa00.006', -1, -1, -1, -1, -1, -1, 'trace\xa0—\xa00.065', 'trace\xa0—\xa03', '0.001\xa0—\xa03', 'trace\xa0—\xa03.4', -1, -1, -1, -1, -1, '0.006', '0.008\xa0—\xa01', -1, '1.8\xa0—\xa043400', -1, -1, -1, '0.007\xa0—\xa00.02', 'trace', -1, -1, 'trace\xa0—\xa01', -1, -1, '0\xa0—\xa00.018', -1, -1, -1, '1.86\xa0—\xa0252.5', '0.06\xa0—\xa02.3', '0.06\xa0—\xa03.8', '0.00193\xa0—\xa03.6', '0.01\xa0—\xa01.4', '0\xa0—\xa00.7', '0.00916\xa0—\xa00.0164', '0.00337\xa0—\xa00.00556', '0.1\xa0—\xa02.5', '0.05\xa0—\xa014.4', '0\xa0—\xa00.02', '0.00006\xa0—\xa00.00055', '0.00005\xa0—\xa00.00009', '0\xa0—\xa00.0022', '0.00012\xa0—\xa00.00111', '0\xa0—\xa00.00073', '0.00014\xa0—\xa00.00049', '0\xa0—\xa00.00054', '0\xa0—\xa01', -1, -1, '0.0064\xa0—\xa00.045', -1, '0.0015\xa0—\xa00.12', '0\xa0—\xa00.05', 'trace\xa0—\xa02.1', -1, '0\xa0—\xa0137', '0.08\xa0—\xa00.6', -1, -1, -1, -1, -1, 'trace\xa0—\xa00.1', -1, '0.185\xa0—\xa00.218', -1, '0.006\xa0—\xa00.1', -1, -1, -1, -1, '0\xa0—\xa00.000385', -1, '0\xa0—\xa00.00008', -1, -1, '0.003\xa0—\xa00.02', '<0.1', -1, -1, '0.1\xa0—\xa01', -1, -1, '0.0626', -1, '0.0007\xa0—\xa00.17', -1, '0.00011\xa0—\xa00.03', '0.01\xa0—\xa00.04', -1, -1, -1, '0.2\xa0—\xa0435', -1, '0.1\xa0—\xa01.7', '0.01\xa0—\xa020', -1, '10\xa0—\xa02490', 'trace\xa0—\xa0280', -1, -1, '0.002\xa0—\xa020', '0.2334', -1, -1, '0.11\xa0—\xa020', -1, -1, -1, -1, -1, -1, -1, -1, '0.02\xa0—\xa020', -1, -1, -1, '1.3\xa0—\xa01.9', -1, -1, -1, -1, -1, '0.07\xa0—\xa020.9', -1, -1, -1, -1, '0\xa0—\xa020', -1, -1, -1, '0.1\xa0—\xa01', -1, -1, '<0.1', -1, -1, -1, '0.015\xa0—\xa00.4', '290', '620\xa0—\xa06700', '2390', '130', '0.009', -1, -1, -1, -1, -1, '1\xa0—\xa010', '1\xa0—\xa010', '1\xa0—\xa010', -1, '1\xa0—\xa010', -1, '1\xa0—\xa010', '1\xa0—\xa010', '1\xa0—\xa010', '0.1036\xa0—\xa01', -1, -1, -1, -1, -1, -1, -1, -1, -1, -1, '1\xa0—\xa010', '1\xa0—\xa010', '1\xa0—\xa010', '1\xa0—\xa010', -1, -1, '0\xa0—\xa04.5', -1, '0\xa0—\xa00.1', 'trace', '0.15\xa0—\xa0150', '0.99\xa0—\xa01.68', -1, -1, -1, '0.03\xa0—\xa00.12', -1, 'trace\xa0—\xa00.02', '0.03\xa0—\xa0102', '0.13\xa0—\xa00.2', '0.003\xa0—\xa00.034', '0.009', -1, '0.043', '0\xa0—\xa02100', '0\xa0—\xa060', -1, '0\xa0—\xa00.007', -1, '0.0005\xa0—\xa00.002', -1, -1, -1, -1, '0\xa0—\xa020', -1, -1, '0\xa0—\xa00.9', '0.34\xa0—\xa00.95', -1, '0.03\xa0—\xa00.48', -1, -1, -1, -1, -1, -1, 'trace\xa0—\xa028570', 'trace', '0.005', 'trace', '0.578', '0.01\xa0—\xa01', '0.025', -1, '0.3\xa0—\xa01.16', '0.15\xa0—\xa01.47', -1, '0.015\xa0—\xa0119', '0.75\xa0—\xa02.81', -1, -1, -1, -1, -1, -1, -1, -1, '0.002\xa0—\xa00.02', -1, '0.0027\xa0—\xa00.06', '0.18\xa0—\xa00.99', -1, -1, -1, 'trace', '0.02\xa0—\xa020', '0.37\xa0—\xa01.53', 'trace', '0\xa0—\xa01.6', 'trace\xa0—\xa00.009', '0.0004\xa0—\xa00.16', -1, -1, 'trace\xa0—\xa00.1', -1, '1.3', -1, -1, -1, -1, -1, '0.33\xa0—\xa01.44', '0.27\xa0—\xa01.03', -1, '0.014\xa0—\xa00.306', -1, '0.02', '0.007\xa0—\xa01', '0.182\xa0—\xa00.341', '0\xa0—\xa00.002', -1, '0\xa0—\xa0497', '0.44\xa0—\xa01.31', -1, -1, -1, '0.182', 'trace\xa0—\xa00.9', '0.015', -1, -1, -1, -1, -1, -1, -1, -1, '0.15\xa0—\xa00.2', 'trace\xa0—\xa00.006', -1, -1, -1, -1, '0.05\xa0—\xa01230', -1, -1, -1, -1, 'trace\xa0—\xa00.322', '0.3\xa0—\xa02.6', -1, -1, -1, -1, -1, '0\xa0—\xa053.2', -1, '0.053', '0.7', '0.41', '4.2', -1, -1, -1, '0\xa0—\xa00.03', -1, -1, -1, -1, '0\xa0—\xa0149', -1, -1, -1, -1, '0.1\xa0—\xa01', -1, -1, -1, -1, -1, -1, 'trace\xa0—\xa013.9', '0.5\xa0—\xa023', 'trace', '0\xa0—\xa03278', -1, 'trace', -1, -1, '0.009', 'trace\xa0—\xa00.05', -1, -1, -1, -1, -1, -1, -1, -1, '0.05', -1, '0.009\xa0—\xa00.129', 'trace\xa0—\xa00.02', '0.04\xa0—\xa00.3', -1, -1, -1, -1, -1, -1, -1, '0.18\xa0—\xa020', -1, -1, -1, -1, -1, -1, '0.00037', -1, -1, -1, -1, -1, '0\xa0—\xa00.2', -1, '0.0027', -1, '0.0066', 'trace\xa0—\xa00.01', -1, '0.0001\xa0—\xa00.0011', '0\xa0—\xa00.008', '0\xa0—\xa00.52', '0.26\xa0—\xa00.67', '0.0001\xa0—\xa00.06', '0.002\xa0—\xa00.0023', '0.02\xa0—\xa00.28', -1, -1, -1, -1, -1, -1, '0.046\xa0—\xa024.7', -1, 'trace\xa0—\xa01.161', '0.1\xa0—\xa00.5', '0.273\xa0—\xa00.672', -1, -1, -1, '0.016', -1, -1, '0\xa0—\xa00.12', -1, -1, '0\xa0—\xa00.004', '0.006\xa0—\xa00.0152', -1, '0\xa0—\xa00.05', '0\xa0—\xa00.04', '0\xa0—\xa00.197', '0.02', '0\xa0—\xa00.0009', '0\xa0—\xa00.06', '0.00014\xa0—\xa00.00027', -1, 'trace', '0.0001', -1, '4.6\xa0—\xa069', '0\xa0—\xa00.43', '0\xa0—\xa08.6', '0.05\xa0—\xa01.1', -1, '0\xa0—\xa00.49', -1, '0\xa0—\xa031.5', '0.01\xa0—\xa00.11', '0\xa0—\xa00.25', '0.1\xa0—\xa010.4', '0\xa0—\xa037.3', '0\xa0—\xa00.34', '0\xa0—\xa010.4', '0\xa0—\xa07.8', -1, '0\xa0—\xa09.9', -1, '2.51\xa0—\xa011.03', '0.5', '0.007\xa0—\xa00.069', -1, -1, -1, -1, '0\xa0—\xa00.14', -1, -1, -1, -1, '0\xa0—\xa00.006', '0.00004\xa0—\xa00.035', '<0.000002', -1, '0.000001\xa0—\xa00.000131', '0.000001\xa0—\xa00.000225', '0.00005', '0\xa0—\xa00.002', 'trace\xa0—\xa00.4', '0\xa0—\xa00.015', '<0.000076\xa0—\xa00.001426', 'trace\xa0—\xa00.01', 'trace\xa0—\xa00.022', '0\xa0—\xa03.4', '0.00009\xa0—\xa00.00025', '0\xa0—\xa02.95', -1, '0.025\xa0—\xa020', '0.0012\xa0—\xa00.004', '0.0012\xa0—\xa00.004', '0.006\xa0—\xa00.06', -1, -1, '0.00001\xa0—\xa00.007256', '0\xa0—\xa00.042', '0.000001\xa0—\xa00.0004', '0.000001\xa0—\xa00.000591', 'trace\xa0—\xa00.01', -1, '0.0005\xa0—\xa00.01', '0\xa0—\xa00.002', -1, 'trace\xa0—\xa00.014', '0.1\xa0—\xa00.52', '0.0004\xa0—\xa00.1', -1, '0\xa0—\xa00.21', -1, -1, '0\xa0—\xa00.005', -1, -1, -1, 'trace\xa0—\xa00.008', -1, '0.031\xa0—\xa00.268', '0.007\xa0—\xa00.06', '0.002\xa0—\xa00.013', -1, -1, '0.375', -1, 'trace\xa0—\xa00.01', -1, 'trace\xa0—\xa00.17', -1, '0\xa0—\xa00.06', -1, '0\xa0—\xa00.006', -1, '0\xa0—\xa00.03', '0\xa0—\xa00.02', -1, -1, '0.03', -1, -1, -1, -1, -1, -1, '0.011', -1, -1, -1, -1, -1, -1, -1, -1, '0\xa0—\xa00.09', -1, '0\xa0—\xa011', '0\xa0—\xa00.44', -1, '0.005', '0.0018', 'trace\xa0—\xa00.001', 'trace', -1, -1, '0.0001', '0\xa0—\xa00.095', -1, '0.012\xa0—\xa01.96', -1, -1, -1, -1, -1, -1, -1, -1, '0.0007\xa0—\xa00.0036', '0.003', '0\xa0—\xa00.22', '0.003\xa0—\xa01.1', -1, '0.0005\xa0—\xa00.02', '0.001', -1, '0.033\xa0—\xa00.7', '0\xa0—\xa00.35', -1, -1, '0.00073\xa0—\xa00.04', '0.0034', -1, -1, -1, -1, '0.0009\xa0—\xa00.12', '0\xa0—\xa01.5', -1, -1, -1, -1, 'trace\xa0—\xa022', '0.0089\xa0—\xa00.759', -1, 'trace\xa0—\xa0206', '0.007\xa0—\xa00.231', '0.058\xa0—\xa00.665', '0.0033\xa0—\xa00.413', '0.004\xa0—\xa00.137', '0.053\xa0—\xa00.117', '0.128\xa0—\xa01.404', '0.0018\xa0—\xa00.266', -1, -1, '0.176\xa0—\xa00.795', 'trace\xa0—\xa03.6', '0.027', -1, '0\xa0—\xa01.617', '0.098', '0.011', -1, -1, -1, '0\xa0—\xa00.021', '0.0006\xa0—\xa00.01', '0.0002\xa0—\xa01.3', '0.01', -1, '0.0007\xa0—\xa00.1', 'trace\xa0—\xa00.366', -1, -1, -1, -1, '0.024\xa0—\xa00.307', '0.072\xa0—\xa00.11', '12\xa0—\xa014', '0.7\xa0—\xa02.3', -1, -1, -1, -1, -1, -1, '0.02\xa0—\xa00.32', '0.001\xa0—\xa00.05', '0.002\xa0—\xa00.07', 'trace\xa0—\xa00.06', '0\xa0—\xa00.02', '0.005\xa0—\xa00.04', -1, -1, -1, -1, -1, '0.1\xa0—\xa01', -1, '0.02', -1]"
PALE_ALE_CRAFT_BEER_(low_alcoholic)_33610.html,"[-1, -1, -1, -1, -1, -1, -1, -1, -1, -1, -1, -1, -1, -1, -1, -1, -1, -1, -1, -1, -1, -1, -1, -1, -1, -1, -1, -1, -1, -1, -1, -1, -1, -1, -1, -1]"
RED_WINE_(Dornfelder)_7001.html,"['11972', '77.68', '307.2', '79.04', '12.1', '0.167', '2.04', '0.0009', '641.9', '1.69', '2892', '1.38', '0.957', '1.74', -1, '0.476', '596.3', '50.6', '1765', '23.7', '4.4', '19.2', '6.7', '0.102', '4.2', '5.5', '0.0535', '0.385', '0.239', '0.0506', '0.0551', '0.307', '0.0107', -1, -1, -1, '0.0033', -1, '0.0192', '0.0394', '0.0073', '0.0032', -1, '0.0192', '3.2']"
"WHITE_WINE_(Verdejo,_before_bottling)_7071.html","[-1, -1, -1, -1, -1, -1, -1, -1, -1, -1, -1, -1, -1, -1, -1, -1, -1, -1, -1, -1, -1, -1, -1, -1, -1, -1, -1, -1, -1, -1, -1, -1, -1, -1, -1, -1, -1, -1, -1, -1, -1, -1, -1, -1, -1, -1, -1, -1, -1, -1, -1, -1, -1, -1, -1, -1, -1, -1, -1, -1, -1, -1, -1, -1, -1, -1, -1, -1, -1, -1, -1, -1, -1, -1, -1, -1, -1, -1, -1, -1, -1, -1, -1, -1, -1, -1, -1, -1, -1, -1, -1, -1, -1, -1, -1, -1]"
DRY_WHITE_WINE_(Sauvignon_Blanc)_7017.html,"['0.098', '0.000026\xa0—\xa00.000027', -1, -1, -1, -1, '0.000001\xa0—\xa00.000015', -1, -1, -1]"
MEASILJU_(KOREAN_RICE_WINE)_34101.html,"['0.09', '0.2', '0.46', '1.32', '2.51', '2.86', '34.3', '0.24', '7.32', '127.15', '0.06', '2.53', '0.11', '0.46', '1.05', '0.26', '0.27', '0.14', '47.22', '27.49', '20.6', '2.72', -1, '3.87', '0.19', '0.01', '0.12']"
WHITE_WINE_(Ruländer)_7033.html,"[-1, -1, -1, -1, -1, -1, -1, -1, -1, -1, -1, -1, -1, -1, -1, -1, -1, -1, -1, -1, -1, -1, -1, -1, -1, -1, -1, -1, -1, -1, -1, -1]"
RED_WINE_(Cabernet_Sauvignon-based)_7035.html,"[-1, -1, -1, -1, -1, -1, -1, -1, -1, -1, -1, -1, -1, -1, -1, -1, -1, -1, -1, -1, -1, -1, -1, -1, -1, -1, -1, -1, -1, -1, -1, -1, -1, -1, -1, -1, -1, -1, -1, -1, -1, -1, -1, -1, -1, -1, -1, -1, -1, -1, -1, -1, -1, -1, -1, -1, -1, -1, -1, -1, -1, -1, -1, -1, -1, -1, -1, -1, -1, -1, -1, -1, -1, -1, -1, -1, -1, -1, -1, -1, -1, -1, -1, -1, -1, -1, -1, '0.000004\xa0—\xa00.000056', -1, -1, -1, -1, -1, -1, -1, -1, -1, -1, -1, -1, -1, -1, -1, -1, -1, -1, -1, -1, -1, -1, -1, -1, -1, -1, -1, -1, -1, -1, -1, -1]"
SHERRY_(non-categorised)_6900.html,"['0\xa0—\xa00.134', -1, '31\xa0—\xa0163', 'Present', -1, '19\xa0—\xa071.5', -1, '0\xa0—\xa02', -1, '25.7\xa0—\xa0115', '270\xa0—\xa05000', '0.608\xa0—\xa09.92', '0.224\xa0—\xa05', -1, '171\xa0—\xa0444', -1, '1.87\xa0—\xa01537', '575', '20', '186', '0.057\xa0—\xa00.13', '0.021\xa0—\xa00.092', '0\xa0—\xa00.2', '0\xa0—\xa00.135', '0.534\xa0—\xa05.2', '0.24', '0\xa0—\xa00.17', '0\xa0—\xa00.4', -1, '0\xa0—\xa00.873', '0.028\xa0—\xa00.227', -1, '0.124\xa0—\xa01.26', '0\xa0—\xa01.33', '0\xa0—\xa00.176', '0.1\xa0—\xa05.79', -1, '0\xa0—\xa00.696', '0.076\xa0—\xa00.8', '0.091\xa0—\xa03.97', '4.074\xa0—\xa0254', '4.9', '0\xa0—\xa00.02', '0\xa0—\xa00.777', '56.88\xa0—\xa0594', '0.0767\xa0—\xa00.181', '0.0512', '0.0374', '0.00009', '0.00006', '0\xa0—\xa00.39', '0.00063', '0.00072', '0\xa0—\xa00.234', '0.015', '0.03', -1, -1, '0.017\xa0—\xa00.239', '0.035', '0.0391\xa0—\xa00.158', -1, -1, '0.1', '3\xa0—\xa08.5', '0.011\xa0—\xa0220', '0.053\xa0—\xa02.1', '<0.1', '<0.1', '<0.1', -1, '0.12', '0.4', -1, '0.15\xa0—\xa00.201', '0.025', '0.0006\xa0—\xa00.008', '0.0014', '0\xa0—\xa00.062', '<0.1', '<0.1', -1, '0.3\xa0—\xa0377.241', '0.05\xa0—\xa00.06', '0\xa0—\xa04.58', -1, '0.06\xa0—\xa016.75', '0.283', '0\xa0—\xa06.79', -1, -1, '0.05\xa0—\xa00.07', '0.02\xa0—\xa03.543', -1, -1, '0\xa0—\xa01.19', -1, -1, '0\xa0—\xa00.7', '0.052\xa0—\xa00.143', -1, -1, -1, -1, -1, -1, -1, -1, -1, -1, -1, -1, -1, -1, -1, -1, -1, -1, -1, -1, '0.108', -1, -1, -1, -1, -1, -1, -1, -1, -1, -1, '0\xa0—\xa00.5', '0\xa0—\xa041', '8\xa0—\xa0280', -1, '0.044\xa0—\xa00.331', '1.5\xa0—\xa01.8', '0\xa0—\xa00.161', '0\xa0—\xa00.131', -1, -1, 'trace\xa0—\xa00.3', '0.04', '0.01\xa0—\xa01.1', '0.37', '0.091\xa0—\xa06.311', '0.038\xa0—\xa01.3', '0\xa0—\xa00.066', -1, '3.8\xa0—\xa0854', '0\xa0—\xa030', -1, '0\xa0—\xa01.1', -1, '0.015\xa0—\xa01.55', '0\xa0—\xa02.5', '0\xa0—\xa03.2', '0\xa0—\xa00.15', -1, '0.081', -1, '0.122\xa0—\xa00.305', -1, -1, '0.203\xa0—\xa01.1', '25\xa0—\xa026', -1, -1, -1, '0.0608', '0.352\xa0—\xa00.83', -1, '0.092\xa0—\xa02.206', -1, -1, -1, '0\xa0—\xa00.247', -1, '0.15\xa0—\xa00.5', '0.021\xa0—\xa00.12', '0\xa0—\xa02.715', -1, -1, -1, '0\xa0—\xa00.275', -1, '0\xa0—\xa00.22', -1, -1, '0.03\xa0—\xa00.14', '0\xa0—\xa00.357', '0\xa0—\xa00.215', -1, '0\xa0—\xa00.07', '209\xa0—\xa0340', -1, '7\xa0—\xa066', -1, -1, -1, -1, -1, '1.88\xa0—\xa023.6', -1, '0.5\xa0—\xa0100', '0\xa0—\xa00.215', -1, -1, -1, -1, '0.8\xa0—\xa040.8', -1, -1, '0.642\xa0—\xa05.72', -1, -1, -1, -1, -1, '0.04\xa0—\xa00.1', -1, -1, -1, -1, -1, -1, '0.17', '0\xa0—\xa00.41', -1, '0\xa0—\xa00.748', -1, -1, -1, -1, -1, -1, -1, -1, -1, -1, -1, -1, -1, -1, -1, -1, -1, -1, -1, -1, -1, -1, -1, -1, -1, -1, -1, -1, -1, -1, -1, -1, -1, '0.73', -1, -1, -1, -1, -1, -1, -1, '5.48', -1, -1, -1, -1, -1, -1, -1, -1, -1, -1, -1, -1, -1, -1, -1, -1, -1, -1, -1, -1, -1, -1, -1, -1, -1, -1, -1, -1, '0.003\xa0—\xa00.004', '0.0002\xa0—\xa00.0008', '0.0001\xa0—\xa00.0003', '0\xa0—\xa03.73', '0.0103\xa0—\xa00.0365', -1, '0\xa0—\xa0123.765', -1, -1, -1, -1, -1, -1, -1, -1, -1, -1, -1, -1, -1, -1, -1, -1, -1, -1, -1, -1, -1, -1, -1, -1, -1, -1, -1, 'trace', 'trace', '0.01', '0.01', '0.05', '0\xa0—\xa00.35', '0.02', -1, 'trace', 'trace', '0.106\xa0—\xa00.224', '0.0193\xa0—\xa00.74', '0.027\xa0—\xa00.591', '0.0023\xa0—\xa00.52', 'trace\xa0—\xa00.157', '0.04', 'trace', -1, '0\xa0—\xa07.34', '0\xa0—\xa00.141', '0\xa0—\xa0680', -1, '0\xa0—\xa00.67', '0.031\xa0—\xa00.074', 'trace', 'trace\xa0—\xa00.0038', -1, -1, '0.116\xa0—\xa00.566', -1, '0\xa0—\xa00.026', -1, -1, 'trace', -1, -1, -1, '4.8\xa0—\xa06.2', '0.02\xa0—\xa00.03', -1, -1, '2.6\xa0—\xa03.9', '0.4\xa0—\xa00.7', -1]"
GUGIJAJU_(KOREAN_RICE_WINE)_34103.html,"['0.11', '0.07', '0.12', '0.75', '1.44', -1, '0.17', '17.37', '52.88', '0.16', '30.95', '1.64', '0.56', '0.94', '4.46', '0.64', '4.49', '0.99', '0.78', '4.96', '6.96', '0.09', '0.06']"
MUST_(Müller-Thurgau)_7082.html,"[-1, -1, -1, -1, -1, -1, -1, -1, -1, -1, -1, -1, -1, -1, -1, -1, -1, -1, -1]"
BANTU_BEER_9900.html,"[-1, -1, -1, -1, -1, -1, -1, -1, -1, -1, -1, -1, -1, -1, -1, -1, -1, -1, -1, -1, -1, -1, -1, -1, -1, -1, -1, -1, -1, -1, -1, -1, -1, -1, -1, -1, -1, -1, -1, -1, -1, -1, -1, -1, -1, -1, -1, -1, -1, -1, -1, -1, -1, -1]"
CIDER_(APPLE_WINE)_6700.html,"[-1, -1, -1, '16\xa0—\xa0248', '5\xa0—\xa066000', '0.8\xa0—\xa071', '0.07', '13\xa0—\xa045', '1\xa0—\xa028', '2\xa0—\xa0103', -1, '120\xa0—\xa05780', '1.4\xa0—\xa032', '0.07\xa0—\xa016.2', -1, -1, '16\xa0—\xa0202', -1, '0.017', '0.021', '14\xa0—\xa091', -1, '22\xa0—\xa075', '0.055\xa0—\xa015', -1, '134\xa0—\xa0171', -1, '0.074', -1, '2\xa0—\xa09', -1, -1, '0.1\xa0—\xa01', '0.032', -1, -1, -1, -1, -1, -1, -1, -1, -1, -1, -1, -1, -1, '0.03', -1, '0.094\xa0—\xa01.5', '3\xa0—\xa0244', '10', -1, '0.9\xa0—\xa098', -1, -1, -1, -1, -1, -1, -1, -1, -1, -1, '0.1', -1, -1, '0.2', '2', -1, '0\xa0—\xa035', '0.02\xa0—\xa00.05', '0\xa0—\xa04.8', -1, -1, -1, -1, -1, -1, -1, -1, -1, -1, -1, -1, '139\xa0—\xa02400', '1', '0.8', '450\xa0—\xa04800', '3.5', -1, '2.4', -1, -1, '2.5\xa0—\xa03.198', '0.1', -1, -1, '1\xa0—\xa05.663', '0.02\xa0—\xa02.268', -1, 'trace\xa0—\xa05', '0\xa0—\xa02', -1, -1, '60\xa0—\xa01240', '20\xa0—\xa02940', -1, -1, -1, -1, -1, -1, -1, -1, -1, '0.5', '0.2', -1, -1, '0.1', 'trace\xa0—\xa03', '3\xa0—\xa0222', '0.06\xa0—\xa00.1', -1, '0.1\xa0—\xa01.3', '0.04\xa0—\xa01.8', -1, -1, -1, '0.3\xa0—\xa013', -1, '0.1\xa0—\xa01.2', -1, -1, -1, -1, -1, '0\xa0—\xa04', '0.2', -1, -1, -1, -1, -1, -1, -1, -1, -1, '0.8\xa0—\xa0228.8', -1, -1, -1, '0.04', -1, '0.1\xa0—\xa00.5', -1, -1, -1, -1, 'trace', '0.017\xa0—\xa00.02', -1, -1, -1, -1, -1, '4', -1, '0.1', -1, -1, -1, '0.047', '0.725', -1, -1, -1, -1, -1, -1, -1, '0.1', -1, -1, '0.2', '0.2\xa0—\xa01', -1, -1, -1, -1, -1, '0.03', -1, -1, -1, -1, -1, -1, '0.02', '0.2\xa0—\xa02', -1, -1, '0.005', -1, -1, -1, -1, -1, '0.08\xa0—\xa03', -1, -1, -1, -1, -1, -1, -1, -1, -1, -1, -1, '0\xa0—\xa00.7', -1, -1, -1, -1, '0.4\xa0—\xa00.7', -1, -1, -1, '0.2\xa0—\xa02', -1, -1, -1, -1, -1, -1, -1, -1, -1, -1, -1, '0.2', -1, -1, -1, -1, -1, -1, -1, -1, -1, -1, '0.02', -1, -1, -1, '0.659\xa0—\xa08', -1, -1, '0\xa0—\xa03', '0\xa0—\xa01', -1, '0.514\xa0—\xa02', -1, -1, -1, -1, -1, '0.1\xa0—\xa029', '0.05', '0.05', '0.05', '1', -1, -1, '2', '0.01', '0.01', -1, '0.03', -1, '1\xa0—\xa03', -1, '0.2', -1, -1, -1, '3.332', -1, '0.11\xa0—\xa01', '0.1\xa0—\xa03.173', -1, -1, -1, -1, -1, -1, -1, -1, -1, -1, -1, -1, -1, -1, -1, -1, -1, -1, -1, -1, -1, -1]"
RED_WINE_(Cabernet_Sauvignon)_7074.html,"[-1, -1, -1, -1, -1, -1, -1, -1, -1, -1, -1, -1, -1, -1, -1, -1, -1, -1, -1, -1, -1, -1, -1, -1, -1, -1, -1, -1, -1, -1, -1, -1, -1, -1, -1, -1, -1, -1, -1, -1, -1, -1, -1, -1, -1, -1, -1, -1, -1, -1, -1, -1]"
"RED_WINE_(Leon_Millot,_Z._bailii_fermented)_7063.html","[-1, -1, -1, -1, -1, -1, -1, -1, -1, -1, -1, -1, -1, -1, -1, -1, -1, -1, -1, -1, -1, -1, -1, -1, -1, -1, -1, -1, -1, -1, -1, -1, -1, -1, -1, -1, -1, -1, -1, -1]"
RED_WINE_(Bordeaux)_7022.html,"['0.003\xa0—\xa00.022', '0.031\xa0—\xa00.09', '0.18\xa0—\xa00.345', '0.001\xa0—\xa00.003', '0\xa0—\xa00.001', '0.013\xa0—\xa00.183', '0\xa0—\xa00.003', '0.01\xa0—\xa00.068', '0.068\xa0—\xa00.411', '0.002\xa0—\xa00.426', '0.002\xa0—\xa00.911', '0.005\xa0—\xa00.019', '0.095\xa0—\xa00.707', '0.044\xa0—\xa00.567', '0.092\xa0—\xa00.699']"
MUST_(Chardonnay)_7080.html,"[-1, -1, -1, -1, -1, -1, -1, -1, -1, -1, -1, -1, -1, -1, -1, -1, -1, -1, -1]"
WHITE_WINE_(Silvaner)_7031.html,"[-1, -1, -1, -1, -1, -1, -1, -1, -1, -1, -1, -1, -1, -1, -1, -1, -1, -1, -1, -1, -1, -1, -1, -1, -1, -1, -1, -1, -1, -1, -1, -1]"
WHITE_WINE_(Ehrenfelser)_7029.html,"[-1, -1, -1, -1, -1, -1, -1, -1, -1, -1, -1, -1, -1, -1, -1, -1, -1]"
RED_WINE_(Ulugbey_Karasi)_7047.html,"[-1, -1, -1, -1, -1, -1, -1, -1]"
MUST_(Ulugbey_Karasi)_7083.html,"[-1, -1, -1]"
"RED_WINE_(Leon_Millot,_S._cerevic.+M._pulcherrimo)_7066.html","[-1, -1, -1, -1, -1, -1, -1, -1, -1, -1, -1, -1, -1, -1, -1, -1, -1, -1, -1, -1, -1, -1, -1, -1, -1, -1, -1, -1, -1, -1, -1, -1, -1, -1, -1, -1, -1, -1, -1, -1, -1, -1, -1, -1, -1, -1, -1]"
RED_WINE_(Tinta_Negra_Mole)_7036.html,"['0.002\xa0—\xa00.07', '0.008\xa0—\xa00.031', '0\xa0—\xa08.983', '0.516\xa0—\xa03.056', '2.513\xa0—\xa02.678', '29.467\xa0—\xa0259.09', '34.646\xa0—\xa0104.102', '0\xa0—\xa00.03', '0\xa0—\xa00.01', '7.604\xa0—\xa08.779', '0\xa0—\xa00.444', '0.005\xa0—\xa00.008', '0.488\xa0—\xa00.523', '0.574\xa0—\xa00.575', '0.001\xa0—\xa00.006', '0.106\xa0—\xa00.224', '0.006\xa0—\xa00.021', '9.706\xa0—\xa018.005', '0.287\xa0—\xa00.288', '1.35\xa0—\xa06.649', '0\xa0—\xa03.008', '1.28\xa0—\xa01.611', '0\xa0—\xa00.007', '0.008\xa0—\xa00.066', '0.002\xa0—\xa00.041', '0.01\xa0—\xa00.567', '0.015\xa0—\xa00.119', '14.388\xa0—\xa027.101', '0\xa0—\xa00.031', '0.043\xa0—\xa00.822', '0.019\xa0—\xa00.04', '0.763\xa0—\xa01.83', '1.486\xa0—\xa01.625', '0.001\xa0—\xa00.01', '5.843\xa0—\xa09.076', '0.098\xa0—\xa01.607', '0\xa0—\xa00.03', '1.033\xa0—\xa01.188', '0\xa0—\xa00.005', '0.491\xa0—\xa00.654', '0.002\xa0—\xa00.036', '2.993\xa0—\xa05.09', '0\xa0—\xa00.015', '3.088\xa0—\xa07.206', '0.006\xa0—\xa00.046', '0\xa0—\xa01.372', '1.659\xa0—\xa01.706', '1.544\xa0—\xa02.271', '0.06\xa0—\xa00.284', '1.325\xa0—\xa03.613', '29.069\xa0—\xa054.823', '0.181\xa0—\xa00.38', '0\xa0—\xa01.318', '27.056\xa0—\xa030.079', '0.184\xa0—\xa01.049', '0.003\xa0—\xa00.016', '0\xa0—\xa00.127', '0.012\xa0—\xa00.032', '0\xa0—\xa00.01', '0\xa0—\xa00.009', '0.065\xa0—\xa00.511', '0.063\xa0—\xa00.317', '0\xa0—\xa00.001', '0.001\xa0—\xa00.005', '1.384\xa0—\xa01.623', '0.007\xa0—\xa00.103', '0.003\xa0—\xa00.006', '0\xa0—\xa00.004', '0.009\xa0—\xa00.083', '0\xa0—\xa01.269', '2.89\xa0—\xa03.015', '0\xa0—\xa00.006', '0\xa0—\xa00.127', '0\xa0—\xa00.023', '0\xa0—\xa06.535', -1, -1]"
"WHITE_WINE_(Albillo,_S._cerevisiae_fermented)_7056.html","[-1, -1, -1, -1, -1, -1, -1, -1, -1, -1, -1, -1, -1, -1, -1, -1, -1, -1, -1, -1, -1, -1, -1, -1, -1, -1]"
WHITE_WINE_(Bacchus)_7028.html,"[-1, -1, -1, -1, -1, -1, -1, -1, -1, -1, -1, -1, -1, -1, -1, -1, -1]"
WHITE_WINE_(Kerner)_7025.html,"[-1, -1, -1, -1, -1, -1, -1, -1, -1, -1, -1, -1, -1, -1, -1, -1, -1]"
RED_WINE_(Monastrell)_7041.html,"[-1, -1, -1, -1, -1, -1, -1, -1, -1, -1, -1, -1, -1, -1, -1, -1, -1, -1, -1, -1, -1, -1, -1, -1, -1, -1, -1, -1, -1, -1, -1, -1, -1, -1, -1, -1, -1, -1, -1, -1, -1, -1, -1, -1, -1, -1, -1, -1, -1, -1, -1, -1, -1, -1, -1, -1, -1, -1, -1, -1, -1, -1, -1, -1, -1, -1, -1, -1, -1, -1, -1, -1, -1, -1, -1, -1, -1, -1, -1, -1, -1, -1, -1, -1, -1, -1, -1, -1, -1, -1]"
WHITE_WINE_(Semillon)_7034.html,"[-1, -1, -1, -1, -1, -1, 'trace', -1, -1, -1, -1, -1, 'trace', -1, -1, -1, -1, -1, -1, -1, -1, -1, -1, -1, -1, -1, -1, -1, -1, -1, -1, -1, -1, '5', 'trace', 'trace', '126', '1', '200', -1, -1, -1]"
BEER_(non-categorised)_6300.html,"['0.002', '0.004', '0.2', -1, '0.02', '0.08\xa0—\xa00.1', -1, -1, -1, '0.01\xa0—\xa00.2', '0.02', '0.02', '0.02', -1, 'Present', -1, '3.5\xa0—\xa047', '0.004\xa0—\xa00.24', -1, '5\xa0—\xa056.6', '1090\xa0—\xa02500', '<0.1', -1, '10.2\xa0—\xa033.9', '6.7\xa0—\xa0122.5', '0.032\xa0—\xa00.046', -1, -1, '0.15', -1, '0.3', -1, '0.02', '0.03', '0.0176\xa0—\xa00.0277', -1, -1, '0.02', -1, '0.008', '0.04', '<0.01\xa0—\xa00.08', '0.03', -1, '0.01', -1, '<0.01', -1, -1, '0.003\xa0—\xa00.09', '0.0009\xa0—\xa00.09', '0.001\xa0—\xa00.003', '0.0007\xa0—\xa00.5', '0.00332\xa0—\xa00.107', '0.00231\xa0—\xa00.0247', -1, '0.03\xa0—\xa00.08', '0.004', -1, '0.01\xa0—\xa00.03', '1.8\xa0—\xa059', '1.4\xa0—\xa059', '0.002\xa0—\xa00.08', '0.006\xa0—\xa00.02', '0.001\xa0—\xa00.2', '0.006\xa0—\xa01.2', '0.01', '0.006\xa0—\xa00.04', '0.002', '0.04\xa0—\xa00.1', '0.002\xa0—\xa00.2', '0.001', '0.001\xa0—\xa00.02', '<0.01', -1, '0.009\xa0—\xa00.1', '0.009\xa0—\xa00.06', -1, '0.007\xa0—\xa00.025', '<0.01', '0.03', -1, -1, -1, '0.05\xa0—\xa00.68', '0.009\xa0—\xa00.08', '0.202\xa0—\xa011', '0.2\xa0—\xa01', '0.006\xa0—\xa01', '0.007\xa0—\xa00.5', '0.0022\xa0—\xa00.1', -1, '0.04\xa0—\xa011', '0.006', '0\xa0—\xa00.04', '0\xa0—\xa00.009', '0.0007\xa0—\xa00.0046', '0.004\xa0—\xa00.1', '0\xa0—\xa00.002', -1, -1, -1, '0.002', -1, -1, -1, -1, -1, '0\xa0—\xa00.024', '0.004', '0\xa0—\xa00.004', -1, '0.0003', -1, '0.0003\xa0—\xa00.005', -1, '0.001\xa0—\xa00.0014', '0\xa0—\xa00.0004', -1, '0.0002', '0.0002\xa0—\xa00.017', '0\xa0—\xa00.0002', '0.0001', '0\xa0—\xa00.008', -1, '0\xa0—\xa00.014', '0.00003\xa0—\xa00.05', '<0.00002\xa0—\xa00.0006', -1, '0.0001', '0\xa0—\xa00.001', -1, '<0.0002\xa0—\xa00.007', -1, '0.0012\xa0—\xa00.015', -1, '0.00001\xa0—\xa00.0025', '0.0008\xa0—\xa00.0016', '0.0003\xa0—\xa00.003', '0.0002\xa0—\xa00.01', '0.0001\xa0—\xa00.0002', '0.0001', -1, -1, '0.0003\xa0—\xa05.7', -1, -1, '0.00191\xa0—\xa00.00505', '<0.005\xa0—\xa00.22', -1, -1, '0\xa0—\xa00.03', '0\xa0—\xa00.7', '0\xa0—\xa00.0295', -1, -1, '0.004\xa0—\xa01.4', -1, '0.005\xa0—\xa00.06', -1, -1, '0\xa0—\xa011', '0.002\xa0—\xa00.63', '0.02', '0.06', '0.0025\xa0—\xa00.12', '0.04\xa0—\xa00.16', '0\xa0—\xa00.07', '0\xa0—\xa00.3', -1, -1, -1, '<0.01', -1, '0.03\xa0—\xa00.1', -1, '0.001\xa0—\xa00.05', '0.01', -1, -1, '0.03', '<0.01\xa0—\xa00.015', -1, '0.01', '1.3', -1, -1, -1, -1, '0\xa0—\xa00.287', '0.00998\xa0—\xa00.01654', '0.007\xa0—\xa00.01', '0.0002\xa0—\xa00.004', 'trace\xa0—\xa00.157', '0.0001\xa0—\xa00.01', '0.00137\xa0—\xa00.00229', '0.01\xa0—\xa00.07', '30', '12\xa0—\xa0156', '29', -1, '1.3\xa0—\xa05', '0.3\xa0—\xa05.2', '44\xa0—\xa0292', 'trace\xa0—\xa0290', -1, '0.17\xa0—\xa03.3', -1, '0.438\xa0—\xa00.5', -1, -1, '0.24\xa0—\xa03.6', '0.26', '0.1\xa0—\xa01', '0.2\xa0—\xa01.3', '0\xa0—\xa00.17', '0\xa0—\xa00.022', '0.03\xa0—\xa00.2', -1, -1, -1, '0.32', '0.29', '0.33', '1\xa0—\xa02.8', '0.4\xa0—\xa01.5', '0.9\xa0—\xa05.8', -1, -1, -1, -1, '0.01', '0.01\xa0—\xa02', '0.02\xa0—\xa01', '<0.01', -1, '0.06', '1.3\xa0—\xa021', '<0.01', '0.04', '0.07', '0.02\xa0—\xa00.4', '<0.01', -1, '0.1\xa0—\xa04.1', '0.23', '0.3\xa0—\xa00.7', -1, '0.03', -1, '0.16', '<0.01\xa0—\xa01.4', '0.01\xa0—\xa00.7', '0.01', '<0.01\xa0—\xa01.2', '0.02\xa0—\xa02.5', '<0.01\xa0—\xa00.02', '0.03\xa0—\xa00.5', '0.04\xa0—\xa00.16', '0.02', '<0.01\xa0—\xa00.06', '0.02\xa0—\xa00.5', '0.02\xa0—\xa00.3', '0.01\xa0—\xa00.6', '0.01\xa0—\xa00.14', '4\xa0—\xa012', -1, -1, '0.02', '36\xa0—\xa0166', '0.01', '0\xa0—\xa017', 'trace\xa0—\xa020', '0.01', '0.15', '1.5', '0.2', '0.13', '0.18', '14\xa0—\xa097', '0.45', '0.001\xa0—\xa00.02', -1, '0.012\xa0—\xa00.7', -1, -1, -1, '0.003\xa0—\xa00.005', -1, '0.013\xa0—\xa00.4', -1, '0.0003\xa0—\xa03.6', '0.021\xa0—\xa00.6', -1, -1, '0.0035\xa0—\xa01.1', '0.257\xa0—\xa00.93', -1, -1, '0.04\xa0—\xa01.2', -1, -1, '0.01', -1, '0.0033\xa0—\xa00.026', '<0.01', '0.5', '1.2', '0.02', -1, '<0.001\xa0—\xa02.77', '1.9', '0.02', -1, '0.002\xa0—\xa00.3', '<0.001\xa0—\xa06.5', '4.6', '1.1', -1, -1, '0.0007\xa0—\xa00.879', -1, -1, '0.02', -1, -1, -1, -1, -1, '11\xa0—\xa064', '0.001\xa0—\xa00.0122', -1, -1, '0.0149\xa0—\xa00.0174', '0.01\xa0—\xa00.4', -1, -1, '0.013\xa0—\xa00.0146', '0.1\xa0—\xa06', '0.004\xa0—\xa00.1', -1, '0.0067\xa0—\xa00.03', '0.0093\xa0—\xa00.03', '<0.01', '0.0014', '0.015\xa0—\xa00.035', '0.0027\xa0—\xa00.0123', '0.003\xa0—\xa02.4', '0.2\xa0—\xa00.8', '0.01\xa0—\xa01', '0.02', '0.01', '0.0032\xa0—\xa00.5', -1, '0.1', -1, '0.02', -1, -1, '0.0107\xa0—\xa00.6', '0.0072\xa0—\xa00.118', '0.01\xa0—\xa00.4', -1, -1, -1, -1, -1, '0.00028\xa0—\xa00.0068', -1, '0.00028\xa0—\xa00.01', '0.04', '0.00153\xa0—\xa00.02', '0.009\xa0—\xa00.0101', '0.00028', '0.014\xa0—\xa01', '0.03', -1, '0.4', -1, -1, -1, -1, '0.08', -1, -1, -1, '0.013\xa0—\xa00.06', '0.0145\xa0—\xa00.0293', '0.02', '0.002\xa0—\xa04', '0.02', '0.8', -1, '0.15', '0.0033\xa0—\xa00.0105', -1, -1, '0.05', -1, '0.001\xa0—\xa00.3', '<0.01', '0.1', '0.001\xa0—\xa00.04', '0.02', -1, '0.001\xa0—\xa00.02', '0.001\xa0—\xa00.5', -1, '0.01', -1, -1, '0.022', '0.004\xa0—\xa00.016', '0.22', '0.0098\xa0—\xa00.0368', '0.01', -1, -1, '0.01', '0.00323\xa0—\xa00.00498', -1, -1, '0.02', '<0.01', '1.3\xa0—\xa02', '1.6', -1, '0.002\xa0—\xa00.2', '0.02', '0.02', '0.02\xa0—\xa00.03', '0\xa0—\xa00.09', '0.0049\xa0—\xa00.38', '0.001\xa0—\xa00.2', -1, '0.03', -1, '0.1\xa0—\xa00.3', -1, -1, '0.05\xa0—\xa00.1', -1, -1, -1, -1, '0.4\xa0—\xa01.2', -1, '0.03\xa0—\xa00.06', -1, -1, -1, '0.5\xa0—\xa07.5', -1, '0\xa0—\xa037.5', -1, '0\xa0—\xa04.2', '0.1\xa0—\xa053', '13\xa0—\xa027', '0\xa0—\xa025', -1, -1, -1, '26\xa0—\xa0137', -1, -1, '<0.001\xa0—\xa00.002', -1, -1, -1, -1, -1, '<0.01', -1, '0.04\xa0—\xa01.7', 'trace\xa0—\xa00.02', -1, -1, -1, '0.001\xa0—\xa00.003', -1, '0\xa0—\xa07.5', '0.1\xa0—\xa031', -1, '0.006', '0.0008', -1, -1, '0.0002', -1, -1, -1, -1, -1, -1, '0.001\xa0—\xa00.006', -1, -1, '0.001\xa0—\xa01.4', -1, -1, -1, '0.001\xa0—\xa00.07', '0.01', '0.025', '<0.001\xa0—\xa00.015', '0.002\xa0—\xa00.11', '0.001\xa0—\xa00.035', -1, -1, '0.035', -1, '0.01', '0.0008\xa0—\xa00.02', -1, '0.001\xa0—\xa00.02', '<0.001\xa0—\xa00.01', -1, -1, -1, '0.01', '0.01', '0.015', '0.0027\xa0—\xa00.0109', '0.0003\xa0—\xa00.0042', 'trace\xa0—\xa00.005', 'trace\xa0—\xa00.006', 'trace\xa0—\xa00.00022', 'trace', 'trace', 'trace', '0\xa0—\xa00.0009', '0.0001\xa0—\xa00.0002', '0.000001\xa0—\xa00.00001', '0.0001\xa0—\xa00.008', -1, -1, '0\xa0—\xa00.0224', '0\xa0—\xa00.0017', '0.007\xa0—\xa00.2', '0.0002\xa0—\xa00.0017', '0.001', '0.00001\xa0—\xa00.026', '0\xa0—\xa00.01', '0\xa0—\xa00.002', '0\xa0—\xa00.002', '0.0002\xa0—\xa00.001', '0.3\xa0—\xa04', -1, -1, -1, '0.0004\xa0—\xa00.0027', -1, '0.009\xa0—\xa00.1', '0.03', '0.0006\xa0—\xa00.096', '0.0008\xa0—\xa00.004', '0\xa0—\xa00.006', '0.006\xa0—\xa00.01', 'trace\xa0—\xa00.0001', '0.00025\xa0—\xa00.0035', '0\xa0—\xa00.2', 'trace\xa0—\xa00.0001', -1, 'trace\xa0—\xa00.0001', '0.9\xa0—\xa01.4', '0.1', '<0.01\xa0—\xa00.04', '<0.01', -1, '<0.001\xa0—\xa00.009', '<0.001\xa0—\xa00.002', '0.001\xa0—\xa00.005', -1, '<0.001\xa0—\xa00.006', '0.05', '0.0008\xa0—\xa00.04', '0.0008\xa0—\xa00.06', -1, -1, -1, -1, -1, -1, -1, -1, '0\xa0—\xa00.031', -1, -1, -1, '0.03\xa0—\xa00.06', '0.01\xa0—\xa00.08', '0.5\xa0—\xa07.1', '0.01\xa0—\xa01.5', '0.00024\xa0—\xa00.00035', '0.2\xa0—\xa02', -1, -1, -1, -1, '0.002\xa0—\xa00.04', '0\xa0—\xa00.4', '<0.01\xa0—\xa01.3', '<0.005\xa0—\xa03.8', '0\xa0—\xa00.3', '0\xa0—\xa00.047', '0\xa0—\xa00.044', -1, -1, '0\xa0—\xa00.346', '0\xa0—\xa00.113', '0\xa0—\xa00.02', '<0.01\xa0—\xa00.341', '0\xa0—\xa00.263', '<0.01', '1.06\xa0\xa01.30', '0.006', '0.009', -1, '0.01', '0\xa0—\xa01.059', '0.0003\xa0—\xa00.01', '0.5\xa0—\xa08', -1, '0.0064\xa0—\xa00.154', '0.01', '0.001\xa0—\xa00.006', '0.0003\xa0—\xa00.0005', '0.004\xa0—\xa01.8', '0.19\xa0—\xa02.6', '0.0049\xa0—\xa00.15', '0\xa0—\xa00.01', '<0.01', '0.8', '0.2\xa0—\xa08', '<0.01\xa0—\xa00.02', '8\xa0—\xa025', '0.3\xa0—\xa00.8', '0.01\xa0—\xa00.05', '0\xa0—\xa00.06', '0.0015\xa0—\xa00.0161', -1, 'trace\xa0—\xa00.1', '0.007\xa0—\xa00.14', '0.003\xa0—\xa00.13', '0.02\xa0—\xa00.03', -1, '0.01\xa0—\xa00.03', '0.0026\xa0—\xa00.17', '0.002\xa0—\xa00.08', -1, -1, '0.02', -1, -1, '8', '23', '1.2', -1, -1, -1, '0.05', '<0.01', '0.001\xa0—\xa00.01', -1, '0.1', '1.5\xa0—\xa05.6']"
WHITE_WINE_(Gewürtztraminer)_7019.html,"[-1, '0.21', '0.18', '20', -1, '0.00098', '0.272', -1, '0.15', '0.0004', '0.49', -1, '0.021']"
SPECIAL_WINE_7060.html,"[-1, -1, 'Present', -1, '7.6\xa0—\xa017.2', -1, -1, -1, -1, '20.7\xa0—\xa045', -1, -1, -1, '1.12\xa0—\xa010', -1, '0.164\xa0—\xa03.99', -1, -1, -1, -1, -1, -1, -1, -1, -1, -1, -1, '5\xa0—\xa093.8', '0\xa0—\xa00.01', '8\xa0—\xa018.5', -1, -1, -1, -1, '0.836\xa0—\xa01.214', '0.5\xa0—\xa01', '0.045\xa0—\xa00.133', -1, '3\xa0—\xa012', '0.15\xa0—\xa00.23', -1, -1, -1, -1, -1, -1, -1, '0.19\xa0—\xa00.38', '0.0007\xa0—\xa00.0013', -1, -1, -1, -1, '9.396\xa0—\xa011.826', '0.69\xa0—\xa02.415', -1, -1, -1, -1, '1.903\xa0—\xa05.536', '0.0365\xa0—\xa00.09', '0.957\xa0—\xa01.617', -1, -1, -1, -1, -1, -1, -1, -1, -1, -1, -1, -1, '0.84\xa0—\xa02.016', -1, -1, -1, -1, -1, -1, -1, -1, -1, '6.1\xa0—\xa031', -1, -1, '0.8\xa0—\xa01.05', -1, -1, -1, -1, -1, -1, -1, -1, -1, -1, -1, -1, -1, -1, '0.17\xa0—\xa00.24', -1, -1, -1, -1, -1, -1, -1, -1, -1, -1, -1, -1, -1, -1, -1, '0.018\xa0—\xa00.054', '0.016\xa0—\xa00.112', -1, '0.084\xa0—\xa00.219', '0.195\xa0—\xa00.705', -1, '0.0025\xa0—\xa00.075', -1, -1, -1, '231.95\xa0—\xa01036.06', -1, -1, -1, -1, -1, '0.072\xa0—\xa00.134', -1, '0.0414\xa0—\xa00.0846', '0.081\xa0—\xa00.144', '2.2\xa0—\xa03.4', -1, -1, -1, -1, -1, -1, -1, -1, -1, '140\xa0—\xa0322', -1, -1, -1, -1, -1, '0.916\xa0—\xa01.276', -1, -1, '0.02\xa0—\xa00.054', -1, -1, -1, -1, -1, '28\xa0—\xa0106', -1, -1, -1, -1, -1, -1, -1, -1, -1, -1, -1, -1, -1, -1, -1, -1, -1, -1, -1, -1, '0.03', '0.1089\xa0—\xa00.1584', -1, '0.0022\xa0—\xa00.0037', '0.00064\xa0—\xa00.0012', -1, -1, '7.7\xa0—\xa035.7', -1, -1, -1, -1, '0.004', '0.355\xa0—\xa00.529', '0\xa0—\xa00.016', '0.0129\xa0—\xa00.0193', '0.0035\xa0—\xa00.0062', '0.0116\xa0—\xa00.0232', -1, '0.000003\xa0—\xa00.000006', '0.00006', -1, -1, -1, -1, -1, -1, '0.2\xa0—\xa00.88', -1, -1, -1, -1, -1, -1, -1, '0.0013\xa0—\xa00.004', -1, -1, -1, '0.004\xa0—\xa00.006', '0.0075\xa0—\xa00.0102', -1, '0.044\xa0—\xa00.0616', '0.0756\xa0—\xa00.1422', -1, -1, -1, '0.0124\xa0—\xa00.0181', '0.0224\xa0—\xa00.0333', '0.188\xa0—\xa00.316', '0.0023\xa0—\xa00.003', '0.0078\xa0—\xa00.328', '0.0096\xa0—\xa00.0132', -1, '0.0171\xa0—\xa00.0285', '0\xa0—\xa00.012', -1, '0.987\xa0—\xa01.692', '0.2', '0.0144\xa0—\xa00.0189', -1, -1, -1, '0.016', -1, -1, -1, -1, -1, -1, -1]"
PORT_WINE_7040.html,"['trace', 'trace', -1, 'trace', 'trace', 'trace', 'trace', '230', 'Present', '38', 'trace', '110', 'trace', '2\xa0—\xa020', '2\xa0—\xa020', -1, -1, '2\xa0—\xa020', '2\xa0—\xa020', '2\xa0—\xa020', '0.2\xa0—\xa02', '0.2\xa0—\xa02', '0.2\xa0—\xa02', 'trace', '0.2\xa0—\xa02', '15\xa0—\xa047', 'trace', '0.0332', '0.0757', '0.0277', '0.00145', '0.00006', '0.00057', '0.00102', '0.2\xa0—\xa02', 'trace', '0.0787', -1, -1, '2\xa0—\xa020', '0.6\xa0—\xa01', '0.03\xa0—\xa00.1', '0.29\xa0—\xa01.1', 'trace', '0.0035\xa0—\xa00.048', '0.0021\xa0—\xa00.0033', 'trace', '2\xa0—\xa020', '2\xa0—\xa020', '370\xa0—\xa01200', '2\xa0—\xa020', 'trace', 'trace', '710\xa0—\xa01710', '510', -1, -1, '0.2\xa0—\xa02', '0\xa0—\xa00.2', '71', '0.2\xa0—\xa02', '2\xa0—\xa020', -1, '0.2\xa0—\xa02', -1, '2\xa0—\xa020', '0.2\xa0—\xa02', 'trace', '0.2\xa0—\xa02', '2\xa0—\xa020', '0.2\xa0—\xa02', '0.2\xa0—\xa02', '15\xa0—\xa0370', '2\xa0—\xa020', -1, -1, '0.2\xa0—\xa02', '0.2\xa0—\xa02', '0.2\xa0—\xa02', -1, 'trace', -1, 'trace', 'trace', 'trace', 'trace', 'trace', -1, -1, '0.008\xa0—\xa00.308', '0.2\xa0—\xa02', 'trace', -1, -1, 'trace', 'trace', 'trace', '2\xa0—\xa020', '0.2\xa0—\xa02', -1, -1, 'trace', 'trace', 'trace', -1, '0.2\xa0—\xa02', 'trace', -1, -1, -1, -1, -1, -1, 'trace', -1, -1, -1, -1, 'trace', -1, -1, 'trace', -1, -1, -1, '0.2\xa0—\xa02', -1, '61\xa0—\xa0130', '0.2\xa0—\xa02', '2\xa0—\xa020', 'trace', '0.2\xa0—\xa02', -1, -1, -1, -1, -1, -1, -1, -1, '0.2\xa0—\xa02', '0.016\xa0—\xa00.212', 'trace', '2\xa0—\xa020', '0.2\xa0—\xa02', -1, '0.2\xa0—\xa02', 'trace', -1, 'trace', -1, '0.2\xa0—\xa02', '0.2\xa0—\xa02', '0.2\xa0—\xa02', -1, -1, 'trace', 'trace', '2\xa0—\xa020', '0.041\xa0—\xa01.223', '0.571\xa0—\xa01.753', '0\xa0—\xa00.005', '0.2\xa0—\xa02', '0.8\xa0—\xa02.2', 'trace', '0.047\xa0—\xa00.081', '3.3', '0.2', -1, '2.2', '0.05\xa0—\xa03.5', 'trace', '0.011\xa0—\xa00.167', 'trace\xa0—\xa00.002', '0.0002\xa0—\xa00.0004', '0\xa0—\xa00.0001', '0.2\xa0—\xa02', '0.0173', -1, -1, '0.2\xa0—\xa02', '0.2\xa0—\xa02', '0.2\xa0—\xa02', -1, '0.2\xa0—\xa02', '0.2\xa0—\xa02', '0.2\xa0—\xa02', '0.2\xa0—\xa02', '0.003\xa0—\xa00.02', '2\xa0—\xa042', '0.1\xa0—\xa03.1', '0\xa0—\xa088', '0.004\xa0—\xa00.378', '0.037\xa0—\xa01.02', '0\xa0—\xa01', '0.126\xa0—\xa00.155', '0.032\xa0—\xa00.148', -1, '0.175\xa0—\xa01.446', '1.9\xa0—\xa04', 'trace\xa0—\xa00.08', 'trace', '0.027\xa0—\xa00.243', '0.023\xa0—\xa00.478', '13\xa0—\xa080', '1.5\xa0—\xa011', '0.2\xa0—\xa02', -1, '0.2\xa0—\xa02', '0.2\xa0—\xa02', 'trace', '0.2\xa0—\xa02', 'trace', '0.2\xa0—\xa02', '0.2\xa0—\xa02', '0.2\xa0—\xa02', -1, -1]"
AUSTRIAN_BEER_33601.html,"[-1, -1, -1, -1, -1, -1, -1, -1, -1]"
KUKWHAJU_(KOREAN_RICE_WINE)_34102.html,"['0.06', '0.23', '0.19', '1.32', '22.03', '0.66', '1.29', '32.74', '0.16', '15.54', '127.15', '1.54', '0.35', '0.31', '0.77', '18.35', '0.25', '0.82', '0.31', '0.05']"
MUST_(Leon_Millot)_7084.html,"[-1, -1, -1, -1, -1, -1, -1, -1, -1, -1, -1, -1, -1, -1, -1, -1, -1, -1, -1, -1, -1, -1, -1, -1, -1, -1, -1, -1, -1]"
MUST_(Riesling)_7081.html,"[-1, -1, -1, -1, -1, -1, -1, -1, -1, -1, -1, -1, -1, -1, -1, -1, -1, -1, -1]"
DRY_WHITE_WINE_(Chardonnay)_7016.html,"[-1, -1, '95500', -1, -1, -1, -1, -1, '630', '2720', -1, -1, -1, '0.138', '<100', -1, -1, -1, -1, -1, -1, -1, -1, 'trace', -1, -1, -1, -1, -1, -1, -1, -1, -1, -1, -1, -1, -1, -1, -1, -1, -1, -1, '49', '<100']"
RED_WINE_(non-categorised)_7020.html,"[-1, -1, -1, '0\xa0—\xa00.011', -1, -1, -1, '0.09\xa0—\xa0209', 'Present', '2.1\xa0—\xa022', '13\xa0—\xa063.1', '0.11\xa0—\xa00.39', -1, '9.3\xa0—\xa0164', -1, '5803\xa0—\xa020041', '0.3\xa0—\xa03', 'trace\xa0—\xa00.04', '1.6\xa0—\xa0128', '10.6\xa0—\xa0451', '0.06\xa0—\xa00.12', '7\xa0—\xa01148', '0.04\xa0—\xa05.1', '0.03\xa0—\xa00.06', -1, '0.02\xa0—\xa00.04', -1, '0.03\xa0—\xa00.5', '0.02\xa0—\xa00.09', '0\xa0—\xa00.05', '0.3\xa0—\xa013.2', 'trace\xa0—\xa00.05', 'trace\xa0—\xa00.04', '0.0072\xa0—\xa00.796', '0.01\xa0—\xa00.19', '0.01\xa0—\xa00.15', '0\xa0—\xa00.18', -1, -1, '0.01\xa0—\xa00.6', 'trace\xa0—\xa00.06', 'trace', -1, 'trace\xa0—\xa00.013', '0.005\xa0—\xa00.009', '0.0023\xa0—\xa00.014', '0.00057\xa0—\xa00.04', '0\xa0—\xa00.05', '0\xa0—\xa00.25', '0.06\xa0—\xa02', '4\xa0—\xa0162', -1, -1, '0.01\xa0—\xa00.03', 'trace\xa0—\xa00.008', '0.00057\xa0—\xa00.1', '1.2\xa0—\xa0214', '0.3\xa0—\xa05.3', '0.00496\xa0—\xa00.0442', -1, '0.00711\xa0—\xa00.0902', '0.0029\xa0—\xa00.0313', -1, '0.00008\xa0—\xa00.00063', '0.00008\xa0—\xa00.00014', '0.00015\xa0—\xa00.0003', '0.00029\xa0—\xa00.00117', '0.0006\xa0—\xa00.00075', '0.00019\xa0—\xa00.00208', -1, '0.0004\xa0—\xa00.0007', '0\xa0—\xa00.5', -1, -1, '0.0096\xa0—\xa00.34', '0.018\xa0—\xa00.86', '0\xa0—\xa00.0912', -1, '0\xa0—\xa00.03', '0\xa0—\xa00.4', 'trace\xa0—\xa00.03', '0\xa0—\xa0159.3', '0.03\xa0—\xa00.16', '0\xa0—\xa06.78', -1, -1, '0.003\xa0—\xa00.9', -1, '0.063\xa0—\xa00.296', -1, -1, '0.000007\xa0—\xa00.000057', -1, '0\xa0—\xa00.000127', -1, -1, -1, '0.007\xa0—\xa00.024', -1, -1, '0.03\xa0—\xa01227', -1, '0.06', '0.00023\xa0—\xa00.0047', '0\xa0—\xa00.00067', '0.000032\xa0—\xa00.002', '0.006\xa0—\xa00.02', '2.5\xa0—\xa0660', -1, '2.79\xa0—\xa08.45', '0.434\xa0—\xa04.26', '0\xa0—\xa02364', '4\xa0—\xa08.7', '0\xa0—\xa04.8', '0.07\xa0—\xa00.428', '0.08646\xa0—\xa03', '40\xa0—\xa062', '69\xa0—\xa094', -1, '0.7\xa0—\xa037', -1, -1, '0.2\xa0—\xa041', -1, '0\xa0—\xa054', -1, -1, '15\xa0—\xa0118', '645\xa0—\xa0819', -1, '19\xa0—\xa028', '127\xa0—\xa0231', '23\xa0—\xa05900', '1140\xa0—\xa02219', '40\xa0—\xa0148', '0\xa0—\xa00.071', '2\xa0—\xa06', '2\xa0—\xa05', '0\xa0—\xa00.02', -1, -1, '3\xa0—\xa05', -1, '4\xa0—\xa06', -1, '2\xa0—\xa05', -1, '17\xa0—\xa035', '22\xa0—\xa095', '5\xa0—\xa07', '0.02\xa0—\xa00.114', -1, -1, -1, -1, -1, -1, -1, -1, '2\xa0—\xa08', -1, '2\xa0—\xa012', -1, '0.5\xa0—\xa08', '0\xa0—\xa00.1', -1, '9\xa0—\xa0257', -1, -1, '0.04\xa0—\xa00.18', 'trace\xa0—\xa00.02', '0.01\xa0—\xa01.2', '0.18\xa0—\xa00.36', -1, -1, 'trace', -1, '0\xa0—\xa023', 'trace\xa0—\xa04.8', -1, -1, -1, '0.2', -1, '0.02\xa0—\xa00.05', '0.5\xa0—\xa03.4', '0\xa0—\xa08', -1, 'trace\xa0—\xa020', -1, '0.0098\xa0—\xa00.569', -1, -1, '0.8\xa0—\xa0682', -1, '0.02\xa0—\xa00.3', '0.02\xa0—\xa01', '0.01\xa0—\xa00.06', -1, '0.01\xa0—\xa00.1', 'trace\xa0—\xa03.8', '0.03\xa0—\xa01.8', -1, '0\xa0—\xa00.018', -1, '0.0011\xa0—\xa00.0612', '0.03\xa0—\xa00.09', '0.0022\xa0—\xa00.11', 'trace', '0\xa0—\xa00.6', 'trace\xa0—\xa00.01', '0\xa0—\xa07.3', '0.01\xa0—\xa00.02', '0.12\xa0—\xa00.44', -1, '0.01\xa0—\xa00.34', -1, '0.005\xa0—\xa00.24', 'trace\xa0—\xa00.08', '0.0199\xa0—\xa010', '0.000012\xa0—\xa00.00005', '0.00006\xa0—\xa00.00018', '0\xa0—\xa00.465', '0.01\xa0—\xa00.12', '0.03\xa0—\xa00.5', '0.135\xa0—\xa00.431', '0\xa0—\xa00.032', -1, -1, 'trace\xa0—\xa03.4', -1, -1, -1, 'trace\xa0—\xa01.5', -1, -1, -1, -1, '0.06\xa0—\xa00.2', 'trace', -1, -1, '0.024\xa0—\xa03.8', -1, -1, 'trace\xa0—\xa00.0069', '2.9\xa0—\xa03', -1, -1, 'trace\xa0—\xa00.5', '1\xa0—\xa05', '0.9\xa0—\xa04.8', -1, 'trace\xa0—\xa04.3', -1, 'trace\xa0—\xa00.06', '62\xa0—\xa0139', 'trace\xa0—\xa00.17', '0.12\xa0—\xa031.5', 'trace\xa0—\xa00.02', 'trace\xa0—\xa00.06', -1, '0.07\xa0—\xa00.2', -1, -1, -1, -1, 'trace\xa0—\xa00.03', '0.01\xa0—\xa00.108', 'trace', '0.1\xa0—\xa00.2', -1, '18\xa0—\xa048', -1, '0.09\xa0—\xa07.3', '0.03\xa0—\xa00.46', -1, -1, -1, '0\xa0—\xa00.000012', '0.000043\xa0—\xa00.0059', -1, -1, '0\xa0—\xa03.1', -1, '0\xa0—\xa0214', -1, '0.03\xa0—\xa0113', -1, 'trace\xa0—\xa00.02', '0\xa0—\xa00.003', '0\xa0—\xa00.05', '0\xa0—\xa00.075', '0\xa0—\xa00.0089', '0.00094', '0.2\xa0—\xa00.8', -1, '0.021\xa0—\xa034.86', -1, '0.03\xa0—\xa01.845', '0.12\xa0—\xa01.1', '0.262\xa0—\xa01.193', -1, '0.0034\xa0—\xa00.0262', -1, '0\xa0—\xa030', '0\xa0—\xa00.017', '0.0046\xa0—\xa00.013', -1, '0\xa0—\xa00.589', '0\xa0—\xa00.213', '0\xa0—\xa00.278', '0\xa0—\xa00.024', '0\xa0—\xa00.016', '0\xa0—\xa00.073', '0\xa0—\xa00.034', '0\xa0—\xa00.0057', '0.0004\xa0—\xa00.0177', 'trace\xa0—\xa00.009', '3.2\xa0—\xa040', '0.01\xa0—\xa01.83', '0.08\xa0—\xa02', '0.02\xa0—\xa00.22', '0\xa0—\xa00.05', '0\xa0—\xa00.04', '0\xa0—\xa00.1', -1, '0.003\xa0—\xa011.8', -1, '0.01\xa0—\xa00.21', '0.12', -1, -1, '0.15\xa0—\xa028.6', '0.02\xa0—\xa021.8', '0\xa0—\xa00.81', '0.06\xa0—\xa072', '0\xa0—\xa09.51', -1, -1, '0\xa0—\xa010', '0\xa0—\xa00.18', -1, '0.023\xa0—\xa00.186', -1, '0\xa0—\xa04', -1, '0.02\xa0—\xa00.04', -1, -1, '0\xa0—\xa00.000042', '0\xa0—\xa00.000002', -1, '0.00001\xa0—\xa00.000015', '0.000002\xa0—\xa00.000075', '0.000075', '0\xa0—\xa00.0009', '0\xa0—\xa01.1', '<0.000076\xa0—\xa00.008394', 'trace\xa0—\xa00.002', '0.0003\xa0—\xa00.0016', '0\xa0—\xa01.4', -1, -1, '0\xa0—\xa00.25', '0.01\xa0—\xa058', '0.00025\xa0—\xa00.068', '0.025\xa0—\xa00.068', -1, '0.00001\xa0—\xa00.005', '0.00214\xa0—\xa00.0244', '0.000004\xa0—\xa00.000011', '0\xa0—\xa00.0002', '0.002', '0.007\xa0—\xa00.014', 'trace\xa0—\xa00.004', -1, '0\xa0—\xa00.09', '0.01\xa0—\xa00.03', -1, '0.00069\xa0—\xa00.17', '0.002', -1, -1, '0\xa0—\xa00.015', -1, -1, -1, '0.004', -1, -1, -1, -1, '0\xa0—\xa09.4', '0\xa0—\xa00.04', '0.002\xa0—\xa017', '0\xa0—\xa015', '0\xa0—\xa02', '0.001\xa0—\xa02', '0.001', -1, '0\xa0—\xa037', '0\xa0—\xa00.01', 'trace\xa0—\xa020', -1, -1, '0.0011\xa0—\xa03', '0.009', '0\xa0—\xa07', '0\xa0—\xa00.334', '0\xa0—\xa00.0165', '0.00088\xa0—\xa05', -1, '0.0006\xa0—\xa00.0072', -1, -1, '0.0114\xa0—\xa00.198', '0.0086\xa0—\xa00.073', '0.0021\xa0—\xa016', '0.00015\xa0—\xa01', 'trace\xa0—\xa0345', '0.017\xa0—\xa01.24', '0.201\xa0—\xa01.222', '0.0028\xa0—\xa00.779', '0.0015\xa0—\xa00.023', '0.025\xa0—\xa00.247', '0\xa0—\xa00.206', '0.01\xa0—\xa00.09', '0.198\xa0—\xa01.413', 'trace\xa0—\xa06.3', '0.01', -1, 'trace\xa0—\xa00.047', '0.02\xa0—\xa00.1', -1, 'trace\xa0—\xa00.005', '0.01\xa0—\xa00.13', -1, '0.043\xa0—\xa00.153', '0.024\xa0—\xa00.137', '6\xa0—\xa015', '0.2\xa0—\xa01.8', -1, -1, -1, -1, '0.01\xa0—\xa00.11', 'trace\xa0—\xa00.18', 'trace\xa0—\xa00.02', 'trace\xa0—\xa00.009', -1, -1, -1, -1]"
DRY_WHITE_WINE_(Thompson_Seedless)_7012.html,"[-1, -1, -1, -1, -1, -1, -1, -1, -1, -1]"
SPARKLING_WINE_7050.html,"[-1, '0.051\xa0—\xa00.094', '0.086\xa0—\xa0119', 'Present', -1, '1.6\xa0—\xa059', '0.2\xa0—\xa00.3', -1, '19.448\xa0—\xa0138', '6900\xa0—\xa010200', '0\xa0—\xa010', '0\xa0—\xa017.8', '6.2\xa0—\xa0105', '91\xa0—\xa0173', '0\xa0—\xa0420', '0\xa0—\xa03', '13\xa0—\xa020', '41\xa0—\xa062', '0.3\xa0—\xa01.8', -1, '0.2\xa0—\xa00.356', '0.02', '0.04\xa0—\xa00.07', -1, '0.02\xa0—\xa00.05', '0.02\xa0—\xa00.04', '0.2\xa0—\xa00.4', -1, '0.005\xa0—\xa0141', '0.6\xa0—\xa024', '0.12\xa0—\xa073', -1, '0.024\xa0—\xa00.2', '16.871\xa0—\xa057', '0.06\xa0—\xa067', '2.5\xa0—\xa096', '0.05\xa0—\xa01.2', '0.00397\xa0—\xa01.3', '0.0156', '0.00843\xa0—\xa01.6', '0.03\xa0—\xa00.07', '0.8', '0.00008', -1, '0.00008', '0.03\xa0—\xa00.04', '0.00018', '0.07', '0.00022', -1, '0.0149', 'trace\xa0—\xa0114', '0\xa0—\xa00.087', -1, -1, -1, -1, '0.061\xa0—\xa00.071', '0.04\xa0—\xa020', -1, '0.05\xa0—\xa00.3', '0.02\xa0—\xa01.2', '500\xa0—\xa05100', '0.4\xa0—\xa02.3', '0.07\xa0—\xa00.8', '0.15\xa0—\xa00.3', '1.6\xa0—\xa06.492', '0.01\xa0—\xa00.02', '0.02\xa0—\xa08.2', '0.2\xa0—\xa00.5', '0\xa0—\xa03.8', '0.02\xa0—\xa00.06', '560', '490\xa0—\xa02920', '0.09\xa0—\xa00.3', '<0.01', '0.03\xa0—\xa00.2', '8\xa0—\xa0100', '0.003\xa0—\xa01.8', -1, '0.02\xa0—\xa00.6', -1, -1, 'trace\xa0—\xa01.6', '0.004\xa0—\xa00.2', -1, -1, '0.02\xa0—\xa00.1', '147', '0.04\xa0—\xa00.1', '0.01\xa0—\xa0172', '0.5\xa0—\xa02.5', '0.1\xa0—\xa00.6', -1, '0.05\xa0—\xa00.06', 'trace\xa0—\xa0815', '0.3\xa0—\xa00.4', -1, '1.7\xa0—\xa08.4', '0.1\xa0—\xa00.7', '0.003\xa0—\xa00.008', -1, '0.001\xa0—\xa00.06', '0.01\xa0—\xa00.16', '0.04', -1, '0.9', '0.6\xa0—\xa00.7', -1, '0\xa0—\xa0145', -1, -1, '0.8\xa0—\xa01.7', '0.1\xa0—\xa00.3', '0.1\xa0—\xa0245', -1, -1, -1, -1, -1, '100', -1, -1, '0\xa0—\xa0166', -1, -1, '0.02\xa0—\xa00.03', -1, '0.01\xa0—\xa0178', '0.03\xa0—\xa00.1', -1, '0.1\xa0—\xa00.3', -1, '0.2\xa0—\xa018', -1, '0.5\xa0—\xa017', '120', '39', '75', '0.7\xa0—\xa091', '8.5\xa0—\xa011.8', '0.1\xa0—\xa023', '3.3\xa0—\xa029', '8.4\xa0—\xa019', -1, '2.7', '11.6', '<0.1\xa0—\xa01', '0.4\xa0—\xa00.8', -1, '0\xa0—\xa00.00026', '0.00014', '0.000145', '0.02453\xa0—\xa00.07703', '0.00201\xa0—\xa00.01056', '0.00102\xa0—\xa00.00359', '0.00101\xa0—\xa00.00302', '0.00103\xa0—\xa00.01598', '0.00288\xa0—\xa00.00629', '0.158\xa0—\xa04.842', '0.00207\xa0—\xa00.00789', '0.00299', '0.0031\xa0—\xa00.01204', '0.00081\xa0—\xa00.0038', '0.0032\xa0—\xa00.00558', '0.00391\xa0—\xa00.00624', '1.12\xa0—\xa02.667', -1, -1, -1, '0.279\xa0—\xa00.871', -1, -1, -1, -1, '0.09\xa0—\xa00.155', '0.108\xa0—\xa00.185', -1]"
STRAWBERRY_WINE_14800.html,"[-1, -1, -1, -1, -1, -1, -1, -1, -1, -1, -1, -1, -1, -1, -1, -1, -1, -1, -1, -1, -1, -1, -1, -1, -1, -1, -1, -1, -1, -1, -1, -1, -1, -1, -1, -1, -1, -1, -1, -1, -1, -1, -1, -1, -1, -1, -1, -1, -1, -1, -1, -1, -1, -1, -1, -1, -1, -1, -1, -1, -1, -1, -1, -1, -1, -1, -1, -1]"
"WHITE_WINE_(Albillo,_H._vineae+S._cerevisiae)_7057.html","[-1, -1, -1, -1, -1, -1, -1, -1, -1, -1, -1, -1, -1, -1, -1, -1, -1, -1, -1, -1, -1, -1, -1, -1, -1, -1]"
"RED_WINE_(Leon_Millot,_M._pulcherrima_fermented)_7064.html","[-1, -1, -1, -1, -1, -1, -1, -1, -1, -1, -1, -1, -1, -1, -1, -1, -1, -1, -1, -1, -1, -1, -1, -1, -1, -1, -1, -1, -1, -1, -1, -1, -1, -1, -1, -1, -1, -1, -1, -1, -1]"
DRY_WHITE_WINE_(BLENDED)_7014.html,['0.041\xa0—\xa00.079']
RED_WINE_(Nebbiolo)_7055.html,"[-1, -1, -1, -1, -1, -1]"
"RED_WINE_(Monastrell,_ultrasound_treated)_7058.html","[-1, -1, -1, -1, -1, -1, -1, -1, -1, -1, -1, -1, -1, -1, -1, -1, -1, -1, -1, -1, -1, -1, -1, -1, -1, -1, -1, -1, -1, -1, -1, -1, -1, -1, -1, -1, -1, -1, -1, -1, -1, -1, -1, -1, -1, -1, -1, -1, -1, -1, -1, -1, -1, -1, -1, -1, -1, -1, -1, -1, -1, -1, -1, -1, -1, -1, -1, -1, -1, -1, -1, -1, -1, -1]"
GUAVA_WINE_28300.html,"[-1, -1, -1, -1, -1, -1, -1, -1, -1, -1, -1, -1, -1, -1, -1, -1, -1, -1, -1, -1, -1, -1, -1, '0.0034', -1, -1, -1, -1, -1, -1, -1, -1, -1, -1, -1, -1, -1, -1, -1, '0.0034', -1, -1, -1, -1, -1, -1, -1, -1, -1, -1, -1, -1, '0.5313', -1, -1, -1, '0.2003', '0.3421', '0.0082', -1, '0.0177', -1, -1, -1, '0.092', -1, -1, -1, -1, -1, -1, '0.2737', -1, -1, -1, '0.2354', -1, -1, '0.0345', -1, -1, -1, '0.1084', -1, -1, -1, '0.4304', '0.0063', -1, -1, '0.0051', -1, -1, -1, '0.0582', -1, -1, -1, -1, -1, -1, '0.0959', -1, -1]"
"RED_WINE_(Cabernet_Sauvignon,_NF_concentrated)_7076.html","[-1, -1, -1, -1, -1, -1, -1, -1, -1, -1, -1, -1, -1, -1, -1, -1, -1, -1, -1, -1, -1, -1, -1, -1, -1, -1, -1, -1, -1, -1, -1, -1, -1, -1, -1, -1, -1, -1, -1, -1, -1, -1, -1, -1, -1]"
WHITE_WINE_(Albariño_-_O_Rosal)_7038.html,"['73\xa0—\xa083', '19\xa0—\xa043', '19\xa0—\xa033', '20\xa0—\xa044', '101\xa0—\xa0140', '1.65\xa0—\xa02.21', '0.09\xa0—\xa00.18', '0.06\xa0—\xa00.09', '8.22\xa0—\xa025', '54\xa0—\xa0225', '0.01\xa0—\xa00.12', '0.67\xa0—\xa00.92', '0.77\xa0—\xa01.61', '0.33\xa0—\xa00.55', '3.51\xa0—\xa05.37', '5.32\xa0—\xa09.06', '0.87\xa0—\xa02.42', '0.1\xa0—\xa00.47', '56\xa0—\xa075', '1.43\xa0—\xa03.28', '0.2\xa0—\xa00.46', '0.1\xa0—\xa00.27', '1.48\xa0—\xa03.5', '0.19\xa0—\xa00.3', '0.93\xa0—\xa01.45', '1.02\xa0—\xa01.78', '0.17\xa0—\xa00.44', '0.01\xa0—\xa00.05', '0.05\xa0—\xa00.2']"
RED_WINE_(Barbera)_7052.html,"[-1, -1, -1, -1, -1, -1]"
WHITE_WINE_(Scheurebe)_7027.html,"[-1, -1, -1, -1, -1, -1, -1, -1, -1, -1, -1, -1, -1, -1, -1, -1, -1]"
"WHITE_WINE_(Verdejo,_cellar_stored)_7072.html","[-1, -1, -1, -1, -1, -1, -1, -1, -1, -1, -1, -1, -1, -1, -1, -1, -1, -1, -1, -1, -1, -1, -1, -1, -1, -1, -1, -1, -1, -1, -1, -1, -1, -1, -1, -1, -1, -1, -1, -1, -1, -1, -1, -1, -1, -1, -1, -1, -1, -1, -1, -1, -1, -1, -1, -1, -1, -1, -1, -1, -1, -1, -1, -1, -1, -1, -1, -1, -1, -1, -1, -1, -1, -1, -1, -1, -1, -1, -1, -1, -1]"
FINO_SHERRY_WINE_34301.html,"['70.3', '48', '65.9', '4477', '358', '913', '273', '54.3', '234.9', '31.2', '66.3', '400', '39', '9.2']"
AMERICAN_BEER_33603.html,"['0.069', '0.044', '0.019', '0.01', '0.072', '0.008', '0.002', '0.01', '0.005', '0.003', '0.003', '0.01', '0.011']"
DRY_WHITE_WINE_(Muscat_of_Alexandria)_7013.html,"[-1, -1, -1, -1, -1, -1, -1, -1, -1, -1]"
DRY_WHITE_WINE_(Viognier)_7015.html,['<0.01']
KIWI_WINE_(S._cerevisiae_and_W._anomalus)_32803.html,"['0.0288', '0.00127', '0.123', '0.0118', '0.43', '1.348', '0.0963', '1.071', '0.00805', '0.00625', '0.0179', '0.00958', '0.818', '0.162', '0.0153', '0.00118', '0.0214', '0.0175', '0.0115', '0.0093', '0.00239', '0.0262', '0.00891', '0.0197', '0.0558', '0.339', '0.0159', '0.285', '0.0408', '0.135', '0.00171', '0.0266', '0.0293', '0.00231', '0.216', '0.00333', '0.00306', '0.482', '0.00667', '0.0282', '0.514', '0.0196', '0.0166', '0.00854', '0.0127', '0.104']"
RED_WINE_(Merlot)_7053.html,"[-1, -1, -1, -1, -1, -1]"
WHITE_WINE_(Lugana)_7059.html,"[-1, -1, -1, -1, -1, -1, -1, -1, -1, -1, -1, -1, -1, -1, -1, -1, -1, -1, -1, -1, -1, -1, -1, -1, -1, -1, -1, -1, -1, -1, -1, -1, -1, -1, -1, -1, -1, -1, -1, -1, -1, -1, -1, -1, -1, -1, -1, -1, -1, -1, -1, -1, -1, -1, -1, -1, -1, -1, -1, -1, -1, -1, -1, -1, -1, -1, -1, -1, -1, -1]"
KIWI_WINE_(W._anomalus)_32802.html,"['0.00376', '0.00198', '0.144', '0.00728', '0.536', '2.031', '0.0501', '0.0083', '0.0499', '0.656', '0.00259', '0.00603', '0.0116', '0.0106', '0.00506', '0.486', '0.0437', '0.00728', '0.0103', '0.00856', '0.00818', '0.0099', '0.0411', '0.262', '0.21', '0.0256', '0.159', '0.203', '0.0631', '0.0516', '0.052', '0.0107', '0.0271', '0.0216', '0.00216', '0.0363', '0.0138', '0.00322', '0.00703', '0.00962']"
DRY_WHITE_WINE_(Verdehlo)_7018.html,['0.045']
SAKE_(Yamahai-brewed)_15302.html,"[-1, -1, -1, '0.25\xa0—\xa00.41', -1, -1, '0.00056\xa0—\xa00.0041', -1, -1, -1, -1, -1, -1, -1, -1, '0.0014\xa0—\xa00.0042', -1, '0.05\xa0—\xa00.12', -1, -1, '0.013\xa0—\xa00.039', '0.23\xa0—\xa00.83', -1, -1, -1, -1, '0.13\xa0—\xa01.4', '0.0012\xa0—\xa00.0032', '0.00058\xa0—\xa00.0018', '0.00055\xa0—\xa00.00068', -1, -1, '0.0011\xa0—\xa00.0082', -1, -1, -1, -1]"
SHEEP'S_MILK_5285.html,"[-1, -1, -1, -1, -1, -1, -1, -1, -1, -1, -1, -1, -1, -1, -1, -1, -1, -1, -1, -1, -1, -1, -1, -1, -1, -1, -1, -1, -1, -1, -1, -1, -1, -1, -1, -1, -1, -1, -1, -1, -1, -1, -1, -1, -1, -1, -1, -1, -1, -1]"
MILK_UHT_TREATED_(cow)_5231.html,"['0\xa0—\xa00.12', '0.003\xa0—\xa00.006']"
CHEDDAR_CHEESE_(age_13_months)_4907.html,"['4400\xa0\xa010600', '1\xa0\xa0330', '1\xa0\xa0350', '150\xa0\xa0810', '1\xa0\xa0210', '690\xa0\xa02120', 'trace', '1\xa0\xa06600', '1500\xa0\xa08900', '700\xa0\xa07000', 'trace\xa0\xa06000', '0\xa0\xa01200', '9700\xa0\xa014000', '3\xa0\xa03900', '1\xa0\xa0700', '800\xa0\xa05200', '1\xa0\xa03300', '1\xa0\xa01800', '700\xa0\xa02300', '1000\xa0\xa06700', '1\xa0\xa03400', 'present', '200\xa0\xa04000', 'trace', '1\xa0\xa05200', 'trace', '6600\xa0\xa06600']"
"CHEESES,_OTHER_5150.html","[-1, -1, -1, -1, -1, -1, -1, -1, -1, -1, -1, -1, -1, -1, -1, -1, -1, -1, -1, -1, -1, -1, -1, -1, -1, -1, -1, -1, -1, -1, -1, -1, -1, -1, -1, -1, -1, -1, -1, -1, -1, -1, '0.59\xa0—\xa01.5', -1, -1, -1, -1, -1, -1, -1, -1, -1, -1, -1, -1, -1, -1, -1, -1, -1, -1, -1, -1, -1, -1, -1, -1, -1, -1, '0.49\xa0—\xa00.8', -1, -1, -1, '2.1\xa0—\xa03.8', -1, -1, '1.6\xa0—\xa02.3', -1, -1, '0.57', -1, -1, -1, -1, -1, -1, -1, -1, -1, '14\xa0—\xa02122', -1, 'trace\xa0—\xa03130', '0\xa0—\xa0320', '1400', -1, -1, -1, '0.9\xa0—\xa015571', -1, -1, 'trace\xa0—\xa0430', -1, -1, 'trace', -1, -1, '0\xa0—\xa0175', -1, -1, '1.2\xa0—\xa0160', -1, '8\xa0—\xa033', '7.2\xa0—\xa0180', '1.6\xa0—\xa049', '1.3\xa0—\xa0170', '122\xa0—\xa0456', -1, -1, '140', -1, -1, -1, -1, -1, -1, -1, -1, -1, -1, -1, -1, -1, -1, -1, -1, -1, -1, '0.66\xa0—\xa01', -1, -1, -1, -1, -1, -1, -1, '0.1', -1, -1, -1, -1, '0.1', -1, -1, -1, '<0.1', -1, -1, -1, -1, -1, -1, -1, -1, -1, -1, -1, -1, -1, -1, -1, -1, -1, -1, -1, -1, -1, -1, -1, -1, -1, -1, '<18\xa0—\xa0590', '<20\xa0—\xa0571', '<48\xa0—\xa0169', '<27\xa0—\xa01096', '<22\xa0—\xa01132', -1, -1, -1, '<64', -1, -1, -1, -1, -1, -1, -1, -1, -1, -1, -1, -1, -1, -1, -1, -1, -1, -1, -1, -1, -1, -1, '0\xa0—\xa00.032', '0\xa0—\xa00.0061', -1, '0.00388', -1, -1, -1, -1, -1, -1, -1, -1, -1, -1, -1, '0.0039\xa0—\xa00.023', '0.011\xa0—\xa00.021', '0.00018\xa0—\xa00.00068', '0.003\xa0—\xa00.55', '0.0012\xa0—\xa00.01', -1, '0.00094\xa0—\xa00.0091', -1, -1, -1, -1, -1, -1, -1, -1, -1, -1, -1, -1]"
CHEDDAR_CHEESE_(age_2_weeks)_4909.html,"['210\xa0\xa01000', '600\xa0\xa0800', '540\xa0\xa01100', '120\xa0\xa0210', '1200\xa0\xa02100', '200\xa0\xa0500', '1800\xa0\xa01800', '140\xa0\xa0700', '200\xa0\xa0200', '200\xa0\xa0480', '1000\xa0\xa02000']"
ROMANO_CHEESE_5109.html,"['861\xa0—\xa06585', '0.14\xa0—\xa039.7', '2.1\xa0—\xa040', '0\xa0—\xa07.7', '3.2\xa0—\xa052', '1.2\xa0—\xa07.1', '0\xa0—\xa03.9', '843\xa0—\xa03385', '0.31\xa0—\xa01.15', '0\xa0—\xa01.32', '0\xa0—\xa00.22', '9.1\xa0—\xa068', '0.38\xa0—\xa01.64', '0\xa0—\xa00.78', '1.6\xa0—\xa013.9', '0\xa0—\xa00.33', '328\xa0—\xa01819', '0\xa0—\xa00.9', '0\xa0—\xa00.17', '0\xa0—\xa00.34', '0\xa0—\xa00.8', '5.2\xa0—\xa019.8', '0.38\xa0—\xa01.09', '0\xa0—\xa03.4', '564\xa0—\xa04600', '24\xa0—\xa0205', '0\xa0—\xa01.65', '428\xa0—\xa01902', '448\xa0—\xa02581', '785\xa0—\xa04796', '0.017\xa0—\xa00.041', '0.031\xa0—\xa00.247', '0.029\xa0—\xa00.924', '0.00004\xa0—\xa00.007', '0.004\xa0—\xa00.209', '0\xa0—\xa00.006', '0\xa0—\xa00.019', '0\xa0—\xa00.001']"
MOZZARELLA_CHEESE_5114.html,"[-1, -1, -1, -1, '0.002', '0.01', '0\xa0—\xa00.03', -1, '0.02\xa0—\xa00.035', '0.02', -1, '0.22\xa0—\xa00.5', '0.005', '0.03\xa0—\xa00.05', '0.03', '0.035\xa0—\xa00.07', '0.029\xa0—\xa00.03', -1, '0.05\xa0—\xa00.07', '0.001\xa0—\xa00.02', '0.06\xa0—\xa00.07', '0.01\xa0—\xa00.02', '0.025\xa0—\xa00.07', '0.03\xa0—\xa00.04', '0\xa0—\xa00.02', '0.01', '0.2', '0\xa0—\xa00.02', '0.06\xa0—\xa00.2', '0.02\xa0—\xa00.035', '0.005\xa0—\xa00.02', '0.04\xa0—\xa00.1', '0.02\xa0—\xa00.04', '0\xa0—\xa00.03', '0\xa0—\xa00.01', '0.007\xa0—\xa00.02', -1, '0\xa0—\xa00.07', '0.006\xa0—\xa01.5', '0\xa0—\xa00.02', '0\xa0—\xa00.25', '0.003\xa0—\xa00.09', '0\xa0—\xa00.007', '0.02\xa0—\xa00.08', '0.007', '0.05\xa0—\xa00.15', '0.035\xa0—\xa00.04', '0\xa0—\xa00.02', '48\xa0—\xa054', '0\xa0—\xa07', 'trace', '1\xa0—\xa06', '10\xa0—\xa0120', '12\xa0—\xa026', '27\xa0—\xa072', '76\xa0—\xa0147', -1, '0.016\xa0—\xa00.02', '0\xa0—\xa00.01', '0\xa0—\xa00.07', '0\xa0—\xa00.01', '0\xa0—\xa00.06', '0\xa0—\xa00.05', 'trace\xa0—\xa00.06', '0.01\xa0—\xa00.05', '0\xa0—\xa00.01', '0.016', '0.02\xa0—\xa00.025', -1, '0\xa0—\xa00.12', -1, '0.02', '0.03\xa0—\xa00.04', '0.005\xa0—\xa00.006', '0.03', '0.06', '0.01\xa0—\xa00.05', '0.003\xa0—\xa00.007', '0.2', '0.07', 'trace', '0.01\xa0—\xa00.06', '0.004\xa0—\xa00.006', '0.04\xa0—\xa00.08', '0.009', '0.042\xa0—\xa00.043', '0.0065\xa0—\xa00.26', '0\xa0—\xa00.00029', '0\xa0—\xa00.0028', '0\xa0—\xa00.0095', '0.0015\xa0—\xa00.0037', '0.002', '0\xa0—\xa00.01', '0\xa0—\xa00.01', '0.05', '0.002\xa0—\xa00.005', -1]"
PROVOLONE_CHEESE_5108.html,"[-1, -1, -1, -1, -1, -1, -1, -1, -1, -1, -1, -1, -1, -1, -1, -1, -1, -1, -1, -1, -1, -1, -1, -1, -1, -1, -1, -1, -1, -1, -1, '108', '0.002', '15', '0.004', '0.004', '0.002', '131\xa0—\xa03931', '0.03\xa0—\xa06.4', '0.24\xa0—\xa016.4', '0.7\xa0—\xa03.9', '0.002', '0.002', '1.1\xa0—\xa039', '0\xa0—\xa01.1', '0\xa0—\xa00.01', '0.003', '0.007', '139\xa0—\xa03552', '0\xa0—\xa00.5', '0.02\xa0—\xa00.98', '0.0015', '3.8\xa0—\xa044', '0\xa0—\xa00.85', '0.49\xa0—\xa03.2', '45\xa0—\xa02042', '0\xa0—\xa00.43', '2.7\xa0—\xa031', '0\xa0—\xa03302', '23.6\xa0—\xa0144', -1, '0\xa0—\xa02.8', -1, -1, '83\xa0—\xa0446', -1, -1, -1, '104\xa0—\xa0496', -1, -1, -1, -1, '199\xa0—\xa0890', -1, -1, -1, -1, -1, -1, '0.003', '0.015', '0.005', '0.004', -1, -1, -1, -1, -1, -1, -1, -1, -1, -1, -1, -1, -1, -1, -1, -1, -1, -1, -1, -1, -1, -1, -1, -1, '0.003', '0.088', '0.009', '0.436', '0.296']"
COTTAGE_CHEESE_5102.html,"['<40', '<100', '<120', '650', '<4', '9\xa0—\xa018']"
EMMENTAL_CHEESE_(ripe)_5128.html,"[-1, -1, -1, -1, -1, -1, -1, -1, -1, -1, -1, -1, -1, -1, -1, -1, -1, -1, -1, -1, -1, -1, -1, -1, -1, -1, -1, -1, -1, -1, -1, -1, -1, -1, -1, -1, -1, -1, -1, -1, -1, -1, -1, -1, -1, -1, -1, -1, -1, -1, -1, -1, -1, -1, -1, -1, -1, -1, -1, -1, -1, -1, -1, -1, -1, -1, -1, -1, -1, -1, -1, -1, -1, -1, -1, -1, -1, -1, -1, -1, -1, -1, -1, -1, -1, -1, -1, -1, -1, -1, -1, -1, -1, -1, -1, -1, -1, -1, '2800', '4800', '110', '20', -1, '40', '30', '70', '<10', '120', '<10', '290', '40', '890', '60', '260', '720', '<10', -1, -1, -1, -1, -1, -1, -1, -1, -1, -1, -1, -1, -1, -1, -1, -1, -1, -1, -1, -1, -1, -1, -1, -1, -1, -1, -1, -1, -1, -1, -1, -1, -1, -1, -1, -1, -1, -1, -1, -1, -1, -1, -1, -1]"
PROOSDIJ_CHEESE_5124.html,"[-1, -1, -1, -1, -1, -1, -1, -1, -1, -1, -1, -1, -1, -1, -1, -1, -1, -1, -1, -1, -1, -1, -1, -1, -1, -1]"
CASEIN_HYDROLYSATE_(Bacillus_subtitles)_39201.html,[-1]
GOAT_CHEESE_5116.html,"['0.72\xa0—\xa07030', '1.18\xa0—\xa02.26', '0.05\xa0—\xa020.4', '0.95\xa0—\xa04.86', '0.02\xa0—\xa05.33', '2.71', '0.45', '0.76\xa0—\xa06000', '0.05\xa0—\xa03.23', '0.18\xa0—\xa00.6', '0.03\xa0—\xa021.6', '0.01\xa0—\xa00.45', '0.06\xa0—\xa00.97', '0.02\xa0—\xa00.83', '0.04\xa0—\xa01.43', '0.39\xa0—\xa06.59', '3.69\xa0—\xa06006', '0.02\xa0—\xa09.7', '0.02\xa0—\xa00.12', '0.01\xa0—\xa02.84', '0.06\xa0—\xa019.6', '0.01\xa0—\xa01.8', '0.41\xa0—\xa00.63', '21\xa0—\xa021410', '0.51\xa0—\xa063.5', '0.09\xa0—\xa03.15', '0.07\xa0—\xa02.9', '206', '310', '970']"
TILSIT_CHEESE_5111.html,"[-1, -1, -1, -1, -1, -1, -1, -1, -1, -1, -1, -1, -1, -1, -1, '129\xa0—\xa01409', '0.74\xa0—\xa0301', '0.9\xa0—\xa0485', '2.6\xa0—\xa0932', '1\xa0—\xa0722', '1\xa0—\xa063', '1.2\xa0—\xa0157', '1.2\xa0—\xa075', '2\xa0—\xa04', '13\xa0—\xa033', '1\xa0—\xa05', '32\xa0—\xa055', -1, -1, -1, -1, -1, -1, -1, -1, -1, -1, -1, -1, -1, -1, -1, -1, -1, -1, -1, '164400', '8.7', '3.7', '1.2', '8.4', '37.9', '2.6', '19.9', '0.1', -1, -1, -1, -1, -1, -1, -1]"
AFUEGA'l_PITU_31701.html,"[-1, '57\xa0—\xa01892', '0.71\xa0—\xa02.15', -1, '2.21\xa0—\xa04.47', -1, '0.1\xa0—\xa012.99', -1, -1, '0.18\xa0—\xa00.54', -1, -1, '0.48\xa0—\xa00.93', '0.97\xa0—\xa04.35', '0.1\xa0—\xa02.93', '27.16\xa0—\xa0248.1', '0.51\xa0—\xa04.53', -1, -1, '0.024\xa0—\xa00.27', -1, -1, -1, -1, -1, '0.15\xa0—\xa02.93', -1, '0.35\xa0—\xa00.54', '0.2\xa0—\xa00.83', '0.062\xa0—\xa01.11', -1, -1, -1, -1, -1, -1]"
PARMESAN_CHEESE_5107.html,"[-1, -1, -1, -1, -1, -1, -1, -1, -1, -1, -1, -1, -1, -1, -1, -1, -1, -1, -1, -1, -1, -1, -1, -1, -1, -1, -1, -1, -1, -1, -1, -1, -1, -1, -1, -1, -1, -1, -1, -1, -1, -1, -1, '0.25\xa0—\xa01', -1, -1, -1, '0.25\xa0—\xa01', -1, -1, -1, -1, -1, -1, '1', -1, -1, -1, -1, '0.05\xa0—\xa00.25', -1, -1, -1, -1, -1, '0.05\xa0—\xa00.25', -1, -1, -1, -1, -1, -1, -1, -1, -1, -1, -1, -1, -1, -1, -1, -1, -1, -1, -1, -1, -1, -1, -1, -1, -1, -1, -1, -1, -1, -1, -1, -1, -1, -1, -1, -1, -1, -1, -1, -1, -1, -1, -1, -1, -1, -1, -1, '0.25\xa0—\xa01', -1, -1, -1, -1, -1, -1, -1, -1, '1', -1, -1, -1, '0.25\xa0—\xa01', -1, '0.05\xa0—\xa00.25', -1, -1, -1, -1, -1, -1, -1, -1, -1, -1, -1, -1, '9.2\xa0—\xa0502', '0.2\xa0—\xa01.2', '0.4\xa0—\xa02.3', '0\xa0—\xa01.7', '0.06\xa0—\xa02.1', '1.2\xa0—\xa07.1', '10.8\xa0—\xa0421', -1, '0.15', '3.54', '0.01\xa0—\xa00.9', '0\xa0—\xa00.6', '8\xa0—\xa098', '0\xa0—\xa00.09', '0\xa0—\xa00.16', '1.17', -1, '0\xa0—\xa00.19', '0.2\xa0—\xa06.56', '0.4\xa0—\xa01.1', '18.5\xa0—\xa0223', '1.4\xa0—\xa011.8', '0\xa0—\xa00.29', -1, '163\xa0—\xa0181', -1, '368\xa0—\xa0684', -1, -1, '621\xa0—\xa01750', -1, -1, -1, -1, -1, -1, -1, -1, -1, '0.05\xa0—\xa00.25', -1, '0.01\xa0—\xa00.05', -1, '0.01\xa0—\xa00.05', '<0.01', -1, '<0.01', -1, '<0.01', '<0.01', -1, '0.01\xa0—\xa00.05', -1, '0.01\xa0—\xa00.05', '0.25\xa0—\xa01', '<0.01', '0.01\xa0—\xa00.05', '<0.01', '0.01\xa0—\xa00.05', '0.01\xa0—\xa00.05', '0.01\xa0—\xa00.05', -1, '0.01\xa0—\xa00.05', '0.05\xa0—\xa00.3', '1', '<0.01', -1, '<0.01', -1, -1, '<0.01', '<0.01', '<0.01', '0.25\xa0—\xa01', '<0.01', -1, '<0.01', '0.25\xa0—\xa01', '0.01\xa0—\xa00.05', '<0.01', '0.01\xa0—\xa00.05', '<0.01', '<0.01', '<0.01', '<0.01', -1, '<0.01', '<0.01', -1, -1, -1, -1, '0.05\xa0—\xa00.25', -1, -1, -1, -1, -1, -1, -1, -1, -1, '0.05\xa0—\xa00.25', -1, -1, -1, -1, '0.004', -1, -1, -1, -1, '<0.01', -1, -1, -1, -1, -1, '0.044\xa0—\xa00.098', '0.19\xa0—\xa00.81', '0.00052\xa0—\xa00.0022', '0.016\xa0—\xa03.3', '0.0018\xa0—\xa00.0055', '0.004\xa0—\xa00.0094', -1, -1, -1, -1, -1, '0.029', '0.037', '0.013', '0.006', '0.006', '0.019', '0.0009', -1, -1, -1, -1, -1, -1, -1, -1]"
CHHANA_5260.html,"[-1, -1, -1, -1, -1, -1, -1]"
CHEDDAR_CHEESE_(age_4_months)_4904.html,"['660\xa0\xa01800', '160\xa0\xa0410', '250\xa0\xa0250', 'trace\xa0\xa0720', 'trace', '1480\xa0\xa01640', 'trace', '3\xa0\xa03500', '1600\xa0\xa03500', '1600\xa0\xa02500', 'trace\xa0\xa02700', 'trace\xa0\xa0240', '2800\xa0\xa04800', '5\xa0\xa01400', 'trace', '1\xa0\xa01300', '3\xa0\xa03700', 'trace\xa0\xa01400', '700\xa0\xa01400', '320\xa0\xa02500', '1\xa0\xa0900', 'present', '250\xa0\xa0600', 'trace', '1\xa0\xa0300', 'trace', '1100\xa0\xa04800']"
LIMBURGER_CHEESE_5105.html,"[-1, -1, -1, -1, -1, -1, -1, -1, -1, -1, -1, -1, -1, -1, '1457', -1, '688', '24', '50', '92', '602', '565', -1, -1, -1, -1, -1, -1, '3', '1', '2', '0.2', 'trace', '0.1', -1, 'trace', -1, -1, -1, -1, -1, -1, -1]"
CHEDDAR_CHEESE_(age_15_months)_4914.html,[]
BLUE_CHEESES_4800.html,"[-1, -1, -1, -1, -1, -1, -1, -1, -1, -1, -1, -1, '0.2\xa0—\xa01.9', -1, -1, -1, '0.9\xa0—\xa09.8', -1, -1, '0.3\xa0—\xa013', '0.3\xa0—\xa00.4', -1, '0.1\xa0—\xa00.3', '0\xa0—\xa01.8', -1, -1, -1, -1, -1, -1, -1, -1, -1, -1, 'trace\xa0—\xa03.9', -1, -1, -1, '0.08\xa0—\xa020.9', -1, -1, '0.4\xa0—\xa069.9', -1, -1, '0.4\xa0—\xa088.3', -1, '0.2\xa0—\xa03.8', '0\xa0—\xa00.6', '0.1\xa0—\xa029.9', '0.2\xa0—\xa00.7', '0.04\xa0—\xa01.2', '0.2\xa0—\xa00.7', -1, '0.02\xa0—\xa00.1', '0\xa0—\xa01.2', '420', '38\xa0—\xa01417', -1, '3\xa0—\xa0570', '10\xa0—\xa040', '3080', '27', -1, -1, '0.2\xa0—\xa02517', '1.6\xa0—\xa08.7', '0.98\xa0—\xa0400', '3.2', -1, -1, '0.48', '50', -1, -1, -1, '0.4\xa0—\xa01471', '0.17', '0.61', -1, '1.3\xa0—\xa01.6', '0.21', '0.11', '0.27', '0.04', '0.75\xa0—\xa01.12', '0\xa0—\xa01237', '0.3\xa0—\xa01.5', '0.05', '0.01', '2.3\xa0—\xa02.5', '1.9\xa0—\xa02026', '10.1\xa0—\xa019.6', -1, '0.24', '0.51', -1, '1.2\xa0—\xa02458', -1, -1, '0.1\xa0—\xa09324', -1, '4848\xa0—\xa020308', -1, '1610\xa0—\xa06239', '4819\xa0—\xa018199', '266\xa0—\xa01615', '283\xa0—\xa01587', -1, -1, 'trace', -1, -1, -1, -1, -1, -1, -1, -1, -1, -1, -1, -1, -1, '0\xa0—\xa010.8', -1, -1, -1, '0.3\xa0—\xa00.6', -1, -1, -1, -1, -1, -1, -1, -1, -1, -1, '2.7\xa0—\xa04.4', '0.3\xa0—\xa03.9', -1, -1, -1, -1, -1, '0.2\xa0—\xa03.9', '0.08\xa0—\xa013.9', -1, -1, -1, -1, -1, '1.6\xa0—\xa010.1', '0.7\xa0—\xa05.6', -1, -1, -1, -1, '0\xa0—\xa01.3', -1, -1, -1, '0\xa0—\xa00.3', '0.2\xa0—\xa00.4', '0.8\xa0—\xa01.6', -1, '0.2', -1, -1, -1, -1, -1, '0\xa0—\xa00.2', '0\xa0—\xa00.1', -1, -1, -1, -1, -1, -1, -1, -1, -1, '44', '42', '10\xa0—\xa025', '166\xa0—\xa0500', '97\xa0—\xa0240', '0.04\xa0—\xa00.6', -1, -1, -1, -1, -1, -1, -1, -1, -1, -1, -1, -1, -1, -1, -1, -1, -1, -1]"
WATER_BUFFALO_MILK_5275.html,"[-1, '0.01', -1, -1, '0.001', -1, -1, 'trace', '0.004', '0.01', '0.003', '0.007', '0.006', '0.01', '0.003', '0.003', '0.01', '0.007', '0.06', -1, '0.01', -1, '0.04', '0.006', '0.001', '0.005', '0.02', '0.013', '0.036', '0.014', '0.005', '0.002', -1, '0.004', -1, '0.004', '0.003', '0.005', '0.003', '0.008', '0.3', '0.003', '0.005', '0.15', -1, '0.05', '0.002', '0.002', '0.006', '0.006', '0.001', 'trace', 'trace', '0.007', -1, 'trace', -1, '0.04', '0.02', '0.013']"
CHEDDAR_CHEESE_(age_6_months)_4910.html,"['850\xa0\xa03400', '850\xa0\xa0850', '1700\xa0\xa03000', '1900\xa0\xa03600', '0\xa0\xa00', '150\xa0\xa01300', '3600\xa0\xa04500', '580\xa0\xa01200', '380\xa0\xa0520', 'present', 'present', '320\xa0\xa0480', '450\xa0\xa0630', 'present', '300\xa0\xa0540', 'present', '3300\xa0\xa03700']"
CREAM_CHEESE_(4_weeks_old)_5131.html,"[-1, -1, -1, -1, -1, -1, -1, -1, -1, -1, -1, -1]"
OSCYPEK_(smoked_sheep_cheese)_5117.html,"['0.396', '258.145', '21.643', '6.558', '0.0076', '0.0012', '0.998', '0.036', '0.063', '0.022', '1.075', '1.979', '2.093']"
MILK_(cow)_5230.html,"[-1, -1, -1, -1, -1, -1, -1, -1, -1, -1, -1, -1, -1, -1, -1, -1, -1, -1, -1, -1, -1, -1, -1, -1, -1, -1, -1, -1, -1, -1, -1, -1, -1, -1, -1, -1, -1, -1, -1, -1, -1, -1, -1, -1, -1, -1, -1, -1, -1, -1, -1, -1, -1, -1, -1, -1, -1, -1, -1, -1, '0.0025', -1, -1, -1, -1, -1, -1, -1, -1, -1, -1, -1, -1, -1, -1, -1, -1, '0.001\xa0—\xa00.005', '0.005\xa0—\xa00.04', '0.0009\xa0—\xa00.01', -1, '0.006', -1, '<0.001', '<0.001', '0.001', -1, -1, '0.0003\xa0—\xa00.02', -1, '0.00138\xa0—\xa00.007', -1, '0.0002\xa0—\xa00.00054', -1, -1, -1, '0.0002\xa0—\xa00.00108', '0.0001', '0.0005', -1, -1, -1, '0.0003', '0.00006', -1, '0.0002', '0.00004', -1, '0.0006', -1, -1, -1, -1, '0.05\xa0—\xa01.2', '0.002\xa0—\xa00.08', -1, '0.005', '0.0004\xa0—\xa00.05', -1, -1, -1, -1, -1, '0.0005\xa0—\xa00.01', -1, '0.0001\xa0—\xa00.02', -1, '0.0001', -1, -1, '0.01', -1, -1, -1, '0.03', -1, -1, -1, -1, -1, -1, -1, '18\xa0—\xa040', '10.8\xa0—\xa0100', '0.4\xa0—\xa0120', '<60', '<4', '0.4\xa0—\xa012.9', '3.4', '1.4\xa0—\xa06.7', '7\xa0—\xa08.2', '3.8\xa0—\xa019.3', -1, '6.2\xa0—\xa010.8', -1, '10.7', '17.8', '53.6', '24.4', '55.1', '15', '10.7', 'trace\xa0—\xa03.4', -1, -1, -1, -1, -1, -1, -1, -1, -1, -1, -1, -1, -1, -1, -1, -1, -1, -1, -1, -1, -1, -1, -1, -1, -1, -1, -1, -1, -1, -1, -1, -1, -1, -1, -1, -1, -1, -1, -1, -1, -1, -1, -1, -1, -1, -1, -1, '0.0004\xa0—\xa00.0239', -1, '0.00048\xa0—\xa00.012', '<0.001\xa0—\xa00.01', '0.0163\xa0—\xa00.0589', '0\xa0—\xa00.0358', '0.00118\xa0—\xa00.0367', -1, -1, '0.00005\xa0—\xa00.13', '0.00013\xa0—\xa03.3', -1, -1, -1, -1, -1, -1, -1, -1, -1, -1, -1, -1, -1, -1, -1, -1, -1, -1, -1, -1, -1, -1, -1, -1, -1, -1, -1, -1, -1, -1, -1, '0.03', -1, '1\xa0—\xa01.5', '4.831']"
MILK_RAW_(cow)_5235.html,"['3.7\xa0—\xa04.9', -1, -1, -1, -1, '213000', '19000', '5000', '2.5\xa0—\xa03', '8.3\xa0—\xa014.6', '<16', '<0.002', '7.8\xa0—\xa010', '0.4\xa0—\xa00.8']"
RUSSIAN_CHEESES_5110.html,"[-1, -1, -1, -1, -1, -1, -1, -1, -1, -1, -1, -1, -1, -1, -1, -1, -1, -1, -1, -1, -1, -1, -1, -1, -1, -1, -1, -1, -1, -1, -1, -1, -1, -1, -1, -1, -1, -1, -1, -1, -1, -1, -1, -1, -1, '0.003\xa0—\xa00.006', -1, -1, '0.0015\xa0—\xa00.05', '0.0033\xa0—\xa00.036', '0.013\xa0—\xa00.08', -1, -1]"
KEFIR_5225.html,"[-1, -1, -1, -1, -1, -1, -1, -1, -1, -1, -1, -1, -1, -1, -1, -1, -1, -1, -1, -1, -1, '0\xa0—\xa00.088', '0.526\xa0—\xa01.677', -1, '3.312\xa0—\xa07.508', '0.217\xa0—\xa01.405']"
CHEDDAR_CHEESE_(age_30_months)_4912.html,"['4100\xa0\xa010100', '800\xa0\xa02200', '8000\xa0\xa010800', '3000\xa0\xa03200', 'present', 'present', '10800\xa0\xa019400', '4200\xa0\xa05000', '2800\xa0\xa05500', 'present', 'present', '1800\xa0\xa02300', '3900\xa0\xa05500', 'present', '1100\xa0\xa01200', '1600\xa0\xa01800', '9800\xa0\xa010300']"
FETA_5103.html,"[-1, -1, -1, -1, -1, -1, -1, -1, -1, -1, -1, -1, -1, -1, '41\xa0—\xa0868', '0\xa0—\xa0167', '17\xa0—\xa0824', '3\xa0—\xa0292', '5\xa0—\xa0146', '19\xa0—\xa0615', '20\xa0—\xa0320', '56\xa0—\xa0353', '141\xa0—\xa0818', '47\xa0—\xa0435', '177\xa0—\xa01278', -1, -1, -1, -1, -1, -1, -1]"
CHEDDAR_CHEESE_(age_18_months)_4911.html,"['3100\xa0\xa06200', '1700\xa0\xa01700', '6800\xa0\xa08000', '2500\xa0\xa03200', 'present', 'present', '10500\xa0\xa018400', '2500\xa0\xa03200', '2200\xa0\xa03400', 'present', 'present', '1300\xa0\xa02800', '2500\xa0\xa03900', 'present', '1000\xa0\xa01100', '1400\xa0\xa02400', '9400\xa0\xa010200']"
CHEDDAR_CHEESE_(age_11_months)_4913.html,"['910\xa0\xa02400', '0\xa0\xa00', '3000\xa0\xa04800', '2400\xa0\xa04900', '1700\xa0\xa01700', '550\xa0\xa05900', '8500\xa0\xa010700', '1600\xa0\xa04200', '550\xa0\xa02000', 'present', 'present', '630\xa0\xa05300', '2200\xa0\xa02200', 'present', '1100\xa0\xa05100', '660\xa0\xa01200', '5800\xa0\xa08800']"
BUTTERMILK_5270.html,"['0.0002', '0.07\xa0—\xa00.073', '0.003', '0.0005', '0.0005', -1, -1, -1, '3.1\xa0—\xa03.4', '0.002', -1, '0.001', '110', '850', '<60', '5890', '<2', -1, '10\xa0—\xa019', -1, -1, -1, -1, '0.0005', -1, '0.003', -1, -1, -1]"
MAASDAM_CHEESE_5126.html,"[-1, -1, -1, -1, -1, -1, -1, -1, -1, -1, -1, -1, -1, -1, -1, -1, -1, -1, -1, -1, -1, -1]"
SWISS_CHEESES_5000.html,"[-1, -1, -1, -1, -1, -1, -1, -1, -1, -1, -1, -1, '3.5\xa0—\xa035.3', '0.8\xa0—\xa04.1', -1, -1, '0.2\xa0—\xa01.1', '0.1\xa0—\xa00.7', -1, -1, -1, -1, -1, -1, -1, -1, -1, -1, -1, -1, -1, -1, '0.6\xa0—\xa02', -1, -1, -1, '0.06\xa0—\xa00.3', '0.064\xa0—\xa00.087', -1, -1, -1, -1, -1, -1, '0.6\xa0—\xa03.9', '0.1\xa0—\xa00.7', -1, -1, '0.098\xa0—\xa02.2', '0.06\xa0—\xa04.2', -1, -1, -1, -1, -1, '0.06\xa0—\xa01.5', -1, '0.00023\xa0—\xa00.0005', -1, -1, -1, -1, -1, -1, -1, -1, -1, -1, -1, '0\xa0—\xa0314', '19\xa0—\xa04370', '0.7\xa0—\xa06210', '0.9', '2412\xa0—\xa0173000', '13\xa0—\xa01880', '12\xa0—\xa0100', 'trace\xa0—\xa0500', '0\xa0—\xa086', '1.2\xa0—\xa012.8', '1.2\xa0—\xa0510', -1, '6\xa0—\xa0310', -1, '6', '16\xa0—\xa0700', -1, '2', '13\xa0—\xa01060', -1, '58\xa0—\xa01337', -1, '84', '193\xa0—\xa04262', -1, '66', '97\xa0—\xa02340', '363\xa0—\xa02026', '47\xa0—\xa0272', '62\xa0—\xa0175', '3', '149', '30', '28', '1381', -1, -1, '6', -1, -1, -1, -1, -1, -1, -1, -1, -1, '0.026\xa0—\xa01', -1, -1, '<0.0001\xa0—\xa00.0009', -1, -1, '0.1\xa0—\xa04.1', '0.062\xa0—\xa00.142', -1, -1, -1, -1, -1, -1, -1, '0.927\xa0—\xa01.332', -1, -1, -1, '194', -1, -1, -1, -1, -1, -1, -1, '166', '205', -1, '0.026\xa0—\xa00.04', -1, -1, -1, -1, -1, -1, -1, -1, -1, -1, -1, '0.0005\xa0—\xa00.001', -1, '0.06\xa0—\xa00.18', -1, -1, '0.015\xa0—\xa00.033', -1, -1, -1, -1, -1, -1, -1, -1, -1, -1, -1, -1, -1, -1, -1, -1, '0.141\xa0—\xa00.222', '0.824\xa0—\xa02.035', -1]"
SHEEP_CHEESE_5115.html,"[-1, -1, -1, -1, -1, -1, -1, -1, -1, -1, -1, '32\xa0—\xa018180', '2.5\xa0—\xa03.2', '20.4\xa0—\xa022.6', '0.08\xa0—\xa02.16', '0.66', '0.78', '40.7\xa0—\xa07230', '0.13\xa0—\xa01.2', '0.18\xa0—\xa00.75', '0.51\xa0—\xa010.9', '0.06\xa0—\xa00.65', '0.28\xa0—\xa00.31', '38.3\xa0—\xa07577', '0.08\xa0—\xa02.8', '0.08\xa0—\xa00.28', '0.13\xa0—\xa00.19', '0.09\xa0—\xa00.22', '0.64\xa0—\xa013.5', '0.07\xa0—\xa01.17', '88.4\xa0—\xa023200', '2.56\xa0—\xa053.3', -1, '0.08\xa0—\xa00.72', '0.03\xa0—\xa01.59', -1, -1, -1, -1]"
SKIM_MILK_POWDER_(cow)_5265.html,"['0.003', '0.0007', '0.0008', '0.002', '0.0008', '0.0005', '0.013', -1, '0.0008', '0.0011', -1, '0.014', '0.0013', '0.0043', '0.005', '0.0018', '0.0014', '0.0027', -1, '0.001', '0.0006', '0.052', '0.0012', -1, -1, '0.0023', '0.0019', '0.006', '0.0014', '0.0013', '0.0009', '0.0023', '0.011', '0.037', '0.0013', '0.001', '0.002', '0.012', '0.057', '0.015', '0.0069', '0.001', '0.004', '0.0054', '0.0017', '0.0029', '0.002', '0.0109\xa0—\xa00.011', -1, '0.0027', '0.00292\xa0—\xa00.003', '0.00119\xa0—\xa00.0012', '0.00046\xa0—\xa00.0005', '0.00126\xa0—\xa00.0013', -1, '0.0011\xa0—\xa00.002', -1, '0.00269\xa0—\xa00.0027', -1, '0.00269\xa0—\xa00.0027', '0.0035\xa0—\xa00.00352', -1, -1, '0.02494', '0.001', '0.0027\xa0—\xa00.00274', '0.00278\xa0—\xa00.0028', '0.0041\xa0—\xa00.00411', -1, '0.0011', '0.0085', -1, '0.0023\xa0—\xa059.4', -1, '0.00147\xa0—\xa00.0015', '0.00185', '0\xa0—\xa00.68', '0.6\xa0—\xa03', -1, '0.0017\xa0—\xa00.00171', '0.05\xa0—\xa01.5', '0.0005\xa0—\xa00.00052', '0.00206\xa0—\xa00.0021', '0.13\xa0—\xa05', -1, '0.0021\xa0—\xa00.00214', '0.0047\xa0—\xa00.02747', '0.0275', '0.0186', '0.0067', '0.00148\xa0—\xa00.0015', '0.003\xa0—\xa00.00302', '0.0051', '0.01068\xa0—\xa00.011', '0.0016', '0.0001\xa0—\xa00.2', '1\xa0—\xa02.66', -1, -1, '0.0012', -1, '0.0088', -1, -1, '0.0014', '0.0006', -1, '0.0015', '0.0019', -1, '0.0081', '0.0019', '0.0014', '0.012', '0.024', '0.01', '0.0013', -1, '0.05\xa0—\xa00.5', '0.0037', -1, '0\xa0—\xa00.01', '0.0014', '1.14\xa0—\xa0280', '0.05\xa0—\xa00.08', '0.22\xa0—\xa0127', '10.8\xa0—\xa018570', -1, -1, '0.04\xa0—\xa043', '0.0356\xa0—\xa06770', -1, -1, '0.406\xa0—\xa03790', '0.02\xa0—\xa00.1', '1.47\xa0—\xa03140', -1, '0.118', '0.001\xa0—\xa01.9', '0.015', -1, '0.03', '2.3', '0.192', '0.0064', '0.0612', '0.18', '0.0056', '1.77', '0.18', '0.0105', '0.017', '0.012', '0.078', '0.28', '0.03\xa0—\xa075', '0.0003\xa0—\xa00.5', '0.0034', '0.00937\xa0—\xa00.0094', '0.00173', '0.0016\xa0—\xa00.00163', '0.0039\xa0—\xa00.00391', '0.00927\xa0—\xa00.0093', '0.0038\xa0—\xa00.02494', '0.028\xa0—\xa023', '0.0007\xa0—\xa02.87', '0.038\xa0—\xa09.25', '0.06', '0.016', '0.0267', -1, '0.039', '0.0145', '0.0038', -1, -1, '0.00065\xa0—\xa00.0007', '0.0014\xa0—\xa00.00143', '0.00278\xa0—\xa00.0028', -1, '0.01375\xa0—\xa00.0138', '0.0036', -1, '0.0011', '1.93\xa0—\xa02.94', '0.37\xa0—\xa01.1', '0.0167', -1, '0.0088\xa0—\xa00.46', -1, '0\xa0—\xa00.03', '0.00163', -1, '0.0008', '0.0012\xa0—\xa00.00123', '0.0023\xa0—\xa00.00234', '0.0037\xa0—\xa00.00374', '0.01048\xa0—\xa00.0195', '0.0016', '0.0025', '0.0042\xa0—\xa07.61', '0.0051', '0.057', '1.27', '0.0026', -1, '0.0001\xa0—\xa04', '0.0225\xa0—\xa014.5', -1, '0.001', '0.002\xa0—\xa0104', '0.0066']"
MILK_RETORT_STERILIZED_(cow)_5234.html,"['0.098\xa0—\xa00.178', '0.005\xa0—\xa00.018']"
BRIE_5112.html,"['0.07', '0.06', '0.12\xa0—\xa00.14', '0.02\xa0—\xa02.9', '0.4\xa0—\xa05.6', '0.12\xa0—\xa00.41', '0.11\xa0—\xa00.15', '0.18\xa0—\xa08.4', '0.004', '0.01', 'trace', '0.06', '2.5\xa0—\xa015', '0.1\xa0—\xa00.33', '0.034', 'trace', '3.14\xa0—\xa08.4', '0.42\xa0—\xa03.65', '0.4\xa0—\xa00.88', '0.03', 'trace', '256\xa0—\xa0701', '0\xa0—\xa027', '0\xa0—\xa015', '48\xa0—\xa0301', '1\xa0—\xa068', '0\xa0—\xa024', '1\xa0—\xa0145', '19', '44', '74', '255', '839', 'trace', '0.012', '0.02\xa0—\xa03.44', '0.01', '0.35', '0.03', '0.03', '0.004', '0.02']"
GOUDA_CHEESE_5123.html,"[-1, -1, -1, -1, -1, -1, -1, -1, -1, -1, -1, -1, -1, -1, -1, -1, -1, -1, -1, -1, -1, -1, -1, -1]"
CHEDDAR_CHEESE_4900.html,"[-1, -1, -1, -1, -1, -1, -1, -1, -1, -1, -1, -1, -1, -1, -1, -1, -1, -1, -1, '0.019\xa0—\xa00.63', '0.045\xa0—\xa00.11', '0.051\xa0—\xa00.2', -1, -1, -1, -1, -1, -1, -1, -1, -1, -1, -1, -1, -1, -1, -1, -1, -1, -1, -1, -1, '0\xa0—\xa0620', '0.5\xa0—\xa011', -1, -1, -1, '0.1\xa0—\xa036', -1, -1, -1, '1\xa0—\xa091', -1, -1, -1, -1, -1, -1, -1, -1, -1, -1, -1, -1, -1, -1, '0.12\xa0—\xa00.27', -1, '0.01\xa0—\xa00.6', '1', '0.1\xa0—\xa07.5', '2.6', -1, -1, -1, 'trace', -1, -1, -1, -1, -1, -1, -1, -1, -1, -1, -1, -1, -1, -1, '0.042\xa0—\xa00.14', -1, -1, '0.02\xa0—\xa010', '0.1\xa0—\xa08.5', '0.1\xa0—\xa067.1', '0.13\xa0—\xa040', '0.21\xa0—\xa04.2', '0.1\xa0—\xa03', -1, -1, -1, '0.3\xa0—\xa00.9', -1, '0.58\xa0—\xa06.6', -1, -1, -1, '0.2\xa0—\xa01.7', '0.15\xa0—\xa01.5', -1, -1, '0.11\xa0—\xa02.1', '0.059\xa0—\xa02.3', -1, -1, -1, -1, '420', '90\xa0—\xa02440', '0\xa0—\xa03240', -1, '5140\xa0—\xa012300', '26\xa0—\xa063', '0.034\xa0—\xa01439', '15.4', '0.3', '1.6', -1, '0.83\xa0—\xa03.7', -1, -1, '0.27\xa0—\xa0304', '0.05', '0.08', -1, '0.25', '0.05', '0.11', '0.74\xa0—\xa0250', '0.11', '0.032\xa0—\xa00.64', '2\xa0—\xa0218', '2.37', '0.12\xa0—\xa00.63', '0.07', '0.07', '0.03\xa0—\xa00.13', '0.89\xa0—\xa081', -1, -1, '0.71\xa0—\xa0265', '0.087\xa0—\xa00.45', -1, '0.22\xa0—\xa0503', '0.017\xa0—\xa024', -1, '140\xa0—\xa0179', '467', '360\xa0—\xa0484', '69', '13\xa0—\xa044', '40', '17\xa0—\xa035', -1, -1, -1, -1, '0.001\xa0—\xa00.4', -1, -1, -1, '0.2\xa0—\xa00.8', -1, -1, -1, -1, -1, -1, -1, -1, -1, -1, -1, '0.12\xa0—\xa01.2', -1, -1, -1, -1, -1, -1, -1, '0.02\xa0—\xa00.13', -1, -1, '0.01\xa0—\xa00.08', -1, '0.013\xa0—\xa00.13', -1, -1, -1, -1, -1, -1, -1, -1, '0.098\xa0—\xa02.35', '0.263\xa0—\xa00.268', -1, '0.022\xa0—\xa00.48', '0.15\xa0—\xa00.32', -1, '0.087\xa0—\xa00.25', -1, -1, -1, -1, -1, -1, -1, -1, -1, -1, -1, -1, -1, -1, -1, '1\xa0—\xa0350', '1\xa0—\xa0520', '50\xa0—\xa0580', '70\xa0—\xa0310', '100\xa0—\xa018500', -1, '0.0038\xa0—\xa00.0052', 'trace', '0.557\xa0—\xa00.705', '0.108\xa0—\xa00.187', '0.003\xa0—\xa00.03', -1, -1, -1, '0.45\xa0—\xa00.8', -1, -1, -1, -1, -1, '0.003\xa0—\xa00.1', -1, -1, '0.033\xa0—\xa00.071', '0.046\xa0—\xa00.08', '0.0003\xa0—\xa00.0011', -1, '0.0019\xa0—\xa00.013', '0.0012\xa0—\xa00.0031', '0.00096\xa0—\xa00.0032', -1, -1, -1, -1, -1, -1, -1, '0\xa0—\xa00.15', -1, '0.03\xa0—\xa00.07', -1, '0.069\xa0—\xa00.14', -1, -1, -1, '0.052\xa0—\xa00.132', '0.052\xa0—\xa00.16', -1, -1]"
"CREAM_CHEESE_(cholesterol-removed,_4_weeks_old)_5133.html","[-1, -1, -1, -1, -1, -1, -1, -1, -1, -1, -1, -1, -1, -1, -1]"
CHEDDAR_CHEESE_(age_12_months)_4906.html,"['3700\xa0\xa08300', '1\xa0\xa0520', '1\xa0\xa0310', '260\xa0\xa0850', '1\xa0\xa0130', '510\xa0\xa01850', 'trace', '300\xa0\xa06100', '2200\xa0\xa05200', '2500\xa0\xa03700', '1\xa0\xa01300', '< 0\xa0\xa0< 0', '8800\xa0\xa012000', '2\xa0\xa04200', 'trace', '1\xa0\xa03100', '1200\xa0\xa06400', '1300\xa0\xa01800', '1000\xa0\xa01600', '1\xa0\xa04300', '1000\xa0\xa02700', '1\xa0\xa01500', '1\xa0\xa0800', '1200\xa0\xa07200', '0\xa0\xa01100']"
MILK_EHP_TREATED_(cow)_5232.html,"['0\xa0—\xa00.036', '0\xa0—\xa00.002']"
GOAT'S_MILK_5280.html,"[-1, -1, -1, -1, -1, -1, -1, -1, -1, -1, -1, -1, -1, -1, -1, -1, -1, -1, -1, -1, -1, -1, -1, -1, -1, -1, -1, -1, -1, -1, -1, -1, -1, -1, -1, -1, -1, -1, -1, -1, -1, -1, -1, -1, -1, -1, -1, -1, -1, -1, -1, -1, -1, -1, -1, -1, -1]"
GHEE_5255.html,"['0\xa0—\xa00.01', -1, '0.037', '0\xa0—\xa00.01', '0\xa0—\xa00.002', -1, '0\xa0—\xa00.02', -1, '0\xa0—\xa00.075', '0\xa0—\xa00.01', -1, -1, '0\xa0—\xa00.02', -1, '0\xa0—\xa00.016', -1, '0\xa0—\xa00.055', '0.002\xa0—\xa00.11', '0\xa0—\xa00.01', '0\xa0—\xa00.002', -1, '0.004\xa0—\xa00.02', -1, '0.008\xa0—\xa00.051', '0\xa0—\xa00.045', -1, '0.003\xa0—\xa00.047', -1, '0.001\xa0—\xa00.03', '0.006\xa0—\xa00.174', '0\xa0—\xa00.031', '0\xa0—\xa00.015', '0\xa0—\xa00.152', '0\xa0—\xa00.08', '0\xa0—\xa00.032', '0\xa0—\xa00.001', -1, -1, '0\xa0—\xa00.006', '0\xa0—\xa00.03', '0.001\xa0—\xa00.007', '0\xa0—\xa00.005', -1, '0.001\xa0—\xa00.024', '0\xa0—\xa00.006', '0.002\xa0—\xa00.046', '0\xa0—\xa00.003', '0\xa0—\xa00.01', '0\xa0—\xa00.03', '0\xa0—\xa00.01', -1, -1, '0\xa0—\xa00.05', -1, '0.002\xa0—\xa00.04', '28\xa0—\xa0240', -1]"
SOUR_CREAM_(fat_free)_5224.html,"[-1, -1, -1, -1, -1, -1, -1, -1, -1, -1, -1, -1, -1, -1, -1, -1, -1, -1, -1, -1, -1, -1, -1, -1, -1, -1, -1, -1, -1, -1, -1]"
CHEDDAR_CHEESE_(age_2_months)_4902.html,"['1700\xa0\xa01700', '160\xa0\xa0160', 'trace', '220\xa0\xa02500', 'trace', '890\xa0\xa0890', 'trace', 'trace', '500\xa0\xa0740', '1100\xa0\xa02000', 'trace\xa0\xa01200', 'trace\xa0\xa0120', '1500\xa0\xa04200', '670\xa0\xa0800', 'trace', 'trace', '3500\xa0\xa03500', 'trace\xa0\xa0900', '700\xa0\xa0700', '600\xa0\xa0600', 'trace\xa0\xa04800', 'present', '250\xa0\xa0300', 'trace', 'trace', 'trace', '1900\xa0\xa01900']"
PARMIGIANO_REGGIANO_CHEESE_5120.html,"[-1, -1, -1, -1, -1, -1, -1, -1, -1, -1, -1, -1, -1, -1, -1, -1, -1, -1, -1, -1, -1, -1, -1, -1, -1, -1, -1, -1, -1]"
MONTBELIARDE_CHEESE_5122.html,"[-1, -1, -1, -1, -1, -1, -1, -1, -1, -1, -1, -1, -1, -1, -1, -1, -1, -1, -1, -1, -1, -1, -1, -1, -1, -1, -1, -1, -1, -1]"
EMMENTAL_CHEESE_(half-ripe)_5129.html,"['1900', '6800', '210', '30', '40', '30', '50', '<10', '50', '<10', '100', '20', '240', '40', '40', '110', '<10']"
CAMEMBERT_5101.html,"[-1, -1, -1, -1, -1, -1, -1, -1, -1, -1, -1, -1, -1, '<0.1', '1', -1, -1, -1, -1, -1, -1, -1, -1, '<0.1', -1, -1, -1, -1, -1, -1, -1, -1, -1, -1, -1, -1, -1, '0.075\xa0—\xa00.13', -1, -1, '0.13\xa0—\xa01', '0.015\xa0—\xa00.025', -1, '0.094\xa0—\xa00.142', '0.124\xa0—\xa00.144', -1, -1, -1, -1, -1, -1, '0.074\xa0—\xa00.11', -1, -1, -1, -1, -1, -1, -1, -1, '0.0021\xa0—\xa00.0022', -1, '5', -1, '0.18\xa0—\xa00.7', -1, -1, -1, -1, '0.2', '58.8\xa0—\xa0734', '0.7\xa0—\xa034', '0.9\xa0—\xa014', '35\xa0—\xa0375', '1\xa0—\xa0120', '1.2\xa0—\xa02.3', '1.2\xa0—\xa0290', '14\xa0—\xa070.1', '35\xa0—\xa0218.8', '43', '69', '270', '6\xa0—\xa07', -1, -1, -1, '0.25\xa0—\xa01', -1, -1, -1, -1, -1, -1, '0.1', -1, -1, -1, -1, -1, -1, -1, '5', -1, '0.91\xa0—\xa01.08', -1, '12', '4', '2', -1, -1, '0.2', -1, -1, -1, '0.2', -1, -1, -1, -1, '1', '0.0014\xa0—\xa00.0032', -1, -1, -1, -1, -1, -1, '0.26\xa0—\xa00.275', '0.25\xa0—\xa00.41', -1, -1, -1, '0.0084\xa0—\xa00.0101', '0.25\xa0—\xa00.36', -1, -1, -1, '0.027\xa0—\xa00.125', '0\xa0—\xa00.123', '0.00167', '0.4', -1, -1, '0.4', -1, -1, -1, -1, -1, -1, -1, -1, '0.3']"
YOGURT_5220.html,"[-1, -1, -1, -1, -1, -1, -1, -1, -1, -1, -1, -1, -1, -1, -1, '0.2\xa0—\xa075', -1, -1, -1, -1, -1, -1, -1, -1, -1, '0.7\xa0—\xa076', -1, -1, -1, -1, '0.016', -1, -1, '0.001', '0.001', -1, -1, -1, -1, -1, '0.18\xa0—\xa058', '0\xa0—\xa07', '13.5\xa0—\xa028', '0.2\xa0—\xa017.3', '0.011', -1, -1, -1, -1, -1, '0.005', -1, -1, -1, -1, -1, -1, -1, -1, '<40', '1.7\xa0—\xa0226.8', 'trace\xa0—\xa0120', -1, '14550', '24', '0.8\xa0—\xa023.3', '0.3\xa0—\xa013.1', '0.6\xa0—\xa011.4', '0.46\xa0—\xa043.7', -1, '0.4\xa0—\xa023.1', -1, '0.2\xa0—\xa056.7', '11.6\xa0—\xa056', -1, '0\xa0—\xa01.6', -1, -1, -1, -1, -1, -1, -1, -1, -1, -1, -1, -1, -1, '0.003', '0.0001', -1, -1, -1, -1, -1, -1, -1, -1, -1, -1, -1, -1, -1, -1, -1, -1, -1, -1, -1, -1, -1, -1, -1, -1]"
CREAM_CHEESE_(fresh)_5130.html,"[-1, -1, -1, -1, -1, -1, -1, -1, -1, -1, -1]"
SOUR_CREAM_(full_fat)_5221.html,"[-1, -1, -1, -1, -1, -1, -1, -1, -1, -1, -1, -1, -1, -1, -1, -1, -1, -1, -1, -1, -1, -1, -1, -1, -1, -1, -1, -1, -1, -1, -1]"
SOUR_CREAM_(reduced_fat)_5222.html,"[-1, -1, -1, -1, -1, -1, -1, -1, -1, -1, -1, -1, -1, -1, -1, -1, -1, -1, -1, -1, -1, -1, -1, -1, -1]"
BUTTER_5210.html,"[-1, -1, -1, '0.17', -1, '0.006\xa0—\xa00.009', '<0.009', '0.006\xa0—\xa00.009', '<0.009', '<0.009', '0.006\xa0—\xa01', '<0.009', '<0.009', '<0.009', '<0.009', '<0.009\xa0—\xa00.01', '<0.009', '<0.009', -1, '0.09', '<0.009', '0.17', '0.17', '0.09', -1, -1, -1, '0.43', -1, -1, -1, -1, -1, -1, -1, -1, -1, -1, '0.0005', '0.011', '0.007', -1, -1, -1, '0.003', '0.004', '0.002', '0.005', '0.0006', -1, -1, -1, -1, '<0.009', '0.53', '0.43', -1, '<0.05', '<0.01', -1, '<0.2', '<0.05', '<0.01', '<0.01', '<0.2', -1, -1, -1, '<0.2', '0.26', '<0.01', -1, '<0.5', '<0.05', -1, -1, -1, -1, -1, '<0.01', '<0.05', '<0.05', '0.01', -1, -1, -1, -1, -1, '0.026\xa0—\xa00.45', '0.037\xa0—\xa00.257', -1, '0.03\xa0—\xa00.06', '0.005', '0.04\xa0—\xa00.6', '0.004', '0.02\xa0—\xa00.5', -1, '<0.009\xa0—\xa00.2', -1, '0.03\xa0—\xa01.1', -1, '<0.009', '<0.05', '0.0015', '0.26', '0.005\xa0—\xa00.12', -1, '<0.009', '0.01\xa0—\xa00.17', -1, -1, '0.005\xa0—\xa00.008', -1, -1, '0.01\xa0—\xa00.34', -1, -1, '0.68', -1, -1, '0.08', -1, -1, '<0.009', '0.43', '0.26', '0.002', -1, -1, -1, -1, '0.13', '0.16', '<2', -1, -1, '<0.01\xa0—\xa01.25', '0.14\xa0—\xa00.95', '0.43', '0.001', -1, '<0.05', '0.004', '<0.009', -1, '0.005\xa0—\xa02.91', -1, -1, '<0.009\xa0—\xa00.2', -1, '0.001', -1, -1, '0.025\xa0—\xa02.3', -1, '0.08\xa0—\xa00.2', '0.02\xa0—\xa03.14', '<0.05', -1, '<0.01\xa0—\xa00.43', -1, '0.09', -1, '0.68', -1, -1, '1.5', -1, -1, -1, -1, -1, '57', '2.2', -1, 'trace\xa0—\xa0115', -1, 'trace\xa0—\xa075', '0.23', 'trace\xa0—\xa092', '0.8', '21\xa0—\xa0246', '2.61', -1, -1, '37.4\xa0—\xa0253', '84\xa0—\xa0580', -1, -1, -1, -1, '267\xa0—\xa02261', -1, -1, -1, -1, -1, '160\xa0—\xa0327', -1, '420\xa0—\xa01410', -1, -1, -1, 'trace\xa0—\xa03.5', -1, '0.99', -1, '0.01', '<1\xa0—\xa02', '<1', -1, -1, -1, '0.01', -1, '0.02', -1, -1, '0.03\xa0—\xa00.05', -1, -1, -1, -1, -1, -1, -1, -1, -1, -1, -1, -1, -1, -1, -1, -1, '<0.2', -1, -1, -1, '<0.01\xa0—\xa00.85', -1, -1, '0.21', '<0.05', -1, '<0.009\xa0—\xa00.5', '<0.05\xa0—\xa07.95', -1, -1, -1, '0.06\xa0—\xa00.26', -1, -1, -1, -1, -1, -1, -1, '0.05\xa0—\xa00.2', '0.1\xa0—\xa00.5', -1, '0.3\xa0—\xa01.5', '2.55\xa0—\xa024.2', -1, -1, -1, -1, '1.3', '0.9', '<0.009\xa0—\xa00.4', '3\xa0—\xa030.6', -1, -1, '2.6', '<0.009\xa0—\xa03.4', '<0.009\xa0—\xa00.9', '6\xa0—\xa010.6', '<0.009', '0.041\xa0—\xa00.108', '0.138\xa0—\xa00.19', -1, '0.0001\xa0—\xa00.002', -1, -1, -1, -1, -1, -1, -1, -1, '0.0011\xa0—\xa00.28', '0.002\xa0—\xa01.1', '0\xa0—\xa00.006', '0.009\xa0—\xa00.15', '0.0016\xa0—\xa00.02', '0.0014\xa0—\xa00.037', '0.05', -1, '0.005', -1, '0.008\xa0—\xa00.019', '0.002\xa0—\xa00.009', '0.002\xa0—\xa00.003', -1, -1, '0.002\xa0—\xa00.009', -1, -1, '3\xa0—\xa024', '9\xa0—\xa072', '6\xa0—\xa019', '23\xa0—\xa0139', '8\xa0—\xa030', '34\xa0—\xa0208', -1, -1]"
BUTTER_(heated)_5250.html,"[-1, '1.6', '0.8', '24.1', '1.5', '28.8', '1.7', '4.3', '1.6', '0.09', '4.6', '1.9', '2.2', '4', '0.26', '0.09', '0.26', '3.5', '0.4', '0.26', '0.17', '2.5', '0.34', '0.43', '0.8', '1.9', '0.43', '0.17', '2.3', '0.17', '0.43', '0.7', '0.17', '0.09', '1.4', '0.09', '1.9', '<0.009', '0.17', '0.5', '0.26', -1, -1, -1, '0.9', '2.6', -1, -1, '7.2', '9.4', -1, -1, -1, -1, -1, -1, '1.1', -1, -1, '6', -1, '8.4', '34.4', '28', -1, '5.8', '15.1', '34.8', '20.7', '56.7', '22.8', '1.5', '2.9', '11.1', -1, '65.4', '7.7', '24.4', '8.6', '66.1', '8.5', '2.9', '8', '2.4', '7', '3.7', '6.9', -1, '0.7', -1, -1, -1, -1, '0.94', -1, '0.34', '10.3', '0.8', '3.5', -1, '6.9', -1, '2.5', '3.9', '8.4', '1.4', '1.8', -1, '11.9', -1, '2.5', -1, '30.1', -1, '3.7', '0.26', '8.7', '1.1', '2', '0.77', '274', '8', '1.6', -1, -1, '0.5\xa0—\xa01.5', -1, '0.5\xa0—\xa01', -1, '0.5\xa0—\xa01', -1, -1, -1, '3.6', '5.6', '3.1', '5.2', -1, '3.8', '5.8', -1, '4.3', '5.3', '7.8', '2.3', '1', '4.7', '14.8', '2', '2.2', '6', '15', '2', '1.3', '16.7', '10.1', '<0.009', '<0.009', -1, -1, -1, -1, -1, -1, -1, -1, -1, -1, -1, -1, -1, -1, -1, '5\xa0—\xa015']"
GRUYERE_CHEESE_5125.html,"[-1, -1, -1, -1, -1, -1, -1, -1, -1, -1, -1, -1, -1, -1, -1, -1, -1, -1, -1, -1, -1, -1, -1]"
SOUR_CREAM_(light)_5223.html,"[-1, -1, -1, -1, -1, -1, -1, -1, -1, -1, -1, -1, -1, -1, -1, -1, -1, -1, -1, -1, -1, -1, -1, -1, -1, -1, -1, -1, -1, -1]"
MANCHEGO_CHEESE_5106.html,"[-1, -1, -1, -1, -1, -1, -1, -1, -1, '0.4\xa0—\xa00.6', '0.2\xa0—\xa01', -1, -1, -1, -1, -1, -1, -1, -1, -1, -1, -1, -1, '1.6\xa0—\xa04.4', -1, -1, -1, -1, '0.5\xa0—\xa01.4', '0.4\xa0—\xa00.6', -1, -1, -1, '0.9\xa0—\xa01.9', -1, -1, '14.1\xa0—\xa023.5', -1, '23.4\xa0—\xa033.7', -1, '27.3\xa0—\xa031.6', -1, '3.9\xa0—\xa05.9', -1, '1.7\xa0—\xa02.9', -1, -1, -1, -1, -1, -1, -1, '1.3\xa0—\xa02.2', '1.2\xa0—\xa01.7', '2.5\xa0—\xa03.5', '2.4\xa0—\xa02.9', '1.1\xa0—\xa02.3', '3.1\xa0—\xa03.7', -1, -1, -1, -1, -1, -1, -1, -1, -1, -1, -1, -1, -1, -1]"
CHEDDAR_CHEESE_(age_3_months)_4903.html,"['present', 'trace', '900\xa0\xa0900', '1500\xa0\xa01500', '1600\xa0\xa01600', '80\xa0\xa080', '2100\xa0\xa02100', '520\xa0\xa0520', '1200\xa0\xa01200', 'present', '240\xa0\xa0240', '280\xa0\xa0280', 'present', '300\xa0\xa0300', '3400\xa0\xa03400']"
CHEDDAR_CHEESE_(age_27_months)_4908.html,"['7200\xa0\xa07200', '260\xa0\xa0260', '350\xa0\xa0350', '230\xa0\xa0230', '70\xa0\xa070', '1000\xa0\xa01000', 'trace', '7100\xa0\xa07100', '5200\xa0\xa05200', '3600\xa0\xa03600', 'trace', '900\xa0\xa0900', '3000\xa0\xa03000', '5000\xa0\xa05000', 'trace', '400\xa0\xa0400', '1700\xa0\xa01700', '1300\xa0\xa01300', '900\xa0\xa0900', '1600\xa0\xa01600', '2200\xa0\xa02200', '2700\xa0\xa02700', 'trace', '19400\xa0\xa019400', 'trace']"
HOLSTEIN_CHEESE_5121.html,"[-1, -1, -1, -1, -1, -1, -1, -1, -1, -1, -1, -1, -1, -1, -1, -1, -1, -1, -1, -1]"
EDAM_CHEESE_5127.html,"[-1, -1, -1, -1, -1, -1, -1, -1, -1, -1, -1, -1, -1, -1, -1, -1, -1, -1, -1, -1, -1, -1, -1, -1, -1, -1, -1]"
CREAM_5240.html,"[-1, -1, -1, -1, -1, -1, -1, -1, -1, -1, -1, -1, -1, -1, -1, -1, -1, '0.001\xa0—\xa00.004', '0.001\xa0—\xa00.004', -1, -1, -1, -1, -1, -1, -1, -1, -1, -1, -1, -1, '0.35\xa0—\xa00.51', '0.15\xa0—\xa00.18', '0.025\xa0—\xa00.045', '0.017\xa0—\xa00.018', -1, '0.004\xa0—\xa00.007', -1, -1, -1, -1, -1, -1, '<40', '900', '180', '8410', '<4', -1, -1, -1, -1, -1, -1, -1, -1, -1, -1, -1, -1, '0.12', -1, -1, -1, -1, -1, -1, '0.021\xa0—\xa00.055', -1, '0.012\xa0—\xa00.27']"
CHEDDAR_CHEESE_(age_8_months)_4905.html,"['2100\xa0\xa04100', 'trace', 'trace', '290\xa0\xa0290', 'trace', '820\xa0\xa0820', 'trace', '4600\xa0\xa04600', '1700\xa0\xa07800', '1800\xa0\xa04200', '300\xa0\xa03500', 'trace\xa0\xa06600', '4600\xa0\xa012400', '580\xa0\xa02100', 'trace', '240\xa0\xa02600', '5900\xa0\xa05900', '2700\xa0\xa02700', '1800\xa0\xa01800', '420\xa0\xa03000', '550\xa0\xa01100', 'present', '390\xa0\xa02200', '800\xa0\xa0800', '4400\xa0\xa04400', '0\xa0\xa01400', '2600\xa0\xa05800']"
DOMIATI_CHEESE_5113.html,"['6.3\xa0—\xa09.1', '0.4\xa0—\xa00.6', '0.03\xa0—\xa00.09', 'trace\xa0—\xa00.055', 'trace\xa0—\xa00.025', '237\xa0—\xa0476', '7.7\xa0—\xa033.5', '1.2\xa0—\xa01.7', '0.3\xa0—\xa01.7', '0.5\xa0—\xa01.1', '0.1\xa0—\xa00.25', '0.4\xa0—\xa01.4', '0.3\xa0—\xa01', 'trace', '0.01\xa0—\xa00.02', '0.02\xa0—\xa00.04', '1.2\xa0—\xa06.8', '0.04\xa0—\xa00.17', '0.03\xa0—\xa00.09', '1.1\xa0—\xa04.9', 'trace\xa0—\xa00.1', '1.2\xa0—\xa04.8', 'trace', 'trace\xa0—\xa00.1', '1.2\xa0—\xa04.1', '6.1\xa0—\xa010.7', '9.8\xa0—\xa019.6', '5.1\xa0—\xa06.9', '19.5\xa0—\xa041.6', '2.9\xa0—\xa04.3', 'trace\xa0—\xa01.7', '35.4\xa0—\xa066.3', 'trace', '3.4\xa0—\xa07.6', '1\xa0—\xa03.8', '125.7\xa0—\xa0211.6', 'trace\xa0—\xa01.3', 'trace\xa0—\xa01.2', '26.9\xa0—\xa039.5', '82.2\xa0—\xa0118.1', '3.9\xa0—\xa08.3', 'trace', '0.9\xa0—\xa01.3', '0.3\xa0—\xa00.45', '0.1\xa0—\xa00.45', '0.07\xa0—\xa00.1', '0.02\xa0—\xa00.09', '0.02\xa0—\xa00.2', '0.6\xa0—\xa00.7', '0.13\xa0—\xa00.63', 'trace\xa0—\xa00.04']"
GRUYERE_de_COMTE_CHEESE_5104.html,"[-1, -1, -1, -1, -1, -1, -1, -1, -1, -1, -1, -1, -1, -1, -1, -1, -1, -1, -1, '0.005\xa0—\xa00.056', '0.004\xa0—\xa00.15', '0.011\xa0—\xa00.346', '0.025\xa0—\xa00.671', -1, '0.128\xa0—\xa01.445', -1, -1, -1, -1, -1, -1, -1, -1, '0.001\xa0—\xa00.1', '0.001\xa0—\xa00.117', -1, '0.002\xa0—\xa00.928', -1, '0.008\xa0—\xa00.442', -1, '0.008\xa0—\xa00.411', -1, -1, -1, '0.004\xa0—\xa00.241', -1, -1, -1, -1, -1, -1, -1, -1, '0.002\xa0—\xa00.075', -1, -1, -1, -1, -1, '0\xa0—\xa00.012', -1, -1, -1, -1, -1, -1, -1, -1, -1, -1, -1, -1, -1, '0.007\xa0—\xa00.38', '0.002\xa0—\xa00.106', -1, '0.089\xa0—\xa02.463', -1, '0.005\xa0—\xa00.142', '0.006\xa0—\xa00.089', '0.005\xa0—\xa00.062', '0.004\xa0—\xa00.073', '0.005\xa0—\xa00.738', -1, -1, -1, '0.003\xa0—\xa00.031', '0.004\xa0—\xa00.229', -1, -1, -1, '0.001\xa0—\xa00.051', '0.003\xa0—\xa00.057', -1, -1, -1, -1, -1, -1, -1, -1, -1, -1, '0.025\xa0—\xa01.098', '0.001\xa0—\xa00.036', -1, '0.007\xa0—\xa00.123', '0.049\xa0—\xa00.326', -1, -1, -1, '0.013\xa0—\xa00.094', -1, '0.002\xa0—\xa00.018', -1, '0.001\xa0—\xa00.084', '0.001\xa0—\xa00.054', -1, -1, -1, -1, -1, -1, -1, -1, '0.218\xa0—\xa02.616', '0.008\xa0—\xa00.119', '0.005\xa0—\xa00.092', -1, '0.337\xa0—\xa01.742', '0.001\xa0—\xa00.074', -1, -1, '0.002\xa0—\xa00.029', '0.017\xa0—\xa00.646', -1, '0.131\xa0—\xa02.513', '0.006\xa0—\xa00.12', '0.177\xa0—\xa01.349', -1, -1, '0.0003\xa0—\xa00.056', '500\xa0—\xa01040', '270', -1, '80\xa0—\xa0450', -1, '70\xa0—\xa0150', '160', '20\xa0—\xa090', -1, -1, -1, -1, -1, -1, -1, -1, '0\xa0—\xa00.389', -1, -1, '0.001\xa0—\xa01.36', -1, -1, -1, -1, '0\xa0—\xa00.143', -1, -1, -1, -1, -1, -1, -1, -1, -1, '0.009\xa0—\xa00.215', -1, -1, -1, -1, '0.001\xa0—\xa00.109', '0.005\xa0—\xa00.066', -1, -1, -1, -1, -1, -1, -1, -1, -1, -1, -1, '0.02\xa0—\xa00.642', -1, -1, '0\xa0—\xa00.023', -1, -1, -1, '0.0005\xa0—\xa00.026', '0.001\xa0—\xa00.027', '0.001\xa0—\xa00.031', -1, -1, -1, -1, -1, -1, '0.001\xa0—\xa00.049', '0.012\xa0—\xa00.08', '0.008\xa0—\xa00.162', -1, -1, -1, '0.002\xa0—\xa00.089', '0.003\xa0—\xa00.209', -1, '0.484\xa0—\xa010.635', -1, -1, -1, -1, '0.001\xa0—\xa00.057', '0.006\xa0—\xa00.045', '0.002\xa0—\xa00.041', -1, '0.015\xa0—\xa00.984', -1, '0.026\xa0—\xa00.364', '0.015\xa0—\xa02.164', -1, -1, -1, -1, -1, -1, -1, -1, -1, -1, -1, -1, -1, -1, -1, -1, -1, -1, -1, -1, -1, -1, -1, -1, -1, -1, -1, -1, -1, -1, -1, -1, -1, '0\xa0—\xa00.045', -1, -1, -1, -1, -1, -1, -1, -1, -1, -1, -1, -1]"
MILK_PASTEURIZED_(cow)_5233.html,"['0.006', '0.018', '0.008', '0.018', '0.078', '0.002', '0.015', '0.028', '0.004', '0.005', '0.022', '0.168', '0.207', '0.178', '0.032', '0.085', '0.006', '0.003', '0.007', '0.063', '0.006', '0.003', '0.08', '0.005', '<0.016\xa0—\xa00.025', '<0.002\xa0—\xa00.009']"
"CREAM_CHEESE_(cholesterol-removed,_fresh)_5132.html","[-1, -1, -1, -1, -1, -1, -1, -1, -1, -1, -1, -1, -1, -1]"
CHEDDAR_CHEESE_(age_1_month)_4901.html,"['1000\xa0\xa01300', 'trace', 'trace', 'trace\xa0\xa050', 'trace', '100\xa0\xa0100', 'trace', '1\xa0\xa0200', '500\xa0\xa01300', '700\xa0\xa0900', 'trace\xa0\xa01400', 'trace', '1\xa0\xa01700', '300\xa0\xa0570', 'trace', 'trace\xa0\xa0300', '1\xa0\xa0100', 'trace\xa0\xa0500', '100\xa0\xa0200', '300\xa0\xa01300', 'trace\xa0\xa0220', '1\xa0\xa0390', 'trace', '1\xa0\xa0100', 'trace', '2200\xa0\xa02200']"
"AUBERGINE,_EGGPLANT_(Solanum_melongena_L.)_19400.html","['0.00012', 'trace', '0.00013', -1, '0.00001', '0.00001', 'trace', '0.00001', '0.00002', 'trace', '0.00002', '0.00003', '0.00006', '0.00001', '0.00011', '0.00005', '0.0001', 'trace', '0.00001', -1, '0.00002', '0.00008', 'trace', 'trace', '0.00014', '0.00002', '0.00001', '0.0004', -1, '0.00002', -1, -1, '0.00003', '0.00008', -1, -1, -1, -1, '0.00011', '0.00002', '0.00003', -1, '0.00002', '0.00005', -1]"
GREEN_SOYBEAN_(edamame)_8230.html,"[-1, -1, -1, -1, -1, -1, -1, -1, -1, -1, -1, -1, -1, -1, -1, -1, -1, -1, -1, -1, -1, -1, -1, -1, -1, -1, -1, -1]"
PARSNIP_ROOT_(raw)_11310.html,"[-1, -1, -1, -1, -1, -1, -1, -1, -1, -1, -1, -1, -1, -1, -1, '0.0055\xa0—\xa00.0096', -1, -1, -1, -1, -1, -1, -1, -1, -1, -1]"
BEANS_(heated)_9220.html,"[-1, -1, -1, -1, -1, -1, -1, -1, -1, -1, -1, -1, -1, -1, -1, -1, -1, -1, -1, -1, -1, -1, -1, -1, -1, -1, -1, -1, -1, -1, -1, -1, -1, -1, -1, -1, -1, -1, -1, -1, -1, -1, -1, -1, -1, -1, -1, -1, -1, -1, -1, -1, -1, -1, -1, -1, -1, -1, -1, -1, -1, -1, -1, -1, -1, -1, -1, -1, -1, -1, -1, -1, -1, -1, -1, -1, -1, -1, -1, -1, -1, -1, -1, -1, -1, -1, -1, -1, -1, -1, -1, -1, -1, -1, -1, -1, -1, -1, -1, -1, -1, -1, -1, -1, -1, -1, -1, -1, -1, -1, -1, -1, -1, -1, -1, -1, -1, -1, -1, -1, -1, -1, -1, -1, -1, -1, -1, -1, -1, -1, -1, -1, -1, -1, -1, -1, -1, -1, -1, -1, -1, -1, -1, -1, -1, -1, -1, -1, -1, -1, -1, -1, -1, -1, -1, -1, -1, -1, -1, -1]"
POTATO_(French_fried)_2530.html,"[-1, -1, -1, -1, -1, -1, -1, -1, -1, -1, -1, -1, -1, -1, -1, -1, -1, -1, -1, -1, -1, -1, -1, -1, -1, -1, -1, -1, -1, -1, -1, -1, -1, -1, -1, -1, -1, -1, -1, -1, -1, -1, -1, -1, -1, -1, -1, -1, -1, -1, -1, -1, -1, -1, -1, -1, -1, -1, -1, -1, -1, -1, -1, -1, -1, -1, -1, -1, -1, -1, -1, -1, -1, -1, -1, -1, -1, -1, -1, -1, -1, -1, -1, -1, -1, -1, -1, -1, -1, -1, -1, -1, -1, '0\xa0—\xa05.912', -1, '0\xa0—\xa010.599', '0\xa0—\xa02.716', -1, -1, -1, -1, -1, -1, -1, -1, -1, -1, -1, -1, '0.0157\xa0—\xa00.021', '0.138\xa0—\xa00.237', '0.111\xa0—\xa00.178', -1, -1, -1, -1, '0.449\xa0—\xa01.533', '4.115\xa0—\xa06.34', -1, -1, -1, -1, -1, -1, -1, -1, -1, -1, -1, -1, -1, '0\xa0—\xa00.306', -1, -1, -1, -1, -1, -1, '0.0039\xa0—\xa00.0069', -1, -1, -1, -1, -1, -1, -1, -1, -1, -1, -1, -1, -1, -1, -1, -1, -1, -1, -1, -1, -1, -1, -1, -1, -1, -1, -1, -1, -1, -1, -1, -1, -1, -1, '0\xa0—\xa05.533', '0\xa0—\xa01.785', '0\xa0—\xa00.42', -1, '0\xa0—\xa00.808', -1, -1, -1, -1, -1, -1, -1, -1, -1, -1, -1, -1, -1, -1, -1, -1, -1, -1, -1, -1, -1, -1, -1, -1, -1, -1, -1, -1, -1, '0.579\xa0—\xa00.592', '0.0419\xa0—\xa00.057', '0\xa0—\xa00.0054', -1, -1, -1, '0.0414\xa0—\xa00.043', -1, -1, -1, -1, -1, -1, '0\xa0—\xa00.0086', -1, -1, '0\xa0—\xa01.24', -1, -1, -1, -1, -1, -1, -1, '0\xa0—\xa00.00033', -1, -1, '0.783\xa0—\xa03.915', -1, -1, -1, -1, -1, -1, -1, -1, -1, -1, -1, -1, -1, -1, -1, -1, -1, -1, -1, -1, -1, -1, -1, -1, -1, -1, -1, -1, -1, -1, -1, -1, -1, -1, -1, -1, -1, -1, -1, -1, -1, -1, -1, -1, -1, -1, -1, -1, -1, -1, -1, -1, -1, -1, -1, -1, -1, -1, -1, -1, -1, -1, -1, -1, -1, -1, -1, -1, -1, -1, -1, -1, -1, -1, -1, -1, -1, -1, -1, -1, '0\xa0—\xa00.0052', '2.591\xa0—\xa02.778', -1, -1, -1, -1, -1, -1, '0.278\xa0—\xa00.771', -1, -1, -1, -1, -1, -1, -1, -1, -1, -1, -1, -1, -1, -1, -1, -1, -1, -1, -1, -1, -1, -1, -1, -1, -1, -1, -1, -1, -1, -1, -1]"
CELERY_ROOT_(Apium_graveolens_L._var._rapaceum)_2020.html,"[-1, -1, -1, -1, '9.5', -1, -1, '0.1', '5.3', -1, -1, 'trace\xa0—\xa00.09', -1, -1, '0.6', '0.4', '0.1', '1.1', '0.8\xa0—\xa026.8', 'trace', 'trace', '0.008\xa0—\xa00.7', '0.3\xa0—\xa013.9', 'trace', 'trace', '0.04\xa0—\xa00.4', '0.08\xa0—\xa00.4', -1, '0.02\xa0—\xa02.2', -1, '0.03\xa0—\xa02.5', '0.4', '0.08', '0.09', '0.04', -1, -1, -1, -1, -1, -1, -1, -1, -1, -1, '0.009', -1, '0.004', -1, -1, -1, -1, -1, -1, -1, '0.4', '0.5', -1, '0.1\xa0—\xa03', '1.2', -1, -1, -1, -1, -1, -1, -1, '70', -1, 'trace', '4.5\xa0—\xa030', '1.2', '5', 'trace', '1.5\xa0—\xa040', '0.7\xa0—\xa03', 'trace', 'trace', '0.2']"
WATER_SPINACH_STEM_(ipomoea_aquatica_Forsk.)_32010.html,"[-1, -1, -1, -1, -1, -1, -1, -1, -1, -1, -1, -1, -1, -1, -1, -1, -1, -1, -1, -1, -1, -1, -1, -1, -1, -1, -1, -1, -1, -1, -1, -1, -1, -1, -1, -1, -1, -1, -1, -1, -1, -1, -1, -1, -1, -1, -1, -1, -1]"
RADISH_(fermented)_12620.html,"[-1, -1, -1, -1, -1, -1, -1, -1, -1, -1, -1, -1, -1, -1, -1, -1, -1, -1, -1, -1, -1, -1, -1, -1]"
ASPARAGUS_(raw)_1710.html,"[-1, -1, -1, -1, -1, -1, -1, -1, -1, -1, -1, -1, -1, -1, -1, -1, -1, -1, -1, -1, -1, -1, -1, -1, -1, -1, -1, -1, -1, -1, -1, -1, -1, -1, -1, -1, -1, -1, -1, -1, -1, -1, -1, -1, -1, -1, -1, -1, -1, -1, -1, -1, -1, -1, -1, -1, -1, -1, -1, -1, -1, -1, -1, '35', -1, -1, -1, -1, -1, -1, -1, -1, -1, -1, -1, -1, -1, -1, -1, -1, -1, -1, -1, -1, -1, -1, -1, -1, -1, -1, -1, -1, -1, -1, -1, '<0.05', -1, -1, '<0.05', '0.2', '0.05', '<0.05', '<0.05', '<0.05', '0.6', '0.05', -1, '0.1', -1, -1, -1, -1, '3\xa0—\xa05', '7', '0.05', -1, '0.06', '<0.05', -1, -1, '0.3', -1, -1, -1, -1, -1, -1, -1, -1, -1, -1, -1, -1, -1, -1, -1, -1, -1, -1, -1]"
SOYA-BEAN_OIL_8260.html,"['0.013', -1, '0.074', '0.0022', -1, -1, -1, -1, -1, -1, '0.0004', '0.0052', -1, -1, -1, '0.0007', '0.0015', '0.0039', '0.0003', '<0.00005', '0.0018', -1, -1, '<0.001', -1]"
"PAPRIKA,_BELL_SWEET_PEPPER(capsicum_annuum)_uncat._2610.html","[-1, -1, -1, -1, -1, '0.2\xa0—\xa00.9', -1, -1, -1, 'trace', -1, -1, -1, -1, '0.2', -1, -1, -1, -1, -1, 'trace', 'trace', -1, -1, -1, -1, -1, -1, -1, 'trace', -1, -1, 'trace', -1, 'trace', -1, -1, -1, -1, -1, -1, -1, -1, 'trace', -1, 'trace', -1, -1, -1, -1, 'trace', -1, -1, -1, -1, -1, -1, -1, -1, -1, '0.006', -1, -1, -1, -1, -1, -1, -1, -1, '0.06', '0.003\xa0—\xa00.06', '0.04', '0.08', -1, 'trace', -1, -1, -1, -1, -1, -1, -1, -1, -1, -1, -1, -1, -1, -1, '0.01', -1, -1, '0.02', '0.3', -1, -1, -1, -1, -1, -1, -1, '0.06\xa0—\xa00.2', 'trace', -1, -1, -1, -1, -1, -1, -1, -1, -1, -1, -1, -1, 'trace\xa0—\xa00.01', 'trace\xa0—\xa00.006', -1, '0.003', -1, -1, -1, '0.005', -1, -1, -1, -1, -1, 'trace', 'trace', 'trace', -1, 'trace\xa0—\xa00.1', -1, -1, '0.004\xa0—\xa00.01', '0.01\xa0—\xa00.04', '0.02\xa0—\xa00.2', '0.01', 'trace', -1, -1, -1, -1, -1, 'trace', -1, -1, -1, -1, -1, -1, 'trace\xa0—\xa00.04', '0.006\xa0—\xa00.05', -1, -1, -1, -1, '0.004\xa0—\xa00.04', '0.3', '0.01', -1, 'trace', 'trace', -1, -1, -1, -1, -1, -1, -1, -1, -1, -1, -1, -1, -1, -1, -1, -1, -1, -1, -1, '0.03', -1, 'trace', 'trace', -1, -1, -1, 'trace', 'trace', 'trace', -1, -1, 'trace', -1, -1, -1, -1, -1, 'trace', -1, -1, -1, -1, -1, -1, 'trace', -1, 'trace', 'trace', -1, 'trace', -1, -1, -1, -1, -1, -1, -1, -1, 'trace', -1, -1, -1, -1, -1, -1, -1, '0.2', -1, -1, -1, -1, -1, -1, -1, -1, -1, -1, '0.09\xa0—\xa00.12', -1, -1, -1, -1, -1, -1, -1, -1, -1, -1, -1, -1, -1, 'trace', 'trace\xa0—\xa00.03', '0.02\xa0—\xa00.05', -1, -1, -1, '0.005', -1, -1, -1, -1]"
SOYBEAN_8210.html,"['0.003', -1, -1, -1, '0.004', -1, -1, -1, -1, -1, -1, -1, -1, -1, -1, -1, -1, -1, -1, -1, -1, -1, -1, -1, -1, -1, -1, -1, -1, -1, -1, -1, '0.004', '0.24', -1, -1, -1, -1, -1, -1, -1, -1, -1, -1, -1, -1, -1, -1, -1, -1, -1, -1, -1, -1, -1, -1, -1, -1, -1, -1, -1, -1, -1, -1, -1, -1, -1, -1, -1, '0.008', -1, -1, '0.005', -1, -1, -1, -1, -1, '0.02\xa0—\xa06', '0.02\xa0—\xa04.4', -1, -1, -1, -1, -1, -1, '2.2', -1, -1, '0.4\xa0—\xa00.9', '0.8', -1, -1, '1.2\xa0—\xa01.6', -1, -1, -1, '0.9\xa0—\xa01.2', -1, -1, -1, -1, -1, -1, -1, -1, -1, -1, -1, -1, -1, -1, -1, '0.002\xa0—\xa00.8', -1, -1, -1, -1, -1, -1, -1, '0.002\xa0—\xa00.4', -1, -1, -1, -1, -1, -1, -1, -1, -1, -1, -1, -1, -1, -1, -1, -1, -1, -1, -1, -1, -1, -1, -1, -1, -1, -1, -1, '0.004\xa0—\xa01.6', -1, -1, -1, -1, -1, -1, -1, -1, -1, -1, -1, -1, -1, -1, -1, -1, -1, -1, -1, -1, -1, -1, -1, -1, -1, 'trace', -1, -1, -1, -1, -1, -1, -1, -1, -1, -1, -1, -1, -1, -1, -1, -1, '0.2', -1, -1, -1, -1, -1, -1, -1, -1, -1, -1, -1, -1, -1, -1, -1, -1, -1, -1, -1, '0.4', -1, -1, -1, -1, -1, -1, -1, -1, -1, -1, -1, -1, -1, 'trace', -1, '0.05', '0.002', -1, -1, -1, -1, -1, -1, -1, -1, -1, -1, -1, '0.01', '0.03', '0.004', '0.1', -1, -1, -1, -1, -1, -1, -1, -1, -1, -1, -1, -1, -1, -1, -1, -1, -1, -1, -1, -1, -1]"
CHILI_PEPPER_PERICARP_(C._chinense×C._frutescens)_2627.html,"['22.68', '9.8', '3583.72', '6322.96', '1456.56', '1553.16']"
SAUERKRAUT_2800.html,"[-1, -1, -1, -1, -1, -1, -1, -1, '0.1', '0.1', '1.4', '10.9', '10', -1, -1, -1, -1, -1, '20', '20', '40', '100\xa0—\xa0200', -1, -1, -1, -1, -1, -1, -1, -1]"
CHINESE_CABBAGE_21320.html,"[-1, -1, '22', -1, '2.1', -1, -1, -1, -1, -1, -1, -1, -1, -1, -1, '1.4', '1.9', -1, -1, -1, '1.1', -1, '21', -1, -1, -1, -1, -1, -1, -1, '2.9']"
PARSLEY_LEAVES_4210.html,"[-1, -1, -1, -1, '2.7', '5.2', '17.98\xa0—\xa0302', 'trace', '1.8\xa0—\xa051.2', 'trace\xa0—\xa0867.2', '1.6', '9.6\xa0—\xa029', -1, '6\xa0—\xa0148.1', '6\xa0—\xa0252', '56.35\xa0—\xa0640.7', '1.9', -1, '69.2', '6.3\xa0—\xa011.9', 'trace\xa0—\xa04.3', '33.3', -1, '0.1\xa0—\xa0353', '1.2\xa0—\xa0127.8', '1.2', '4.2\xa0—\xa012.9', '0.6\xa0—\xa024', '0.6\xa0—\xa018.7', 'trace\xa0—\xa014', -1, '36.8', '3.6\xa0—\xa030.1', '12.9', 'trace', -1, 'trace', -1, -1, 'trace', -1, -1, -1, -1, 'trace', '0.8\xa0—\xa097.8', '7.185\xa0—\xa0500.6', -1, -1, -1, -1, '0.375\xa0—\xa06.4', -1, '0.282\xa0—\xa00.694', '47.3', -1, '1.7\xa0—\xa0117.2', 'trace', 'trace', '40.6', -1, -1, '7.9', -1, '0.2\xa0—\xa00.248', '2.962\xa0—\xa05.895', -1, -1, '0.853\xa0—\xa01.058', '2.4', 'trace', '4.8', '1.7\xa0—\xa020.4', -1, '4.9', -1, '0.003\xa0—\xa00.0085', '0.0009\xa0—\xa00.001', 'trace\xa0—\xa06.4', '0.116\xa0—\xa0133.3', -1, -1, '0.058\xa0—\xa00.164', -1, -1, '0.0014\xa0—\xa00.0018', '0.0077\xa0—\xa00.01', '0.175\xa0—\xa00.26', -1, -1, -1, -1, -1, '18.5', '20\xa0—\xa01435', 'trace\xa0—\xa01275', -1, '3.6', 'trace', -1, -1, '33.6']"
LAMB'S_LETTUCE_(Valerianella_locusta)_20800.html,"[-1, -1, -1, -1, -1, -1, -1, -1, -1, -1, -1, -1, -1, -1, -1, -1, -1, -1, -1, -1, -1, '0.03\xa0—\xa00.2', '0.03\xa0—\xa00.2', -1, -1, -1, '0.2\xa0—\xa00.5', -1, '0.2\xa0—\xa00.5', -1, -1, '0.2\xa0—\xa00.5', '1', '0.2\xa0—\xa00.5', '0.03\xa0—\xa00.2', '0.03\xa0—\xa00.2', -1, -1, '0.03\xa0—\xa00.2', '0.03\xa0—\xa00.2', -1, -1, -1, -1, '0.03\xa0—\xa00.2', '0.5\xa0—\xa01', -1, -1, '0.5\xa0—\xa01', -1, '0.03\xa0—\xa00.2', '0.03\xa0—\xa00.2', '0.03\xa0—\xa00.2', -1, '0.03\xa0—\xa00.2', '1', '0.2\xa0—\xa00.5', -1, -1, -1, -1, -1, '0.03\xa0—\xa00.2', -1, '0.2\xa0—\xa00.5', -1, -1, -1, -1, -1, '0.03\xa0—\xa00.2', -1, -1, '0.03\xa0—\xa00.2', -1, '0.03\xa0—\xa00.2', '0.2\xa0—\xa00.5', '0.03\xa0—\xa00.2', '0.03\xa0—\xa00.2', '0.03\xa0—\xa00.2', '0.03\xa0—\xa00.2', -1, '0.5\xa0—\xa01', -1, -1, '0.5\xa0—\xa01', '1', -1, '0.03\xa0—\xa00.2', -1, -1, -1, '0.03\xa0—\xa00.2', -1, -1, -1, -1, -1, -1, -1, -1, -1, -1, '0.03\xa0—\xa00.2']"
TURNIP_21310.html,"[-1, -1, -1, '<1\xa0—\xa05', '<1', '1\xa0—\xa05', -1, '0\xa0—\xa01', '1\xa0—\xa05', -1, -1, -1, -1, -1, -1, -1, -1, -1, -1, -1, -1, -1, -1, '37.4\xa0—\xa063', -1, -1, -1, -1, -1, -1, -1, -1]"
OKRA_(Hibiscus_esculentus_L.)_20900.html,"[-1, -1, -1, -1, -1, -1, -1, -1, -1, -1, -1, -1, -1, -1, -1, -1, -1, -1, -1, -1, -1, -1, -1, -1, -1, -1, -1, -1, -1, -1, -1, -1, -1, -1, -1, -1, -1, -1, -1, -1, -1, -1, -1, -1, -1, -1, -1, -1, -1, -1, -1, -1, -1, -1, -1, -1, -1, -1, -1, -1, -1, -1, -1, -1, -1, -1, -1, -1, -1, -1, -1, -1, -1, -1, -1, -1, -1, -1, -1, -1, -1, -1, -1, -1, -1, -1, -1, -1, -1, -1, -1, -1, -1, -1, -1, -1, -1, -1, -1, -1]"
GLOBE_ARTICHOKE_(Cynara_scolymus_L.)_11610.html,"['0.0001', '0.0002', '<0.0001', '0.0011', '0.00017\xa0—\xa00.0002', '<0.0001', '0.0068\xa0—\xa00.007', '0.0001', '0.0032', '0.0007', '<0.0001', '0.0003', 'trace', '0.0001', '<0.0001', '<0.0001', -1, -1, '0.00037', '0.0001\xa0—\xa00.00046', '0.0002\xa0—\xa00.00022', '<0.0001\xa0—\xa00.0006', '0.00007', '0.00017\xa0—\xa00.0059', '<0.0001', '0.00003', 'trace\xa0—\xa00.00003', '0.00009\xa0—\xa00.0003', '0.0002\xa0—\xa00.00027', '0.00003', '0.00003', '0.0001', '0.00003', '0.00007', '0.00014', '0.0012\xa0—\xa00.0028', '0.00002', '0.00002', '0.00014', '0.0001', '0.00003\xa0—\xa00.0001', '0.00002', '<0.0001', '0.0002', '0.00034\xa0—\xa00.00085', '0.00015', '<0.0001\xa0—\xa00.00034', '0.00009']"
WASABI_(Wasabi_japonica)_(Japanese_horseradish)_21200.html,"[-1, -1, -1, -1, -1, -1, '7.6', '1880\xa0—\xa09585', -1, '3.9', '13', '25', '31', '8', '0.6', '0.5\xa0—\xa013', '<0.5', '1.5', '4.8', '0.9', -1, -1, -1, -1]"
TOMATO_PASTE_2920.html,"[-1, -1, -1, -1, -1, -1, -1, -1, -1, -1, -1, -1, -1, -1, -1, -1, '0.002\xa0—\xa00.02', '0.005\xa0—\xa00.147', '0\xa0—\xa00.05', '0\xa0—\xa00.005', -1, -1, '0\xa0—\xa00.015', -1, '0\xa0—\xa00.015', -1, -1, -1, '0.015', '0.016\xa0—\xa00.082', '0.037', '0.5\xa0—\xa02', '0.009\xa0—\xa00.054', '0.015', -1, '0.01\xa0—\xa00.074', '<0.001', -1, '0.004\xa0—\xa00.014', '0\xa0—\xa00.005', '0\xa0—\xa00.006', '0.008', '0\xa0—\xa00.004', -1, -1, -1, -1, -1, '0.003\xa0—\xa00.02', '<0.0005\xa0—\xa00.024', '0.008\xa0—\xa00.022', -1, -1, -1, -1, '0.005\xa0—\xa00.04', -1, '0.002\xa0—\xa00.006', '0.1\xa0—\xa00.3', '0\xa0—\xa00.008', '0.07', '0.05\xa0—\xa01.03', '0.002\xa0—\xa00.014', -1, -1, -1, '0.006\xa0—\xa00.03', '0\xa0—\xa00.006', -1, -1, -1, -1, -1, -1, '0.002\xa0—\xa00.025', -1, '0\xa0—\xa00.03', -1, -1, -1, '0.041', '0.8\xa0—\xa08', '0.013\xa0—\xa00.08', '0.009', -1, '0\xa0—\xa00.008', -1, '0.8\xa0—\xa010', -1, -1, -1, '0.001\xa0—\xa00.004', -1, -1, -1, '0.031', '0.003\xa0—\xa00.023', '0.002\xa0—\xa00.02', -1, '0.014\xa0—\xa00.13', -1, '0.002\xa0—\xa00.012', '0.044\xa0—\xa00.099', -1, -1, '0.02\xa0—\xa00.4', -1, -1, '0.003\xa0—\xa00.013', -1, '0.027\xa0—\xa00.21', -1, -1, '3.3', '1', '0.018\xa0—\xa00.08', -1, -1]"
CUCUMBER_(Cucumis_sativus_L.)_2100.html,"[-1, -1, -1, -1, -1, -1, -1, -1, -1, '0.2\xa0—\xa02', '0.2\xa0—\xa02', '0.3\xa0—\xa03', -1, '0.3\xa0—\xa03', -1, -1, '0.2\xa0—\xa04', -1, -1, -1, -1, '0.6\xa0—\xa06', -1, -1, -1, -1, -1, -1, -1, -1, -1, -1, -1, -1, -1, -1, -1, -1, -1, -1, -1, -1, -1, -1, -1, -1, -1, '0.07\xa0—\xa00.12', -1]"
"WAX_GOURD,_WINTER_MELON_(Benincasa_hispada_Cogn)_20700.html","['0.02', '0.03', '0.02', '0.31', '0.49', '0.02', '0.04', '0.03', '0.04', '0.14', '0.0004', '0.23', '0.05', 'trace']"
CABBAGE_(raw)_1810.html,"['0\xa0—\xa00.02', '0\xa0—\xa00.002', '0.003\xa0—\xa00.004', 'trace', '0.6\xa0—\xa01', '0\xa0—\xa00.02', 'trace', '0.01\xa0—\xa00.04', '0.02\xa0—\xa00.03', 'trace', 'trace', '0.003\xa0—\xa00.05', 'trace', '0\xa0—\xa00.03', '0\xa0—\xa00.04', '0\xa0—\xa00.1', '0\xa0—\xa00.05', '0.05\xa0—\xa00.4', '0\xa0—\xa00.005', '0.01\xa0—\xa00.2', 'trace\xa0—\xa00.2', '0.03\xa0—\xa00.4', '0.01\xa0—\xa00.3', 'trace\xa0—\xa00.01', '<1', '<1', '0\xa0—\xa00.04', '0.02\xa0—\xa00.07', '0.003\xa0—\xa00.03', '0.01\xa0—\xa00.1', '0.01\xa0—\xa00.1', '0\xa0—\xa00.005', 'trace', '0.003\xa0—\xa00.03', '0.04\xa0—\xa00.2', '0.02\xa0—\xa00.1', '12', '0.1\xa0—\xa00.9', '0.1\xa0—\xa01', '0.1\xa0—\xa01', 'trace\xa0—\xa00.2', '0.02\xa0—\xa00.04', '0\xa0—\xa00.02', 'trace', '0\xa0—\xa00.1', 'trace\xa0—\xa00.02', -1, -1, -1, -1, -1, -1, -1, -1, -1, -1, -1, -1, -1, -1, -1, -1, '0.1\xa0—\xa00.24', 'trace', '0\xa0—\xa00.03', -1, '0\xa0—\xa00.04', 'trace', -1, -1, 'trace', '0.04\xa0—\xa092', -1, '0\xa0—\xa00.04', '0\xa0—\xa00.04', -1, '0.01\xa0—\xa00.02', 'trace', 'trace\xa0—\xa00.05', '0\xa0—\xa00.2', '0\xa0—\xa00.15', '0\xa0—\xa00.03', 'trace\xa0—\xa00.03', '0\xa0—\xa00.02', '0\xa0—\xa0122', -1, '0.05\xa0—\xa00.9', '0.1\xa0—\xa00.3', -1, -1, '0.01\xa0—\xa00.05', 'trace\xa0—\xa00.02', -1, 'trace\xa0—\xa00.2', '0.03\xa0—\xa00.2', '0\xa0—\xa00.06', '0\xa0—\xa00.01']"
CAPSICUM_CHINENSE_2630.html,"[-1, -1, -1, -1, -1, 'trace', -1, -1, 'trace', -1, -1, -1, -1, -1, -1, -1, 'trace', -1, -1, -1, -1, -1, 'trace', -1, -1, -1, 'trace', 'trace', 'trace', -1, -1, -1, -1, -1, -1, 'trace', -1, 'trace', -1, 'trace', 'trace', 'trace', -1, 'trace', 'trace', 'trace', 'trace', 'trace', -1, 'trace', 'trace', -1, -1, -1, -1, -1, -1, -1, -1, -1, -1, 'trace', 'trace', -1, -1, -1, -1, -1, -1, -1, -1, -1, -1, -1, -1, -1, -1, -1, -1, -1, -1, -1, 'trace', 'trace', -1, -1, -1, -1, -1, -1, -1, -1, -1, -1, -1, -1, -1, -1, -1, -1, 'trace', -1, 'trace', 'trace', -1]"
CHILI_PEPPER_PERICARP_(C._annuum)_2623.html,"['39.9', '31.22', '10.64', '4633.86', '7858.48', '1808.66', '2017.4']"
CHILI_PEPPER_PLACENTA_(C._chinense)_2622.html,"['52.5', '38.92', '18.2', '4912.46', '6021.12', '1612.8', '682.78']"
CELERY_LEAVES_and_or_STALKS_2010.html,"[-1, -1, -1, -1, -1, -1, -1, -1, -1, -1, -1, -1, -1, -1, -1, -1, -1, -1, -1, -1, -1, -1, -1, -1, -1, -1, -1, -1, -1, -1, -1, -1, -1, -1, -1, -1, -1, -1, -1, -1, -1, -1, -1, -1, -1, -1, -1, -1, -1, -1, -1, -1, -1, -1, -1, -1, -1, -1, -1, -1, -1, -1, -1, -1, -1, -1, -1, -1, -1, -1, -1, -1, -1, -1, -1, -1, -1, -1, -1, -1, -1, -1, -1, -1, -1, -1, -1, -1, -1, -1, -1, -1, -1, -1, -1, -1, -1, -1, -1, -1, -1, -1, -1, -1, -1, -1, -1, -1, -1, -1, -1, -1, -1, -1, -1, -1, -1, -1, -1, -1, -1, -1, -1, -1, -1, -1, -1, -1, -1, -1, -1, -1, -1, -1, -1, -1, -1, -1, -1, -1, -1, -1, -1, -1, -1, -1, -1, -1, -1, -1, -1, -1, -1, -1, -1, -1, -1, -1, -1, -1, -1, -1, -1, -1]"
PUMPKIN_(Cucurbita_pepo_L.)_15200.html,"[-1, -1, -1, -1, -1, -1, -1, -1, -1, -1, -1, -1, -1, -1, -1, -1, -1, -1, -1, -1, -1, -1, -1, -1, -1, -1, -1, -1, -1, -1, -1]"
PARSLEY_SEED_OIL_4220.html,"['90', '247', '980', '92', '4324', '3548', '33', '45', '181', '50', '80', '21', '26', '31', '66', '10', '44', '47', '37', '8.7', '743', '5241', '68', '967']"
CAULIFLOWER_(raw)_10610.html,"[-1, -1, -1, -1, -1, -1, -1, -1, -1, -1, -1, -1, -1, -1, -1, -1, -1, -1, -1, -1, -1, -1, -1, -1, -1, '6376', '65', '3.3', '14', '22', '1.4', '1.8', '1.6', -1, -1, -1, -1, -1, -1, -1]"
RHUBARB_12900.html,"[-1, -1, -1, -1, -1, -1, -1, -1, -1, -1, -1, -1, -1, -1, -1, -1, -1, -1, -1, -1, -1, -1, -1, '6340', '3.9', '5', '2.9', '3.2', '2.6', -1, -1, -1, -1, -1, -1, -1, -1, -1, -1, -1, -1, -1]"
CHAYOTE_(Sechium_edule_L.)_21000.html,"[-1, -1, -1, -1, -1, -1, -1, -1, -1, -1, -1, -1, -1, -1, -1, -1, -1, -1, -1, -1, -1, -1, -1, -1, -1, -1, -1, -1, -1, -1, -1, -1, -1, -1, -1, -1, -1, -1, -1, -1, -1, -1, -1, -1, -1, -1, -1, -1, -1, -1, -1, -1, -1]"
CASSAVA_(Manihot_esculenta_Crantz)_17100.html,"[-1, -1, -1, -1, -1, -1, -1, -1, -1, -1, -1, -1, -1, -1, -1, -1, -1, -1, -1, -1, -1, -1, -1, -1, -1, -1, -1, -1, -1, -1, -1, -1, -1, -1, -1, -1, -1, -1, -1, -1, -1, -1, -1, -1]"
PALM_OIL_(elaeis_guineensis)_32310.html,"[-1, -1, -1, -1, -1, -1, -1, -1, -1]"
SOUTHERNPEA_(Vinga_unguiculata_L.)_16900.html,"[-1, -1, -1, -1, -1, -1, -1, -1, -1, -1, -1, -1, -1, -1, -1, -1, -1, -1, -1, -1, -1, -1, -1, -1, -1, -1, -1, -1, -1, -1, -1, -1, -1, -1, -1, -1, -1, -1, -1, -1]"
CAULIFLOWER_(cooked)_10620.html,"['<0.01', -1, -1, '0.02', '0.08', '0.04', '0.04', -1, -1, -1, -1, '<0.01', -1, '<0.01', '0.03', '<0.01', '0.2', -1, '<0.01', '<0.01', '<0.01', -1, -1, -1, -1, -1, '<0.01', '0.02', '0.02', -1, '<0.01', '0.02', '<0.01', '0.1', '0.04', '0.06', '<0.01', '0.001', '0.3', '0.04', -1, '<0.01', '0.04', '0.02', '0.02', '<0.01', -1, -1]"
BROCCOLI_(raw)_10640.html,"[-1, -1, -1, -1, -1, -1, -1, -1, -1, -1, -1, -1, -1, -1, -1, -1, -1, -1, -1, -1, -1, -1, -1, -1, -1, -1, -1, -1, -1, -1, -1, -1, -1, -1, -1, -1]"
"RUTABAGA,_SWEDE_(Brass._napus_var._napobrass._L.)_2700.html","[-1, -1, -1, -1, -1, -1, -1, -1, -1, -1, -1, -1, -1, -1, -1, -1, -1, -1, -1, -1, -1, -1, -1, -1, -1, -1, -1, -1, -1, -1, -1, -1, -1, -1, -1, -1, -1, -1, -1, -1, -1, -1, -1, -1, -1, '31', -1, -1, -1, -1, -1, -1]"
LENTILS_25800.html,"['0.02', '0.0006\xa0—\xa00.0015', '0.05\xa0—\xa00.077', '0.005', '0.005', '0.003', '0.008\xa0—\xa00.01', '0.017\xa0—\xa00.019', '4.4', '2.4', '0.1', '0.3', '0.1', '0.1', '0.03', '0.1', '0.04', '1.5', '0.03', '0.08', '0.06', '0.004', '0.2', '0.05', '0.03', '0.01', '0.011\xa0—\xa00.054', '0.0023\xa0—\xa00.0024', '0.007\xa0—\xa00.057', '0.01\xa0—\xa00.053', '0.003\xa0—\xa00.005', '0.06\xa0—\xa00.174']"
PARSLEY_ROOT_4230.html,"['30', '10', '0.7\xa0—\xa01', '5\xa0—\xa050.2', '1.1\xa0—\xa04.2', '0.18\xa0—\xa00.8', '22\xa0—\xa054.3', '7.3\xa0—\xa015', 'trace\xa0—\xa04', '3.6\xa0—\xa012.2']"
ENDIVE_(Cichorium_endivia_L.)_18700.html,"[-1, -1, -1, -1, -1, -1, -1, -1, -1, -1, -1, -1, -1, -1, -1, -1, -1, -1, -1, -1, -1, -1, -1, -1, -1, -1, -1, -1, -1, -1, -1, '0.05\xa0—\xa00.25', -1, '0.05\xa0—\xa00.25', -1, -1, -1, -1, '0.05\xa0—\xa00.25', '0.05\xa0—\xa00.25', '0.25\xa0—\xa01', '0.25\xa0—\xa01', '0.25\xa0—\xa01', '0.25\xa0—\xa01', -1, -1, -1, -1, -1, -1, -1, -1, -1, -1, -1, -1, -1, -1, -1, '1', '1', -1, '0.05\xa0—\xa00.25', -1, -1, -1, -1, -1, -1, -1, -1, '0.05\xa0—\xa00.25', -1, -1, '0.05\xa0—\xa00.25', -1, -1, -1, -1, -1, -1, -1, -1, -1, -1, -1, -1, -1, -1, -1, -1, -1, -1, -1, -1, '0.05\xa0—\xa00.25', -1, -1, -1, -1, -1, -1, -1, -1, -1, -1, -1, -1, -1, -1, -1, -1, -1, -1, -1, -1, -1, -1, -1]"
LETTUCE_(Lactuca_sativa_L.)_2200.html,"['<1', '1\xa0—\xa010', '<1', '<1', '<1\xa0—\xa02', '6', '10260', '37.5', '3.3', -1, '3', '7.2', -1, '0.6', '11.5', '10', '0.4', -1, -1, -1]"
ASPARAGUS_(cooked)_1720.html,"['0.2', '0.08', '2.3', '0.02', '0.1', '0.08', '8.4', '0.2', '0.02', '0.02', '0.3', '0.3', '0.07', 'trace', '0.3', '0.3', '0.06', 'trace', '0.02', '0.05', 'trace', 'trace', '0.2', '0.4', '0.4', 'trace', '0.1', 'trace', '0.03', 'trace', '0.01', 'trace', 'trace', '0.01', 'trace', '0.04', '1.2', 'trace', '0.01', '6.4', 'trace', '0.08', '0.01', '0.09', '0.01', 'trace', '0.01', '0.07', 'trace', '0.05', '0.01', '0.01', 'trace', 'trace', '0.08', '0.01', '0.2', '0.8', 'trace', '0.1', '0.01', '0.01', '0.06', 'trace', '0.09', 'trace', '0.01', '0.01', 'trace', 'trace', '0.3', 'trace', 'trace', '0.03', '0.2', 'trace', 'trace', 'trace', 'trace', 'trace', 'trace', 'trace', '0.01', '3.3', '0.01', 'trace', '0.01', '0.03', '0.01', '0.07', 'trace', '0.02', '7', '0.05', '0.07', '0.02', 'trace', 'trace', '0.02', '0.01', '0.04', '0.01', '0.02', '0.02', '0.3', '0.05', '0.8', '0.01', 'trace', '0.16', '0.01', 'trace', '0.07', 'trace', '0.3', '0.01']"
"GREEN_PAPRIKA,_BELL_SWEET_PEPPER_(capsicum_annuum)_2611.html","['620', '1440', -1, -1]"
KOHLRABI_1830.html,"['0.76', '0.04', 'trace', 'trace', 'trace', 'trace', 'trace', 'trace', '0.08', '1.14', 'trace', '0.02', '0.04', '<1\xa0—\xa05', '0.08\xa0—\xa05', '0.19\xa0—\xa030', '0.02', '0.1', '0.57', '0.08', '0.08', '0.76', '0.02', '0.04\xa0—\xa080', '2\xa0—\xa015', '0.04', '0.02', '0.02', '0.02', '0.06', '0.02', 'trace', '1.52', '0.1', '1.33', '0.19', '1.52', '0.02', 'trace', '0.57', 'trace', '0.04', '0.38', '0.57', '0.04', '0.06', '0.19', '0.02', '0.38', '0.08', '0.19', '11.2', '0.02', '47.5', '0.17', '0.1', '27.6', '61.4', '0.57', '3.61', '6.08', -1, '0.38', -1, '0.02', '0.02', '0.11', 'trace', '0.02', '0.04', '0.06', '0.04', '0.19', '7.98', '0.57', '0.17', '0.08', '0.06', '0.38', '0.02', -1, -1, '0.02']"
PALM_OIL_(elaeis_oleifera)_32320.html,"[-1, -1, -1, -1, -1, -1, -1, -1, -1]"
PARSNIP_ROOT_(cooked)_11320.html,"[-1, -1, -1, -1, -1, -1, -1, -1, -1, -1, -1, -1]"
CHILI_PEPPER_PLACENTA_(C._annuum)_2624.html,"['71.12', '43.54', '41.02', '5542.88', '8280.02', '1694.84', '706.58']"
CHILI_PEPPER_(capsicum_frutescens)_2620.html,"[-1, -1, -1, -1, -1, -1, -1, -1, -1, 'trace', 'trace', -1, -1, -1, -1, 'trace', 'trace', -1, -1, -1, -1, 'trace', -1, -1, -1, -1, 'trace', 'trace', -1, -1, -1, -1, -1, -1, -1, 'trace', -1, -1, -1, -1, 'trace', 'trace', -1, -1, -1, -1, -1, -1, -1, -1, -1, 'trace', -1, 'trace', -1, 'trace', -1, 'trace', -1, -1, -1, -1, 'trace', 'trace', 'trace', 'trace', -1, -1, -1, -1, -1, -1, 'trace', -1, -1, -1, -1, -1, -1, -1, -1, -1, -1, -1, -1, -1, -1, -1, -1, -1, -1, -1, -1, -1, -1, -1, -1, -1, -1, -1, -1, -1, -1, -1, -1, -1, -1, -1, -1, -1, -1, 'trace', -1, -1, -1, -1, -1, -1, -1, -1, -1, -1, -1, -1, -1, -1, -1, -1, -1, -1, -1, -1, -1, -1, -1, -1, -1, -1, -1, -1, -1, -1, -1, -1, -1, -1, -1, -1, -1, -1, -1, -1, -1, -1, -1, -1, -1, -1, -1, -1, -1, -1, -1, -1, -1, -1, -1, 'trace', -1, -1, -1, -1, 'trace', -1, -1, 'trace', 'trace', -1, -1, -1]"
PEAS_(Pisum_sativum_L.)_2400.html,"[-1, '0.01', -1, -1, -1, '0.003', '0.009', '0.004', '0.001', '0.002', -1, -1, -1, -1, -1, -1, '0.005', -1, -1, '0.005', -1, '1', '1.4', '0.4', '0.14', '0.04', '0.04', '0.02', -1, -1, -1, '0.0005\xa0—\xa00.01', -1, '0.005', -1, -1, -1, '0.01\xa0—\xa00.12', -1, '0.14', -1, -1, -1, -1, -1, -1, -1, -1, -1, -1, -1, -1, -1, -1, -1, '0.56\xa0—\xa0400', '0\xa0—\xa00.17', '0.02', '0.06\xa0—\xa00.13', -1, -1, '0.03', '0\xa0—\xa00.44', -1, -1, -1, '0.03', -1, -1, -1, -1, -1, -1, -1, -1, -1, -1, -1, -1, -1, -1, -1, -1, -1, -1, -1, -1, -1, -1, '0.002', -1, -1, '0.12\xa0—\xa00.35', '0.03', -1, '0.61', '0.02', -1, -1, -1, -1, -1, -1, -1, -1, -1, -1, -1, -1, -1, '0.02', -1, -1, -1, '0.33\xa0—\xa00.46', '0.024\xa0—\xa00.029', '0.06\xa0—\xa00.067', -1, -1, -1, -1, -1, -1, -1, -1, -1, -1, -1, -1, -1, -1, -1, -1, -1, -1, -1, -1, -1, -1, -1, -1, -1, -1, '0.00001', -1, -1, -1, '0.002', '0.001', -1, -1, -1, -1, -1, -1, -1, -1, -1, '0.02', '0.01', '0.002', '0.05', -1, -1]"
BEANS_(raw)_9210.html,"[-1, -1, -1, -1, -1, -1, '0.01', -1, -1, -1, -1, -1, -1, -1, -1, -1, -1, -1, -1, -1, -1, -1, -1, -1, -1, -1, -1, -1, -1, -1, -1, '0.001', '0.007', '0.001', '0.001', '0.003', -1, -1, -1, -1, -1, -1, '0.003', -1, -1, '0.004', -1, '1.3', '0.1', '0.005', '0.1', '0.02', '0.001', '0.02', -1, -1, -1, '0.002', -1, -1, -1, -1, '0.004', -1, -1, -1, -1, -1, -1, -1, -1, -1, -1, -1, -1, -1, -1, -1, '0.6', '0.03', '0.02', -1, '0.03', -1, -1, -1, -1, -1, -1, -1, -1, -1, -1, -1, -1, -1, '0.01', -1, -1, '0.01', '0.26', '0.04', -1, -1, '0.03', -1, -1, -1, -1, -1, -1, -1, '0.02', -1, -1, -1, -1, -1, -1, -1, -1, -1, -1, -1, -1, -1, -1, -1, -1, -1, -1, -1, -1, -1, -1, -1, -1, -1, -1, -1, -1, -1, -1, -1, -1, -1, -1, -1, -1, -1, -1, -1, -1, -1, -1, -1, -1, -1, -1, '0.02', '0.0007', -1, '0.004', '0.003', '0.01', '0.03', -1, -1, -1, -1, -1, -1, -1, -1, -1]"
SHIBAZUKE_(fermented_sour_vegetables)_34700.html,"[-1, -1, -1, -1, -1, -1, -1, -1, -1, -1, -1, -1, -1, -1, -1, -1, -1, -1, -1, -1, -1, -1, -1, -1, -1, -1, -1, -1, -1, -1, -1]"
SPINACH_(Spinacia_oleracea_L.)_(cooked)_30002.html,"[-1, -1, -1, -1, -1, -1, -1, -1, -1, -1, -1, -1, -1, -1, -1, -1, -1, -1, -1, -1, -1, -1, -1, -1, -1, -1, -1, -1, -1, -1, -1, -1, -1, -1, -1, -1, -1, -1, -1, -1, -1, -1, -1, -1, -1, -1, -1, -1, -1, -1, -1, -1, -1, -1, -1, -1, -1, -1, -1, -1, -1, -1, -1, -1, -1, -1, -1, -1, -1, -1, -1]"
CHICORY_ROOT_(roasted)_18520.html,"[-1, -1, -1, -1, '1380\xa0—\xa02620', '3050\xa0—\xa04610', '420\xa0—\xa01530', '1110\xa0—\xa01710', -1, -1, -1, -1, -1, '6210\xa0—\xa08440', -1, -1, -1, -1, -1, -1, -1, -1, -1, -1, -1, -1, -1, -1, -1, -1, -1, -1, -1, -1, -1, -1, -1]"
BROCCOLI_(cooked)_10630.html,"['<0.01', '0.04', '0.02', -1, '<0.01', '<0.01', '0.06', -1, '0.16', '<0.01', '0.004', '0.05', -1, '<0.01', -1, '<0.01', '0.04', '0.01', '0.4', '0.06', '0.3', '<0.01', '0.3', '0.014', '<0.01']"
HORSERADISH_(Armoracia_lapathifolia)_9400.html,"[-1, -1, '35', -1, -1, -1, -1, -1, '<0.5', '1500\xa0—\xa09000', -1, '0.6', '27', '5.5', '1.7', '1.6', '133\xa0—\xa01500', -1, '1.5', -1, '<0.5', '<0.5', '<0.5', '83', '3.7']"
BABY_SPINACH_(Spinacia_oleracea_L.)_(raw)_30003.html,"[-1, -1, -1, -1, -1, -1, -1, -1, -1, -1, -1, -1, -1, -1, -1, -1, -1, -1, -1, -1, -1, -1, -1, -1, -1, -1, -1, -1, -1, -1, -1, -1, -1, -1, -1, -1, -1, -1, -1, -1, -1, -1, -1, -1, -1, -1, -1, -1, -1, -1, -1, -1, -1, -1, -1]"
WATER_SPINACH_LEAF_(ipomoea_aquatica_Forsk.)_32020.html,"[-1, -1, -1, -1, -1, -1, -1, -1, -1, -1, -1, -1, -1, -1, -1, -1, -1, -1, -1, -1, -1, -1, -1, -1, -1, -1, -1, -1, -1, -1, -1, -1, -1, -1, -1, -1, -1, -1, -1, -1, -1, -1, -1, -1, -1, -1, -1, -1, -1, -1]"
CABBAGE_(cooked)_1820.html,"['0.6', '0.2', '0.005', '0.02', '0.02', '0.02', '0.01\xa0—\xa00.2', '0.05', '0.2', '0.02', '0.05', '0.05', '0.05', '0.02', -1, '<0.01', '0.07', '<0.01', '0.06', '<0.01', '0.02', '0.01', '0.02', '0.7', '0.05', -1, -1, '0.005', '3800\xa0—\xa011060', '3.4\xa0—\xa022.7', '0\xa0—\xa01.3', '0\xa0—\xa00.9', '0.6\xa0—\xa01.4', '2\xa0—\xa02.8', '1\xa0—\xa04', '0\xa0—\xa00.3', '2.8\xa0—\xa03.3', '2.1\xa0—\xa08.6', '0.5\xa0—\xa03.7', '0.02', '1.3', '<0.01', '0.05', '0.01', '0.01', '0.02', '0.2\xa0—\xa00.3', '0.05', '0.6', '0.4', '0.14', '0.06', '0.15', '0.01', '0.2', '<0.01']"
SOY_PROTEIN_(hydrolyzed)_8250.html,"[-1, -1, -1, -1, -1, -1, -1, -1, -1, -1, -1, -1, -1, -1, -1, -1, -1, -1, -1, -1, -1, -1, -1, -1, -1, -1, -1, -1, -1, -1, -1, -1, -1, -1, -1, -1, -1, -1, -1, -1, -1, -1, -1, -1, -1, -1, -1, -1, -1, -1, -1, -1, -1, -1, -1, -1, -1, -1, -1, -1, -1, -1, -1, -1, -1, -1, -1, -1, -1]"
BEETROOT_(cooked)_11120.html,"[-1, -1, -1, -1, -1, -1, -1, -1, -1, -1, -1, -1, -1, -1, -1, '0.12', 'trace', -1]"
TOMATO_FRESH_2910.html,"[-1, -1, -1, -1, -1, -1, -1, -1, -1, -1, -1, -1, -1, -1, -1, -1, -1, '<0.005', -1, '<0.005', '6.5', '<0.005', '<0.005\xa0—\xa00.016', -1, -1, '0.033', '<0.005', '0.054', '0.00024\xa0—\xa00.005', '0.01', -1, -1, -1, -1, -1, -1, -1, -1, -1, -1, -1, -1, -1, -1, -1, -1, -1, '2.7\xa0—\xa0430', '8\xa0—\xa065', '1.2\xa0—\xa02.4', '0.9', -1, -1, -1, '0.4', -1, -1, '0.1\xa0—\xa00.8', '0.07\xa0—\xa00.69', -1, -1, -1, '0.014\xa0—\xa00.2', -1, -1, '0.04', -1, '0.03\xa0—\xa00.2', -1, -1, -1, -1, '0.0006\xa0—\xa03', -1, '0.01\xa0—\xa00.8', -1, '0.01\xa0—\xa03', '0.0012\xa0—\xa03.056', -1, -1, -1, '2.5', '0.0023\xa0—\xa00.0048', '<0.0001\xa0—\xa00.0069', -1, -1, '0.00034\xa0—\xa00.06', '0.0044\xa0—\xa00.011', -1, -1, '0.049', '0.00086\xa0—\xa00.044', '0.00011\xa0—\xa00.055', -1, '0.016\xa0—\xa00.538', '0.012\xa0—\xa01.9', -1, '0.007', '0.017', -1, -1, '0.2\xa0—\xa09', -1, '1', -1, -1, -1, -1, -1, -1, '0.01\xa0—\xa02', '0.005\xa0—\xa00.075', -1, '0.005\xa0—\xa00.6', -1, '0.06\xa0—\xa00.3', -1, '0.1', '0.266\xa0—\xa00.49', -1, '0.01\xa0—\xa023', -1, '0.007\xa0—\xa013', -1, '0.1\xa0—\xa016', -1, '0.186\xa0—\xa00.282', '0.166', '0.01', -1, -1, '0.01\xa0—\xa00.08', -1, '0.005\xa0—\xa00.05', -1, '0.079', -1, '0.0012\xa0—\xa00.0054', '0.05', '0.013\xa0—\xa00.015', '0.00041\xa0—\xa00.047', -1, -1, -1, '0.00028\xa0—\xa00.00043', -1, '0.00013\xa0—\xa00.00099', '0.01', -1, '0.007\xa0—\xa00.1', -1, -1, '0\xa0—\xa00.244', '0\xa0—\xa06', '0.04\xa0—\xa00.2', '0.01\xa0—\xa01.2', -1, -1, -1, -1, -1, -1, -1, '0.0018\xa0—\xa00.008', '0.0009\xa0—\xa00.1', -1, -1, -1, '0\xa0—\xa00.005', '0.6\xa0—\xa016', '3\xa0—\xa06', -1, '0.5', 'trace', -1, -1, '0.019\xa0—\xa00.8', -1, -1, -1, -1, -1, -1, '0.057', -1, '0\xa0—\xa01.4', -1, -1, -1, '0.00074\xa0—\xa00.0016', '0.00048\xa0—\xa00.005', -1, -1, -1, -1, '0.01\xa0—\xa00.9', '0.00019\xa0—\xa03.1', '0.0009\xa0—\xa00.5', '0.01\xa0—\xa01.8', -1, -1, -1, -1, -1, -1, -1, -1, '0.001\xa0—\xa00.003', '0\xa0—\xa00.06', '0.000018\xa0—\xa00.4', '0.01\xa0—\xa00.02', '0.001', -1, '0.00009\xa0—\xa00.008', -1, -1, -1, -1, '0.005\xa0—\xa00.017', '0.007\xa0—\xa00.2', -1, -1, '0.039', -1, -1, -1, -1, -1, -1, '210', -1, -1, -1, -1, -1, -1, -1, -1, '800\xa0—\xa02000', '3500\xa0—\xa08000', -1, -1, '40', -1, -1, -1, -1, -1, -1, -1, '3\xa0—\xa06', '0.6', -1, -1, -1, -1, -1, '0.074', -1, '0.015', -1, -1, -1, '2.3', -1, -1, '1.6\xa0—\xa02.3', -1, -1, -1, '0.2', '9', '13', -1, -1, -1, -1, -1, -1, -1, -1, -1, -1, -1, -1, -1, -1, -1, -1, -1, -1, -1, -1, -1, -1, '0.0034\xa0—\xa027.6', -1, -1, -1, -1, -1, -1, -1, -1, -1, -1, -1, '<0.01', '<0.01', '<0.01', -1, '0.04', -1, '0.14', '<0.01', '<0.01', '<0.01', '<0.01', -1, -1, -1, -1, -1, -1, '0.2\xa0—\xa08', -1, -1, -1, -1, -1, -1, -1, -1, '0.05', -1, '0.00014\xa0—\xa00.11', 'trace', '0.01', -1, -1, -1, -1, -1, -1, '0.00043\xa0—\xa00.7', -1, -1, -1, -1, -1, -1, -1, -1, -1, -1, '0.005\xa0—\xa00.2', -1, -1, '0.003\xa0—\xa00.01', -1, '<0.005', '0.006\xa0—\xa00.3', -1, '0.017\xa0—\xa00.19', -1, -1, -1, -1, -1, -1, -1, -1, -1, '0.008\xa0—\xa02.028', -1, -1, '0.002\xa0—\xa00.38', -1, -1, -1, -1, -1, -1, -1, -1, -1, '0.00056\xa0—\xa00.00075', -1, -1, -1, -1, -1, -1, -1, -1, -1, '0.074', '1.2', '0.7', -1, -1, -1, -1, -1, -1, -1, '0.004', '0.03', '<0.005', -1, -1, -1, -1, -1, -1, -1, -1, -1, -1, -1]"
UDO_(Aralia_cordata_Thunb.)_21100.html,"[-1, -1, -1, -1, -1, -1, -1, -1, -1]"
CHILI_PEPPER_PLACENTA_(C._chinense×C._frutescens)_2628.html,"['40.04', '34.16', '22.4', '4922.12', '7148.26', '2009.98', '875.98']"
POTATO_(cooked_or_boiled)_2540.html,"[-1, -1, -1, -1, -1, -1, -1, -1, -1, -1, -1, -1, -1, -1, -1, -1, '0.002', '0.0039', '0.004', -1, -1, '0.0003', '0.0007', '0.0036', -1, -1, -1, -1, -1, -1, -1, -1, -1, -1, -1, -1, -1, '0.0004', '0.06', '0.00045', '0.0041', '0.0025', '0.0002', -1, '0.001', '0.0023', '0.0015', '0.0081', '0.0003', '0.0003', '0.00015', '0.0034', '0.0003', '0.0052', '0.00035', '0.0019', -1, -1, '0.0003', -1, '0.0003', -1, '0.0003', '0.0005', 'trace', -1, -1, '0.0002', -1, '0.0004', -1, -1, -1, 'trace', -1, -1, -1, -1, -1, -1, -1, -1, -1, -1, -1, -1, -1, -1, -1, -1, -1, -1, -1, '0.0031', '0.004', -1, -1]"
BRUSSELS_SPROUTS_(Brassica_oleracea_var_gemmifera)_12200.html,"[-1, -1, -1, -1, -1, -1, -1, -1, -1, -1, -1, -1, -1, -1, -1, -1, -1, -1, -1, -1, -1, -1, -1, -1, -1, -1, -1]"
KALE_1840.html,"['0.005\xa0—\xa00.014', '0.06\xa0—\xa00.17', '0.02\xa0—\xa00.27', '0.06\xa0—\xa00.18', '0.06\xa0—\xa00.1', '0.02\xa0—\xa00.04', '0.01\xa0—\xa00.02', '0.02\xa0—\xa00.03', '0.001\xa0—\xa00.003', '0.0002\xa0—\xa00.0006', '0.01\xa0—\xa00.015', '0.0007\xa0—\xa00.002', '0.0006\xa0—\xa00.0009', -1, -1, -1, -1, -1, -1, -1, -1, -1, -1, -1, -1, -1, -1, -1, -1, -1, -1, -1, -1, -1, -1, -1, -1, -1, -1, -1, -1, -1, -1, -1, '15260', '16.6', '7', '0.4', '0.5', '5.5', '0.7', '1.1', '3.8', '3', '2', -1, -1, -1, -1, -1, -1, -1, -1, -1, -1, -1, -1, -1, -1, -1, -1, -1, -1, -1, -1, -1, -1, -1, -1, -1, -1, -1, -1, -1, -1, -1, -1, -1, -1, -1, -1, -1, -1, -1, -1, -1]"
WATERCRESS_(Nasturtium_officinale_R.Br.)_15600.html,"[-1, -1, -1, -1, -1, -1, -1, -1, -1, -1, -1, -1, -1, -1, -1, -1, -1, -1, -1, -1, -1, -1, -1, -1, -1, -1, -1, -1, -1, -1, -1, -1, -1, -1, -1, -1, -1, -1, -1, -1, -1, -1, -1, -1, -1, -1, -1, -1]"
"RED_PAPRIKA,_BELL_SWEET_PEPPER_(capsicum_annuum)_2612.html","['16980', '9200', -1, -1]"
CHILI_PEPPER_PLACENTA_(C._baccatum)_2626.html,"['18.34', '62.02', '9.1', '1523.2', '8213.38', '349.02', '406.84']"
CHILI_PEPPER_PERICARP_(C._baccatum)_2625.html,"['48.86', '63', '6.44', '818.86', '6722.94', '1122.24', '765.66']"
POTATO_(raw)_2510.html,"[-1, -1, -1, -1, -1, -1, -1, -1, -1, -1, -1, '0.08\xa0—\xa00.13', -1, '0.003\xa0—\xa00.012', -1, -1, -1, -1, -1, -1, -1, -1, -1, -1, -1, -1, -1, -1, -1, -1, -1, -1, '0.01\xa0—\xa00.02', '0.02\xa0—\xa00.04', -1, -1, -1, -1, -1, -1, -1, -1, '0.002\xa0—\xa00.006', '0.01\xa0—\xa00.025', -1, -1, -1, -1, 'trace\xa0—\xa00.3', -1, -1, -1, -1, '0.0001', -1, -1]"
WATER_YAM_(Dioscorea_alata)_20600.html,"[-1, -1, -1, -1, -1, -1, -1, -1, -1, -1, -1, -1, -1, -1, -1, -1, -1, -1, -1, -1, -1, -1, -1, -1, -1, -1, -1, -1, -1, -1, -1]"
CARROT_(Daucus_carota_L.)_1900.html,"['0.1 \xa0—\xa04.7', '0.12 \xa0\xa00.12', 'trace\xa0—\xa00.02', -1, '0.28 \xa0—\xa01.2', 'trace\xa0—\xa02.16', '0.8 \xa0—\xa015.2', '0.06 \xa0—\xa01.6', -1, '0.1 \xa0—\xa01.2', '0.2 \xa0—\xa05.6', -1, -1, '0.12 \xa0\xa00.12', '0.05 \xa0—\xa01.4', '0.04 \xa0—\xa00.4', '0.03 \xa0—\xa00.14', '0.1 \xa0—\xa05.2', '0.08\xa0\xa00.08', -1, -1, -1, -1, '1.2 \xa0—\xa010', -1, 'trace\xa0—\xa00.78', -1, '0.04 \xa0\xa00.04', 'trace\xa0—', '5.00\xa0—\xa080.00', -1, '0.28 \xa0\xa00.28', -1, '0.28 \xa0—\xa00.5', -1, 'trace\xa0—\xa00.22', -1, '18 \xa0—\xa061', '0.3 \xa0—\xa00.9', '0.45 \xa0—\xa016.9', 'trace\xa0—\xa00.1', -1, '0.03 \xa0—\xa00.1', -1, '0.1 \xa0—\xa00.2', '0.02 \xa0—\xa00.1', '0.04 \xa0—\xa00.2', '0.6 \xa0—\xa02.6', '0.1 \xa0—\xa00.2', '0.2 \xa0—\xa00.3', -1, '0.02 \xa0—\xa00.1', 'trace\xa0—\xa00.4', '0.008 \xa0—\xa00.03', '0.12 \xa0\xa00.12', 'trace\xa0—\xa00.7', '0.004 \xa0\xa00.004', '0.01 \xa0—\xa00.02', '0.008 \xa0—\xa00.5', '0.1 \xa0—\xa00.8', '0.1 \xa0—\xa00.3', '< 0.01 \xa0\xa0< 0.01', -1, '0.1 \xa0—\xa00.2', '0.04 \xa0—\xa00.2', -1, '0.1 \xa0\xa00.1', -1, -1, 'trace\xa0—\xa00.26', -1, -1, '3970 \xa0\xa03970', '3.8 \xa0\xa03.8', '1 \xa0\xa01', '7 \xa0\xa07', '30.9 \xa0\xa030.9', '0.8 \xa0\xa00.8', '7.2 \xa0\xa07.2', '2.8 \xa0\xa02.8', '16.5 \xa0\xa016.5', '2 \xa0\xa02', '2 \xa0\xa02', -1, -1, -1, -1, 'trace', -1, -1, -1, -1, -1, '0.16 \xa0—\xa021.4', -1, '< 0.01 \xa0\xa0< 0.01']"
JERUSALEM_ARTICHOKE_(Helianthus_tuberosus)_11620.html,"['0.00002', '0.00007', '0.00003', '0.00011', '0.00018', '0.00013', 'trace', '0.00262', '0.00014', '0.00001', '0.00002', '0.00005', '0.00003', '0.00004', '0.00003', '0.00001', '0.00002', '0.00008', '0.00002', '0.0001']"
SWEET_POTATO_(Ipomoea_batatas)_(heated)_14101.html,"[-1, -1, -1, -1, -1, -1, -1, -1, -1, -1, -1, -1, -1, -1, -1, -1, -1, -1, -1, -1, -1, -1, -1, -1, -1, -1, -1, -1, -1, -1]"
RADISH_(raw)_12610.html,"[-1, -1, -1, -1, -1, -1, -1, '<1\xa0—\xa010', '1\xa0—\xa05', '20\xa0—\xa080', -1, '5\xa0—\xa030', -1, '30\xa0—\xa0100', -1, -1, -1, -1, '8450', '40', '6.9', '1.1', '4.6', '4.8', '0.2', '5.4', '38', '20', -1, -1, -1, -1, -1, -1, -1, -1, -1, -1, -1, -1, -1, -1, -1, -1, -1, -1, -1, -1, -1, -1, -1, -1, -1, -1, -1, -1, -1, -1, -1, -1]"
BEETROOT_(raw)_11110.html,"['0.0006\xa0—\xa00.0037', '8800', '30', '0.6', '0.1', '0.3', '0.4', -1, -1, -1]"
DEFATTED_SOYBEAN_8220.html,"[-1, -1, -1, -1, -1, -1, -1, -1, -1, '<0.1', '0.1\xa0—\xa03', -1, '3', -1, -1, '<0.1', -1, -1, '<0.1', '0.2\xa0—\xa00.5', '<0.1', -1, '<0.1', -1, -1, -1, -1, -1, -1, -1, -1, '17', '18', '15\xa0—\xa017', '10', '28', '6', '5', '14\xa0—\xa034', '6', '66', '13', '4\xa0—\xa06', '0.1', '26', '8\xa0—\xa013', '0.02', '0.02', '0.1', '0.01', '0.05', '0.05', '0.01', '0.06', '0.08', '0.04', '0.01', '0.04', '0.8', '0.01', '0.05']"
POTATO_(baked)_2520.html,"[-1, -1, -1, -1, -1, -1, -1, -1, -1, -1, -1, -1, -1, -1, -1, -1, -1, -1, -1, -1, -1, -1, -1, -1, -1, -1, -1, -1, -1, -1, -1, -1, -1, -1, -1, -1, -1, -1, -1, -1, -1, -1, -1, -1, -1, -1, -1, -1, -1, -1, -1, -1, -1, -1, -1, -1, -1, -1, -1, -1, -1, -1, -1, -1, -1, -1, -1, -1, -1, -1, -1, -1, -1, -1, -1, -1, -1, -1, -1, -1, -1, -1, -1, -1, -1, -1, -1, -1, -1, -1, -1, -1, -1, -1, -1, -1, -1, -1, -1, -1, -1, -1, -1, -1, -1, -1, -1, -1, -1, -1, -1, -1, -1, -1, -1, -1, -1, -1, -1, -1, -1, -1, -1, -1, -1, -1, -1, -1, -1, -1, -1, -1, -1, -1, -1, -1, -1, -1, -1, -1, -1, -1, -1, -1, -1, -1, -1, -1, -1, -1, -1, -1, -1, -1, -1, -1, -1, -1, -1, -1, -1, -1, -1, -1, -1, -1, -1, -1, -1, -1, -1, -1, -1, -1, -1, -1, -1, -1, -1, -1, -1, -1, -1, -1, -1, -1, -1, -1, -1, -1, -1, -1, -1, -1, -1, -1, -1, -1, -1, -1, -1, -1, -1, -1, -1, -1, -1, -1, -1, -1, -1, -1, -1, -1, -1, -1, -1, -1, -1, -1, -1, -1, -1, -1, -1, -1, -1, -1, -1, -1, -1, -1, -1, -1, -1, -1, -1, -1, -1, -1, -1, -1, -1, -1, -1, -1, -1, -1, -1, -1, -1, -1, -1, -1, -1, -1, -1, -1, -1, -1, -1]"
SOYBEAN_(heated)_8240.html,"[-1, -1, -1, -1, -1, -1, -1, -1, -1, -1, -1, -1, -1, -1, -1, -1, -1, -1, -1, -1, -1, -1, -1, -1, -1, -1, -1, -1, -1, -1, -1, -1, -1, -1, -1, -1, -1, -1, -1, -1, -1, -1, -1, -1, -1, -1, -1, -1, -1, -1, -1, -1, -1, -1, -1, -1, -1, -1, -1, -1, -1, -1, -1, -1, -1, -1, -1, -1, -1, -1, -1, -1, -1, -1, -1, -1, -1, -1, -1, '0.01', '0.03', '0.15', '0.01', '0.5', '0.8', '0.3', '0.3', '0.01', '0.07', '0.02', '0.3', '1.3', -1, '0.01', '0.28', -1, -1, -1, -1, -1, -1, -1, -1, -1, -1, -1, -1, -1, -1, -1, -1]"
TOMATO_JUICE_2930.html,"[-1, -1, -1, -1, '0.023', -1, -1, -1, -1, -1, -1, -1, -1, -1, -1, -1, '160\xa0—\xa0560', '47.7\xa0—\xa068.7', -1, -1, -1, -1, -1, -1, -1, '0.16', -1, -1, -1, -1, '0.049', -1, '0.055', -1, -1, -1, -1, -1, -1, -1, -1, -1, -1, '0.048', '0.11', -1, -1, -1, '0.064', -1, -1, -1, -1, '0.138\xa0—\xa01.09', '0.46\xa0—\xa01.36', -1, '1.37\xa0—\xa04.34', -1, '0.019', -1, -1, -1, -1, -1, -1, -1, -1, -1, -1, -1, '0.02', '0.044', -1, -1, -1, -1, -1, -1, '1.22\xa0—\xa05.17', -1, -1, -1, -1, -1, -1, '0.08', -1, '0.495', -1, -1, -1, -1, -1, -1, -1, -1, -1, -1, -1, -1, -1, -1, -1, '0.015', -1, '0.024', -1, -1, -1, -1, -1, '0.061', -1, -1, -1, -1, -1, '1.36\xa0—\xa07.26', -1, '0.029', '0.058', -1, -1, -1, -1, -1, -1, -1, -1, -1, -1, '0.333', '0.061', -1, -1, '0.046', -1, -1, -1, -1, -1, -1, -1, -1, -1]"
GARDEN_CRESS_(Lepidium_sativum_L.)_11200.html,"[-1, -1, -1, -1, -1, -1, -1, -1, -1]"
SPINACH_(Spinacia_oleracea_L.)_(dried)_30001.html,"['5.8', '25.1', '5.1', '4.6', '5.5', '0.282', '0.167', '0.011', -1, '0.013', '0.023', '0.011', '1.34', '1.7', -1, '0.0088', '0.001', '0.014', '0.031', '0.0051', '0.0041', '0.0011', -1, '0.0058', '13.5', '0.0011', -1, '0.125', '0.48', '4.82']"
CELERY_SEED_OIL_2030.html,"['trace\xa0—\xa0100', 'trace\xa0—\xa0200', '7900\xa0—\xa020000', '16000\xa0—\xa050000', '1200', 'trace', '200\xa0—\xa0500', -1, -1, -1, '689000\xa0—\xa0851300', '1000\xa0—\xa010500', 'trace\xa0—\xa014000', 'trace\xa0—\xa0400', '300\xa0—\xa07600', 'trace\xa0—\xa0300', '20500\xa0—\xa0139000', '17000\xa0—\xa0121700', -1, '1000\xa0—\xa014000', '200\xa0—\xa020000', '1800\xa0—\xa07400', '900\xa0—\xa014800', '2000\xa0—\xa04000', '2900', '1500', '500', '2000\xa0—\xa04000', -1, -1, -1, '1600', '900\xa0—\xa02000', -1, '400', '1700', -1, '1800', '3000\xa0—\xa05500', -1, -1, -1, -1, -1, -1, -1, -1, -1, -1, -1, '4000\xa0—\xa010000', '0.7', '0.2', '38000\xa0—\xa091000', '15000\xa0—\xa045000', '9000\xa0—\xa040000']"
CHILI_PEPPER_PERICARP_(C._chinense)_2621.html,"['19.46', '33.18', '10.08', '3503.78', '6979.56', '1505.7', '1640.66']"
STEWED_BEEF_JUICE_5970.html,"[-1, '6.4', '0.01', '0.072', -1, -1, '0.012', '0.052', '0.046', -1, '200', '6.1', -1, -1, -1, '0.3', '0.0005', -1, '0.013', '0.001', -1, '0.005', '8', -1]"
"PORK,_CURED_(boiled,_cooked)_6170.html","[-1, -1, '0.015', -1, '0.022', -1, -1, -1, -1, -1, -1, -1, -1, -1, -1, -1, -1, -1, -1, -1, -1, -1, -1, -1, -1, -1, -1, -1, -1, -1, -1, -1, -1, -1, -1, -1, -1, -1, -1, -1, -1, -1, -1, -1, -1, -1, -1, -1, -1, -1, '0.076', '0.03', '0.038', '0.03', -1, -1, -1, -1, -1, -1, -1, -1, -1, -1, -1, -1, -1, -1, -1, -1, -1, -1, -1, -1, -1, -1, -1, -1, -1, -1, -1, -1, -1, -1, -1, -1, -1, -1, -1, -1, -1, '0.0002\xa0—\xa02', '0.0005\xa0—\xa07', '0.0001\xa0—\xa00.0008', '0.0015\xa0—\xa020', -1, -1, -1, -1, -1, -1, -1, -1, -1, -1, -1, -1, -1, -1, -1, '0.0044', '0.0016', -1, -1, -1, -1, -1, -1, -1, -1, -1, '0.0054', '<0.0005', -1, -1, -1, -1, -1, -1, -1, -1, '3', '3', '0.001\xa0—\xa03', 'trace', '1', '30', '90', '0.0002\xa0—\xa02', 'trace\xa0—\xa00.0004', -1, -1, -1, -1, -1, -1, -1, -1, -1, -1, -1, -1, -1, -1, -1, -1, -1, -1, -1, -1, -1, -1, -1, -1, -1, -1, -1, -1, -1, -1]"
CHICKEN_(roasted)_5720.html,"['0.05', '0.1', '0.002', '0.02', '0.07', '0.02', '0.02', '0.07', '0.01', '0.1', '0.06', '0.04', '0.006', '0.007', '0.001', '0.02', '0.03', 'trace', '0.04', '0.01', '0.007', '0.003', '0.03', '0.03', 'trace', 'trace', 'trace', '0.014', 'trace', '0.03', 'trace', '0.001', '0.16', -1, -1, '0.04', '0.1', '0.03', 'trace', 'trace', '0.003', '0.05', -1, '0.04', -1, '0.02', -1, '0.14', '0.001', -1, -1, 'trace', -1, '0.13', 'trace', '0.1', '0.15', 'trace', '0.03\xa0—\xa00.3', '0.1', 'trace', 'trace', '0.001', '0.09\xa0—\xa01.8', '0.06', 'trace', 'trace', '0.2', '0.1', '0.04', -1, -1, '0.4', '0.004', '0.2', -1, '0.5', '0.1', 'trace', 'trace', '0.03', '0.05', '0.003', '0.14', '0.05', '0.14', '0.06', '0.002', '0.14', '0.001', '0.02', '0.002', -1, '0.15', '0.12', '0.4', '19.8', '0.3', '2.7', '2', -1, -1, -1, -1, -1, '0.13', '0.016', '0.001', '0.07', '0.02', '0.1', 'trace', 'trace', '0.08', 'trace', '0.02', 'trace', 'trace', 'trace', 'trace', '0.07', '0.001', '0.004', '0.002', 'trace', '0.04', '0.002', '0.001', -1, -1, '0.01', -1, '0.01', -1, -1, -1, '0.05\xa0—\xa00.07', '0.005', 'trace', '0.007', 'trace', '0.004', 'trace', '0.001', 'trace', 'trace', '0.001', -1, -1, -1, -1, -1, 'trace', -1, 'trace', 'trace', 'trace', 'trace', -1, -1, -1, -1, '0.15', 'trace', 'trace', 'trace', 'trace', 'trace', -1, -1, -1, -1, -1, -1, -1, -1, -1, -1, -1, -1, -1, -1, -1, -1, -1, -1, '0.006', '0.003', '0.002', -1, 'trace', '0.002', '0.002', -1, -1, '0.002', '0.0005', -1, 'trace', -1, -1, -1, -1, -1, 'trace', 'trace', 'trace', 'trace', '0.002', '0.001', -1, '0.01', 'trace', -1, -1, '0.006', '0.006', '0.02', 'trace', -1, '0.01', -1, 'trace', 'trace', '0.004', -1, '0.002\xa0—\xa00.01', '0.003', '0.0005', 'trace', '0.001', '0.003', 'trace', 'trace', -1, 'trace', '0.06', 'trace', 'trace', 'trace', 'trace', 'trace', 'trace', '0.004', -1, 'trace', -1, '0.13', '0.2', -1, '0.06', -1, '0.002', 'trace', '0.001', -1, -1, '0.001', '0.007', -1, -1, -1, -1]"
CHICKEN_BREAST_(raw)_(Hubbard_Red_JA_breed)_5755.html,"['0.0078', '0.0083', '0.0003', '0.0013', '0.0007', '0.0009', '0.0013', '0.0131', '0.0204', '0.0019', '0.0014', '0.0004', '0.0002', '0.0004', '0.0003', '26.653', '218.07', '1315.689', '535.483', '678.44', '1555.566', '1352.034', '138.111', '84.805', '75.113', '26.653', '416.756', '0.0002', '0.0003', '0.0001', '0.0002', '8.349658', '1.461069', '0.089651', '0.12115', '0.041191', '0.084805']"
CHICKEN_EGG_(boiled)_5320.html,"['0.0003\xa0—\xa00.0008', '0.0003\xa0—\xa00.0008', '0.001\xa0—\xa00.003', '0.0005\xa0—\xa00.001', '0.0007\xa0—\xa00.002', '0.0006\xa0—\xa00.002', '0.00004\xa0—\xa00.0001', '0.0001\xa0—\xa00.0003', '0.0004\xa0—\xa00.001', '0.0009\xa0—\xa00.002', '0.002\xa0—\xa00.004', '0.0002\xa0—\xa00.0006', '0.001\xa0—\xa00.003', '0.008\xa0—\xa00.02', '0.001\xa0—\xa00.003', '0.0004\xa0—\xa00.001', '0.001\xa0—\xa00.004', '0.0004\xa0—\xa00.001', '0.05\xa0—\xa00.1', '0.0007\xa0—\xa00.002', '0.0003\xa0—\xa00.0008', '0.0008\xa0—\xa00.002', '0.01\xa0—\xa00.04', '0.002\xa0—\xa00.004', '0.002\xa0—\xa00.006', '0.001\xa0—\xa00.003', '0.0006\xa0—\xa00.002', '0.001\xa0—\xa00.004', '0.0002\xa0—\xa00.0005', '0.001\xa0—\xa00.004', '0.0005\xa0—\xa00.001', '0.0004\xa0—\xa00.001', '0.001\xa0—\xa00.003', '0.001\xa0—\xa00.002', '0.0004\xa0—\xa00.001', '0.0004\xa0—\xa00.001', '0.001\xa0—\xa00.004', '0.0002\xa0—\xa00.0006', '0.0002\xa0—\xa00.0004', -1, -1, -1, -1, -1, -1, -1, -1, '0.0005\xa0—\xa00.001', -1, -1, '0.001\xa0—\xa00.003', '0.0006\xa0—\xa00.001', '0.0002\xa0—\xa00.0005', -1, '0.001\xa0—\xa00.003', -1, -1, -1, -1, -1, -1, -1, -1, -1, -1, -1, -1, -1, -1, -1, -1, -1, -1, -1, -1, -1, -1, '0.008\xa0—\xa00.02', '0.003\xa0—\xa00.009', -1, -1, -1, -1, -1, -1, -1, -1, -1, -1, -1, -1, -1, -1, -1, '8', '0.0006\xa0—\xa00.001', -1, -1, '0.0003\xa0—\xa00.0007', -1, '0.0002\xa0—\xa00.0005', -1, '0.05\xa0—\xa00.1', -1, '0.004\xa0—\xa00.009', '0.0008\xa0—\xa00.002', -1, -1, -1, -1, -1, -1, -1, -1, -1, -1, -1, -1, '0.0004\xa0—\xa00.001', '0.0003\xa0—\xa00.0009', -1, -1, '0.001\xa0—\xa00.003', '0.0005\xa0—\xa00.001', -1, -1, '0.006', -1, -1, '1.5', -1, -1, '0.003\xa0—\xa00.007', '0.0009\xa0—\xa00.002', -1, -1, -1, -1, -1, -1, -1, -1, -1, -1, -1, -1, -1, -1, -1, -1, '0.004\xa0—\xa00.009', -1, -1, -1, '0.0005\xa0—\xa00.001', '0.003\xa0—\xa00.009', -1, -1, '0.001\xa0—\xa00.003', '0.0003\xa0—\xa00.0009', '0.001\xa0—\xa00.003', -1, -1, -1, -1, -1, '0.0003\xa0—\xa00.0007', -1]"
PORK_FAT_(bacon)_6191.html,"[-1, -1, -1, -1, -1, -1, -1, -1, -1, -1, -1, -1, -1, -1, -1, -1, -1, -1, -1, -1, -1, -1, -1, -1, -1, -1, -1, -1, -1, -1, -1, -1, -1, -1, -1, -1, -1, -1, -1, -1, -1, -1, -1, -1, -1, -1, -1, -1, -1, -1, -1, -1, -1, -1, -1, -1, -1, -1, -1, -1, -1, -1, -1, -1, -1, -1, -1, -1, -1, -1, -1, -1, -1, -1, -1, -1, -1, -1, -1, -1, -1, -1, -1, -1, -1, -1, -1, -1, -1, -1, -1, -1, -1, -1, -1, -1, -1, -1, -1, -1, -1, -1, -1, -1, -1, -1, -1, -1, -1, -1, -1, -1, -1, -1, -1, -1, -1, -1, -1, -1, -1, -1, -1, -1, -1, -1, -1, -1, -1, -1, -1, -1, -1, -1, '0.026', '0.013', '0.008', '0.0009', '0.0002']"
"PORK_TENDERLOIN_(raw,_Duroc-Bamei_hybrid_breed)_6101.html","[-1, -1, -1, -1, -1, -1, '416.1181', -1, -1, -1, -1, -1, -1, -1, -1, -1, -1, -1, -1, -1, -1, -1, -1, -1, '16950', '16720', -1, '37.58', '9.11', '9.55', '6.44', '131.81', '9.75', '3036', '26.9', '1451.24', '1148.9', '1516.61', '264.69', '9.88', '5.71', -1, -1, '379.37', -1, -1, -1, -1, -1, -1, '8890', '9730', '7160', '13750', '20640', '9540', '4420', '6450', '18690', '7480', '8310', '4830', '5940', '12200', '14020', '809.2', '14.7', '27.7', '1.7']"
CHICKEN_EGG_WHITE_(raw)_5325.html,"['26.95', '0.07', '3', '5', '0.018', '0.063', '1250', '1250', '0.042', '8.604', '49.9', '0.01']"
CHICKEN_BREAST_(cooked)_(Hubbard_Red_JA_breed)_5759.html,"['0.1223', '0.0247', '0.0061', '0.1147', '0.0015', '0.0105', '0.0238', '5.3592', '0.0792', '0.0065', '0.0105', '0.0127', '0.0012', '0.0014', '0.0033', '31.338', '83.568', '2183.214', '560.602', '856.572', '1866.352', '1455.476', '111.424', '104.46', '121.87', '27.856', '417.84', '0.0043', '0.0132', '0.0001', '0.0011', '1.469404', '0.428286', '0.01741', '0.080086', '0.010446', '0.010446']"
"PORK,_UNCURED_(grilled,_roasted)_6130.html","['0.00002\xa0—\xa00.0001', '0.0003\xa0—\xa00.0007', '0.0001\xa0—\xa00.001', '0.0002\xa0—\xa00.0007', '0.002\xa0—\xa00.005', '0.0014\xa0—\xa00.003', '0.002\xa0—\xa00.005', '0.0005\xa0—\xa00.002', '0.001\xa0—\xa00.005', '0.005', '0\xa0—\xa00.00003', '0.0002\xa0—\xa00.0003', '0.00008\xa0—\xa00.0001', '0.00004\xa0—\xa00.0001', '0.0004\xa0—\xa00.0005', '0.00005\xa0—\xa00.00008', '0.00002\xa0—\xa00.00005', '0.00007\xa0—\xa00.00008', '0\xa0—\xa00.00005', '0.0009', '0.0018\xa0—\xa00.0022', '0.019\xa0—\xa00.024', '0.01\xa0—\xa00.02', '0.0003\xa0—\xa00.0004', '0.002\xa0—\xa00.003', '0.003\xa0—\xa00.005', '0.02', '0.008\xa0—\xa00.012', '0.003\xa0—\xa00.004', '0.0003\xa0—\xa00.0005', '0.0007\xa0—\xa00.0012', '0.00003\xa0—\xa00.00007', 'trace\xa0—\xa00.00005', '0.00001\xa0—\xa00.0001', '0\xa0—\xa00.00002', '0.0001', -1, -1, -1, -1, -1, -1, -1, -1, -1, -1, 'trace', 'trace', 'trace', '0.0001\xa0—\xa00.0002', '0\xa0—\xa00.00002', 'trace\xa0—\xa00.00001', '0.00003\xa0—\xa00.00004', '0.0001', 'trace', 'trace', 'trace\xa0—\xa00.00001', 'trace', '0.00008', '0\xa0—\xa00.00001', 'trace', '0.00005\xa0—\xa00.00015', '0.00015\xa0—\xa00.001', '0.0002', '0.0004\xa0—\xa00.0007', '0\xa0—\xa00.00002']"
"MORTADELLA_(briefly_cooked,_stored_60_days_)_35004.html","[-1, -1, -1, -1, -1, -1, -1, -1, -1, -1, -1, -1, -1, -1, -1, -1, -1, -1, -1, -1, -1, -1, -1, -1, -1, -1, -1, -1, -1, -1, -1, -1, -1, -1, -1, -1, -1, -1, -1, -1, -1, -1, -1, -1]"
CHICKEN_BREAST_(baked)_5711.html,"['0.36956', '0.01195', '0.07695', '0.11941', '0.47148', '0.11198', '0.14091', '0.02427', '0.02801', '0.00787', '0.16788', '0.05084', '0.11819', '0.01205', '0.06453', '0.08249', '0.00527', '0.08183', '0.11517', '0.01193', '0.00516', '0.05892', '0.10936', '0.04067', '0.00636', '0.07625', '0.02084', '0.0486', '0.04018', '0.08067', '0.02663', '0.05029', '0.00804']"
CHICKEN_BREAST_(raw)_(Leghorn_breed)_5753.html,"['0.0039', '0.0097', '0.0002', '0.0007', '0.0002', '0.0004', '0.0005', '0.0242', '0.0081', '0.0009', '0.0007', '0.0003', '0.0001', '0.0004', '0.0002', '23.85', '40.545', '584.325', '202.725', '369.675', '624.87', '596.25', '83.475', '52.47', '35.775', '26.235', '262.35', '0.0002', '0.0003', '0.0001', '0.0002', '2.559105', '1.25928', '0.031005', '0.259965', '0.269505', '0.2385']"
"PORK_TENDON_MEAT_(raw,_Duroc-Bamei_hybrid_breed)_6103.html","[-1, -1, -1, -1, -1, -1, -1, '428.9045', -1, -1, -1, -1, -1, -1, -1, -1, -1, -1, -1, -1, -1, -1, -1, -1, -1, -1, -1, -1, -1, -1, -1, -1, -1, -1, -1, '5100', '14570', '48.49', '14.93', '64.7', '44.78', '1.87', '943.94', '14.58', '14998.6', '68.37', '5530.59', '3907.99', '3924.02', '1704.08', '7.49', '63.01', -1, '342.42', -1, -1, -1, -1, -1, -1, -1, '8840', '10190', '7230', '13170', '17870', '10020', '2450', '5500', '53990', '8440', '8000', '4770', '5920', '4400', '14320', '704.8', '12.9', '20.3', '5.7']"
"PORK,_UNCURED_(raw)_6110.html","[-1, -1, -1, -1, -1, -1, -1, -1, -1, -1, -1, -1, -1, -1, -1, -1, -1, -1, -1, -1, -1, -1, -1, '0\xa0—\xa00.047', '0\xa0—\xa00.078']"
"MORTADELLA_(briefly_cooked,_fresh)_35003.html","[-1, -1, -1, -1, -1, -1, -1, -1, -1, -1, -1, -1, -1, -1, -1, -1, -1, -1, -1, -1, -1, -1, -1, -1, -1, -1, -1, -1, -1, -1, -1, -1, -1, -1, -1, -1, -1, -1, -1, -1, -1]"
CHICKEN_EGG_(raw)_5310.html,"['107.8', '1400', '5', -1, -1, -1, '28\xa0—\xa077', '<0.3\xa0—\xa01.1', '0.46', '1.26', '220000\xa0—\xa0260000', '80000\xa0—\xa0100000', -1, -1, '<0.7\xa0—\xa08.2', '6.6', '0.6', '4302', '0.006', '0.1', '199.6', 'trace', 'trace', '0.01']"
CHICKEN_EGG_(scrambled)_5330.html,"[-1, -1, -1, -1, '0.001', -1, -1, '0.004', '0.001', -1, -1, -1, -1, -1, -1, -1, -1, -1, -1, -1, -1, -1, '0.13', '0.03', '0.03', -1, -1, '0.003', '<0.001', -1, -1, '8\xa0—\xa09', '0.006\xa0—\xa00.008', '1.1\xa0—\xa01.5', '<0.001', -1, '0.03', -1, '0.002']"
LAMB_and_MUTTON_LIVER_6060.html,"[-1, -1, -1, -1, -1, -1, -1, -1, -1, -1, -1, -1, -1, -1, -1, -1, -1, -1, -1, -1, -1, -1, -1, -1, -1, -1, -1, -1, -1, -1, -1, -1, -1, -1, -1, -1, -1, -1, -1, -1, -1, -1, -1, -1, -1, -1, -1]"
"BEEF_(grilled,_roasted)_5920.html","[-1, -1, -1, -1, -1, -1, -1, -1, -1, -1, -1, -1, -1, -1, -1, -1, -1, -1, -1, -1, -1, -1, -1, -1, -1, -1, -1, -1, -1, -1, -1, -1, -1, -1, -1, -1, -1, -1, -1, -1, -1, -1, -1, -1, -1, -1, -1, -1, -1, -1, -1, -1, -1, -1, -1, -1, -1, -1, -1, -1, -1, -1, -1, -1, -1, -1, -1, -1, -1, '7.5\xa0—\xa023.6', '1.4\xa0—\xa03.4', -1, -1, -1, '2.6\xa0—\xa06.4', -1, -1, -1, -1, -1, -1, -1, -1, '6.2\xa0—\xa011', -1, -1, -1, -1, -1, -1, -1, -1, -1, -1, -1, -1, -1, '103\xa0—\xa0227', -1, '0.16\xa0—\xa02426', '0.48', '0.01\xa0—\xa00.03', -1, '0.03\xa0—\xa033.5', -1, -1, '1.6\xa0—\xa010.7', '0.02\xa0—\xa09', -1, '0.6\xa0—\xa01.1', '0.3\xa0—\xa01.1', '0.01\xa0—\xa04.4', -1, '0.6\xa0—\xa01.5', '0.01\xa0—\xa07.7', -1, '1.1\xa0—\xa02.4', -1, '1\xa0—\xa01.2', '0.06', -1, '0.01', -1, '0.8\xa0—\xa00.88', -1, -1, -1, -1, -1, -1, -1, -1, -1, -1, '6.9\xa0—\xa014.8', -1, -1, -1, -1, '5\xa0—\xa08.3', '2\xa0—\xa08.4', '6.9\xa0—\xa023', -1, '2\xa0—\xa06.5', -1, '6.6\xa0—\xa09', -1, -1, -1, '0.03\xa0—\xa00.16', -1, '0\xa0—\xa00.03', '2.1\xa0—\xa03.9', -1, -1, -1, -1, -1, -1, -1, -1, -1, -1, -1, '0.05', -1, -1, -1, -1, -1, -1, -1, -1, -1, -1, '10.6\xa0—\xa021.4', -1, -1, -1, -1, -1, '0.05\xa0—\xa015.4', '0.2\xa0—\xa00.7', -1, -1, '0.1\xa0—\xa00.36', -1, -1, -1, -1, -1, -1, -1, -1, -1, -1, -1, -1, -1, -1, -1, '0.01', -1, -1, -1, '0.07', -1, -1, -1, -1, -1, '0.13\xa0—\xa02.1', -1, -1, '0.02', -1, -1, -1, '0.35\xa0—\xa00.57', -1, -1, -1, -1, -1, -1, -1, -1, -1, -1, -1, '0.0091\xa0—\xa00.046', '0.052\xa0—\xa04.5', '0\xa0—\xa01.9', '0\xa0—\xa012.3', '0.038\xa0—\xa00.18', '0.025\xa0—\xa06.6', '0\xa0—\xa00.0025', '0.0085\xa0—\xa00.07', '0.01\xa0—\xa00.022', -1, '0.0054\xa0—\xa02.1', -1, '0.0063\xa0—\xa00.54', '2.8\xa0—\xa03.5', '0.12', -1, '0.1\xa0—\xa00.5', '0.2\xa0—\xa01.03', '0.03\xa0—\xa00.17', '0.09\xa0—\xa00.56', -1, -1, -1, -1, -1, -1, -1, -1, -1, -1, -1, -1, -1, -1, -1, -1, -1, '12\xa0—\xa023.2', '0.7\xa0—\xa02.5', -1, -1, '0.054\xa0—\xa02.4', -1, -1, -1, -1, '0.01\xa0—\xa00.07', -1, '0.019\xa0—\xa00.2', -1, -1, '0.032', '0.0072\xa0—\xa00.23', '0.03\xa0—\xa00.28', -1, -1, -1, -1, -1, -1, -1, -1, -1, -1, -1, -1, -1, '0.0036\xa0—\xa00.0072', -1, '0\xa0—\xa00.0006', -1, -1, -1, '0.13', -1, -1, -1, -1, -1, -1, -1, '0.0005\xa0—\xa00.0018', -1, -1, -1, '0.04\xa0—\xa00.23', '0.0027', -1, -1, -1, -1, -1, -1, '0.31\xa0—\xa00.48', -1, -1, -1, -1, -1, '0.13\xa0—\xa00.16', -1, '0.023\xa0—\xa00.6', -1, -1, '0.014\xa0—\xa04', -1, -1, -1, -1, '0.001\xa0—\xa00.007', -1, -1, -1, -1, '0.005\xa0—\xa01.2', -1, -1, -1, '0\xa0—\xa00.004', -1, '0.06', -1, -1, -1, -1, -1, -1, -1, -1, -1, -1, -1, -1, -1, -1, -1, -1]"
CHICKEN_SKIN_(sugar-smoked)_5722.html,"['0.62643', '0.07143', '0.00529', '0.10165', '0.08197', '0.04363', '0.03152', '0.1093', '0.01141', '0.11046', '0.00639', '0.05158', '0.04955', '0.06533', '0.00967', '0.01091', '0.01436', '0.02468', '0.06503', '0.40779', '0.01259', '0.01898', '0.24802', '0.40775', '0.00699', '0.07265', '0.02739', '0.04073', '0.05418', '0.06703', '0.025', '0.00728', '0.04765', '0.08194', '0.1031', '18.08759', '4.03933', '0.2443', '0.6873', '0.46946', '0.46265']"
PORK_LIVER_6192.html,"[-1, -1, -1, -1, -1, -1, -1, -1, -1, -1, -1, -1, -1, -1, -1, -1, -1, -1, -1, -1, -1, -1, -1, -1, -1, -1, -1, -1, -1, -1, -1, -1, -1, -1, -1, -1, -1, -1, -1, -1, -1, -1, -1, -1, -1, -1, -1, -1, -1, -1, -1, -1, -1, -1, -1, -1, -1, -1, -1, -1, -1, -1, -1, -1, -1, -1, -1, -1, -1, -1, -1, -1, -1, -1, -1, -1, -1, -1, -1, -1, -1, -1, -1, -1, -1, -1, -1, -1, -1, -1, -1, -1, -1, -1, -1, -1, -1, -1, -1, -1, -1, -1, -1, -1, -1, -1, -1, -1, -1, -1, -1, -1, -1, -1, -1, -1, -1, -1, -1, -1, -1, -1, -1, -1, -1, -1, -1, -1, -1, -1, -1, -1, -1, -1, -1, -1, -1, -1, -1, -1, -1, -1, -1, -1, -1, -1, -1, -1, -1, -1, -1, -1, -1, -1, -1, -1, -1, -1, -1, -1, -1, -1, -1, -1, -1, -1, -1, -1, -1, -1, -1, -1, -1, -1, -1, -1, -1, -1, -1]"
"PORK,_UNCURED_(smoked)_6140.html","['23.4', '8.3', -1, -1, '10', '9.3', '4.4', -1, '0.14', -1, -1, '35.6', '27.2', -1, '6', '1', '1', -1, '84', '35.6', '8.7', -1, '3.8', -1, -1, '18']"
LAMB_(roasted)_6040.html,"[-1, -1, -1, -1, -1, -1, -1, -1, -1, -1, -1, -1, -1, -1, -1, -1, -1, -1, -1, -1, -1, -1, '1.11', '0.94', '0.05', '0.07', '0.05', '0.77', '0.24', '0.01', '0.18', '0.01', '0.05', '0.38', '0.02', '0.02', '<0.01', '0.08', '0.03', '0.16', '0.4', '0.04', '0.02', '0.06', '0.04', '0.12', '2.46', '0.6', '0.16', '0.17', -1, -1, -1, -1, -1, -1, -1, -1, -1, -1, '0.0094\xa0—\xa00.014', '0.0048\xa0—\xa00.011', -1, '0.03\xa0—\xa00.031', '0.01\xa0—\xa00.011', -1, -1, -1, -1, -1, -1, -1, -1]"
BEEF_(fried)_5930.html,"[-1, -1, -1, -1, -1, -1, -1, -1, -1, -1, -1, -1, -1, -1, -1, -1, -1, -1, -1, -1, -1, -1, -1, -1, -1, -1, -1, -1, -1, -1, -1, -1, -1, -1, -1, -1, -1, -1, -1, -1, -1, -1, -1, -1, -1, -1, -1, -1, -1, -1, -1, -1, -1]"
CHICKEN_(fried)_5730.html,"[-1, -1, -1, -1, -1, -1, -1, -1, -1, -1, -1, -1, -1, -1, -1, -1, -1, -1, -1, -1, -1, -1, -1, -1, -1, -1, -1, -1, -1, -1, -1, -1, -1, -1, -1, -1, -1, -1, '3.82', '0.083', -1, -1, '0.017', -1, -1, -1, -1, '0.283', -1, -1, -1, '0.19', -1, '0.534', '0.0055', '0.023', -1, '0.0031', '0.011', -1, -1, -1, -1, -1, -1, -1, -1, '0.0072', -1, -1, '8.12', -1, -1, -1, -1, -1, -1, '0.2', -1, -1, -1, -1, -1, -1, -1, -1, -1, -1, -1, -1, -1, -1, -1, -1, -1, -1, -1, -1, -1, -1, -1, -1, -1, -1, -1, -1, -1, -1, -1, -1, -1, -1, -1, -1, -1, '0.02\xa0—\xa00.202', '0.0001', '0.0004', '0.29\xa0—\xa01.7', '0.053', '0.029', -1, -1, -1, -1, -1, -1, -1, -1, -1, -1, -1, -1, -1, -1, -1, -1, -1, -1, -1, -1, -1, -1, -1, -1, -1, -1, -1, -1, -1, -1, -1, -1, -1, -1, -1, -1, -1, -1, -1, -1, -1, -1, -1, -1, -1, -1, -1, -1, -1, -1, -1, -1, -1, -1, -1, '0.05', -1, -1, -1, -1, -1, -1, -1]"
CHICKEN_(cooked)_5710.html,"[-1, -1, -1, -1, -1, -1, -1, -1, '0.0005', -1, -1, -1, '0.2', -1, -1, '0.0005', -1, '0.0005', -1, '0.0005', -1, '0.0005', -1, '0.0005', -1, -1, -1, -1, '0.0006', -1, '0.0005', -1, -1, -1, -1, -1, -1, -1, '0.0005', '1.3', -1, -1, -1, '0.0005', -1, -1, -1, -1, -1, '0.2\xa0—\xa01.3', -1, '0.0007', -1, '0.002\xa0—\xa00.7', -1, '0.2', '0.0001\xa0—\xa00.5', '0.0001', '0.1', '0.2', '0.0005\xa0—\xa00.2', '0.4', '0.4', '0.006\xa0—\xa00.7', '0.3', '0.1', '<0.1', '0.2', '0.0001', '0.0001\xa0—\xa013.8', '0.0001\xa0—\xa00.107', '0.0009', '0.002\xa0—\xa04.7', -1, '0.039', -1, -1, '0.005', -1, -1, '0.2', '0.031\xa0—\xa05.1', '0.2', '0.2', '0.001\xa0—\xa00.9', '0.002\xa0—\xa00.4', -1, '0.0001', '0.0001\xa0—\xa00.2', '0.004\xa0—\xa01.8', '0.006\xa0—\xa01.7', '0.04\xa0—\xa00.5', '0.006\xa0—\xa00.113', -1, -1, '0.057\xa0—\xa00.1', '0.0002', '0.0005', '0.03\xa0—\xa00.4', -1, -1, '0.031\xa0—\xa01', '0.302\xa0—\xa03.5', -1, '0.0005', '0.028\xa0—\xa00.38', '0.1', -1, '0.1', -1, -1, -1, -1, -1, '0.0001', -1, '0.02', -1, '0.03', '3', '<0.1', '<0.1', '0.44', -1, -1, '0.03\xa0—\xa00.2', '0.1', -1, '0.1', '0.6', '0.001', '0.2', '0.0002\xa0—\xa02.4', '0.1\xa0—\xa00.9', -1, -1, -1, -1, -1, -1, -1, -1, -1, -1, '0.2', '0.0057', -1, -1, -1, '0.1', -1, '0.02', -1, '22.1', '3.8', -1, -1, '0.6\xa0—\xa019.8', '6\xa0—\xa0163', -1, '0.07', -1, -1, -1, -1, -1, -1, '1.46', -1, -1, -1, -1, -1, -1, -1, -1, '0.0001\xa0—\xa00.0045', '0.0004\xa0—\xa00.0045', '0.2\xa0—\xa00.7', -1, -1, -1, -1, -1, -1, -1, -1, -1, -1, -1, -1, -1, -1, -1, '0.0008', 'trace\xa0—\xa00.015', -1, '0.023\xa0—\xa00.1', '<0.0005\xa0—\xa00.013', -1, -1, -1, -1, -1, -1, -1, -1, -1, -1, -1, -1, -1, -1, -1, -1, -1, -1, -1, -1, -1, -1, -1, '0.014', -1, -1, -1, -1, -1, -1, -1, '0.0002', '0.0001', -1, -1, '0.2', '0.0045', '1.23', '<0.0001', '0.0001']"
BEEF_LIVER_(fried)_5931.html,"[-1, -1, -1, -1, -1, -1]"
CHICKEN_BREAST_(raw)_(Ross_308_breed)_5756.html,"['0.0021', '0.0117', '0.0002', '0.0011', '0.0004', '0.0003', '0.0005', '0.009', '0.0456', '0.001', '0.0015', '0.0001', '0.0004', '0.0004', '0.0002', '19.36', '84.7', '1667.38', '692.12', '801.02', '1870.66', '1384.24', '96.8', '94.38', '72.6', '38.72', '261.36', '0.0002', '0.0003', '0.0001', '0.0002', '7.98116', '1.46894', '0.09922', '0.23958', '0.21054', '0.21538']"
"PORK,_CURED_(raw)_6160.html","[-1, '0.29\xa0—\xa00.36', '0.217\xa0—\xa00.23', -1, '0.048\xa0—\xa03', -1, -1, -1, -1, -1, -1, -1, -1, -1, -1, -1, -1, -1, -1, -1, -1, '0.59\xa0—\xa02.68', '0.08\xa0—\xa00.09', '0.1\xa0—\xa00.122', '0.023\xa0—\xa00.025', -1, -1, -1, '1.31\xa0—\xa01.52', -1, '0.072\xa0—\xa00.073', '0.11\xa0—\xa00.32', '0.035\xa0—\xa00.148', '0.019\xa0—\xa00.025', -1, '1.33\xa0—\xa05.27', '0.06\xa0—\xa00.065', '1.25\xa0—\xa01.258', '1.74\xa0—\xa04.1', -1, '0.55\xa0—\xa00.7', '0.42\xa0—\xa00.98', '1.66\xa0—\xa02.72', '0.19\xa0—\xa00.26', -1, -1, -1, -1, -1, -1, -1, -1, '0.13\xa0—\xa00.38', -1, '0.057\xa0—\xa013', -1, '0.038\xa0—\xa01.47', -1, '0.71\xa0—\xa01.33', -1, '4.28\xa0—\xa07.38', -1, '0.84\xa0—\xa02.47', '0.104\xa0—\xa04.33', -1, '2.03\xa0—\xa03.875', -1, '0.26\xa0—\xa00.28', -1, -1, -1, '0.025\xa0—\xa00.458', -1, -1, -1, -1, -1, -1, -1, -1, -1, -1, -1, -1, '0.97\xa0—\xa01.78', -1, '1.718\xa0—\xa02.205', '0.2\xa0—\xa00.34', -1, -1, '0.353\xa0—\xa00.362', -1, -1, -1, '1.24\xa0—\xa01.56', '0.72\xa0—\xa02.2', '0.63\xa0—\xa01.25', -1, '1.13\xa0—\xa01.69', -1, '4.99\xa0—\xa06.49', '0.569\xa0—\xa00.611', -1, -1, -1, -1, -1, -1, -1, -1, -1, -1, -1, -1, -1, -1, '0.011', -1, -1, -1, -1, -1, -1, -1, -1, -1, -1, '0.7', '0.1', '0.1', '0.2', 'trace', '0.5', -1, -1, '0.018\xa0—\xa00.024', -1, -1, -1, -1, '0.066\xa0—\xa00.089', '0.49\xa0—\xa00.94', -1]"
CHICKEN_BREAST_(raw)_5751.html,"['0.02157', '0.00075', '0.00073', '0.01266', '0.01105', '0.0008', '0.00242', '0.00611', '0.00592', '0.00102', '0.00569', '0.00314', '0.00061', '0.0014', '0.00085', '0.00019', '0.00014', '0.00274', '0.00127', '0.00029', '0.00199', '0.01288', '0.00015', '0.00335', '0.06152', '0.01512', '0.04382', '0.04276', '0.06112', '0.00049', '0.00082']"
CHICKEN_BREAST_(raw)_(Naked_Neck_breed)_5754.html,"['0.016', '0.0082', '0.0003', '0.0017', '0.0002', '0.0004', '0.0002', '0.0184', '0.0055', '0.0001', '0.0017', '0.0004', '0.0002', '0.0004', '0.0005', '21.528', '124.384', '1064.44', '464.048', '562.12', '1181.648', '1119.456', '86.112', '66.976', '81.328', '21.528', '315.744', '0.0003', '0.0004', '0.0001', '0.0001', '3.829592', '2.06908', '0.040664', '0.150696', '0.330096', '0.20332']"
"PORK,_UNCURED_(fried_and_seasoned)_6150.html","['0.2\xa0—\xa00.3', '3.6\xa0—\xa07.3', '0.6\xa0—\xa01.2', '1\xa0—\xa02.5', '2.1\xa0—\xa04.1', '12.5\xa0—\xa016.4', '4.2\xa0—\xa06.7', '6.4\xa0—\xa08.1', '0.2\xa0—\xa00.8', '3.8\xa0—\xa05.3', 'trace\xa0—\xa00.5', '9.3\xa0—\xa012.5', '1.1\xa0—\xa02.9', '0.1\xa0—\xa00.5', '0.6\xa0—\xa01.2', '0.8\xa0—\xa01.6']"
CHICKEN_(raw)_5750.html,"[-1, -1, -1, -1, -1, -1, -1, -1, -1, -1, -1, -1, -1, -1, -1, -1, -1, -1, -1, -1, -1, -1, -1, -1, -1, -1, -1, -1, -1, -1, -1, -1, -1, -1, -1, -1]"
"MORTADELLA_(traditionally_cooked,_stored_60_days)_35002.html","[-1, -1, -1, -1, -1, -1, -1, -1, -1, -1, -1, -1, -1, -1, -1, -1, -1, -1, -1, -1, -1, -1, -1, -1, -1, -1, -1, -1, -1, -1, -1, -1, -1, -1, -1, -1, -1, -1, -1, -1, -1, -1, -1, -1]"
MUTTON_(boiled)_6030.html,"[-1, -1, -1, -1, -1, -1, -1, -1, -1, -1, -1, -1, -1, -1, -1, -1, -1, -1, -1, -1, -1, -1, -1, -1, -1, -1, -1, -1, -1, -1, -1, -1, -1, -1, -1, -1, -1, -1, -1, -1, -1, -1, -1, -1, -1, -1, -1, -1, -1, -1, -1, -1, -1, -1, -1, -1, -1, -1, -1, -1, -1, -1, -1, -1, -1, -1, '2.14', '0.5', '0.36', '4.32', '0.64', -1, '1.17', -1, -1, '0.11', '0.04', '1.75', -1, -1, -1, '0.6', -1, '0.2', '0.14', -1, -1, '1.42', -1, '0.66', '0.15', -1, '0.32', -1, '6.83', -1, -1, -1, -1, -1, '2.49', -1, -1, -1, '0.66', -1, -1, -1, -1, -1, -1, -1, -1, -1, -1, -1, -1, -1, -1, -1, -1, -1, -1, -1, -1, -1, -1, -1, -1, -1, -1, -1, -1]"
ALLIGATOR_MEAT_-_tail_31610.html,"[-1, -1, -1, -1, -1, -1, -1, -1, -1, -1, -1, -1, -1, -1, -1]"
MUTTON_(raw)_6010.html,"['2.79', '2.24', '0.38', '1.96', '3.4', '1.53', '0.75', '1.29', '0.43', '0.59', '0.55', '0.47', '0.37', '0.36', '0.38', '0.22', '0.21', '0.29', '3.34', '1.96', '0.28']"
"PORK,_CURED_(fried)_6180.html","[-1, -1, -1, -1, -1, -1, -1, -1, -1, -1, -1, -1, -1, -1, -1, -1, -1, -1, -1, -1, -1, -1, -1, -1, -1, -1, -1, -1, -1, -1, -1, -1, -1, -1, -1, -1, -1, -1, -1, -1, -1, -1, -1, -1, -1, -1, -1, -1, -1, -1, -1, -1, -1, -1, -1, -1, -1, -1, -1, -1, -1, -1, -1, -1, -1, -1, -1, '15', '4', '30', '30', -1, -1, -1, -1, -1, -1, -1, -1, -1, -1, -1, -1, -1, -1, -1, -1, -1, -1, -1, -1, -1, -1, -1, -1, -1, -1, -1, -1, -1, -1, -1, -1, -1, -1, -1, -1, -1, -1, -1, -1, -1, -1, -1, -1, '25', '10', 'trace', '1', '8', '15', '1', 'trace', -1, -1, -1, -1, -1, -1, -1, -1, -1, -1, -1, -1, -1, -1, -1, -1, -1, -1, -1, -1, -1, -1, -1, -1]"
GUINEA_HEN_5800.html,"['0.005', '0.042', '0.128', '0.263', '0.002', '0.005', '0.011', '0.004', '0.006', '0.009', '0.017', '0.021', '0.029', '0.017', '<0.001', '<0.001', '0.012', '0.022', '0.268', '0.075', '0.001', '0.044', '0.049', '0.008', '0.028', '0.026', '0.035', '0.256', '0.004', '0.003', '0.004', '0.025', '0.008', '0.019', '0.002', '0.605', '0.011', '5.413', '0.028', '0.005', '0.327', '0.18', '0.002', '0.006', '0.001', '0.291', '0.017', '0.372', '0.529', '0.003', '0.087', '0.001', '0.038', '0.004', '0.003', '0.042', '0.004', '0.156', '0.001', '0.118', '0.44', '0.005', '0.115', '0.009', '0.003', '0.002', '0.021', '0.028', '0.044', '0.586', '0.014', '0.055', '0.035', '0.005', '0.023', '0.002', '0.043', '0.004', '0.061', '0.008', '0.005', '0.112', '0.014', '0.001', '0.025', '0.003', '<0.001', '<0.001', '0.001', '0.002', '0.02', '0.001', '0.009', '0.043', '0.002', '0.001']"
BEEF_(canned)_5940.html,"[-1, -1, -1, -1, -1, -1, -1, -1, -1, -1, -1, -1, -1, -1, -1, -1, -1, -1, -1, -1, -1, -1, -1, -1, -1, -1, -1, -1, -1, -1, -1, -1, -1, -1, -1, -1, -1, -1, -1, -1, -1, -1, -1, -1, -1, -1, -1, -1, -1, -1, -1, -1, -1, -1, -1, -1, -1, -1, -1, -1, -1, -1, -1, -1, -1, -1, -1, -1, -1, -1, -1, -1, -1, -1, -1, -1, -1, -1, -1, -1, -1, -1, -1, -1, -1, -1, -1, -1, -1, -1, -1, -1, -1, -1, -1, -1]"
CHICKEN_BREAST_(sugar-smoked)_5721.html,"['0.19085', '0.08181', '0.09582', '0.08374', '0.38234', '0.23779', '0.08688', '0.02754', '0.02068', '0.09295', '0.28897', '0.26755', '0.07685', '0.00543', '0.03117', '0.16106', '0.0048', '0.08149', '0.07245', '0.01755', '0.00399', '0.00596', '0.00727', '0.21236', '0.07827', '0.04117', '0.00588', '0.06203', '0.02115', '0.04342', '0.04518', '0.07522', '0.02081', '0.0413', '0.92943', '0.16774']"
XUANWEI_HAM_39002.html,"[-1, -1, -1, -1, -1]"
JINHUA_HAM_39001.html,"['2.0\xa0—\xa05.6', '6.6\xa0\xa013.2', '5.1\xa0\xa033.6', '33\xa0\xa0127', '41.9\xa0\xa041.9', '4.9\xa0\xa05.1', '3.8\xa0\xa04.1', '0.3\xa0\xa00.3', '2.0\xa0\xa022', '0.5\xa0\xa00.5', '1.7\xa0\xa01.7', '4.4\xa0\xa0155', '44.5\xa0\xa0177', '890\xa0\xa0989', '14.5\xa0\xa029.6', '2.6\xa0\xa016.1', '1.3\xa0\xa01.3', '7.4\xa0\xa09.8', '1.8\xa0\xa06.1', '14.1\xa0\xa020.7', '36.5\xa0\xa036.5', '1.8\xa0\xa01.8', '0.7\xa0\xa020.5', '0.5\xa0\xa00.5', '10.3\xa0\xa010.3', '13.5\xa0\xa018.3', '1.2\xa0\xa08.4', '6.9\xa0\xa06.9', '1.3\xa0\xa06.6', '8.6\xa0\xa08.6', '1.4\xa0\xa01.4', '0.5\xa0\xa00.5', '54.3\xa0\xa0109.4', '23.0\xa0\xa023.6', '4.4\xa0\xa029.2', '33.8\xa0\xa033.8', '12.0\xa0\xa063.8', '49.9\xa0\xa084.8', '23.8\xa0\xa023.8', '6.1\xa0\xa06.1', '4.1\xa0\xa031.0', '2.7\xa0\xa02.7', '3.0\xa0\xa033.2', '1.5\xa0\xa01.5', '1.3\xa0\xa01.3', '19.7\xa0\xa019.7', '0.6\xa0\xa040.4', '16.7\xa0\xa016.7', '1.4\xa0\xa01.4', '14.2\xa0\xa014.2', '4.6\xa0\xa04.6', '0.3\xa0\xa022.9']"
"MORTADELLA_(traditionally_cooked,_fresh)_35001.html","[-1, -1, -1, -1, -1, -1, -1, -1, -1, -1, -1, -1, -1, -1, -1, -1, -1, -1, -1, -1, -1, -1, -1, -1, -1, -1, -1, -1, -1, -1, -1, -1, -1, -1, -1, -1, -1]"
CHICKEN_EGG_YOLK_(raw)_5336.html,"[-1, '80.85', '1.33', '2', -1, -1, -1, '0.442', '1.197', '0.558', '4923.4', '149.7', '0.009']"
CHICKEN_SKIN_(raw)_5752.html,"['0.02439', '0.00194', '0.0049', '0.00273', '0.00042', '0.00619', '0.00267', '0.00225', '0.00088', '0.00327', '0.00112', '0.00681', '0.00531', '0.00341', '0.0004', '0.00229', '0.00176', '0.00136', '0.00145', '0.00881', '0.00044', '0.00066', '0.00162', '0.00075', '0.00482', '0.00091', '0.00088', '0.01796', '0.00492', '0.0608', '0.0262', '0.04126', '0.04735', '0.06477', '0.00373', '0.00067', '0.00051', '0.014', '0.00083']"
CHICKEN_BREAST_(cooked)_(Leghorn_breed)_5757.html,"['0.5573', '0.0273', '0.0095', '0.5047', '0.0039', '0.0095', '0.00001', '7.7362', '0.0641', '0.0105', '0.0199', '0.0468', '0.002', '0.0028', '0.0143', '20.226', '40.452', '795.556', '195.518', '606.78', '795.556', '731.507', '50.565', '50.565', '57.307', '26.968', '306.761', '0.0038', '0.0389', '0.0011', '0.0017', '0.330358', '0.080904', '0.003371', '0.010113', '0.10113', '0.091017']"
CHICKEN_BREAST_(cooked)_(Ross_308_breed)_5760.html,"['0.0732', '0.0326', '0.0051', '0.0718', '0.0011', '0.0099', '0.0027', '3.0908', '0.0925', '0.0042', '0.0095', '0.009', '0.0009', '0.0011', '0.0019', '17.15', '106.33', '2335.83', '788.9', '747.74', '2342.69', '1783.6', '102.9', '116.62', '126.91', '44.59', '305.27', '0.0033', '0.009', '0.0015', '0.001', '1.14905', '0.17836', '0.02058', '0.05488', '0.0686', '0.06174']"
CHICKEN_BREAST_(cooked)_(Naked_Neck_breed)_5758.html,"['0.2228', '0.0378', '0.008', '0.1955', '0.0016', '0.0084', '0.0015', '5.6131', '0.0639', '0.0069', '0.0132', '0.0222', '0.0013', '0.0017', '0.005', '24.626', '77.396', '1759', '464.376', '671.938', '1467.006', '1182.048', '94.986', '77.396', '123.13', '24.626', '376.426', '0.0033', '0.0173', '0.0011', '0.0014', '1.030774', '0.260332', '0.007036', '0.059806', '0.059806', '0.042216']"
LAMB_(raw)_6035.html,"['0.66', '0.14', '0.07', '0.05', '0.61', '0.04', '0.32', '0.04', '0.05', '0.07', '0.02', '0.05', '0.03', '0.36', '0.18', '0.33', '0.18', '0.19', '0.15', '0.23', '0.07', '0.27', '0.11', '0.72', '2.89', '0.74', '0.65', '0.32']"
LAMB_and_MUTTON_FAT_(heated)_6050.html,"['<0.05', '<0.05', 'trace\xa0—\xa00.1', 'trace\xa0—\xa00.1', 'trace', 'trace\xa0—\xa00.9', '0.5\xa0—\xa01.3', '0.8\xa0—\xa08.6', '0.4\xa0—\xa05', '0.8\xa0—\xa01.2', '<0.1', -1, -1, -1, -1, 'trace\xa0—\xa00.3', '<0.05', '0.6\xa0—\xa00.8', '0.3\xa0—\xa01.4', -1, '0.2\xa0—\xa00.5', -1, '0.4', '0.3\xa0—\xa01.1', -1, '0.8\xa0—\xa00.9', '0.6\xa0—\xa00.7', '0.6\xa0—\xa01', -1, -1, -1, -1, -1, -1, -1, 'trace\xa0—\xa015', 'trace\xa0—\xa0108', '0.2\xa0—\xa00.3', '0.7\xa0—\xa01.2', -1, -1, -1, -1, '0.4\xa0—\xa01.6', '<0.05', '3.06', '0.33', '0.44', '0\xa0—\xa00.6', '0.27', '2.42', '0.2\xa0—\xa02.08', '0.08', 'trace\xa0—\xa00.6', '0.64', '0.1', '0.3\xa0—\xa01.7', -1, '1.65', '0.13', '0.05', '0.3\xa0—\xa01.2', '0.21', '1.18', '0.18', '1.5\xa0—\xa08.12', '10.67', '0.7\xa0—\xa00.91', '0.3\xa0—\xa00.6', -1, -1, '0.2\xa0—\xa00.3', -1, 'trace\xa0—\xa02', '0.2\xa0—\xa00.6', '1.5\xa0—\xa01.8', '1.2\xa0—\xa01.3', -1, -1, -1, -1, -1, -1, -1, -1, -1, -1, -1, -1, -1, -1, -1, -1, -1, -1, -1, -1, -1, -1, -1, -1, -1, -1, -1, -1, -1, -1, -1, -1, -1, -1, -1, -1, -1, -1, -1, -1, -1, -1, '0.3\xa0—\xa01.1', -1]"
BEEF_(raw)_5960.html,"[-1, -1, -1, -1, -1, -1, -1, -1, -1, -1, -1, -1, -1, -1, -1, -1, -1, -1, -1, -1, -1, -1, -1, -1, -1, -1, -1, -1, -1, -1, -1, -1, -1, -1, -1, -1, -1, -1, -1, -1, -1, -1, -1, -1, -1, -1, -1, -1, -1]"
"BEEF_(boiled,_cooked)_5910.html","[-1, -1, -1, -1, -1, -1, -1, -1, -1, -1, -1, -1, -1, -1, -1, -1, -1, -1, -1, -1, -1, -1, -1, -1, -1, -1, -1, -1, -1, -1, -1, -1, -1, -1, -1, -1, -1, -1, -1, -1, -1, -1, -1, -1, -1, -1, -1, -1, -1, -1, -1, -1, -1, -1, -1, -1, -1, -1, -1, -1, -1, -1, -1, -1, -1, -1, -1, -1, -1, -1, -1, -1, -1, -1, -1, -1, -1, -1, -1, -1, -1, -1, -1, -1, -1, -1, -1, -1, -1, -1, '0.35', -1, '0.09', -1, '0.03\xa0—\xa00.04', '0.08', '0.17', -1, '0.06', '0.25', -1, -1, -1, -1, -1, -1, -1, -1, -1, -1, -1, -1, -1, -1, -1, -1, -1, '0.58\xa0—\xa00.6', -1, -1, -1, -1, -1, '2.7', -1, -1, -1, -1, '0.35', '0.07', -1, -1, -1, '0.36', '0.14', -1, '0.5', '0.1', -1, -1, '0.007\xa0—\xa00.09', -1, -1, '0.03', -1, -1, '0.026\xa0—\xa00.032', -1, -1, -1, -1, -1, -1, -1, -1, -1, -1, -1, -1, -1, '0.1', -1, -1, -1, '0.09', -1, -1, -1, -1, -1, -1, -1, -1, -1, -1, -1, -1, -1, -1, -1, -1, -1, -1, -1, -1, -1, '0.09', -1, -1, -1, '0.05', -1, -1, -1, '0.03', -1, -1, -1, '0.02', -1, -1, -1, -1, -1, -1, -1, -1, -1, -1, -1, -1, -1, -1, -1, -1, -1, -1, -1, -1, -1, -1, -1, -1, -1, -1, -1, -1, -1, -1, -1, -1, -1, -1, -1, -1, -1, -1, -1, -1, -1, -1, -1, -1, -1, -1, -1, -1, -1, -1, -1, -1, -1, -1, -1, -1, -1, -1, -1, -1, -1, -1, -1, -1, -1, -1, -1, -1, -1, -1, -1, -1, -1, -1, -1, -1, -1, -1, -1, -1, -1, -1, -1, -1, -1, -1, -1, -1, -1, -1, -1, -1, -1, -1, -1, -1, -1, -1, -1, -1, -1, -1, -1, -1, -1, -1, -1, -1, -1, -1, -1, -1, -1, -1, -1, -1, -1, -1, -1, -1, -1, -1, -1, -1, -1, -1, -1, -1, -1, -1, -1, -1, -1, -1, -1, -1, -1, -1, -1, -1, -1, -1, -1, -1, -1, -1, -1, -1, -1, -1, -1, -1, -1, -1, '0.008\xa0—\xa00.042', '0.0067\xa0—\xa00.028', -1, -1, -1, -1, -1, -1, -1, -1, -1, -1, -1, -1, -1, -1, -1, -1, -1, -1, -1, -1, -1, -1, -1, -1, -1, -1, -1, -1, -1, -1, -1, -1, -1, -1, -1, -1, '0.013', -1, -1, -1, -1, '0.013', -1, -1, '0.022\xa0—\xa00.073', '0.0064\xa0—\xa00.044', -1, -1, -1, -1, -1, -1, -1, -1, -1, -1, -1, -1, -1, -1, -1, -1, -1, -1, -1, -1, -1, -1, -1, -1, -1, -1, -1, -1, -1, -1, -1, -1, -1, -1, -1, -1, -1, -1, -1, -1, -1, '0.0084', -1, -1, -1, -1, -1, -1, -1, -1, -1, '0.005', '0.007', -1, -1, -1, -1, -1, -1, -1, -1, -1, -1, -1, -1, -1, -1, -1, -1, -1, -1, -1, -1, -1, -1, -1, -1, -1, -1, -1, -1, '0.045\xa0—\xa00.048', -1, '0.16\xa0—\xa00.17', -1, -1, -1, '0.05', -1, -1, -1, -1, -1, -1, -1, -1, -1, -1, -1, -1, -1, -1]"
"PORK,_CURED_(smoked)_6190.html","[-1, -1, -1, -1, -1, -1, -1, -1, -1, -1, -1, -1, -1, -1, -1, -1, -1, -1, -1, -1, -1, -1, -1, -1, -1, -1, '0.14\xa0—\xa01.06', '<0.1\xa0—\xa00.19', '<0.1\xa0—\xa00.61', '<0.1\xa0—\xa00.25', -1, '<0.1\xa0—\xa01.58', -1, -1, -1, -1, -1, -1, -1, '0.21\xa0—\xa014', -1, -1, -1, -1, -1, -1, -1, -1]"
BEEF_FAT_(heated)_5950.html,"[-1, -1, -1, -1, -1, -1, -1, -1, -1, -1, -1, -1, -1, -1, -1, -1, -1, -1, -1, -1, -1, -1, -1, -1, -1, -1, -1, -1, -1, -1, -1, -1, -1, -1, -1, -1, -1, -1, -1, -1, -1, -1, -1, -1, -1, -1, -1, -1, -1, -1, -1, -1, -1, -1, -1, -1, -1, -1, -1, -1, -1, -1, -1, -1, -1, -1, -1, -1, -1, -1, -1, -1, -1, -1, -1, -1, -1, -1, -1, -1, -1, -1, -1, -1, -1, -1, -1, -1, -1, -1, -1, -1, -1, -1, -1, -1, -1, -1, -1, -1, -1, -1, -1, -1, -1, -1, -1, -1, -1, -1, -1, -1, -1, -1, -1, -1, -1, -1, -1, -1, -1, -1, -1, -1, -1, -1, -1, -1, -1, -1, -1, -1, -1, -1, -1, -1, -1, -1, -1, -1, -1, -1, -1, -1, -1, -1, -1, -1, -1, -1, -1, -1, -1, -1, -1, -1, -1, -1, -1, -1, -1, -1, -1, -1, -1, -1, -1, -1, -1, -1, -1, -1, -1, -1, -1, -1, -1, -1, -1, -1, -1, -1, -1, -1, -1, -1, -1, -1, -1, -1, -1, -1, -1, -1, -1, -1, -1, -1, -1, -1, -1, -1, -1, -1, -1, -1, -1, -1, -1, -1, -1, -1, -1, -1, -1, -1, -1, -1, -1, -1, -1, -1, -1, -1, -1, -1, -1, -1, -1, -1, -1, -1, -1, -1, -1, -1, -1, -1, -1, -1, -1, -1, -1, -1, -1, -1, -1, -1, -1, -1, -1, -1, -1, -1, -1, -1, -1, -1, -1, -1, -1, -1, -1, -1, -1, -1, -1, -1]"
"PORK,_UNCURED_(boiled,_cooked)_6120.html","[-1, -1, -1, -1, -1, -1, -1, -1, -1, -1, -1, -1, -1, -1, -1, -1, -1, -1, -1, -1, -1, -1, -1, -1, -1, -1, -1, -1, -1, -1, -1, -1, -1, '0.00006', '0.00047\xa0—\xa00.00069', -1, '0.00011\xa0—\xa00.0003', -1, '0.00006\xa0—\xa00.00035', '0.00538\xa0—\xa00.01003', -1, -1, -1, -1, -1, '3.95', -1, -1, '0.09', -1, -1, '0.027', -1, '0.00245\xa0—\xa00.00409', -1, '0.00098\xa0—\xa00.00221', '0.0003\xa0—\xa00.154', '0.00063\xa0—\xa00.643', '0.0014', '0.015', -1, -1, '0.0072', '0.0074', -1, -1, '0.00326\xa0—\xa00.00778', -1, -1, -1, -1, -1, -1, '0.0048', -1, -1, -1, -1, -1, '17.2', -1, -1, -1, -1, -1, -1, -1, 'trace\xa0—\xa00.00001', '0\xa0—\xa00.00002', 'trace\xa0—\xa00.00002', '0.00002\xa0—\xa00.00003', '0.278', -1, -1, -1, -1, -1, -1, -1, -1, -1, '0.0095\xa0—\xa095', '0.0059\xa0—\xa00.0091', -1, -1, -1, -1, -1, -1, -1, -1, -1, -1, -1, -1, -1, -1, -1, -1, -1, -1, -1, '0.011', -1, -1, '0.066\xa0—\xa00.117', '0.011\xa0—\xa00.014', -1, -1, -1, -1, -1, -1, -1, -1, -1, -1, -1, -1, -1, -1, -1, -1, -1, -1, -1, -1, -1, -1, -1, -1, -1, -1, -1, -1, -1, -1, -1, -1, -1, -1, '0\xa0—\xa00.00002', '0.00043\xa0—\xa00.00054', -1, -1, -1, -1, -1, -1, -1, -1, -1, -1, -1, -1, -1, '0.00018\xa0—\xa00.0003', -1, '2.17', -1, -1]"
MUTTON_(cooked)_6020.html,"['0.49', '0.15', '0.02', '0.67', '0.07', '0.02', '0.1', '0.2', '0.07', '0.08', '0.03', '0.76', '0.02', '0.44', '0.04', '0.02', '0.07', '0.42', '0.12', '0.2', '0.41', '6.26', '3.22', '0.36']"
CHICKEN_FAT_5740.html,"[-1, -1, -1, -1, -1, -1, -1, -1, -1, -1, -1, -1, -1, -1, -1, -1, -1, -1, -1, -1, -1, -1, -1, -1, -1, -1, -1, -1, -1, -1, -1, -1, -1, -1, -1, -1, -1, -1, -1, -1, -1, -1, -1, -1, -1, -1, -1, -1, -1, -1, -1, -1, -1, -1, -1, -1, -1, -1, '1.27', '0.4', '0.82', '0.17', -1, -1, -1, -1, -1, -1, -1, -1, '3.1', '0.19', -1, -1, -1, '0.28', -1, -1, -1, '0.64', -1, -1, '0.14', -1, -1, -1, -1, '2.31', -1, -1, -1, -1, -1, -1, -1, -1, '1.1', -1, -1, -1, '0.9', -1, -1, -1, -1, -1, -1, -1, -1, -1, -1, -1, -1, -1, -1, -1, -1, -1, -1, -1, '0.9', -1, '0.26', -1, '2.09', '0.23', -1, -1, -1, -1, -1, -1, -1, -1, -1, -1, -1, -1, -1, -1, -1, -1, -1, -1, -1, -1, -1, -1, -1, -1, -1, -1, -1, -1, -1, -1, -1, -1, -1, -1, -1, -1, -1, -1, -1, -1, -1, -1, -1, -1, -1, -1, -1, -1, -1, -1, -1, -1, -1, -1, -1, -1, -1, -1, -1, -1, -1, -1, -1, -1, -1, -1, -1, -1, -1, -1, -1, -1, -1, -1, -1, -1, -1, -1, -1, -1, -1, -1, -1, -1, -1, -1, -1, -1, -1, -1, -1, -1, -1, -1, -1, -1, -1, -1, -1, -1, -1, -1, -1, -1, -1, -1, -1, -1, -1, -1, -1, -1, -1, -1, -1, -1, -1, -1, -1, -1, -1, -1, -1, -1, -1, -1, -1, -1, -1, -1, -1, -1, -1]"
"PORK_RIB_MEAT_(raw,_Duroc-Bamei_hybrid_breed)_6102.html","[-1, -1, -1, -1, -1, -1, -1, -1, '372.4187', -1, -1, -1, -1, -1, -1, -1, -1, -1, -1, -1, -1, -1, -1, -1, -1, -1, -1, -1, -1, -1, -1, -1, -1, -1, '14880', -1, '24.78', '34.07', '25.5', '3.65', '467.56', '15.19', '8814.99', '60.6', '3507.2', '2063.42', '3223.04', '818.15', '6.86', '25.8', '444.55', -1, -1, -1, '9120', '10300', '7200', '12330', '21480', '10080', '2240', '5950', '42560', '7740', '8560', '4510', '7250', '5940', '4690', '14570', '679.7', '12.6', '22.8', '5.1']"
PORK_LOIN_(dry_aged_for_20_days_and_grilled)_35102.html,"[-1, -1, -1, -1, -1, -1, -1, -1, -1, -1, -1, -1, -1, -1, -1, -1, -1, -1]"
CHICKEN_SKIN_(baked)_5712.html,"['1.18875', '0.02097', '0.01245', '0.00136', '0.02564', '0.00722', '0.00998', '0.00178', '0.01825', '0.00269', '0.02234', '0.05465', '0.0401', '0.00252', '0.01107', '0.00744', '0.00792', '0.00349', '0.002', '0.00082', '0.00159', '0.00245', '0.00273', '0.01623', '0.02971', '0.00515', '0.08989', '0.00323', '0.00347', '0.01246', '0.00721', '0.06178', '0.03334', '0.04129', '0.04839', '0.07224', '0.0074', '0.00199', '0.00265', '0.00421', '0.00162', '0.00406', '0.01136']"
LONGAN_HONEY_(Euphoria_longana)_8130.html,"[-1, -1, -1, -1, -1, -1, -1, -1, -1, -1, -1, -1, -1, -1, -1, -1, -1, -1, -1, -1, -1, -1, -1, -1, -1, -1, -1, -1, -1, -1, -1, -1, -1, -1, -1, -1, -1, -1, -1, -1, -1, -1, -1, -1, -1, -1, -1, -1, -1, -1, -1, -1, -1, -1, -1, -1, -1, -1, -1, -1, -1, -1, -1, -1, -1, -1, -1, -1, -1, -1, -1, -1, -1, -1, -1, -1, -1, -1, -1, -1, -1, -1, -1, -1, -1, -1, -1, -1, -1, -1, -1, -1, -1, -1, -1, -1, -1, -1, -1, -1, -1, -1, -1, -1, -1, -1, -1, -1, -1, -1, -1, -1, -1, -1, -1]"
DOUCHI_12842.html,"['0\xa0\xa00.15', '0\xa0\xa00.02', '0\xa0\xa00.32', '0\xa0\xa00.30', '0\xa0\xa00.23', '0\xa0\xa07.75', '0.31\xa0\xa07.57', '0\xa0\xa030.85', '0\xa0\xa01.71', '0\xa0\xa00.15', '0\xa0\xa00.04', '0\xa0\xa02.29', '0\xa0\xa02.50', '0.11\xa0\xa02.50', '0.06\xa0\xa01.59', '0\xa0\xa01.04', '0\xa0\xa00.15', '0\xa0\xa00.22', '0\xa0\xa00.02', '0\xa0\xa00.16', '0\xa0\xa030.85', '0\xa0\xa00.05', '0\xa0\xa00.12', '0\xa0\xa00.50', '1.01\xa0\xa07.36', '0.17\xa0\xa017.15', '0\xa0\xa00.24', '0.13\xa0\xa07.78', '0\xa0\xa00.32', '0\xa0\xa00.47', '0\xa0\xa00.38', '0\xa0\xa00.18', '0\xa0\xa00.21', '0\xa0\xa00.06', '0\xa0\xa00.47', '0\xa0\xa01.99', '0\xa0\xa00.11', '0\xa0\xa00.14', '0\xa0\xa00.22', '0\xa0\xa00.50', '0\xa0\xa016.35', '0\xa0\xa01.32', '0\xa0\xa03.47', '0.16\xa0\xa020.71', '0\xa0\xa00.87', '0\xa0\xa00.25', '0\xa0\xa00.47', '0\xa0\xa00.19', '0\xa0\xa00.15', '1.02\xa0\xa06.94', '0\xa0\xa00.64', '0\xa0\xa012.87', '0.88\xa0\xa026.16', '0\xa0\xa00.18', '0\xa0\xa00.16', '0\xa0\xa018.86', '0\xa0\xa00.12', '0\xa0\xa09.87', '0\xa0\xa00.11', '0.06\xa0\xa00.49', '0\xa0\xa00.10', '0\xa0\xa00.07', '0\xa0\xa00.05', '0\xa0\xa02.03', '0\xa0\xa00.06', '0\xa0\xa00.05', '0\xa0\xa00.48', '0\xa0\xa00.18', '0.05\xa0\xa00.88', '0.10\xa0\xa04.25', '0\xa0\xa00.33', '0\xa0\xa00.10', '0\xa0\xa00.36', '0\xa0\xa00.08', '0.40\xa0\xa08.41', '0\xa0\xa00.37', '0\xa0\xa04.36', '0\xa0\xa01.18', '0\xa0\xa00.46', '0.05\xa0\xa04.49', '0\xa0\xa00.13', '0.09\xa0\xa00.52', '0.16\xa0\xa015.52', '0\xa0\xa00.10', '0\xa0\xa04.20', '0\xa0\xa03.01', '0\xa0\xa00.09', '0\xa0\xa00.05', '0\xa0\xa02.33', '0\xa0\xa00.42', '0\xa0\xa00.81', '0\xa0\xa00.19', '0\xa0\xa00.11', '34.47\xa0\xa047.65', '0\xa0\xa00.21', '0\xa0\xa00.57', '0.21\xa0\xa02.13', '0.50\xa0\xa01.96', '0\xa0\xa00.39', '0\xa0\xa00.06', '0.17\xa0\xa03.25', '0\xa0\xa00.22', '0\xa0\xa00.10', '0\xa0\xa00.10', '0\xa0\xa011.76', '0\xa0\xa00.57', '0\xa0\xa00.19', '0\xa0\xa00.15', '0\xa0\xa00.14', '0\xa0\xa00.20', '0\xa0\xa00.07', '0\xa0\xa00.07', '0\xa0\xa00.18', '0\xa0\xa00.42', '0\xa0\xa00.21', '0\xa0\xa00.17', '0.04\xa0\xa00.50', '0\xa0\xa00.23', '0\xa0\xa02.49', '0\xa0\xa00.68', '0\xa0\xa00.39', '0\xa0\xa00.15', '0\xa0\xa00.13', '0\xa0\xa00.98', '0\xa0\xa00.03', '0.26\xa0\xa014.53', '0.08\xa0\xa02.63', '0.06\xa0\xa00.63', '0.30\xa0\xa09.13']"
EUCALYPTUS_ESSENTIAL_OIL_(E._grandis×E._urophylla)_36300.html,"[-1, -1, -1, -1, -1, -1, -1, -1, -1, -1, -1, -1, -1, -1, -1, -1, -1, -1, -1, -1, -1, -1]"
YELLOW_BOX_HONEY_(Eucalyptus_melliodora)_8110.html,"[-1, -1, -1, -1, '0.1\xa0—\xa01.8', -1, '0.1\xa0—\xa00.3', '0.5\xa0—\xa01.5', '0.1\xa0—\xa00.3', '0\xa0—\xa00.7', '0.2\xa0—\xa02.1', '0.2\xa0—\xa01.6', '0.1\xa0—\xa00.4', -1, -1, -1, -1, -1, -1, -1, -1, '0\xa0—\xa00.2', -1, -1, -1, -1, -1, '5.1\xa0—\xa018.4', '3.5\xa0—\xa010.5', '0\xa0—\xa00.3', '0.1\xa0—\xa00.6', '0.1\xa0—\xa00.2', -1, '0.3\xa0—\xa00.4', -1, '0.5\xa0—\xa08.3', '0.2\xa0—\xa02.7', -1, '7.5\xa0—\xa014.7', '0\xa0—\xa00.5', '0.3\xa0—\xa01', '0.2\xa0—\xa00.5', '0.9\xa0—\xa02.1', -1, '0.1\xa0—\xa00.6', '0\xa0—\xa00.6', -1, -1, -1, '0.2\xa0—\xa03.4', -1, '0.2\xa0—\xa00.7', '0.2\xa0—\xa06.6', '0.2\xa0—\xa00.4', '1.3\xa0—\xa013.2', -1]"
WILLOW_HONEY_(Salix_species)_8125.html,"[-1, -1, '0.2', '0.4', -1, -1, -1, -1, -1, '0.1', '0.1', -1, -1, -1, -1, -1, -1, -1, '0.9', -1, '0.6', -1, -1, '1.4', '0.2', -1, -1, -1, -1, -1, -1, -1, '42', '106', -1, '0.2', '0.2', '1.5', 'trace', '1', -1, '0.1', 'trace', '0.4', '0.7', '0.2', -1, '0.1', '0.5', '0.5', '0.1', '1.5', '0.7', '0.1', -1, -1, -1, -1, -1, -1, -1, -1, -1]"
MASTIC_(Pistacia_lentiscus_L.)_GALL_OIL_25550.html,"['<1000', '<1000', '3000', '10000', -1, '2000', '4000', '7000', -1, -1, '6000', '68000', '30000', '44000', '17000', '<1000', '5000', '<1000', '33000', '11000', '81000', '7000', '34000', '131000', '3000', -1, '18000', '1000', '12000', '<1000', '3000', '<1000', '1000', '19000', '18000', '<1000', '6000', '2000', '38000', '5000', '22000', '27000', '2000', '9000', '2000', '<1000', '5000', '3000', '<1000', '2000', '1000', '1000', '2000', '2000', '13000']"
THISTLE_HONEY_(Carduus_nutans)_8129.html,"['0.1\xa0—\xa00.2', '1.7\xa0—\xa04.6', '0.2\xa0—\xa01.4', '0.8\xa0—\xa06', '0.9\xa0—\xa07', '0\xa0—\xa00.3', 'trace\xa0—\xa00.3', '1.9\xa0—\xa011', '0\xa0—\xa01.1', '0.3\xa0—\xa02.7', '0.2\xa0—\xa00.7', '0.1\xa0—\xa01.2', '0\xa0—\xa00.6', '0.5\xa0—\xa04.6', '0\xa0—\xa00.3', '0.1\xa0—\xa00.4', 'trace\xa0—\xa00.4', '0.7\xa0—\xa02.4', '0.1\xa0—\xa00.5', '0.2\xa0—\xa00.7', '0.7\xa0—\xa02.7', '0.2\xa0—\xa00.8', '0.2\xa0—\xa01.5', '6.4\xa0—\xa030', '0.1\xa0—\xa04.9', '0\xa0—\xa00.6', '0.1\xa0—\xa00.7', '0\xa0—\xa00.7', 'trace\xa0—\xa00.4', '0.1\xa0—\xa04.3', '2.4\xa0—\xa015', '0.1\xa0—\xa01', '0\xa0—\xa00.5', '0\xa0—\xa01.5', '1\xa0—\xa05.5', '0.1\xa0—\xa00.6', '0\xa0—\xa00.5', '0.3\xa0—\xa06.5', '0\xa0—\xa00.7', '0.2\xa0—\xa01.6', '0.1\xa0—\xa01', '0.2\xa0—\xa01.2', '0.1\xa0—\xa02.2', '0\xa0—\xa00.3', '0\xa0—\xa00.3', '0.2\xa0—\xa02.1', '0.3\xa0—\xa02.4', '0\xa0—\xa00.5', '0\xa0—\xa00.3']"
JAPANESE_SOY_SAUCE_(Sai-Shikomi)_12846.html,"['0.278\xa0\xa00.278', '0.301\xa0\xa00.301', '6.850\xa0\xa06.850', '0.00924\xa0\xa00.00924', '0.151\xa0\xa00.151', '1.410\xa0\xa01.410', '3.140\xa0\xa03.140', '2.130\xa0\xa02.130', '0.00352\xa0\xa00.00352', '0.00422\xa0\xa00.00422', '0.00525\xa0\xa00.00525', '0.0900\xa0\xa00.0900', '5.510\xa0\xa05.510', '0.240\xa0\xa00.240', '1.930\xa0\xa01.930', '0.527\xa0\xa00.527', '0.00949\xa0\xa00.00949', '0.0465\xa0\xa00.0465', '5.510\xa0\xa05.510', '0.653\xa0\xa00.653', '7.910\xa0\xa07.910']"
BLACK_SOYBEAN_SAUCE_12849.html,"[-1, -1, -1, -1, -1, -1, -1, -1, -1, -1, -1, -1, -1, -1, -1, -1, -1, -1, -1, -1, -1, -1, -1, -1, -1, -1, -1, -1, -1, -1, -1, -1, -1, -1, -1, -1, -1, -1, -1, -1, -1, -1, -1, -1, -1, -1, -1, -1, -1, -1, -1, -1, -1, -1, -1, -1, -1, -1, -1, -1, -1, -1, -1, -1, -1, -1, -1, -1, -1, -1, -1, -1, -1, -1, -1, -1, -1, -1, -1, -1, -1, -1, -1, -1, -1, -1, -1, -1, -1, -1, -1, -1, -1, -1, -1, -1, -1, -1, -1, -1, -1, -1, -1, -1, -1, -1, -1, -1, -1, -1, -1, -1, -1, -1, -1, -1, -1, -1, -1, -1, -1, -1, -1, -1, -1, -1]"
HOP_OIL_(Humulus_lupulus_cv._Whitbreads_Golding)_6211.html,"[-1, -1, -1, -1, -1, -1, -1, -1, -1, -1]"
RAPESEED_RAW_29020.html,"['0.014', '0.0085', '0.164', -1, '0.00192', '0.0238', '0.0759', '0.00254', '0.00833', '0.00047', '<0.00024', '7.03', -1, '0.141', '0.102', '0.102', '4.93', '1.14', '0.0105', '0.0429', '0.164', '<0.00006', '<0.00032', -1, '<0.00021', '<0.00024', '0.00029', '0.00107', '0.00198', '<0.00008', '0.016', '<0.00027', '0.98', '0.00024', '0.00013', '0.0134', -1, '0.113', '<0.001', -1]"
BANKSIA_HONEY_(several_species)_8112.html,"[-1, -1, -1, -1, -1, -1, -1, -1, -1, -1, -1]"
CHESTNUT_HONEY_(Castanea_sativa_L.)_8119.html,"['0.2', '0.25', '0.06', -1, -1, -1, -1, -1, -1, -1, -1, -1, -1, -1, -1, -1, -1, -1, -1, -1, -1, -1, -1, -1, -1, -1, -1, -1, -1, -1, -1, -1, -1, -1, -1, -1, -1, -1, -1, -1, '0.003', '0.006', '0.008', -1, -1, -1, -1, -1, -1, '39\xa0—\xa0674', -1, '0\xa0—\xa0309', -1, '0.009', '0.2', -1, -1, -1, -1, -1, -1, -1, -1, -1, -1, -1, -1, -1, -1, -1, -1, -1, -1, -1, -1, -1, -1, -1, -1, -1, '0.65', '0.02\xa0—\xa00.7', '0.008\xa0—\xa00.5', '0.02\xa0—\xa00.25', -1, -1, '0.01', '0.005', -1, -1, -1, -1, -1, -1, '0.006\xa0—\xa00.05', '0.09', '0.17', '0.02', '0.13', '0.15', '0.1', -1, '0.06', '0.3', -1, '0.01', -1, '0.3', -1, -1, '0.9\xa0—\xa04.2', -1, -1, -1, -1, -1, -1, -1, -1, -1, -1, -1, -1, -1, -1, -1, -1, -1, -1, -1, -1, -1, -1, -1, -1, -1, -1, '2\xa0—\xa06.4', '1.8\xa0—\xa05.6', '0.2', '0.08', -1, -1, -1, -1, -1, -1, -1, -1, -1, -1, -1, -1, -1, -1, -1, -1, -1, -1, '0.2', -1, -1, -1, -1, '4.4', -1, '0.1', -1, -1, -1, '0.03\xa0—\xa00.3', '0.004\xa0—\xa00.03', -1, '3.5\xa0—\xa038', -1, -1, -1, -1, -1, -1]"
"ROSELLE_CALYCES,_RED_CULTIVAR_(mature)_35909.html","['1.1981', '40.9039', '324.6804']"
PURPLE_MILK_THISTLE_HONEY_(Silybum_marianum)_8149.html,"[-1, -1, -1, -1, -1, -1, -1, -1, -1, -1, -1, -1, -1, -1, -1, -1, -1, -1, -1, -1, -1, -1, -1, -1, -1, -1, -1, -1, -1, -1, -1, -1, -1]"
DANDELION_HONEY_(Taraxacum_officinale_Web.)_8120.html,"['0.02', '0.8', '0.03', -1, -1, -1, -1, -1, -1, '0.001', '0.003', '19', -1, -1, -1, -1, -1, -1, -1, '0.1', '0.006', '0.01', '0.004', '0.003', -1, '0.2', '0.03', '0.1', -1, '0.7\xa0—\xa00.9', -1, -1, -1, -1, -1, -1, -1, -1, '1.1\xa0—\xa03.9', '3.5\xa0—\xa04.9', '2.9\xa0—\xa03.7', '1.1\xa0—\xa01.2', '1.1', '10\xa0—\xa024', '1\xa0—\xa02', '2.4\xa0—\xa03.8', '4.3\xa0—\xa06.1', '1\xa0—\xa03', '2.1\xa0—\xa02.6', '0.3', '0.03', -1, -1, '0.05', '0.02', '0.09', -1, -1, -1, -1, -1, -1, -1, '4\xa0—\xa021', -1, -1, -1, -1, -1]"
RAPE_HONEY_(Brassica_napus_L.)_8103.html,"['0.04', -1, '0.3\xa0—\xa01.1', -1, '0\xa0—\xa00.04', -1, -1, -1, -1, -1, '0.01', '0.01', -1, -1, -1, '5\xa0—\xa044', -1, -1, '0.06', -1, -1, -1, -1, -1, -1, -1, '0.359\xa0—\xa00.394', -1, '0.254\xa0—\xa00.31', -1, -1, -1, -1, '0.15', '0.004\xa0—\xa00.04', '0.004\xa0—\xa00.026', '0.007\xa0—\xa00.024', -1, '0\xa0—\xa00.014', -1, -1, -1, -1, '0.0001\xa0—\xa00.0002', '0.007\xa0—\xa00.13', '0.06', -1, '0.0062\xa0—\xa00.01', '0.0493\xa0—\xa00.3', '0.04', '0.1', '0.0339\xa0—\xa00.2', '0.02', '0.1\xa0—\xa00.34', -1, '0.04', -1, '0\xa0—\xa00.4', -1, '0.004', -1, '0.7\xa0—\xa00.8', -1, '0.0059\xa0—\xa00.0076', -1, -1, -1, '1.1\xa0—\xa01.15', '0.921\xa0—\xa01.53', -1, -1, -1, -1, -1, -1, -1, -1, '3.58\xa0—\xa019', '0\xa0—\xa00.8', '0.98\xa0—\xa02.4', '0.2\xa0—\xa00.4', '0.3\xa0—\xa01.49', '0\xa0—\xa00.9', '2\xa0—\xa020', '0.3\xa0—\xa00.6', '1.04\xa0—\xa01.6', '0.7\xa0—\xa01.2', '0.08', '0\xa0—\xa00.4', '0\xa0—\xa00.7', '2.67', '1.7\xa0—\xa02.1', '0.5\xa0—\xa00.8', '0.7', '0.5\xa0—\xa01.1', '0.13', '0.12', '0.03', -1, '0.0004\xa0—\xa00.0005', -1, '0.085', '0\xa0—\xa00.004', '0.00016\xa0—\xa00.0008', -1, -1, '1.7', -1, '0.1', -1, -1, -1, -1, -1, -1, -1, -1, -1, '0.0006\xa0—\xa00.0008', -1, '0.0143\xa0—\xa00.0186', '0.0028\xa0—\xa00.0031', -1, '0\xa0—\xa00.007', '0\xa0—\xa00.004', -1, -1, '13\xa0—\xa025', -1, -1, -1, -1, -1, '0.74', '0.28', '0.81', '0.38', -1]"
KONARA_OAK_(Q._serrata)_34503.html,"['0.707', '0.151', '0.071', '0.281', '0.069', '0.091', '0.377', '1.7', '0.602', '0.585', '0.142']"
"PISTACIA_PALAESTINA,_FRUIT_OIL_27230.html","['<1000', '0\xa0—\xa01000', '38000\xa0—\xa0130000', '338000\xa0—\xa0413000', '12000\xa0—\xa013000', '0\xa0—\xa04000', '5000\xa0—\xa027000', '7000\xa0—\xa044000', '<1000\xa0—\xa011000', '27000\xa0—\xa041000', '23000\xa0—\xa030000', '0\xa0—\xa04000', '53000\xa0—\xa065000', '28000\xa0—\xa036000', '0\xa0—\xa04000', '8000\xa0—\xa012000', '203000\xa0—\xa0241000', '0\xa0—\xa01000', '3000\xa0—\xa06000', '0\xa0—\xa05000', '0\xa0—\xa03000', '5000\xa0—\xa013000', '0\xa0—\xa03000', '3000\xa0—\xa05000', '4000\xa0—\xa013000', '15000\xa0—\xa064000', '0\xa0—\xa011000', '0\xa0—\xa06000', '0\xa0—\xa05000']"
BIRCH_TREE_SMOKE_36809.html,"['26.5', '18.7', '15.3', '27.1', '36', '77.9', '50.1', '11.2']"
"MISO_(soy_bean,_rice_or_fish)_28900.html","[-1, -1, -1, -1, -1, -1, -1, -1, -1, -1, -1, -1, -1, -1, -1, -1, -1, -1, -1, -1, -1, -1, -1, -1, -1, -1, -1, -1, -1, -1, -1, -1, -1, -1, -1, -1, -1, -1, -1, -1, -1, -1, -1, -1, -1, -1, -1, -1, -1, -1, -1, -1, -1, -1, -1, -1, -1, -1, -1, -1, -1, -1, -1, -1, -1, -1, -1, -1, -1, -1, -1, -1, -1, -1, -1, -1, -1, -1, -1, -1, -1, -1, -1, -1, -1, -1, -1, -1, -1, -1, -1, -1, -1, -1, -1, -1, -1, -1, -1, -1, -1, -1, -1, -1, -1, -1, -1]"
STRAWBERRY_TREE_HONEY_(Arbutus_unedo_L.)_8136.html,"['0.1\xa0—\xa021', '0.3\xa0—\xa07', '<0.01\xa0—\xa01.3', '0.8\xa0—\xa034', '0.6\xa0—\xa048', '4\xa0—\xa08', '0.3\xa0—\xa01.6', '0.3\xa0—\xa01.6', '0.5\xa0—\xa01.6', '<0.01\xa0—\xa02.3']"
FRENCH_OAK_(Q._sessiliflora_Sallisb.)_34506.html,"['8.32\xa0—\xa024.17', '0.44\xa0—\xa01.37', '52.16\xa0—\xa070.2', '0.53\xa0—\xa00.89', '4.95\xa0—\xa08.76', '2.87\xa0—\xa05.64', '1.13\xa0—\xa01.55', '1.01\xa0—\xa01.64', '4.93', '1.6\xa0—\xa01.93', '0.79\xa0—\xa01.19', -1, '1.17\xa0—\xa01.22', '0.36\xa0—\xa00.79', '0.33\xa0—\xa02.87', '13.63\xa0—\xa092.85', '0.77\xa0—\xa010.7', '0.98\xa0—\xa013.22', '1.48\xa0—\xa01.5']"
CITRUS_SPECIES_HONEY_8132.html,"[-1, -1, -1, -1, -1, -1, -1, -1, -1, -1, -1, -1, -1, -1, -1, -1, -1, -1, -1, -1, -1, -1, -1, -1, -1, -1, -1, '0.6\xa0—\xa04.2', -1, -1, -1, -1, -1, -1, -1, -1, -1, -1, -1, -1, -1, -1, -1, -1]"
HONEYDEW_HONEY_(Cucumis_melo_L.)_8137.html,"[-1, -1, -1, -1, -1, -1, -1, -1, -1, -1, -1, -1, -1, -1, -1, -1, -1, -1, -1, -1, -1, -1, -1, -1, -1, -1, -1, -1, -1, -1]"
NAMPLA_(standard)_39102.html,"['0.00009\xa0\xa00.00009', '0.00816\xa0\xa00.00816', '0.00006\xa0\xa00.00006', '0.00001\xa0\xa00.00001', '0.01449\xa0\xa00.01449', '0.02954\xa0\xa00.02954', '0.00008\xa0\xa00.00008', '0.00006\xa0\xa00.00006', '0.00332\xa0\xa00.00332', '0.00045\xa0\xa00.00045', '0.00232\xa0\xa00.00232', '0.00006\xa0\xa00.00006', '0.00004\xa0\xa00.00004', '0.00005\xa0\xa00.00005', '0.00017\xa0\xa00.00017', '0.00310\xa0\xa00.00310', '0.00042\xa0\xa00.00042', '0.00080\xa0\xa00.00080', '0.00044\xa0\xa00.00044', '0.00014\xa0\xa00.00014', '0.00108\xa0\xa00.00108', '0.00004\xa0\xa00.00004', '0.00020\xa0\xa00.00020', '0.00007\xa0\xa00.00007', '0.00010\xa0\xa00.00010', '0.00011\xa0\xa00.00011', '0.00015\xa0\xa00.00015', '0.00010\xa0\xa00.00010', '0.00007\xa0\xa00.00007', '0.00006\xa0\xa00.00006', '0.00011\xa0\xa00.00011', '0.00002\xa0\xa00.00002', '0.00199\xa0\xa00.00199', '0.00015\xa0\xa00.00015', '0.00003\xa0\xa00.00003', '0.00005\xa0\xa00.00005', '0.00008\xa0\xa00.00008', '0.00215\xa0\xa00.00215', '0.00012\xa0\xa00.00012', '0.00254\xa0\xa00.00254', '0.01692\xa0\xa00.01692', '0.00087\xa0\xa00.00087', '0.00045\xa0\xa00.00045', '0.000205\xa0\xa00.000205', '0.00005\xa0\xa00.00005', '0.00012\xa0\xa00.00012', '0.00149\xa0\xa00.00149', '0.00009\xa0\xa00.00009', '0.00971\xa0\xa00.00971', '0.00005\xa0\xa00.00005', '0.00056\xa0\xa00.00056', '0.00012\xa0\xa00.00012', '0.00011\xa0\xa00.00011', '0.00019\xa0\xa00.00019', '0.00095\xa0\xa00.00095', '0.00007\xa0\xa00.00007', '0.00805\xa0\xa00.00805', '0.00009\xa0\xa00.00009', '0.00002\xa0\xa00.00002', '0.00001\xa0\xa00.00001', '0.00007\xa0\xa00.00007', '0.00033\xa0\xa00.00033', '0.00010\xa0\xa00.00010', '0.00015\xa0\xa00.00015', '0.00019\xa0\xa00.00019', '0.00003\xa0\xa00.00003', '0.00060\xa0\xa00.00060', '0.00002\xa0\xa00.00002', '0.00409\xa0\xa00.00409', '0.00095\xa0\xa00.00095', '0.01736\xa0\xa00.01736', '0.03105\xa0\xa00.03105', '0.01005\xa0\xa00.01005', '0.01527\xa0\xa00.01527', '0.15934\xa0\xa00.15934', '0.00005\xa0\xa00.00005', '0.00005\xa0\xa00.00005', '0.00166\xa0\xa00.00166', '0.00004\xa0\xa00.00004', '0.02605\xa0\xa00.02605', '0.00023\xa0\xa00.00023', '0.00003\xa0\xa00.00003', '0.00002\xa0\xa00.00002', '0.00008\xa0\xa00.00008', '0.00009\xa0\xa00.00009', '0.00139\xa0\xa00.00139', '0.00064\xa0\xa00.00064', '0.00008\xa0\xa00.00008', '0.00008\xa0\xa00.00008', '0.00003\xa0\xa00.00003', '0.00003\xa0\xa00.00003', '0.00007\xa0\xa00.00007', '0.00020\xa0\xa00.00020', '0.00016\xa0\xa00.00016', '0.00014\xa0\xa00.00014', 'trace\xa0\xa00', '0.0296\xa0\xa00.0296', '0.00016\xa0\xa00.00016', 'trace\xa0\xa00', '0.00077\xa0\xa00.00077', '0.00087\xa0\xa00.00087', '0.00117\xa0\xa00.00117', '0.02895\xa0\xa00.02895', '0.00002\xa0\xa00.00002', '0.00109\xa0\xa00.00109', '0.00009\xa0\xa00.00009', '0.00069\xa0\xa00.00069', '0.00195\xa0\xa00.00195', '0.00093\xa0\xa00.00093', '0.00145\xa0\xa00.00145', '0.02826\xa0\xa00.02826', '0.00001\xa0\xa00.00001', '0.00047\xa0\xa00.00047', '0.00012\xa0\xa00.00012', '0.00572\xa0\xa00.00572', '0.00033\xa0\xa00.00033', '0.00075\xa0\xa00.00075', '0.00030\xa0\xa00.00030', '0.00188\xa0\xa00.00188', '0.00006\xa0\xa00.00006', '0.00003\xa0\xa00.00003', '0.00009\xa0\xa00.00009', '0.00013\xa0\xa00.00013', '0.00006\xa0\xa00.00006', '0.00016\xa0\xa00.00016', '0.00011\xa0\xa00.00011', '0.00062\xa0\xa00.00062']"
JAPANESE_SOY_SAUCE_(Shiro)_12847.html,"['0.073\xa0\xa00.073', '0.086\xa0\xa00.086', '1.240\xa0\xa01.240', '0.00171\xa0\xa00.00171', '0.0305\xa0\xa00.0305', '0.0114\xa0\xa00.0114', '0.153\xa0\xa00.153', '0.126\xa0\xa00.126', '0.00178\xa0\xa00.00178', '0.000473\xa0\xa00.000473', '0.000605\xa0\xa00.000605', '0.000566\xa0\xa00.000566', '0.00491\xa0\xa00.00491', '0.0380\xa0\xa00.0380', '0.954\xa0\xa00.954', '0.00202\xa0\xa00.00202', '0.00304\xa0\xa00.00304']"
C._ERECTUS_LEAVE_EXTRACT_36204.html,"['4.97', '0.75', '0.3', '2.49', '33.28', '3.47', '0.72', '23.72', '1.69', '32.74', '55.73', '0.44', '0.3', '0.18', '593.14', '19.7', '214.32']"
SOY_SAUCE_(light)_12851.html,"['0.00011\xa0\xa00.00011', '0.00001\xa0\xa00.00001', '0.00001\xa0\xa00.00001', '0.00014\xa0\xa00.00014', '0.00008\xa0\xa00.00008', '0.00306\xa0\xa00.00306', '0.00001\xa0\xa00.00001', '0.24506\xa0\xa00.24506', '0.01545\xa0\xa00.01545', '0.00055\xa0\xa00.00055', '0.00015\xa0\xa00.00015', '0.00550\xa0\xa00.00550', '0.00058\xa0\xa00.00058', '0.01179\xa0\xa00.01179', '0.06948\xa0\xa00.06948', '0.00005\xa0\xa00.00005', '0.00007\xa0\xa00.00007', '0.00013\xa0\xa00.00013', '0.00039\xa0\xa00.00039', '0.00012\xa0\xa00.00012', '0.00007\xa0\xa00.00007', '0.00006\xa0\xa00.00006', '0.00015\xa0\xa00.00015', '0.00001\xa0\xa00.00001', '0.00009\xa0\xa00.00009', '0.00077\xa0\xa00.00077', '0.00007\xa0\xa00.00007', '0.00010\xa0\xa00.00010', '0.00010\xa0\xa00.00010', '0.00038\xa0\xa00.00038', '0.00398\xa0\xa00.00398', '0.00005\xa0\xa00.00005', '0.00007\xa0\xa00.00007', '0.00019\xa0\xa00.00019', '0.00005\xa0\xa00.00005', '0.00012\xa0\xa00.00012', '0.00020\xa0\xa00.00020', '0.00003\xa0\xa00.00003', '0.00009\xa0\xa00.00009', '0.00007\xa0\xa00.00007', '0.09084\xa0\xa00.09084', '0.00013\xa0\xa00.00013', '0.00565\xa0\xa00.00565', '0.04432\xa0\xa00.04432', '0.00040\xa0\xa00.00040', '0.01136\xa0\xa00.01136', '0.00588\xa0\xa00.00588', '0.00004\xa0\xa00.00004', '0.00006\xa0\xa00.00006', '0.00063\xa0\xa00.00063', '0.00007\xa0\xa00.00007', '0.00069\xa0\xa00.00069', '0.00005\xa0\xa00.00005', '0.00172\xa0\xa00.00172', '0.00008\xa0\xa00.00008', '0.00011\xa0\xa00.00011', '0.00015\xa0\xa00.00015', '0.00015\xa0\xa00.00015', '0.00007\xa0\xa00.00007', '0.00090\xa0\xa00.00090', '0.00013\xa0\xa00.00013', '0.00010\xa0\xa00.00010', '0.00934\xa0\xa00.00934', '0.00251\xa0\xa00.00251', '0.00111\xa0\xa00.00111', '0.00006\xa0\xa00.00006', '0.00532\xa0\xa00.00532', '0.00046\xa0\xa00.00046', '0.00148\xa0\xa00.00148', '0.00136\xa0\xa00.00136', '0.00002\xa0\xa00.00002', '0.00044\xa0\xa00.00044', '0.00125\xa0\xa00.00125', '0.00625\xa0\xa00.00625', '0.00117\xa0\xa00.00117', '0.00329\xa0\xa00.00329', '0.03439\xa0\xa00.03439', '0.00547\xa0\xa00.00547', '0.00540\xa0\xa00.00540', '0.00046\xa0\xa00.00046', '0.00011\xa0\xa00.00011', '0.00056\xa0\xa00.00056', '0.00024\xa0\xa00.00024', '0.00033\xa0\xa00.00033', '0.00016\xa0\xa00.00016', '0.00081\xa0\xa00.00081', '0.00032\xa0\xa00.00032', '0.00112\xa0\xa00.00112', '0.00009\xa0\xa00.00009', '0.00054\xa0\xa00.00054', '0.00029\xa0\xa00.00029', '0.00037\xa0\xa00.00037', '0.00052\xa0\xa00.00052', '0.00108\xa0\xa00.00108', '0.00038\xa0\xa00.00038', '0.00236\xa0\xa00.00236', '0.00025\xa0\xa00.00025', '0.01319\xa0\xa00.01319', '0.00017\xa0\xa00.00017', '0.00007\xa0\xa00.00007', '0.00136\xa0\xa00.00136', '0.00896\xa0\xa00.00896', '0.00068\xa0\xa00.00068', '0.00011\xa0\xa00.00011', '0.00011\xa0\xa00.00011', '0.00004\xa0\xa00.00004', '0.00190\xa0\xa00.00190', '0.00249\xa0\xa00.00249', '0.00001\xa0\xa00.00001', '0.00027\xa0\xa00.00027', '0.00058\xa0\xa00.00058', '0.00060\xa0\xa00.00060', '0.00127\xa0\xa00.00127', '0.00762\xa0\xa00.00762', '0.00048\xa0\xa00.00048', '0.04033\xa0\xa00.04033', '0.00013\xa0\xa00.00013', '0.00003\xa0\xa00.00003', '0.00003\xa0\xa00.00003', '0.00028\xa0\xa00.00028', '0.00111\xa0\xa00.00111', '0.00104\xa0\xa00.00104', '0.00010\xa0\xa00.00010', '0.01478\xa0\xa00.01478', '0.00006\xa0\xa00.00006']"
"PISTACIA_ATLANTICA,_BUD_OIL_27140.html","['0\xa0—\xa01000', '<1000', '<1000\xa0—\xa026000', '0\xa0—\xa01000', '<1000', '27000\xa0—\xa032000', '<1000\xa0—\xa030000', '<1000\xa0—\xa046000', '14000\xa0—\xa035000', '<1000\xa0—\xa0424000', '22000\xa0—\xa0203000', '<1000', '13000\xa0—\xa0116000', '<1000', '<1000\xa0—\xa025000', '0\xa0—\xa031000', '<1000\xa0—\xa0521000', '0\xa0—\xa01000', '0\xa0—\xa01000', '<1000\xa0—\xa036000', '0\xa0—\xa01000', '0\xa0—\xa012000', '0\xa0—\xa01000', '0\xa0—\xa01000', '<1000\xa0—\xa021000', '0\xa0—\xa01000', '<1000', '0\xa0—\xa014000', '<1000\xa0—\xa038000', '<1000\xa0—\xa051000', '<1000\xa0—\xa011000', '0\xa0—\xa043000', '0\xa0—\xa017000', '<1000', '0\xa0—\xa012000', '0\xa0—\xa01000', '<1000', '<1000', '<1000\xa0—\xa010000', '0\xa0—\xa01000', '0\xa0—\xa07000', '<1000\xa0—\xa0101000', '0\xa0—\xa01000', '0\xa0—\xa01000', '0\xa0—\xa01000', '0\xa0—\xa015000', '0\xa0—\xa01000', '0\xa0—\xa01000', '<1000', '0\xa0—\xa01000', '0\xa0—\xa017000', '0\xa0—\xa01000', '0\xa0—\xa01000', '0\xa0—\xa01000', '<1000', '0\xa0—\xa09000']"
"ROSELLE_LEAF,_RED_CULTIVAR_(flowering_stage)_35907.html","['8.2759', '39.5082', '338.2014']"
"PISTACIA_PALAESTINA,_LEAF_OIL_27210.html","['27000', '5000', '133000', '11000', '4000', '<1000', '4000', '<1000', '43000', '5000', '2000', '631000', '15000', '3000', '<1000', '15000', '<1000', '5000', '<1000', '1000', '29000', '<1000', '<1000', '9000', '11000', '11000', '5000', '<1000', '<1000', '4000', '5000']"
LAVANDIN_HONEY_(Lavender_angustifolia_x_latifolia)_8139.html,"['0.02\xa0—\xa00.04', '0\xa0—\xa00.01', -1, -1, -1, -1, '0.06\xa0—\xa00.24', -1, -1, '2\xa0—\xa05', '0.4\xa0—\xa00.9', '0.03\xa0—\xa00.1', '0.7\xa0—\xa01.2', -1, -1, -1, '1\xa0—\xa01.8', '0.2\xa0—\xa00.3', '0.04\xa0—\xa00.08', '1.5\xa0—\xa02', -1, '0.08\xa0—\xa00.15', '1.5\xa0—\xa03', -1, -1, -1, -1, -1, -1, '1\xa0—\xa03', '22\xa0—\xa041', '0\xa0—\xa00.03', '0.09\xa0—\xa00.2', -1, -1, '0.07\xa0—\xa00.18', '0.05\xa0—\xa00.1', '0\xa0—\xa00.05', '0.06\xa0—\xa00.3', '4\xa0—\xa018', '6\xa0—\xa021', '906\xa0—\xa01830', '2\xa0—\xa08', '9\xa0—\xa015', '7\xa0—\xa026', -1, '3\xa0—\xa08', '199\xa0—\xa0430', '2\xa0—\xa08', '1\xa0—\xa03', '229\xa0—\xa0717', '3\xa0—\xa07', '12\xa0—\xa023', '3\xa0—\xa09']"
"ROSELLE_LEAF,_RED_CULTIVAR_(post-flowering_stage)_35908.html","['3.0903', '37.224', '350.62']"
HAZE_HONEY_(Rhus_succedanea)_8131.html,"['0.02', '0.01', '0.08', '0.04', '0.07', '0.05', '0.3', '0.006', '0.07', '0.07', '0.04', '0.035', '0.03', '0.6', '0.02', '0.05', '0.003', '0.01', '0.007', '0.008', '0.015', '0.02', '0.009', '0.02', '0.007', '0.01', '0.02', '0.002', '0.008', '0.005', '0.25', '0.03', '0.055', '0.03', '0.6', '0.006', '0.02', '0.003', '0.1', '3.2', '0.1', '4', '1', '0.8', '9.7', 'trace', 'trace', '0.03', '0.01', 'trace', '0.95', '0.14', '0.03', '0.02', '0.6', '0.05', -1, '0.02', '0.03', '0.02', 'trace', '0.2', '0.3', '0.4', '0.08', '0.04', '0.2', '0.04', '0.1', '0.4', '2.7', '0.27', '0.03', 'trace', 'trace', '0.005', '0.06', '0.07', '0.8', '0.065', '0.08', '0.035', '0.02', '0.025', '2', '2.5', '0.02', 'trace', '2.8', '0.03', '0.009', '0.1', '3.7', '3.4', '0.04', '0.4']"
POTATO_CHIPS_(American)_7900.html,"[-1, -1, -1, -1, '0.16\xa0—\xa00.5', -1, -1, -1, -1, -1, -1, -1, -1, -1, '0.01\xa0—\xa00.03', '<0.01', '0.03\xa0—\xa00.09', '0.03\xa0—\xa00.09', -1, -1, -1, '0.05\xa0—\xa00.15', -1, -1, '0.7\xa0—\xa02', '0.5\xa0—\xa01.5', -1, '0.02\xa0—\xa00.09', -1, '0.1\xa0—\xa00.6', -1, '0.02\xa0—\xa00.06', -1, -1, '0.08\xa0—\xa00.2', '0.03\xa0—\xa00.18', '0.01', '0.2\xa0—\xa00.6', -1, '0.01\xa0—\xa00.03', '0.01', '0.07\xa0—\xa00.2', -1, '0.01\xa0—\xa00.03', '0.01', -1, '0.02\xa0—\xa00.06', '<0.01', '0.02', '1.5', '0.1\xa0—\xa00.3', '0.8\xa0—\xa02.3', '0.02', -1, '<0.01', -1, '0.2\xa0—\xa00.7', '1.8\xa0—\xa05.4', -1, -1, -1, '0.11', '<0.01\xa0—\xa00.13', '<0.01', '0.07', '<0.01', -1, '0.04', -1, '0.01\xa0—\xa00.02', '<0.01\xa0—\xa00.03', '0.01', '<0.01', '0.02', -1, -1, -1, -1, -1, -1, -1, -1, -1, -1, -1, -1, -1, -1, -1, -1, -1, '0.06\xa0—\xa00.2', -1, -1, '3.9', -1, '1.3', '10.9', '1.5', '0.6', '1.1', '5.5', '0.2', '0.2', '0.2', -1, -1, -1, -1, '0.3', '2.2', '0.2', -1, -1, '0.2', -1, -1, -1, -1, -1, '0.01\xa0—\xa00.03', '0.2\xa0—\xa00.6', -1, -1, -1, -1, -1, -1, -1, '0.01\xa0—\xa00.03', '0.01\xa0—\xa00.03', '0.01\xa0—\xa00.03', '0.08\xa0—\xa00.2', '<0.01', '0.03\xa0—\xa00.09', '0.05\xa0—\xa00.15', '0.01\xa0—\xa00.03']"
JAPANESE_SOY_SAUCE_(Usukuchi)_12844.html,"['0.291\xa0\xa00.291', '0.189\xa0\xa00.189', '7.350\xa0\xa07.350', '0.00418\xa0\xa00.00418', '0.0363\xa0\xa00.0363', '0.321\xa0\xa00.321', '0.255\xa0\xa00.255', '3.120\xa0\xa03.120', '0.00114\xa0\xa00.00114', '0.00308\xa0\xa00.00308', '0.113\xa0\xa00.113', '0.165\xa0\xa00.165', '0.0264\xa0\xa00.0264', '1.080\xa0\xa01.080', '0.00328\xa0\xa00.00328', '0.0232\xa0\xa00.0232', '0.0408\xa0\xa00.0408', '7.740\xa0\xa07.740', '0.207\xa0\xa00.207', '1.680\xa0\xa01.680']"
CORNFLOWER_HONEY_(Centaurea_cyanus_L.)_8142.html,"[-1, -1, -1, -1, -1, -1, -1, -1, -1, -1, -1, -1, -1, -1, -1, -1, -1, -1, -1, -1, -1, -1, -1, -1, -1, -1, -1, -1, -1, -1, -1, -1, -1, -1, -1, -1, -1, -1, -1]"
ASPEN_TREE_SMOKE_36808.html,"['10.8', '10.9', '13.8', '12.4', '40.3', '35.2', '39.2', '9']"
AMBRETTE_SEED_ESSENTIAL_OIL(Abelmoschus_moschatus)_33000.html,"[-1, -1, -1, -1, -1, -1, -1, -1, -1, -1, -1, -1, -1, -1, -1, -1, -1, -1, -1, -1, -1, -1, -1, -1, -1, -1, -1, '12', '7', '10', '4', '2', -1, -1, -1, -1, -1, -1, -1, -1, -1, -1, -1, -1, -1, -1, -1, -1, -1, -1, -1, -1, -1, -1, -1, -1, -1, -1, -1, -1, -1, -1, -1, -1, -1, -1, '5', '1', '14', '1', '10', '13', '9', '1', '<1', '<1', '1', '4', '1', '10', '2', '<1', '2', '10', '7', '2', '75', '23', '2', '7', '50', '14', '11', '18', '4', '2', '2', '3', '7', '1', '2', '1', '1', '<1', '<1', '9', '2', '1', '<1', '<1', '<1', '1', '<1', '<1', -1, -1, '4']"
CARAWAY_HONEY_8141.html,"[-1, -1, -1, -1, -1, -1, -1, -1, -1, -1, -1, -1, -1, -1, -1, -1, -1, -1, -1, -1, -1, -1, -1, -1, -1, -1, -1, -1, -1, -1, -1, -1, -1, -1, -1, -1, -1, -1, -1, -1, -1]"
"RAW_PUMPKIN_SEED_OIL_(cold-pressed,_fresh)_29501.html","[-1, -1, -1, -1, -1, -1, -1, -1, -1, -1, -1, -1, -1, -1, -1, -1, -1, -1, -1, -1, -1, -1, -1, -1, -1, -1, -1, -1, -1, -1, -1, -1, -1, -1, -1, -1, -1, -1, -1, -1, -1, -1, -1, -1, -1, -1, -1, -1]"
CEDARWOOD_OIL_(J._osteosperma)_34808.html,"[-1, -1, -1, -1, -1, -1]"
SOY_SAUCE_(non-categorised)_12848.html,"[-1, -1, -1, -1, -1, -1, -1, -1, -1, -1, -1, -1, -1, -1, -1, -1, -1, -1, -1, -1, -1, -1, -1, -1, -1, -1, -1, -1, -1, -1, -1, -1, -1, -1, -1, -1, -1, -1, -1, -1, -1, -1, -1, -1, -1, -1, -1, -1, -1, -1, -1, -1, -1, -1, -1, -1, -1, -1, -1, -1, -1, -1, -1, -1, -1, -1, -1, -1, -1, -1, -1, -1, -1, -1, -1, -1, -1, -1, -1, -1, -1, -1, -1, -1, -1, -1, -1, -1, -1, -1, -1, -1, -1, -1, -1, -1, -1, -1, -1, -1, -1, -1, -1, -1, -1, -1, -1, -1, -1, -1, -1, -1, -1, -1, -1, -1, -1, -1, -1, -1, -1, -1, -1, -1, -1, -1]"
SESAME_SEED_(roasted)_10300.html,"[-1, -1, -1, -1, -1, -1, -1, -1, -1, -1, -1, -1, -1, -1, -1, -1, -1, -1, -1, -1, '0.089', -1, -1, -1, -1, -1, -1, -1, -1, -1, -1, -1, -1, -1, -1, -1, -1, -1, -1, '0.03', -1, -1, '0.019', -1, -1, -1, -1, -1, -1, -1, -1, -1, -1, -1, -1, -1, -1, -1, -1, '0.053', -1, -1, -1, -1, -1, '0.026', -1, -1, -1, -1, -1, -1, '0.8', '0.792', '0.408', '0.281', '0.689', -1, '0.006', '0.054', -1, '0.1', -1, -1, -1, '0.029', '0.17', '0.0047', '0.000011', -1, '0.011', -1, -1, -1, -1, -1, '0.269', -1, -1, -1, '0.072', -1, -1, -1, '2.51', -1, -1]"
MULTIFLORAL_HONEY_or_UNDEFINED_HONEY_8102.html,"[-1, -1, -1, -1, -1, -1, -1, -1, -1, -1, -1, -1, -1, -1, -1, -1, -1, -1, -1, -1, -1, -1, -1, -1, -1, -1, -1, -1, -1, -1, -1, -1, -1, -1, -1, -1, -1, -1, -1, -1, -1, -1, -1, -1, -1, -1, -1, -1, -1, -1, -1, -1, -1, -1, -1, -1, -1, -1, -1, -1, -1, -1, -1, -1, -1, -1, -1, -1, -1, -1, -1, -1, -1, -1, -1, -1, -1, -1, -1, -1, -1, -1, -1, -1, -1, -1, -1, -1, -1, -1, -1, -1, -1, -1, -1, -1, -1, -1, -1, -1, -1, -1, -1, -1, -1, -1, -1, -1, -1, -1, -1, -1, -1, -1, -1, -1, -1, -1, -1, -1, -1, -1, -1, -1, -1, -1, -1, -1, -1, -1, -1, -1, -1, -1, -1, -1, -1, -1, -1, -1, -1, -1, -1, -1, -1, -1, -1, -1, -1, -1, -1, -1, -1, -1, -1, -1, -1, -1, -1, -1, -1, '3', -1, -1, -1, -1, -1, -1, -1, -1, -1, -1, -1, -1, -1, -1, -1, -1, -1, -1, -1, -1, -1, -1, -1, -1, -1, -1, -1, -1, -1, -1, -1, -1, -1, '1.7\xa0—\xa047', '1.4\xa0—\xa03.1', '2.08\xa0—\xa03.9', -1, '0\xa0—\xa00.8', '5.1\xa0—\xa05.9', '0.6\xa0—\xa00.95', '0.46', '1\xa0—\xa011', '0.1\xa0—\xa01', '1.1\xa0—\xa03.8', -1, -1, -1, '0.17', '0\xa0—\xa00.7', -1, '1.39', '0\xa0—\xa01.7', '0.23', '0\xa0—\xa01.1', '0.92', -1, -1, -1, -1, -1, -1, -1, -1, -1, -1, -1, -1, -1, -1, -1, -1, -1, -1, -1, -1, -1, -1, -1, -1, -1, -1, -1, -1, -1, -1, -1, -1, -1, -1, -1, -1, -1, -1, -1, -1, -1, -1, -1, -1, -1, -1, -1, -1, -1, -1, -1, -1, -1, -1, -1, -1, -1, -1, -1, -1, -1, -1, -1, -1, -1, -1, -1, -1, -1, -1, -1, -1, -1, -1, -1, -1, -1, -1, -1, -1, -1, -1, -1, -1, -1, -1, -1, -1, -1, -1, -1, -1, -1, -1, -1, -1, -1, -1, -1, -1, -1, -1, -1, -1, -1, -1, -1, -1, '0.3\xa0—\xa015', -1, -1, -1, -1, -1, -1, -1, -1, -1, -1, -1, -1, -1, -1, '11.33', '0.58', '0.59', '0.27']"
TAGETES_MINUTA_OIL_31020.html,"['386', '106', '107', '5', '26']"
TAGETES_PATULA_OIL_31040.html,"[-1, -1, -1, -1, -1]"
PHACELIA_HONEY_(Phacelia_tanacetifolia_Benth.)_8146.html,"[-1, -1, -1, -1, -1, -1, -1, -1, -1, -1, -1, -1, -1, -1, -1, -1, -1, -1, -1, -1, -1, -1, -1, -1, -1, -1, -1, -1, -1, -1, -1, -1, -1, -1, -1, -1, -1, -1, -1, -1, -1, -1, -1, -1, -1, -1, -1, -1]"
TAGETES_TENUIFOLIA_OIL_31050.html,"[-1, -1, -1, -1, -1, -1]"
TAGETES_ERECTA_OIL_31030.html,"['13\xa0—\xa0183', '153\xa0—\xa019', -1]"
PORTUGUESE_OAK_(Q._pyrenaica_Willd)_34505.html,"['4.78\xa0—\xa021.13', '0\xa0—\xa01.93', '12.22\xa0—\xa077.26', '0\xa0—\xa00.99', '0.64\xa0—\xa08.35', '0.75\xa0—\xa03.24', '0.51\xa0—\xa02.31', '1.56\xa0—\xa03.82', '5.3\xa0—\xa07.15', '2.31\xa0—\xa03.1', '0.32\xa0—\xa01.59', -1, '0.94\xa0—\xa02.82', '0\xa0—\xa01.38', '0.45\xa0—\xa02.13', '1.94\xa0—\xa0138.33', '0\xa0—\xa016.8', '1.67\xa0—\xa026.42', '0\xa0—\xa01.84']"
CEDARWOOD_OIL_(J._erythrocarpa)_34804.html,"[-1, -1, -1, -1, -1, -1]"
MANUKA_HONEY_(Leptospermum_scoparium_Forst.)_8115.html,"[-1, -1, -1, -1, -1, -1, -1, -1, -1, -1, -1, -1, -1, -1, -1, -1, -1, -1, -1, -1, -1, -1, -1, -1, -1, -1, -1, -1, -1, -1, -1, -1, -1, -1, -1, -1]"
LEATHERWOOD_HONEY_(Eucryphia_lucida)_8117.html,"['0\xa0—\xa08.8', '0\xa0—\xa08.6', '0\xa0—\xa013', '0\xa0—\xa040', '0\xa0—\xa00.6', -1, '0\xa0—\xa03.4', '6\xa0—\xa076', '0\xa0—\xa047', '0\xa0—\xa015', -1, '0.2\xa0—\xa04.6', '28\xa0—\xa063', -1, 'trace\xa0—\xa08.5', '0.6\xa0—\xa011', '0\xa0—\xa00.6', '10\xa0—\xa015', '13\xa0—\xa036', 'trace\xa0—\xa00.2', '8.8\xa0—\xa020', -1, '0\xa0—\xa02.3', '0.8\xa0—\xa05.6', '0\xa0—\xa00.1', '1.1\xa0—\xa015', '0\xa0—\xa012', '0\xa0—\xa01.8', '15\xa0—\xa033', '5\xa0—\xa046', '0\xa0—\xa037', 'trace\xa0—\xa00.9', -1, 'trace', '6\xa0—\xa011', '17\xa0—\xa029', '0.4\xa0—\xa05.4', '0\xa0—\xa00.1', '0\xa0—\xa00.8', '0\xa0—\xa02.2', '0\xa0—\xa016.7', -1, '0\xa0—\xa00.3', 'trace\xa0—\xa00.7', -1, '11\xa0—\xa015', '8\xa0—\xa016', 'trace\xa0—\xa010', 'trace', -1, '21\xa0—\xa0106', '0\xa0—\xa05.8', '8\xa0—\xa024', -1, 'trace', '9.6\xa0—\xa018.5', '0\xa0—\xa01.6', -1, 'trace', '5\xa0—\xa025', -1, -1, '0\xa0—\xa00.1', 'trace', '0.07']"
SUNFLOWER_HONEY_(Helianthus_annuus_L.)_8124.html,"['0.2', -1, -1, -1, -1, -1, -1, -1, -1, -1, -1, -1, '0.01', '8\xa0—\xa0140', -1, -1, -1, '0.01', -1, -1, -1, -1, -1, -1, -1, -1, -1, -1, '0.5', '0.004\xa0—\xa00.008', '0.004\xa0—\xa00.008', '0.004\xa0—\xa00.013', '0.001', -1, -1, -1, '0.009', '0.01', '0.003\xa0—\xa00.004', '0.003\xa0—\xa00.004', '0.07', '0.003\xa0—\xa00.004', '0.14', -1, '0.03', -1, '0.09', -1, -1, '0.05\xa0—\xa00.08', -1, -1, -1, -1, -1, -1, -1, -1, '0.1', '0.02', -1, '0.06', -1, '0.05', -1, '0.01', -1, -1, -1, -1, '0\xa0—\xa00.004', '0\xa0—\xa00.004', -1, -1, -1, -1, -1, -1]"
CEDARWOOD_OIL_(J._deppeana)_34803.html,"[-1, -1, -1, -1, -1, -1]"
MASTIC_(Pistacia_lentiscus_var._chia)_TWIG_OIL_25570.html,"['274000', '2000', '3000', '31000', '31000', '8000', '7000', '12000', '217000', '33000', '5000', '1000', '3000', '39000', '3000', '23000', '13000', '9000', '72000', '9000', '13000', '1000', '10000', '3000', '4000', '8000', '6000', '22000', '6000', '8000', '17000', '8000', '12000', '6000', '11000', '4000', '1000', '3000', '9000', '1000', '1000', '1000', '14000', '1000', '4000', '1000', '5000', '1000']"
LODGEPOLE_PINE_WOOD_SMOKE_36816.html,"['49.4', '31.9', '26.7', '34.4', '46.7', '53.5', '91.9', '21.4']"
CLOVER_HONEY_(Trifolium_repens)_8104.html,"['0.02', '0.4', '0.03', -1, -1, -1, -1, -1, -1, '0.1\xa0—\xa01.6', '0.2\xa0—\xa00.3', '0.8\xa0—\xa03', -1, '0.1\xa0—\xa00.6', '2\xa0—\xa07.5', '0.1\xa0—\xa00.4', '5\xa0—\xa014', '0.1\xa0—\xa02', '2\xa0—\xa07', '0.1\xa0—\xa00.3', '1.3\xa0—\xa04.3', '0.6\xa0—\xa06', '2\xa0—\xa012', '0.003', -1, -1, -1, -1, '14\xa0—\xa0483', '0\xa0—\xa0238', '0.13', -1, -1, -1, -1, -1, -1, -1, -1, -1, '0.6', '0.004\xa0—\xa00.012', '0.001', '0.004\xa0—\xa00.01', '0.006\xa0—\xa00.025', '0.01', '0.002', -1, -1, -1, '0.002', -1, -1, '0.23', -1, '0.06', -1, '0.1', -1, '0.1\xa0—\xa00.4', '1.5', -1, -1, -1, -1, -1, -1, -1, '0.1\xa0—\xa00.2', -1, '0.1\xa0—\xa00.9', '0.1\xa0—\xa01.2', '4\xa0—\xa017.5', '0.5\xa0—\xa03', '2\xa0—\xa014', '0.7\xa0—\xa01.5', '3\xa0—\xa05', '0.1\xa0—\xa00.4', '0.3\xa0—\xa02.3', '2.6\xa0—\xa011', '0.8\xa0—\xa03.3', '0.8\xa0—\xa02.8', '5\xa0—\xa063', '0.7\xa0—\xa09', '0.1\xa0—\xa00.9', '4\xa0—\xa051', '14\xa0—\xa0181', -1, '0.2\xa0—\xa025', '1.3\xa0—\xa011', '0.3\xa0—\xa02.9', '0.1\xa0—\xa00.3', '1\xa0—\xa01.6', '1.8\xa0—\xa02.6', '0.2\xa0—\xa015', '0.2\xa0—\xa021', '1.6\xa0—\xa03.9', '2.5\xa0—\xa067', '0.6', '0.02', -1, -1, -1, '0.1', '0.02', '0.08', -1, -1, -1, -1, -1, -1, -1, -1, -1, '0.004\xa0—\xa00.006', -1, -1, '37', -1, -1, -1, -1, -1, -1, -1, -1, -1]"
SOYBEAN_PASTE_12841.html,['0.21\xa0\xa0169.5']
ANNATTO_water-soluble_extract_26020.html,"['0\xa0—\xa00.022', '0\xa0—\xa00.06', '1.43\xa0—\xa03.1', '0.03\xa0—\xa00.04', '1.14\xa0—\xa010.7', '17\xa0—\xa056.6', '129\xa0—\xa0220', '2.8\xa0—\xa04.6', '1.2\xa0—\xa02.2', '11\xa0—\xa015.6', '1.68\xa0—\xa02.7', '1.67\xa0—\xa03.5', '0.2\xa0—\xa00.28', '0.49\xa0—\xa01.02', '0.59\xa0—\xa00.8', '0.071\xa0—\xa00.103', '3.3\xa0—\xa03.7', '1.6\xa0—\xa06', '0.09\xa0—\xa00.111', '0\xa0—\xa00.04', '1.23\xa0—\xa02.4', '0.29\xa0—\xa00.33', '0\xa0—\xa00.19', '0.1\xa0—\xa00.115', '0\xa0—\xa00.07', '0.09\xa0—\xa00.136', '3.2\xa0—\xa05.6', '0.56\xa0—\xa07.1', '3.86\xa0—\xa05.3', '0.06\xa0—\xa00.08', '0.07\xa0—\xa01.8', '0\xa0—\xa02.51']"
SUKIYAKI_14200.html,"[-1, -1, -1, -1, -1, -1, -1, -1, -1, -1, -1, -1, -1, -1, -1, -1, -1, -1, -1, -1, -1, -1, -1, -1, -1, -1, -1, -1, -1, -1, -1, -1, -1, -1, -1, -1, -1, -1, -1, -1, -1, -1, -1, -1, -1]"
RED_OAK_SMOKE_36802.html,"['22.5', '17.5', '17.4', '11.1', '40.9', '54.5', '63.3', '11.2']"
ABELMOSCHUS_ESCULENTUS_(L.)_MOENCH_SEED_36101.html,"[-1, -1, -1, -1, -1, -1, -1, -1, -1, -1, -1, -1, -1, -1, 'trace', -1, -1, -1, -1, -1, -1, -1, -1, -1, -1, -1, -1, 'trace', 'trace', -1, -1, -1, -1, 'trace', 'trace', 'trace', -1, -1, -1, 'trace', -1, 'trace', -1, -1, -1, 'trace', 'trace', -1, -1, 'trace', -1, -1, 'trace', 'trace', -1, -1, -1, -1, -1, -1, -1, -1, -1, -1, -1, 'trace', -1, -1, -1, -1]"
HARD_MAPLE_SMOKE_36810.html,"['32.6', '8.6', '9.3', '7.2', '44.6', '65.6', '43.6', '11.7']"
CASHEW_HONEY_(Anacardium_occidentale)_8134.html,"[-1, -1, -1, -1, -1, -1, -1, -1, -1, -1, -1, -1, -1, -1, -1, -1, -1, -1, -1, -1, -1, -1, -1, -1, -1, -1, -1, -1, -1, -1, -1, -1, -1]"
"ROSELLE_LEAF,_GREEN_CULTIVAR_(postflowering_stage)_35903.html","['2.8468', '38.8731', '333.1842']"
FINE_LAVENDER_HONEY_(Lavendula_angustifolia)_8126.html,"['0.2', '0.01\xa0—\xa01.8', '0\xa0—\xa00.07', '0\xa0—\xa00.002', '0\xa0—\xa00.15', '0.001', '0.005\xa0—\xa00.04', '0\xa0—\xa00.01', '0.009\xa0—\xa00.04', '0.004\xa0—\xa00.04', '0.001', -1, -1, '0\xa0—\xa00.001', '0.02\xa0—\xa0200', -1, '0\xa0—\xa0118', -1, '0.002\xa0—\xa00.04', '0.08', '0.04\xa0—\xa00.4', '0.03\xa0—\xa00.3', '0.9', -1, '0.02\xa0—\xa04.9', -1, '0.5\xa0—\xa00.75', -1, -1, '0.02\xa0—\xa01.1', '0.01\xa0—\xa01.2', '0.5', '0.008\xa0—\xa00.025', '0.005\xa0—\xa00.02', '0.004\xa0—\xa00.03', '0\xa0—\xa00.01', '0\xa0—\xa01.5', '0\xa0—\xa00.3', '0.01\xa0—\xa00.06', '1.1\xa0—\xa01.6', -1, '0.001\xa0—\xa00.3', '0.008\xa0—\xa03.8', '0.01\xa0—\xa00.4', '0.04', '0.01', '0.003\xa0—\xa00.5', '0\xa0—\xa00.5', -1, -1, '0\xa0—\xa00.01', -1, '0.06', '0.05\xa0—\xa00.1', '0.06\xa0—\xa00.2', '0\xa0—\xa00.2', '0.2\xa0—\xa00.3', '0\xa0—\xa00.008', '0\xa0—\xa00.01', '0.14', '0.02', '0.005\xa0—\xa00.01', -1, '0\xa0—\xa00.009', '0.004\xa0—\xa00.02', '0\xa0—\xa00.001', '0.05', '0\xa0—\xa00.08', '0.8', -1, '0.3\xa0—\xa01.2', '0\xa0—\xa00.01', '0.003\xa0—\xa00.02', '0\xa0—\xa00.01', -1, -1, '0\xa0—\xa00.01', '0.02\xa0—\xa00.9', '0.01\xa0—\xa00.1', '0\xa0—\xa00.02', '0.03\xa0—\xa00.05', '0.02\xa0—\xa00.1', '0.1\xa0—\xa01.7']"
CANE_SUGAR_32110.html,"['0.01175', '0.00419', '0.00181', '0.01246', '0.00574', '0.00551', '0.00492', '0.00509', '0.00354', '0.00762', '0.00115', '0.00296', '0.02394', '0.04822', '0.00623', '0.01928', '0.04928', '0.00219', '0.00601', '0.0092', '0.00631', '0.01322', '0.00154', '0.50404', '0.13845', '0.01352', '0.00307', '0.04842', '0.19184', '0.00631', '0.04482', '0.00351', '0.00157', '0.02015', '0.00309', '0.38961', '0.00571', '0.00907', '0.19537', '0.01961', '0.02128', '0.01822', '0.01665', '0.00118', '0.00309', '0.0272', '0.01192', '0.42871', '0.01598', '0.01495', '0.00975', '0.00713', '0.01965', '0.08852', '0.01402', '0.02457', '0.52891', '0.00783', '0.10639', '0.00219', '0.02323', '0.11163', '0.50234', '0.00561', '0.02929', '0.00904', '0.00267', '0.01755', '0.00738', '0.03931', '0.02502', '0.00765', '0.00795', '0.00135', '0.02681', '0.03304', '0.85908', '0.00655', '0.00572', '0.0028', '3.77317', '0.00294', '0.36748', '0.00418', '0.03023', '1.63895', '0.00834', '0.03325', '0.4743', '0.00719', '0.01066', '0.01716', '0.00436', '0.9662', '0.59804']"
NAMPLA_(premium)_39101.html,"['0.00008\xa0\xa00.00008', '0.00002\xa0\xa00.00002', '0.00409\xa0\xa00.00409', '0.00007\xa0\xa00.00007', '0.00003\xa0\xa00.00003', '0.01336\xa0\xa00.01336', '0.04166\xa0\xa00.04166', '0.00024\xa0\xa00.00024', '0.00006\xa0\xa00.00006', '0.00209\xa0\xa00.00209', '0.00044\xa0\xa00.00044', '0.00212\xa0\xa00.00212', '0.00007\xa0\xa00.00007', '0.00002\xa0\xa00.00002', '0.00008\xa0\xa00.00008', '0.00013\xa0\xa00.00013', '0.00179\xa0\xa00.00179', '0.00022\xa0\xa00.00022', '0.00077\xa0\xa00.00077', '0.00009\xa0\xa00.00009', '0.00014\xa0\xa00.00014', '0.00011\xa0\xa00.00011', '0.00004\xa0\xa00.00004', '0.00014\xa0\xa00.00014', '0.00008\xa0\xa00.00008', '0.00010\xa0\xa00.00010', '0.00017\xa0\xa00.00017', '0.00016\xa0\xa00.00016', '0.00008\xa0\xa00.00008', '0.00006\xa0\xa00.00006', '0.00006\xa0\xa00.00006', '0.00013\xa0\xa00.00013', '0.00002\xa0\xa00.00002', '0.00158\xa0\xa00.00158', '0.00014\xa0\xa00.00014', '0.00003\xa0\xa00.00003', '0.00006\xa0\xa00.00006', '0.00013\xa0\xa00.00013', '0.00315\xa0\xa00.00315', '0.00021\xa0\xa00.00021', '0.00034\xa0\xa00.00034', '0.01167\xa0\xa00.01167', '0.00072\xa0\xa00.00072', '0.00715\xa0\xa00.00715', '0.00038\xa0\xa00.00038', '0.00007\xa0\xa00.00007', '0.00005\xa0\xa00.00005', '0.00080\xa0\xa00.00080', '0.00007\xa0\xa00.00007', '0.01978\xa0\xa00.01978', '0.00008\xa0\xa00.00008', '0.00039\xa0\xa00.00039', '0.00019\xa0\xa00.00019', '0.00011\xa0\xa00.00011', '0.00019\xa0\xa00.00019', '0.00031\xa0\xa00.00031', '0.00007\xa0\xa00.00007', '0.01991\xa0\xa00.01991', '0.00022\xa0\xa00.00022', '0.00002\xa0\xa00.00002', '0.00012\xa0\xa00.00012', '0.00830\xa0\xa00.00830', '0.00027\xa0\xa00.00027', '0.00008\xa0\xa00.00008', '0.00967\xa0\xa00.00967', '0.00023\xa0\xa00.00023', '0.00003\xa0\xa00.00003', '0.00007\xa0\xa00.00007', '0.00003\xa0\xa00.00003', '0.00200\xa0\xa00.00200', '0.00053\xa0\xa00.00053', '0.25234\xa0\xa00.25234', '0.19630\xa0\xa00.19630', '0.02233\xa0\xa00.02233', '0.05209\xa0\xa00.05209', '0.63699\xa0\xa00.63699', '0.00009\xa0\xa00.00009', '0.00008\xa0\xa00.00008', '0.00041\xa0\xa00.00041', '0.00006\xa0\xa00.00006', '0.00942\xa0\xa00.00942', '0.00012\xa0\xa00.00012', '0.00005\xa0\xa00.00005', '0.00011\xa0\xa00.00011', '0.00112\xa0\xa00.00112', '0.00010\xa0\xa00.00010', '0.00092\xa0\xa00.00092', '0.00013\xa0\xa00.00013', '0.00008\xa0\xa00.00008', '0.00004\xa0\xa00.00004', '0.00003\xa0\xa00.00003', '0.00007\xa0\xa00.00007', '0.00015\xa0\xa00.00015', '0.00016\xa0\xa00.00016', '0.00011\xa0\xa00.00011', '0.00218\xa0\xa00.00218', '0.00016\xa0\xa00.00016', '0.00008\xa0\xa00.00008', '0.00054\xa0\xa00.00054', '0.00123\xa0\xa00.00123', '0.01975\xa0\xa00.01975', '0.00097\xa0\xa00.00097', '0.00034\xa0\xa00.00034', '0.00005\xa0\xa00.00005', '0.00009\xa0\xa00.00009', '0.00175\xa0\xa00.00175', '0.00099\xa0\xa00.00099', '0.00673\xa0\xa00.00673', '0.02351\xa0\xa00.02351', '0.00001\xa0\xa00.00001', '0.00054\xa0\xa00.00054', '0.00012\xa0\xa00.00012', '0.01065\xa0\xa00.01065', '0.00008\xa0\xa00.00008', '0.00012\xa0\xa00.00012', '0.00038\xa0\xa00.00038', '0.00274\xa0\xa00.00274', '0.00006\xa0\xa00.00006', '0.00008\xa0\xa00.00008', '0.00011\xa0\xa00.00011', '0.00013\xa0\xa00.00013', '0.00006\xa0\xa00.00006', '0.00009\xa0\xa00.00009', '0.00009\xa0\xa00.00009', '0.00061\xa0\xa00.00061']"
MAPLE_SYRUP_(Acer_saccharum)_30500.html,"[-1, -1, -1, -1, -1]"
SULLA_HONEY_(Hedysarium_coronarium_L.)_8133.html,"[-1, -1, -1, -1, -1, -1, -1, -1, -1, -1, -1, -1, -1, -1, -1, -1, -1, -1, -1, -1, -1, -1, -1, -1, -1, -1, -1, -1, -1, -1, -1, -1, -1, -1, -1, -1, -1, -1, -1, -1, -1, -1, -1, -1, -1, -1, -1, -1, -1, -1, -1, -1, -1, -1, -1, -1, -1, -1, -1, -1, -1]"
TURPENTINE_(Pistacia_terebinthus)_TWIG_OIL_27330.html,"['6000', '4000', '1000', '<1000', '13000', '4000\xa0—\xa018000', '12000\xa0—\xa084000', '<1000', '<1000\xa0—\xa03000', '<1000\xa0—\xa017000', '30000\xa0—\xa033000', '<1000', '<1000\xa0—\xa0100000', '1000\xa0—\xa015000', '29000\xa0—\xa0660000', '14000\xa0—\xa075000', '10000\xa0—\xa022000', '1000', '<1000', '4000\xa0—\xa029000', '7000', '<1000', '4000', '59000', '27000', '18000', '2000', '<1000', -1, '<1000\xa0—\xa02000', '23000\xa0—\xa0273000', '1000', '29000', '2000', '<1000', '1000', '5000', '1000', '<1000', '46000', '2000', '26000\xa0—\xa090000', '6000\xa0—\xa060000', '1000', '1000', '4000\xa0—\xa010000', '<1000', '6000', '6000', '88000', '<1000\xa0—\xa037000', '8000', '10000', '38000', '23000', '2000', '54000', '12000', '3000', '7000', '24000', '12000', '3000', '1000', '42000', '<1000', '17000\xa0—\xa041000', '20000', '<1000', '<1000\xa0—\xa06000', '18000', '57000', '3000', '4000', '<1000', '9000\xa0—\xa066000', '<1000\xa0—\xa03000', '1000', '<1000', '9000', '7000\xa0—\xa071000', '1000']"
"PISTACIA_ATLANTICA,_LEAF_OIL_27130.html","['0\xa0—\xa09000', '0\xa0—\xa01000', '<1000\xa0—\xa0248000', '0\xa0—\xa025000', '1000\xa0—\xa016000', '2000\xa0—\xa033000', '<1000\xa0—\xa059000', '<1000\xa0—\xa0105000', '4000\xa0—\xa035000', '6000', '<1000\xa0—\xa0411000', '0\xa0—\xa01000', '2000', '157000\xa0—\xa0199000', '<1000\xa0—\xa013000', '9000\xa0—\xa051000', '<1000\xa0—\xa029000', '<1000\xa0—\xa07000', '<1000\xa0—\xa010000', '<1000\xa0—\xa078000', '2000', '0\xa0—\xa01000', '<1000\xa0—\xa05000', '6000\xa0—\xa057000', '0\xa0—\xa01000', '0\xa0—\xa010000', '<1000\xa0—\xa06000', '<1000', '0\xa0—\xa017000', '0\xa0—\xa01000', '0\xa0—\xa01000', '<1000\xa0—\xa07000', '0\xa0—\xa0173000', '0\xa0—\xa027000', '<1000\xa0—\xa030000', '<1000\xa0—\xa010000', '0\xa0—\xa014000', '0\xa0—\xa014000', '<1000', '0\xa0—\xa01000', '0\xa0—\xa01000', '<1000', '0\xa0—\xa01000', '<1000', '<1000\xa0—\xa050000', '<1000', '0\xa0—\xa01000', '<1000', '27000', '<1000\xa0—\xa017000', '<1000\xa0—\xa0217000', '0\xa0—\xa06000', '6000', '0\xa0—\xa01000', '0\xa0—\xa04000', '200000', '0\xa0—\xa01000', '0\xa0—\xa01000', '17000\xa0—\xa037000', '0\xa0—\xa027000', '0\xa0—\xa01000', '0\xa0—\xa01000', '<1000\xa0—\xa012000', '<1000\xa0—\xa023000', '0\xa0—\xa011000', '84000', '70000', '0\xa0—\xa01000', '0\xa0—\xa03000', '0\xa0—\xa01000', '<1000', '<1000', '9000', '3000', '2000', '0\xa0—\xa03000', '0\xa0—\xa01000', '4000', '18000']"
SUGAR_MOLASSES_29600.html,"[-1, -1, '3.4', '0.409', '2.15', '6.57', -1, -1, -1, '0.00104', '0.00152', -1, '0.114', -1, -1, '0.519', '0.449', '0.388', '0.00069', -1, '1.09', '0.188', '0.00174', -1, -1, -1, -1, -1, -1, -1, '0.094', -1, '2600', '8.12', '0.571', '0.108', '0.764', '0.242', -1, '2.79', '0.0137', -1, '0.034', '0.00093', '0.00005', '0.00071', '0.00127', '0.0128', '0.0136', '0.00016', '0.00044', -1, -1, -1, -1, -1, -1, -1, -1, -1, -1, -1, '0.255', '0.155', -1, '0.0063', '0.00667', -1, '0.064', -1, '0.00245', -1, '0.00153', -1, -1, -1, -1, -1, '0.216', '0.734', -1, -1, -1, -1]"
RAPESEED_OIL_29010.html,"[-1, -1, -1, -1, -1, -1, -1, '0.0236\xa0—\xa00.0276', '0.0092\xa0—\xa00.011', '0.0338\xa0—\xa00.0391', '1.89\xa0—\xa01.94', -1, -1, '0.353\xa0—\xa00.375', -1, -1, -1, -1, '0.0303\xa0—\xa00.0359', '0.0324\xa0—\xa00.0348', -1, -1, '0.0347\xa0—\xa00.0385', -1, -1, '0.009\xa0—\xa00.0125', -1, -1, -1, -1, '0.73\xa0—\xa00.89', '0.127\xa0—\xa00.128', '0.146\xa0—\xa00.147', -1, -1, -1, -1, -1, -1, -1, -1, -1, '0.0118\xa0—\xa00.0142', -1, '0.0076\xa0—\xa00.0077', '0.0009\xa0—\xa00.0012', -1, '0.0005\xa0—\xa00.57', '0.0008', -1, -1]"
SIBERIAN_GINSENG_FRUIT_(E._Senticosus)_36401.html,"[-1, -1, -1, -1, -1, -1, -1, -1, -1, -1, -1, -1, -1, -1, -1, -1, -1, -1, -1, -1, -1, -1, -1, -1, -1, -1, -1, -1, -1, -1, -1, -1, -1, -1, -1, -1, -1]"
"PISTACIA_ATLANTICA,_OLEORESIN_ESS._OIL_27110.html","['3000\xa0—\xa04000', '2000', '5000', '6200\xa0—\xa020000', '429000\xa0—\xa0700000', '19400\xa0—\xa0132000', '3000', '2000', '2000', '2000\xa0—\xa07000', '10000', '10000', '87000', '21800', '<1000', '32000', '20000\xa0—\xa053100', '8000', '57200', '13000', '12000', '3000', '10000', '13000', '3000', '6200', '21500']"
"PISTACIA_PALAESTINA,_GALL_OIL_27220.html","['2000', '1000', '42000', '<1000', '3000', '1000', '14000', '18000', '5000', '81000', '<1000', '494000', '37000', '3000', '14000', '228000', '<1000', '<1000', '<1000', '<1000', '5000', '44000', '<1000', '<1000']"
MASTIC_(Pistacia_lentiscus_L.)_FRUIT_OIL_25520.html,"['11300', '500\xa0—\xa02000', '3000\xa0—\xa060000', '2400\xa0—\xa0722500', '500', '600', '4500', '2500', '600\xa0—\xa033400', '900\xa0—\xa070500', '400\xa0—\xa017000', '0\xa0—\xa033000', '700\xa0—\xa013000', '8000\xa0—\xa0241000', '0\xa0—\xa01000', '1000\xa0—\xa06000', '200', '<1000', '<1000', '<1000\xa0—\xa036000', '400\xa0—\xa09300', '2100\xa0—\xa0515000', '900\xa0—\xa0173000', '300\xa0—\xa058000', '<1000\xa0—\xa015000', '1000\xa0—\xa0116000', '<1000\xa0—\xa06000', '1700', '<1000\xa0—\xa08300', '1000\xa0—\xa013400', '1000\xa0—\xa027400', '0\xa0—\xa03800', '500\xa0—\xa015600', '<1000\xa0—\xa09100', '1600', '3900', '4100', '400', '<1000', '<1000', '<1000\xa0—\xa02000', '2500\xa0—\xa051000', '0\xa0—\xa04000', '<1000', '400\xa0—\xa03000', '0\xa0—\xa03000', '<1000\xa0—\xa03000', 'trace', '200\xa0—\xa04000', '<1000', '0\xa0—\xa01000', '0\xa0—\xa05000', '1000\xa0—\xa017000', '800\xa0—\xa037000', '<1000\xa0—\xa04100', '<1000', '<1000', '<1000', '300', '3100', 'trace', '11100', '1800', '800', '400\xa0—\xa01000', 'trace', '100\xa0—\xa0136200', '100', '8500', '800\xa0—\xa0130700', '<1000\xa0—\xa02000', '1000\xa0—\xa03000', '0\xa0—\xa03300', '0\xa0—\xa05000', '<1000\xa0—\xa02000', '0\xa0—\xa02000', '<1000\xa0—\xa03000', '<1000\xa0—\xa02000', '200', '100', '<1000\xa0—\xa02000', '<1000\xa0—\xa014400', '5800', '<1000\xa0—\xa02000', '2000\xa0—\xa015000', '38900', '300', '<1000\xa0—\xa02000', '0\xa0—\xa01000', '0\xa0—\xa03000', '1000\xa0—\xa012000', '<1000', '<1000\xa0—\xa04000', '0\xa0—\xa02000', '0\xa0—\xa01000', '0\xa0—\xa03000', '1000', '1000\xa0—\xa02000', '1000\xa0—\xa035000', '1000\xa0—\xa069000', '0\xa0—\xa05000', '<1000\xa0—\xa037500', '23000', '13200', '22100', '<1000', '<1000', '0\xa0—\xa02000', '100', '<1000\xa0—\xa033000', '2000\xa0—\xa05800', '1000\xa0—\xa02000', '200\xa0—\xa08000', '<1000\xa0—\xa05000', 'trace', '0\xa0—\xa04100', 'trace', '600', '500', '83500', '5100', '3200', '3100', '<1000\xa0—\xa05000', '0\xa0—\xa01000', '2400\xa0—\xa09000', '1000', '6000', '<1000', '6000', '200', '0\xa0—\xa07000', '<1000\xa0—\xa07900', '800', '200\xa0—\xa09000', '400', '<1000\xa0—\xa04000', '4100', '1000\xa0—\xa051600']"
KASHIWA_OAK_(Q._dentata)_34504.html,"['0.485', -1, -1, -1, '0.085', '0.279', '0.056', '0.111', '0.075', '0.037', '0.107', '0.069', -1, '0.187', -1, '0.049', '0.114', '4.41', '0.348', '0.096', '0.101', '0.22']"
MOLTIKA_HONEY_(Moltkia_petraea_(Tratt.)_Griseb.)_8150.html,"[-1, -1, -1, -1, -1, -1, -1, -1, -1, -1, -1, -1, -1, -1, -1]"
COFFEE_HONEY_(Coffea_species)_8145.html,"[-1, -1, -1, -1, -1, -1, -1, -1, -1, -1, -1, -1, -1, -1]"
NATTO_(bacillus_subtiles)_12830.html,"[-1, -1, -1, -1, -1, '0.05\xa0—\xa00.12', '0.15\xa0—\xa00.55', '4.41\xa0—\xa06.35', '0.02\xa0—\xa00.05', '1.09\xa0—\xa07.2', '0\xa0—\xa00.12', '0.13\xa0—\xa00.29', '0.14\xa0—\xa09.3', '0\xa0—\xa00.25', -1, -1, '0.05\xa0—\xa00.88', '0.7\xa0—\xa01.17']"
KUMAZASA_(Sasa_albo-marginata)_18000.html,"[-1, -1, -1, -1, -1, -1, -1, -1, -1, -1, -1, -1, -1, -1, -1, -1, -1, -1, -1, -1, -1, -1, -1, -1, -1, -1, -1, -1, -1, -1, -1, -1, -1, -1, -1, -1, -1, -1, -1, -1, -1, -1, -1, -1, -1, -1, -1, -1, -1, -1, -1, -1, -1, -1, -1, -1, -1, -1, -1, -1, -1, -1, -1, -1, -1, -1, -1, -1, -1, -1, -1, -1, -1, -1, -1, -1, -1, -1, -1, -1, -1, -1, -1, -1, -1, -1, -1, -1, -1, -1, -1]"
MIZUNARA_(Q._mongolica_var._grosseserrata)_34502.html,"['0.246', '0.409', -1, -1, '0.058', '0.097', -1, -1, '0.239', '0.084', '0.478', '0.12', '0.203', '0.06', '0.173', 'trace', '0.068', -1, '0.046', '9.74', '12', '0.742', '0.342', '0.615', '0.037', '0.189']"
EUCALYPTUS_HONEY_(several_species)_8109.html,"['0.06', '0.1', '0.3\xa0—\xa012.5', -1, '0.07\xa0—\xa00.2', -1, -1, '0.05\xa0—\xa00.2', -1, -1, -1, -1, -1, -1, -1, -1, '0\xa0—\xa00.03', '0.001', '0.003\xa0—\xa00.1', '0\xa0—\xa00.1', '0.006\xa0—\xa00.03', '0.005\xa0—\xa00.05', -1, '0.02\xa0—\xa00.3', -1, '0.03\xa0—\xa071', -1, '0\xa0—\xa086', -1, '0.002\xa0—\xa00.5', '0.005', '0.003\xa0—\xa00.9', -1, '0.1', -1, -1, '0\xa0—\xa00.03', '0.04\xa0—\xa018.5', -1, -1, -1, -1, -1, -1, -1, -1, -1, -1, -1, -1, '0.3\xa0—\xa00.7', '0.001\xa0—\xa00.03', '0.002\xa0—\xa06.7', -1, -1, -1, -1, -1, -1, '0.5', '0.03\xa0—\xa00.04', '0.02', '0.03\xa0—\xa00.07', '0\xa0—\xa00.004', '0\xa0—\xa00.05', '0\xa0—\xa00.02', -1, -1, -1, -1, -1, '0.005\xa0—\xa00.1', '0.06', '0.01', '0.04', '0\xa0—\xa00.008', -1, '0.006\xa0—\xa00.2', '0.02', '0.05', '0.1\xa0—\xa026', '1.5\xa0—\xa02.6', -1, '0\xa0—\xa00.2', '0.03\xa0—\xa013.5', -1, -1, -1, '0.01\xa0—\xa02.4', -1, -1, '3.6\xa0—\xa07.8', -1, -1, -1, -1, -1, -1, -1, -1, -1, -1, -1, '1\xa0—\xa09', '9\xa0—\xa026', '0\xa0—\xa00.4', -1, '0\xa0—\xa01.7', '0\xa0—\xa00.4', -1, -1, -1, -1, -1, -1, -1, -1, -1, -1, -1, '0.09', '0.02', -1, -1, -1, -1, -1, -1, -1, '0\xa0—\xa00.04', '0\xa0—\xa00.6', '0\xa0—\xa00.03', '0.001\xa0—\xa00.09', '0.2', '0.005\xa0—\xa01.7', -1, -1, '4.5', -1, '0.3', '0.1\xa0—\xa06', '0\xa0—\xa00.09', -1, -1, -1, '0.01\xa0—\xa00.02', -1, '0.02\xa0—\xa01.2', '0\xa0—\xa00.06', '0.02\xa0—\xa00.15', -1, -1, '0.04\xa0—\xa00.1', -1, '0\xa0—\xa00.7', -1, -1, -1, '0.01\xa0—\xa00.2', '4\xa0—\xa010', '6\xa0—\xa019', '32\xa0—\xa068', '4\xa0—\xa08', '7\xa0—\xa026', '7\xa0—\xa020', -1, -1, '199\xa0—\xa0290', '1\xa0—\xa012', '1\xa0—\xa023', '9\xa0—\xa027', '2\xa0—\xa06', '3\xa0—\xa013', '4\xa0—\xa09']"
HICKORY_TREE_SMOKE_36812.html,"['15.2', '34.7', '41.6', '41.2', '76.8', '57.3', '108.5', '35']"
MASTIC_(Pistacia_lentiscus_L.)_LEAF_OIL_25530.html,"['25000', '2100', 'trace\xa0—\xa07000', '0\xa0—\xa038000', '600', '600\xa0—\xa0331000', '300', '200', '3200', '1000', '1900', '1000', '7400', 'trace\xa0—\xa055000', '0\xa0—\xa0126300', '37000', '0\xa0—\xa031000', '5000', '700\xa0—\xa055000', '600\xa0—\xa023600', '1000\xa0—\xa0438000', '<1000\xa0—\xa07000', '2000\xa0—\xa035000', '2000\xa0—\xa04000', '6000', '0\xa0—\xa01000', '0\xa0—\xa034000', '13300', '2900', '0\xa0—\xa0161900', '33000', '2000\xa0—\xa034000', '2100\xa0—\xa0342000', '2000\xa0—\xa0218000', '200', '400\xa0—\xa086900', '400', '0\xa0—\xa020000', '700\xa0—\xa0117000', '<1000', '0\xa0—\xa0653000', '500', '2000\xa0—\xa06400', '10000\xa0—\xa027400', '1000\xa0—\xa015800', '1000\xa0—\xa021300', '3000\xa0—\xa096800', '1800', '1000\xa0—\xa03000', '0\xa0—\xa021000', '1000\xa0—\xa02000', '1000\xa0—\xa034000', '1000\xa0—\xa034000', '1800\xa0—\xa07800', '11600', '4300', '0\xa0—\xa03900', '3200', '2500', '6000', '1000', '<1000\xa0—\xa09000', '2000\xa0—\xa0193000', '0\xa0—\xa02000', '900\xa0—\xa06000', '<1000\xa0—\xa07000', '1000\xa0—\xa013000', '2900', '1000', '1600\xa0—\xa026000', '600\xa0—\xa08000', '1000\xa0—\xa010000', '1000\xa0—\xa09000', '0\xa0—\xa016000', '800', '0\xa0—\xa023000', '1600', '12000', '900\xa0—\xa077000', '100\xa0—\xa07000', '8000', '1200', '2000', '100', '200\xa0—\xa030500', '500', '100\xa0—\xa08400', '1000', '1300', '700', '1800', '700', '500\xa0—\xa020000', '<2000', 'trace', '400\xa0—\xa05000', '1000\xa0—\xa04000', '1000\xa0—\xa0130200', '400\xa0—\xa03000', '3400', '0\xa0—\xa04200', '1000\xa0—\xa02500', '2000\xa0—\xa0299000', '0\xa0—\xa04000', '0\xa0—\xa06000', '4000', '100', '11000', '0\xa0—\xa01000', '600', '<1000\xa0—\xa013000', '<1000\xa0—\xa020000', '0\xa0—\xa012000', '0\xa0—\xa08000', '0\xa0—\xa02000', '8000', '1000\xa0—\xa02000', '16000', '300', '200', '2000', '0\xa0—\xa02000', '0\xa0—\xa016000', '500', '0\xa0—\xa02000', '1400\xa0—\xa03600', '3000\xa0—\xa062500', '8000\xa0—\xa035600', '25200', '1000\xa0—\xa027000', '0\xa0—\xa04000', '2000', '1000\xa0—\xa019500', '5000\xa0—\xa067600', '7000', '<1000\xa0—\xa021900', '0\xa0—\xa06000', '8000', '0\xa0—\xa014000', '4700\xa0—\xa058000', '3000', '200\xa0—\xa02000', '500', '6000', '100', '1000\xa0—\xa02000', '200\xa0—\xa020200', '<1000\xa0—\xa047500', '6000', '1000', '1500', '600', '8000', '500', '600', '100\xa0—\xa03000', '600', '900\xa0—\xa010000', '400', '1500', '800\xa0—\xa015000', '4000', '200', '1000', '300', '100\xa0—\xa01000', '0\xa0—\xa06000', '300', '<2000', '500\xa0—\xa041000', '400', '1200\xa0—\xa011200', '4000', '<1000', '900\xa0—\xa02000', '1000', '1000\xa0—\xa03000', '0\xa0—\xa013000', '0\xa0—\xa09000', '600', '0\xa0—\xa018000', '1000', '700', '1800', '1700\xa0—\xa07000', '600', '19700', '103600', '25000', '113000', '11200', '800\xa0—\xa010000', '2000', '1900\xa0—\xa05000', '<1000\xa0—\xa019000', '100', '400\xa0—\xa06000', '300', '200', '1100', 'trace', '100', '300\xa0—\xa019700', 'trace', '2300', '1800', '<1000\xa0—\xa013000', 'trace', '1000\xa0—\xa041000', '7000', '2000', '200', '200', '100']"
BURSARIA_HONEY_(Bursaria_spinosa)_8113.html,"[-1, -1, -1, -1, -1, -1, -1, -1, -1, -1, -1, -1, -1, -1, -1]"
WHEY_PROTEIN_28400.html,[]
YEAST_EXTRACT_(saccharomyces_cerevisiae)_32505.html,"[-1, -1, -1, -1, -1, -1, -1, -1, -1, -1, -1, -1, -1, -1, -1, -1, -1, -1, -1, -1, -1, -1, -1, -1, -1, -1, -1, -1, -1, -1, -1, -1, -1, -1, -1, -1, -1, -1, -1, -1, -1, -1, -1, -1, -1, -1, -1, -1, -1, -1, -1, -1, -1, -1, -1, -1, -1, -1, -1, -1, -1, -1, -1, -1, -1, -1, -1, -1, -1, -1, -1, -1, -1, -1, -1, -1, -1, -1, -1, '11.2\xa0—\xa025.8', -1, -1, -1, -1, -1, -1, -1, -1, -1, -1, -1, -1, -1, -1, -1, -1, -1, -1, -1, -1, -1, -1, -1, -1, -1, -1, -1, -1, -1, -1, -1, -1, -1, -1, -1, -1, -1, -1, -1, -1, -1, -1, -1, -1, -1, -1, -1, -1, -1, -1, -1, -1, -1, -1, -1, -1, -1, -1, -1, -1, -1, -1, -1, -1, -1, -1, -1, -1, -1, -1, -1, -1, -1, -1, -1, -1, -1, -1, -1, -1, -1, -1, -1, -1, -1, -1, -1, -1, -1, -1, -1, -1, -1, -1, -1, -1, -1, -1, -1, -1, -1, -1, -1, -1, -1, -1, -1, -1, -1, -1, -1, -1, -1, -1, -1, '10.7\xa0—\xa041.7', '60.4\xa0—\xa0131.7', '109.2\xa0—\xa0211.5', '16.2\xa0—\xa024', '880\xa0—\xa04960', '27\xa0—\xa074', -1, '1240\xa0—\xa02910', '2260\xa0—\xa04800', '930\xa0—\xa02300', '650\xa0—\xa0720', '4360\xa0—\xa05850', '800\xa0—\xa01500', '3210\xa0—\xa06250', '2060\xa0—\xa03610', '15280\xa0—\xa018700', '6860\xa0—\xa08310']"
C._ERECTUS_ROOT_EXTRACT_36205.html,"['8.31', '5.66', '9.49', '6.38', '43.53', '27.45', '5.25', '18.55', '11.29', '11.07', '25.4', '5.93', '5.3', '6.76', '135.19', '109.68', '178.21']"
SOY_SAUCE_(aroma_type_Baijiu)_12850.html,"['0.270\xa0\xa00.506', '0.055\xa0\xa00.088', '0.0004\xa0\xa00.0012', '0.0035\xa0\xa00.0102', '0.211\xa0\xa00.528', '0.0056\xa0\xa00.0087', '0.0027\xa0\xa00.0055', '0.237\xa0\xa00.380', '0.054\xa0\xa00.097', '0.0003\xa0\xa00.0037', '0.0006\xa0\xa00.0025', '0.012\xa0\xa00.025', '0.0009\xa0\xa00.0026', '0.0029\xa0\xa00.0061', '0.0011\xa0\xa00.0053', '0.0141\xa0\xa00.0269', '0.0001\xa0\xa00.0003', '0.0018\xa0\xa00.0032', '0.0034\xa0\xa00.0070']"
GOLDENROD_HONEY_(Solidago_species)_8143.html,[]
LUCERNE_HONEY_(Medigo_sativa)_8116.html,"['0.26', '0.002', '10', -1, -1, '0.19', '0.004', '0.004', '0.004', '0.19', -1, '0.02', -1, -1, -1, '0.06', '0.02', -1, -1, -1, '0.005', '0.1', '0.12', -1, '3', -1]"
C._LANCIFOLIUS_LEAVE_EXTRACT_36201.html,"['6.39', '0.59', '1.12', '28.49', '1.38', '0.1', '16.3', '0.68', '26.59', '58.33', '12.74', '0.94', '0.16', '201.6', '13.8', '166.1']"
CEDARWOOD_OIL_(J._scopulorum)_34810.html,"[-1, -1, -1, -1, -1, -1]"
RAPESEED_ROASTED_29030.html,"[-1, '0.361', '2.4', '0.157', -1, '0.0746', '0.0712', -1, '0.284', '0.13', '0.206', '0.00178', '0.0238', '12', -1, '0.0859', '0.0172', '0.0172', '1.92', '<0.0032', '0.151', -1, '0.0434', '0.15', '0.00443', '0.00145', -1, -1, -1, -1, -1, '0.614', '0.0233', '0.0172', '0.00115', '0.00181', '0.00124', '0.418', '0.271', '2.5', '0.34', '0.4', '0.0279', -1, -1, '3.59', '1.38', -1]"
APPLE_TREE_SMOKE_36805.html,"['32.4', '18', '20.9', '15.1', '37.5', '62.4', '31.7', '14.4']"
PISTACHIO_(Pistacia_vera)_FRUIT_OIL_27020.html,"['1000', '1000', '10000', '3000', '10000', '2000', '312000', '25000', '546000', '16000', '8000', '27000', '1000', '1000', '2000', '1000', '2000', '8000', '1000', '1000', '5000']"
NUOC-MAM_39103.html,"['0.00010\xa0\xa00.00010', '0.00091\xa0\xa00.00091', '0.00009\xa0\xa00.00009', '0.00747\xa0\xa00.00747', '0.00001\xa0\xa00.00001', '0.00734\xa0\xa00.00734', '0.01495\xa0\xa00.01495', '0.00009\xa0\xa00.00009', '0.00006\xa0\xa00.00006', '0.00154\xa0\xa00.00154', '0.00008\xa0\xa00.00008', '0.00117\xa0\xa00.00117', '0.00005\xa0\xa00.00005', '0.00007\xa0\xa00.00007', '0.00006\xa0\xa00.00006', '0.00013\xa0\xa00.00013', '0.00128\xa0\xa00.00128', '0.00002\xa0\xa00.00002', '0.00028\xa0\xa00.00028', '0.00005\xa0\xa00.00005', '0.00015\xa0\xa00.00015', '0.00001\xa0\xa00.00001', '0.00004\xa0\xa00.00004', '0.00008\xa0\xa00.00008', '0.00005\xa0\xa00.00005', '0.00010\xa0\xa00.00010', '0.00011\xa0\xa00.00011', '0.00043\xa0\xa00.00043', '0.00018\xa0\xa00.00018', '0.00005\xa0\xa00.00005', '0.00006\xa0\xa00.00006', '0.00010\xa0\xa00.00010', '0.00002\xa0\xa00.00002', '0.00199\xa0\xa00.00199', '0.00021\xa0\xa00.00021', '0.00003\xa0\xa00.00003', '0.00007\xa0\xa00.00007', '0.00006\xa0\xa00.00006', '0.00091\xa0\xa00.00091', '0.00438\xa0\xa00.00438', '0.00591\xa0\xa00.00591', '0.01304\xa0\xa00.01304', '0.00050\xa0\xa00.00050', '0.00413\xa0\xa00.00413', '0.00032\xa0\xa00.00032', '0.00006\xa0\xa00.00006', '0.00007\xa0\xa00.00007', '0.00115\xa0\xa00.00115', '0.00011\xa0\xa00.00011', '0.01207\xa0\xa00.01207', '0.00008\xa0\xa00.00008', '0.00062\xa0\xa00.00062', '0.00008\xa0\xa00.00008', '0.00014\xa0\xa00.00014', '0.00018\xa0\xa00.00018', '0.00118\xa0\xa00.00118', '0.00007\xa0\xa00.00007', '0.00016\xa0\xa00.00016', '0.00047\xa0\xa00.00047', '0.00009\xa0\xa00.00009', '0.00058\xa0\xa00.00058', '0.00018\xa0\xa00.00018', '0.00006\xa0\xa00.00006', '0.00033\xa0\xa00.00033', '0.00022\xa0\xa00.00022', '0.00003\xa0\xa00.00003', '0.00014\xa0\xa00.00014', '0.00002\xa0\xa00.00002', '0.00030\xa0\xa00.00030', '0.00049\xa0\xa00.00049', '0.00083\xa0\xa00.00083', '0.01094\xa0\xa00.01094', '0.00861\xa0\xa00.00861', '0.02022\xa0\xa00.02022', '0.07464\xa0\xa00.07464', '0.00006\xa0\xa00.00006', '0.00005\xa0\xa00.00005', '0.01334\xa0\xa00.01334', '0.00003\xa0\xa00.00003', '0.00115\xa0\xa00.00115', '0.00012\xa0\xa00.00012', '0.00011\xa0\xa00.00011', '0.00003\xa0\xa00.00003', '0.00008\xa0\xa00.00008', '0.00007\xa0\xa00.00007', '0.00017\xa0\xa00.00017', '0.00014\xa0\xa00.00014', '0.00010\xa0\xa00.00010', '0.00003\xa0\xa00.00003', '0.00004\xa0\xa00.00004', '0.00003\xa0\xa00.00003', '0.00007\xa0\xa00.00007', '0.00023\xa0\xa00.00023', '0.00038\xa0\xa00.00038', '0.00010\xa0\xa00.00010', '0.00001\xa0\xa00.00001', '0.00214\xa0\xa00.00214', '0.00016\xa0\xa00.00016', 'trace\xa0\xa00', '0.00162\xa0\xa00.00162', '0.01437\xa0\xa00.01437', '0.00965\xa0\xa00.00965', '0.00928\xa0\xa00.00928', '0.00007\xa0\xa00.00007', '0.00114\xa0\xa00.00114', '0.00015\xa0\xa00.00015', '0.00105\xa0\xa00.00105', '0.00112\xa0\xa00.00112', '0.00094\xa0\xa00.00094', '0.00058\xa0\xa00.00058', '0.02710\xa0\xa00.02710', '0.00001\xa0\xa00.00001', '0.00063\xa0\xa00.00063', '0.00023\xa0\xa00.00023', '0.00176\xa0\xa00.00176', '0.00008\xa0\xa00.00008', '0.00012\xa0\xa00.00012', 'trace\xa0\xa00', '0.00016\xa0\xa00.00016', '0.00006\xa0\xa00.00006', '0.00004\xa0\xa00.00004', '0.00009\xa0\xa00.00009', '0.00020\xa0\xa00.00020', '0.00006\xa0\xa00.00006', '0.00007\xa0\xa00.00007', '0.00009\xa0\xa00.00009', '0.00018\xa0\xa00.00018']"
"RAW_PUMPKIN_SEED_OIL_(cold-pressed,_old)_29502.html","[-1, -1, -1, -1, -1, -1, -1, -1, -1, -1, -1, -1, -1, -1, -1, -1, -1, -1, -1, -1, -1, -1, -1, -1, -1, -1, -1, -1, -1, -1, -1, -1, -1, -1, -1, -1, -1, -1, -1, -1, -1, -1, -1, -1, -1, -1, -1]"
RHODODENDRON_HONEY_8127.html,"['0.02', '0.8', '0.001', '0.01', '14\xa0—\xa027', '0.23', '0.004', '0.004', '0.004', '0.1', '0.009', '0.04', '0.08', '0.05', '0.016', '0.1', '0.09']"
CEDARWOOD_OIL_(J._ashei)_34801.html,"[-1, -1, -1, -1, -1, -1]"
FIR_HONEYDEW_HONEY_(Abies_alba_Mill.)_8144.html,"[-1, -1, -1, -1, -1, -1, -1, -1, -1, -1, -1, -1, -1, -1, -1, -1, -1, -1, -1, -1, -1, -1, -1, -1, -1, -1, -1, -1, -1, -1, -1, -1, -1, -1, -1, -1, -1, -1, -1]"
JAPANESE_SOY_SAUCE_(Koikuchi)_12843.html,"['0.258\xa0\xa00.258', '0.251\xa0\xa00.251', '5.450\xa0\xa05.450', '0.0328\xa0\xa00.0328', '0.361\xa0\xa00.361', '2.610\xa0\xa02.610', '3.850\xa0\xa03.850', '3.14\xa0\xa03.14', '0.0292\xa0\xa00.0292', '0.0144\xa0\xa00.0144', '0.00921\xa0\xa00.00921', '0.00661\xa0\xa00.00661', '0.297\xa0\xa00.297', '0.499\xa0\xa00.499', '0.119\xa0\xa00.119', '2.450\xa0\xa02.450', '0.0185\xa0\xa00.0185', '0.142\xa0\xa00.142', '0.0367\xa0\xa00.0367', '18.800\xa0\xa018.800', '2.710\xa0\xa02.710', '9.060\xa0\xa09.060']"
"ROSELLE_CALYCES,_GREEN_CULTIVAR_(mature)_35904.html","['1.49', '40.3641', '320.3844']"
CEDARWOOD_OIL_(J._occidentalis_var._australis)_34807.html,"[-1, -1, -1, -1, -1, -1]"
TURPENTINE_(Pistacia_terebinthus)_FLOWER_OIL_27320.html,"['2000', '7000', '43000', '10000', '8000', '94000', '<1000', '199000', '23000', '124000', '8000', '22000', '2000', '7000', '66000', '6000', '9000', '9000', '<1000', '<1000', '4000', '13000', '89000', '6000', '<1000', '7000', '<1000', '<1000', '2000', '<1000', '<1000', '1000', '<1000', '<1000', '38000', '<1000', '4000', '<1000', '<1000', '27000', '23000', '<1000', '4000', '<1000', '19000', '<1000', '<1000', '<1000', '<1000', '8000', '<1000', '<1000', '6000']"
"ROSELLE_LEAF,_GREEN_CULTIVAR_(pre-flowering_stage)_35901.html","[-1, -1, -1]"
PISTACHIO_(Pistacia_vera)_GUM_OIL_27010.html,"['800', '600', '200', '400', '200', '<100', '200', '10200', '756200', '95200', '100', '14300', '600', '2800', '3300', '200', '8700', '3600', '2200', '1400', '700', '900', '300', '300', '400', '500', '900', '1900', '900', '11600', '5400', '30100', '4200', '1000', '<100', '500', '<100', '3900', '2200', '500', '300', '<100', '200', '1600', '600', '500', '800', '2500', '1000', '5400', '<100', '400', '400']"
BUCHU_OIL_18100.html,"[-1, -1, -1, -1, -1, -1, -1, -1, -1, -1, -1, -1, -1, -1, -1, -1, -1, -1, -1, -1, -1, -1, -1, -1, -1, -1, -1, -1, -1, -1, -1, -1, -1, -1, -1, -1, -1, -1, -1, -1, -1, -1, -1, -1, -1, -1, -1, -1, -1, -1, -1, -1, -1, -1, -1, -1, -1, -1, -1, -1, -1, -1, -1, -1, -1, -1, -1, -1, -1, -1, -1, -1, -1, -1, -1, -1, -1, -1, -1, -1, -1, -1, -1, -1, -1, -1, -1, -1, -1, -1, -1, -1, -1, -1, -1, -1, -1, -1, -1, -1, -1, -1, -1, -1, -1, -1, -1, -1, -1, -1, -1, -1, -1, -1, -1, -1, -1, -1, -1, -1, -1, -1, -1, -1, -1, -1, -1]"
PORTUGUESE_CHESTNUT_(Castanea_sitiva_Mill.)_34508.html,"['2.9\xa0—\xa024.7', '1.28\xa0—\xa02.6', '19.09\xa0—\xa034.33', '0.21\xa0—\xa00.4', '1.16\xa0—\xa03.75', '1.41\xa0—\xa02.61', '1.26\xa0—\xa01.42', '0.88\xa0—\xa01.6', '0.34', '0.23\xa0—\xa04.26', '0.38\xa0—\xa00.93', -1, '0.71\xa0—\xa02.11', '0.53\xa0—\xa00.91', '1.53\xa0—\xa02.72', '2.27\xa0—\xa086.38', '0.25\xa0—\xa011.04', '0.91\xa0—\xa016.6', '0.27\xa0—\xa01.37']"
HOP_CONES_or_PELLETS_(Humulus_lupulus)_6220.html,"[-1, -1, -1, -1, -1, -1, -1, -1, -1, '481.8\xa0—\xa03521', -1, '0\xa0—\xa0825.6', '0.029', -1, -1, -1, -1, '0\xa0—\xa016', -1, '0\xa0—\xa0105', '15\xa0—\xa050', '0.063\xa0—\xa04900', -1, -1, -1, '0\xa0—\xa060.1', '5.9\xa0—\xa0666.7', '10\xa0—\xa025', '60\xa0—\xa0150', '60\xa0—\xa0250', -1, '5\xa0—\xa035', '145\xa0—\xa0170', '39.5\xa0—\xa01615', '25.9\xa0—\xa0338.5', '0\xa0—\xa0145', '0\xa0—\xa055', '0\xa0—\xa0195', -1, '0\xa0—\xa016', '0\xa0—\xa020', '0\xa0—\xa010', '0.022\xa0—\xa01889.6', '5\xa0—\xa010', '5\xa0—\xa020', '15\xa0—\xa055', '5\xa0—\xa015', '0\xa0—\xa098', '0\xa0—\xa077', '0\xa0—\xa011', -1, -1, '2\xa0—\xa05', '2', '0\xa0—\xa060', -1, -1, -1, -1, '0.088\xa0—\xa0200', -1, -1, '0.2\xa0—\xa01.2', '11.3\xa0—\xa0246.5', -1, '19.8\xa0—\xa0311.9', '13\xa0—\xa017', -1, '10\xa0—\xa026', '15\xa0—\xa018', -1, '14\xa0—\xa015', '34\xa0—\xa041', '14', '17\xa0—\xa029', '13\xa0—\xa023', '0\xa0—\xa018', '0\xa0—\xa065', '0\xa0—\xa060', '0\xa0—\xa018', '8\xa0—\xa029', '5', '0\xa0—\xa08', '0\xa0—\xa016', '0\xa0—\xa027', '0\xa0—\xa05', '0\xa0—\xa010', '0\xa0—\xa07', -1, -1, -1, -1, -1, -1, -1, '0.031', -1, -1, -1, -1, -1, -1, -1, -1, -1, -1, '0.007', -1, -1, -1, '0.006', -1, -1, -1, -1, -1, -1, -1, '14.4\xa0—\xa0109.6', -1, -1, -1, -1, -1, -1, -1, -1, -1, '0.04', -1, -1, -1, -1, -1, -1, -1, -1, -1, -1, -1, -1, -1, -1, -1, -1, -1, -1, -1, -1, -1, -1, -1, -1, -1, -1, -1, -1, -1, '0\xa0—\xa0187.4', -1, -1, -1, -1, -1, -1, -1, -1, -1, -1, -1, -1, -1, '7.2\xa0—\xa069.2', '10660', '3.7', '5.2', '0.4', '1.4', '3.7', '3.1', '1', '2.5', -1, -1, '0.0001\xa0—\xa00.011', '0\xa0—\xa00.0115', -1, -1, -1, -1, -1, -1, '0.0021\xa0—\xa00.0154', '0\xa0—\xa00.0011', '0\xa0—\xa00.001', '0.0001\xa0—\xa00.0036', '0\xa0—\xa00.002', '0\xa0—\xa00.001', '0\xa0—\xa00.0032', '0\xa0—\xa00.002', '0\xa0—\xa00.0016', '0\xa0—\xa00.109', '0\xa0—\xa00.0215', '0\xa0—\xa00.0008', '0.0019\xa0—\xa00.1171', '0\xa0—\xa00.0122', '<0.0001', '0\xa0—\xa00.0523', '0.0001\xa0—\xa00.0081', -1, '0.0001\xa0—\xa00.0062', '0\xa0—\xa00.0064', '0\xa0—\xa00.0001', '0\xa0—\xa00.0001', '0\xa0—\xa00.0071', '0.0001\xa0—\xa00.0432', '0\xa0—\xa00.1115', '0.0001\xa0—\xa00.0072', -1, '0\xa0—\xa00.0014', '0.0001\xa0—\xa00.0443', '0\xa0—\xa00.0039', '0.0001\xa0—\xa00.0145', '0.0009\xa0—\xa00.0046', '0\xa0—\xa00.0017', -1, '0\xa0—\xa00.0002', '0\xa0—\xa00.0012', '0\xa0—\xa00.0001', '<0.0001', '0\xa0—\xa00.0001', '0\xa0—\xa00.63', '0\xa0—\xa02.6', '0\xa0—\xa00.09', '0\xa0—\xa00.09', '0\xa0—\xa00.87', -1, -1, -1, -1, -1, -1, -1, -1, -1, '6\xa0—\xa07', '26\xa0—\xa071', '12\xa0—\xa0146', '0\xa0—\xa02', '24\xa0—\xa027', '0\xa0—\xa020', '0\xa0—\xa017']"
PANELA_WATER_32105.html,"['0.089\xa0—\xa00.126', '0.046\xa0—\xa00.185', '0.096\xa0—\xa00.637', '0.242\xa0—\xa00.267', '0.139\xa0—\xa00.302', '0.027\xa0—\xa00.162']"
CEDARWOOD_OIL_(J._californica)_34802.html,"[-1, -1, -1, -1, -1, -1]"
MASTIC_(Pistacia_lentiscus_L.)_GUM_OIL_25510.html,"['8000', '15000', '<1000', '<1000\xa0—\xa01200', '2300\xa0—\xa0122700', '<1000\xa0—\xa03500', '2600', '3200', '23700', '14300', '<1000\xa0—\xa01300', '600\xa0—\xa01000', '500\xa0—\xa01000', '100\xa0—\xa02000', '500\xa0—\xa02000', '4100\xa0—\xa0115240', '500\xa0—\xa01000', '217000\xa0—\xa0789020', '12600\xa0—\xa0387000', '<1000\xa0—\xa03200', '4000\xa0—\xa010400', '<1000', '600\xa0—\xa01700', '<1000\xa0—\xa07700', '100\xa0—\xa01000', '100\xa0—\xa01600', '2000', '1600', '<1000', '<1000', '1900\xa0—\xa014700', '100\xa0—\xa01000', '1600', '<1000\xa0—\xa01100', '1300\xa0—\xa04800', '100\xa0—\xa04100', '<1000', '<2000', -1, '300\xa0—\xa037100', '<1000', '3300', '6300', '1500\xa0—\xa019000', '1000\xa0—\xa06000', -1, '2300', '6000', '400\xa0—\xa07000', '8400', '<1000', '2900\xa0—\xa021400', -1, '3300', '5000', '900\xa0—\xa019000', '<1000\xa0—\xa029000', -1, '5400', '<1000', '<1000', '<1000\xa0—\xa035000', '<1000\xa0—\xa02000', -1, '<1000\xa0—\xa011000', '1100', '2100', '1300\xa0—\xa07200', '100\xa0—\xa01000', '<1000', '300\xa0—\xa01000', '<1000\xa0—\xa01900', '1100', '<1000', '<1000\xa0—\xa02000', '<1000\xa0—\xa02300', '<1000\xa0—\xa03300', '6370', '53000', '1200\xa0—\xa029300', -1, '<1000\xa0—\xa010810', '1000\xa0—\xa026000', -1, '<1000', '<1000', '<1000\xa0—\xa03400', '4400\xa0—\xa05600', '880\xa0—\xa024000', '18000', '4400', '2300', '1600', '2300\xa0—\xa03600', '200\xa0—\xa01100', '400\xa0—\xa01000', '<1000\xa0—\xa02100', '<1000', '3400\xa0—\xa05000', '<1000', '<1000', '<1000\xa0—\xa011300']"
CARROT_SEED_13100.html,"[-1, -1, -1, -1, -1, -1, -1, -1, -1, -1, -1, -1, -1, -1]"
SIBERIAN_GINSENG_SEED_OIL_(E._Senticosus)_36402.html,"[-1, -1, -1, -1, '35720', '21800', '2900', '53600', '182400', '4000', -1, -1, -1, -1, -1, '290', -1, -1, '330']"
SOY_SAUCE_(dark)_12852.html,"['0.00008\xa0\xa00.00008', '0.00004\xa0\xa00.00004', '0.00003\xa0\xa00.00003', '0.00010\xa0\xa00.00010', '0.00006\xa0\xa00.00006', '0.00416\xa0\xa00.00416', '0.00003\xa0\xa00.00003', '0.17998\xa0\xa00.17998', '0.00523\xa0\xa00.00523', '0.00018\xa0\xa00.00018', '0.00015\xa0\xa00.00015', '0.00173\xa0\xa00.00173', '0.00010\xa0\xa00.00010', '0.00151\xa0\xa00.00151', '0.00085\xa0\xa00.00085', '0.00007\xa0\xa00.00007', '0.00012\xa0\xa00.00012', '0.00013\xa0\xa00.00013', '0.00217\xa0\xa00.00217', '0.00004\xa0\xa00.00004', '0.00020\xa0\xa00.00020', '0.00008\xa0\xa00.00008', '0.00019\xa0\xa00.00019', '0.00033\xa0\xa00.00033', '0.00016\xa0\xa00.00016', '0.00035\xa0\xa00.00035', '0.00008\xa0\xa00.00008', '0.00010\xa0\xa00.00010', '0.00010\xa0\xa00.00010', '0.00020\xa0\xa00.00020', '0.00055\xa0\xa00.00055', '0.00011\xa0\xa00.00011', '0.00010\xa0\xa00.00010', '0.00019\xa0\xa00.00019', '0.00009\xa0\xa00.00009', '0.00013\xa0\xa00.00013', '0.00035\xa0\xa00.00035', '0.00003\xa0\xa00.00003', '0.00043\xa0\xa00.00043', '0.00041\xa0\xa00.00041', '0.01758\xa0\xa00.01758', '0.00903\xa0\xa00.00903', '0.00156\xa0\xa00.00156', '0.08090\xa0\xa00.08090', '0.00013\xa0\xa00.00013', '0.00074\xa0\xa00.00074', '0.00015\xa0\xa00.00015', '0.00005\xa0\xa00.00005', '0.00006\xa0\xa00.00006', '0.00100\xa0\xa00.00100', '0.00005\xa0\xa00.00005', '0.00108\xa0\xa00.00108', '0.00006\xa0\xa00.00006', '0.00025\xa0\xa00.00025', '0.00008\xa0\xa00.00008', '0.00014\xa0\xa00.00014', '0.00015\xa0\xa00.00015', '0.00008\xa0\xa00.00008', '0.00007\xa0\xa00.00007', '0.00502\xa0\xa00.00502', '0.00010\xa0\xa00.00010', '0.00001\xa0\xa00.00001', '0.00018\xa0\xa00.00018', '0.00014\xa0\xa00.00014', '0.00090\xa0\xa00.00090', '0.00071\xa0\xa00.00071', '0.00006\xa0\xa00.00006', '0.00636\xa0\xa00.00636', '0.00070\xa0\xa00.00070', '0.00045\xa0\xa00.00045', '0.01121\xa0\xa00.01121', '0.00002\xa0\xa00.00002', '0.00056\xa0\xa00.00056', '0.00238\xa0\xa00.00238', '0.17391\xa0\xa00.17391', '0.00234\xa0\xa00.00234', '0.03942\xa0\xa00.03942', '0.17383\xa0\xa00.17383', '0.00096\xa0\xa00.00096', '0.00588\xa0\xa00.00588', '0.00059\xa0\xa00.00059', '0.00013\xa0\xa00.00013', '0.00064\xa0\xa00.00064', '0.00051\xa0\xa00.00051', '0.00069\xa0\xa00.00069', '0.00012\xa0\xa00.00012', '0.00060\xa0\xa00.00060', '0.00059\xa0\xa00.00059', '0.00017\xa0\xa00.00017', '0.00012\xa0\xa00.00012', '0.00062\xa0\xa00.00062', '0.00048\xa0\xa00.00048', '0.00008\xa0\xa00.00008', '0.00099\xa0\xa00.00099', '0.00044\xa0\xa00.00044', '0.00063\xa0\xa00.00063', '0.00016\xa0\xa00.00016', '0.00023\xa0\xa00.00023', '0.11388\xa0\xa00.11388', '0.00005\xa0\xa00.00005', '0.00033\xa0\xa00.00033', '0.00250\xa0\xa00.00250', '0.02170\xa0\xa00.02170', '0.02192\xa0\xa00.02192', '0.00108\xa0\xa00.00108', '0.00008\xa0\xa00.00008', '0.00012\xa0\xa00.00012', '0.00002\xa0\xa00.00002', '0.00136\xa0\xa00.00136', '0.00235\xa0\xa00.00235', '0.00001\xa0\xa00.00001', '0.00027\xa0\xa00.00027', '0.00749\xa0\xa00.00749', '0.00206\xa0\xa00.00206', '0.00113\xa0\xa00.00113', '0.00097\xa0\xa00.00097', '0.00080\xa0\xa00.00080', '0.01354\xa0\xa00.01354', '0.00018\xa0\xa00.00018', '0.00009\xa0\xa00.00009', '0.00005\xa0\xa00.00005', '0.00039\xa0\xa00.00039', '0.00935\xa0\xa00.00935', '0.00898\xa0\xa00.00898', '0.00013\xa0\xa00.00013', '0.00200\xa0\xa00.00200', '0.00010\xa0\xa00.00010']"
CHERRY_TREE_SMOKE_36806.html,"['19.8', '12.4', '16.1', '23', '30.7', '61.3', '30.8', '10.7']"
"PISTACIA_ATLANTICA,_FRUIT_OIL_27120.html","['<1000\xa0—\xa035000', '<1000\xa0—\xa010000', '202000\xa0—\xa0345000', '0\xa0—\xa01000', '4000\xa0—\xa06000', '14000\xa0—\xa020000', '21000\xa0—\xa034000', '1000\xa0—\xa050000', '2000\xa0—\xa015000', '5000', '<1000', '0\xa0—\xa01000', '21000\xa0—\xa068000', '<1000', '38000\xa0—\xa066000', '<1000\xa0—\xa013000', '<1000\xa0—\xa016000', '<1000\xa0—\xa010000', '1000\xa0—\xa0195000', '<1000', '<1000\xa0—\xa09000', '<1000\xa0—\xa018000', '0\xa0—\xa07000', '1000', '3000', '0\xa0—\xa010000', '0\xa0—\xa04000', '<1000', '<1000', '10000\xa0—\xa021000', '0\xa0—\xa021000', '<1000\xa0—\xa014000', '<1000\xa0—\xa03000', '0\xa0—\xa03000', '0\xa0—\xa01000', '0\xa0—\xa04000', '0\xa0—\xa01000', '0\xa0—\xa01000', '0\xa0—\xa01000', '0\xa0—\xa04000', '<1000\xa0—\xa0100000', '0\xa0—\xa012000', '2000', '3000', '0\xa0—\xa01000', '0\xa0—\xa011000', '9000\xa0—\xa023000', '32000\xa0—\xa0257000', '<1000\xa0—\xa09000', '<1000\xa0—\xa05000', '<1000', '24000', '29000', '0\xa0—\xa01000', '0\xa0—\xa01000', '0\xa0—\xa01000', '<1000\xa0—\xa05000', '0\xa0—\xa06000', '0\xa0—\xa01000', '<1000', '<1000\xa0—\xa06000', '0\xa0—\xa01000', '0\xa0—\xa01000', '28000', '34000', '0\xa0—\xa01000', '2000', '9000', '0\xa0—\xa04000', '4000', '4000', '82000', '6000', '3000', '<1000\xa0—\xa0215000', '0\xa0—\xa01000', '28000', '2000', '<1000', '2000', '5000', '24000']"
CEDARWOOD_OIL_(J._pinchotii)_34809.html,"[-1, -1, 'trace', -1, -1]"
HONEY_OF_LEPTOSPERMUM_SPECIES_(Manuka_and_Kanuka)_8123.html,"['5\xa0—\xa033', '0.2\xa0—\xa01.1', '3.5\xa0—\xa060', '0.1\xa0—\xa01.2', '0.2\xa0—\xa02.3', '0.5\xa0—\xa023', '0.5\xa0—\xa09.6', '0.1\xa0—\xa07', '0.5\xa0—\xa020', '7\xa0—\xa065', '0.2\xa0—\xa01.5', '0.2\xa0—\xa02.6', '0.3\xa0—\xa011.5', '4\xa0—\xa060', '1\xa0—\xa09', '12\xa0—\xa0143', '2\xa0—\xa042', '0.5\xa0—\xa052', '2.5\xa0—\xa029', '26\xa0—\xa0470', '1.8\xa0—\xa034', '6\xa0—\xa0508', '1.6\xa0—\xa0327', '733\xa0—\xa04474']"
HEATHER_HONEY_(Calluna_vulgaris___Erica_arborea)_8114.html,"[-1, '0.4\xa0—\xa01.6', '1.2\xa0—\xa03.1', -1, '0.01\xa0—\xa00.08', -1, -1, -1, '0\xa0—\xa00.3', '0\xa0—\xa00.06', '0.005\xa0—\xa00.2', -1, '0\xa0—\xa00.01', -1, -1, -1, -1, -1, -1, '0.03\xa0—\xa02', '0.005\xa0—\xa01', '0.002\xa0—\xa00.2', '0.005\xa0—\xa03.7', -1, -1, -1, -1, '0\xa0—\xa00.02', -1, -1, -1, '0.007\xa0—\xa01', '0.003\xa0—\xa00.004', '0\xa0—\xa02.5', '0.9\xa0—\xa02.9', '0.003\xa0—\xa00.004', '0.2', '0.05', '0.14', '0.005\xa0—\xa00.5', '0.14', -1, -1, -1, -1, '0.006\xa0—\xa07.5', -1, -1, -1, -1, '0.002\xa0—\xa05', -1, '27\xa0—\xa036', '1.1\xa0—\xa01.4', '0.3\xa0—\xa04.4', '30\xa0—\xa060', '0\xa0—\xa0340', '7\xa0—\xa09', '1.4\xa0—\xa01.7', '107\xa0—\xa0185', -1, -1, '1.2\xa0—\xa01.6', '0\xa0—\xa00.05', -1, -1, -1, -1, '0.007\xa0—\xa00.6', '0.001\xa0—\xa00.6', '0\xa0—\xa00.5', -1, '<0.1', '1.6\xa0—\xa05.7', '1.1\xa0—\xa01.6', -1, '0.005\xa0—\xa02.7', '0\xa0—\xa00.06', '0.004\xa0—\xa00.4', '0.7\xa0—\xa00.9', '3.5\xa0—\xa016.3', '0.3\xa0—\xa00.7', '4.5\xa0—\xa06.9', '0.6\xa0—\xa01.6', '2.7\xa0—\xa05.5', '0.8\xa0—\xa016.5', '1\xa0—\xa01.7', '0.8\xa0—\xa01.5', '1.1\xa0—\xa06.4', -1, '2\xa0—\xa0216', '0\xa0—\xa03.5', '2.1\xa0—\xa02.7', '3.8\xa0—\xa05.2', '0.6\xa0—\xa00.7', '0\xa0—\xa01350', '0\xa0—\xa03.8', '0\xa0—\xa03', '0\xa0—\xa00.4', '0.6\xa0—\xa01.5', '1.2\xa0—\xa01.8', '1.6\xa0—\xa01.9', '0\xa0—\xa00.6', '0\xa0—\xa0978', '2\xa0—\xa08', '1.6\xa0—\xa03.7', '0.1\xa0—\xa00.3', '0.1\xa0—\xa05.2', '0\xa0—\xa01', '2.2\xa0—\xa06.8', '1.9\xa0—\xa03.8', '0\xa0—\xa00.8', '0\xa0—\xa03.6', '0.4\xa0—\xa00.8', -1, -1, '0\xa0—\xa010', '0.2', '0.009\xa0—\xa00.2', '0.001\xa0—\xa00.06', -1, '0\xa0—\xa00.1', '0\xa0—\xa00.009', -1, -1, -1, -1, -1, '0\xa0—\xa00.7', -1, -1, -1, -1, '0.2\xa0—\xa00.3', -1, -1, -1, -1, -1, -1, '0.05\xa0—\xa00.3', '0\xa0—\xa00.03', '0.01\xa0—\xa029', -1, -1, '0.003\xa0—\xa00.2', -1, '0.006\xa0—\xa00.5', -1]"
WHEY_PROTEIN_HYDROLYSATE_28410.html,"[-1, '0.00741\xa0—\xa00.365', '0.00267\xa0—\xa01.131', '0.00438\xa0—\xa00.0659', '0\xa0—\xa00.00273', '0.00015\xa0—\xa00.00228', '0.00128\xa0—\xa00.0109', -1, '0.00076\xa0—\xa00.00421', -1, '0.00019\xa0—\xa00.001674', -1, -1, '0.00106\xa0—\xa00.0331', '0.000381\xa0—\xa00.0915', '0.00136\xa0—\xa00.0124', -1, -1, -1, -1, -1, -1, -1, -1, -1, '0.00126\xa0—\xa00.0827', -1, '0.00004\xa0—\xa00.00324', -1, '0\xa0—\xa00.131', -1, '0.00005\xa0—\xa00.00059', -1, -1]"
LINDEN_or_LIME_TREE_HONEY_(Tilia_cordata)_8107.html,"['0.003', '0.68', '0.015', -1, -1, -1, -1, -1, -1, '0.001', '0.002', '0.001', -1, -1, '6\xa0—\xa0460', -1, -1, '0\xa0—\xa0190', -1, -1, '0.3', -1, -1, -1, -1, -1, -1, -1, -1, -1, -1, -1, -1, -1, -1, -1, -1, -1, '1.7', -1, '0.007\xa0—\xa00.03', '0.004\xa0—\xa00.02', '0.004\xa0—\xa00.05', '0.002', '0.01', '0.003', -1, -1, -1, '0.003\xa0—\xa00.16', '0.08', '0.003\xa0—\xa00.004', '0.08', '0.24', '0.2', '0.003\xa0—\xa00.004', '0.07', -1, '0.27', -1, '0.02', '0.005', -1, '0.09', -1, -1, -1, -1, '0.7\xa0—\xa01.6', -1, '0.008', -1, -1, -1, -1, -1, -1, -1, -1, -1, '0.8\xa0—\xa011.53', -1, '0.78', '0.69', -1, '0.22', '5\xa0—\xa011', '0.29', '1.18', '0.15', '0.42', '0.1', '0.065', -1, -1, -1, -1, '0.08', -1, -1, -1, -1, '0.06', -1, '0.1', -1, -1, -1, -1, -1, -1, '0\xa0—\xa00.01', -1, -1, -1, '3.5\xa0—\xa0138', -1, -1, -1, -1, '1.72', '0.42', '0.62']"
FISH_MISO_(with_koji)_28901.html,"['0.00016\xa0\xa00.00016', '0.00004\xa0\xa00.00004', '0.01689\xa0\xa00.01689', '0.00006\xa0\xa00.00006', '0.00010\xa0\xa00.00010', '0.36169\xa0\xa00.36169', '0.26267\xa0\xa00.26267', '0.00030\xa0\xa00.00030', '0.00143\xa0\xa00.00143', '0.04458\xa0\xa00.04458', '0.00164\xa0\xa00.00164', '0.01078\xa0\xa00.01078', '0.45373\xa0\xa00.45373', '0.00093\xa0\xa00.00093', '0.00437\xa0\xa00.00437', '0.00363\xa0\xa00.00363', '0.24096\xa0\xa00.24096', '0.00069\xa0\xa00.00069', '0.00070\xa0\xa00.00070', '0.00007\xa0\xa00.00007', '0.00024\xa0\xa00.00024', '0.00183\xa0\xa00.00183', '0.02886\xa0\xa00.02886', '0.00270\xa0\xa00.00270', '0.00008\xa0\xa00.00008', '0.00361\xa0\xa00.00361', '0.00013\xa0\xa00.00013', '0.01950\xa0\xa00.01950', '0.00042\xa0\xa00.00042', '0.00151\xa0\xa00.00151', '0.00095\xa0\xa00.00095', '0.00048\xa0\xa00.00048', '0.00083\xa0\xa00.00083', '0.00082\xa0\xa00.00082', '0.00083\xa0\xa00.00083', '0.01681\xa0\xa00.01681', '0.00042\xa0\xa00.00042', '0.00175\xa0\xa00.00175', '0.47734\xa0\xa00.47734', '0.00650\xa0\xa00.00650', '0.00159\xa0\xa00.00159', '0.00735\xa0\xa00.00735', '0.00008\xa0\xa00.00008', '0.01284\xa0\xa00.01284', '0.00205\xa0\xa00.00205', '0.00009\xa0\xa00.00009', '0.00008\xa0\xa00.00008', '0.00049\xa0\xa00.00049', '0.00010\xa0\xa00.00010', '0.00335\xa0\xa00.00335', '0.00006\xa0\xa00.00006', '0.00506\xa0\xa00.00506', '0.00011\xa0\xa00.00011', '0.00062\xa0\xa00.00062', '0.00015\xa0\xa00.00015', '0.00043\xa0\xa00.00043', '0.00011\xa0\xa00.00011', '0.00640\xa0\xa00.00640', '0.00003\xa0\xa00.00003', '0.00003\xa0\xa00.00003', '0.00362\xa0\xa00.00362', '0.00008\xa0\xa00.00008', '0.00051\xa0\xa00.00051', '0.00557\xa0\xa00.00557', '0.00010\xa0\xa00.00010', '0.17394\xa0\xa00.17394', '0.00450\xa0\xa00.00450', '0.00089\xa0\xa00.00089', '0.00087\xa0\xa00.00087', '0.00037\xa0\xa00.00037', '0.00680\xa0\xa00.00680', '0.03631\xa0\xa00.03631', '0.02682\xa0\xa00.02682', '0.01416\xa0\xa00.01416', '0.13492\xa0\xa00.13492', '0.05930\xa0\xa00.05930', '0.00287\xa0\xa00.00287', '0.00072\xa0\xa00.00072', '0.04077\xa0\xa00.04077', '0.04675\xa0\xa00.04675', '0.00053\xa0\xa00.00053', '0.00272\xa0\xa00.00272', '0.00156\xa0\xa00.00156', '0.00160\xa0\xa00.00160', '0.00601\xa0\xa00.00601', '0.00446\xa0\xa00.00446', '0.00180\xa0\xa00.00180', '0.00041\xa0\xa00.00041', '0.01487\xa0\xa00.01487', '0.00835\xa0\xa00.00835', '0.00207\xa0\xa00.00207', '0.02476\xa0\xa00.02476', '0.00050\xa0\xa00.00050', '0.11322\xa0\xa00.11322', '0.00031\xa0\xa00.00031', '0.00007\xa0\xa00.00007', '0.00010\xa0\xa00.00010', '0.00021\xa0\xa00.00021', '0.00090\xa0\xa00.00090', '0.00009\xa0\xa00.00009', '0.00003\xa0\xa00.00003', '0.31172\xa0\xa00.31172', '0.01437\xa0\xa00.01437', '0.00537\xa0\xa00.00537', '0.00088\xa0\xa00.00088', '0.01119\xa0\xa00.01119', '0.00301\xa0\xa00.00301', '0.00504\xa0\xa00.00504', '0.00607\xa0\xa00.00607', '0.00059\xa0\xa00.00059', '0.14997\xa0\xa00.14997', '0.00033\xa0\xa00.00033', '0.00417\xa0\xa00.00417', '0.00012\xa0\xa00.00012', '0.00013\xa0\xa00.00013', '0.00269\xa0\xa00.00269', '0.00384\xa0\xa00.00384', '0.00031\xa0\xa00.00031', '0.00370\xa0\xa00.00370', '0.00031\xa0\xa00.00031']"
AMERICAN_OAK_(mixture_of_4_types)_34507.html,"['5.78\xa0—\xa022.56', '0.91\xa0—\xa01.37', '34.74\xa0—\xa042.51', '0.36\xa0—\xa00.57', '6.43\xa0—\xa012.52', '2.48\xa0—\xa03.92', '0.87\xa0—\xa01.02', '1.92\xa0—\xa03.77', '35.4', '2.73\xa0—\xa04.26', '1.43\xa0—\xa01.48', -1, '4.48\xa0—\xa04.55', '0\xa0—\xa01.44', '2\xa0—\xa03.26', '9.78\xa0—\xa092.85', '0.63\xa0—\xa015.39', '0.84\xa0—\xa013.63', '1.26\xa0—\xa01.61']"
TURPENTINE_(Pistacia_terebinthus)_FRUIT_OIL_27310.html,"['7000\xa0—\xa018000', '16000\xa0—\xa019000', '54000\xa0—\xa0114000', '4000\xa0—\xa05000', '69000\xa0—\xa070000', '328000\xa0—\xa0342000', '<1000', '35000\xa0—\xa046000', '8000\xa0—\xa015000', '53000\xa0—\xa0156000', '115000\xa0—\xa0225000', '7000\xa0—\xa043000', '<1000', '<1000\xa0—\xa06000', '12000\xa0—\xa024000', '0\xa0—\xa01000', '<1000\xa0—\xa05000', '<1000', '<1000', '0\xa0—\xa04000', '0\xa0—\xa01000', '<1000', '16000\xa0—\xa033000', '<1000', '<1000\xa0—\xa02000', '4000\xa0—\xa014000', '<1000', '<1000', '<1000', '<1000', '0\xa0—\xa01000', '5000\xa0—\xa010000', '<1000', '14000\xa0—\xa016000', '<1000\xa0—\xa07000', '<1000', '<1000\xa0—\xa03000', '<1000', '10000\xa0—\xa012000', '3000', '<1000', '<1000', '<1000\xa0—\xa09000', '0\xa0—\xa01000', '<1000\xa0—\xa010000', '<1000', '<1000', '<1000', '0\xa0—\xa01000', '<1000\xa0—\xa02000', '<1000', '<1000', '<1000']"
"ROSELLE_LEAF,_GREEN_CULTIVAR_(flowering_stage)_35902.html","['3.583', '36.3486', '328.7095']"
REDWOOD_TREE_SMOKE_36818.html,"['9.2', '3.7', '6.9', '12.8', '27.4', '26.3', '14.9', '2.1']"
TAGETES_RIOJANA_FERRARO_OIL_31010.html,"[-1, -1, -1, -1, -1, -1, -1, -1, -1, -1, -1]"
HOP_OIL_(Humulus_lupulus)_6210.html,"['850', -1, -1, -1, -1, -1, -1, -1, -1, -1, -1, -1, -1, '<400\xa0—\xa03600', '200', '1\xa0—\xa09500', '1049\xa0—\xa0734100', -1, '0\xa0—\xa0161900', '0\xa0—\xa08800', -1, '100', '200\xa0—\xa05570', '370\xa0—\xa03800', '100', '9\xa0—\xa05400', -1, -1, -1, '200', '7\xa0—\xa030200', '41\xa0—\xa02000', -1, -1, -1, -1, '0\xa0—\xa03600', '1020\xa0—\xa0417200', -1, '2\xa0—\xa03800', -1, -1, '6\xa0—\xa018000', -1, -1, '200\xa0—\xa0210', '2\xa0—\xa013900', -1, '1500\xa0—\xa043600', '300', '11\xa0—\xa010000', -1, '0\xa0—\xa06100', '0\xa0—\xa013100', '1\xa0—\xa036800', '910\xa0—\xa04800', '28\xa0—\xa05000', '48\xa0—\xa018900', '0\xa0—\xa099500', '0\xa0—\xa084500', '610', -1, -1, '0\xa0—\xa09000', -1, -1, '0\xa0—\xa057', '569\xa0—\xa0149000', -1, '900\xa0—\xa04110', '200\xa0—\xa03700', '17\xa0—\xa09500', -1, '5\xa0—\xa02700', -1, '0\xa0—\xa071', '900\xa0—\xa034800', -1, -1, '230', -1, '0\xa0—\xa05700', '0\xa0—\xa08400', -1, '100', -1, -1, '430', -1, -1, -1, -1, '0\xa0—\xa06700', -1, '0\xa0—\xa02900', '1060\xa0—\xa09700', -1, -1, -1, -1, -1, -1, -1, -1, '50', -1, -1, -1, -1, '7', '30', '100', -1, '200', '100', '6100', -1, '50', -1, '200', '3\xa0—\xa015200', '0\xa0—\xa01000', '6\xa0—\xa010900', '6\xa0—\xa029', -1, '200', '2300', '230', -1, '200', '30', -1, -1, -1, -1, '0\xa0—\xa02215.3', '0\xa0—\xa014600', '100', -1, -1, -1, -1, '0\xa0—\xa0800', '0\xa0—\xa01000', -1, '0\xa0—\xa02500', '0\xa0—\xa02000', '700', '0\xa0—\xa01500', -1, -1, '0\xa0—\xa02200', '0\xa0—\xa090', '0\xa0—\xa0300', '2\xa0—\xa023', -1, -1, -1, -1, -1, '200', -1, -1, -1, '110', -1, '1\xa0—\xa010', -1, '2\xa0—\xa07', -1, -1, -1, -1, -1, -1, -1, -1, -1, '60.1\xa0—\xa0156', '182.9\xa0—\xa0333.5', 'trace\xa0—\xa0180', -1, -1, '2400', -1, '3\xa0—\xa015', '100', '0\xa0—\xa08000', -1, '10', -1, '200', -1, '100', '10', '0\xa0—\xa05500', -1, '10', '0\xa0—\xa02600', '200', '0\xa0—\xa03000', '100\xa0—\xa015000', '0\xa0—\xa02500', -1, '<400\xa0—\xa0700', '300', '100', '<400\xa0—\xa02700', -1, -1, -1, '20', '0\xa0—\xa017000', '<400\xa0—\xa0700', '0\xa0—\xa02300', '1600', -1, '50', -1, '500', '900', '15\xa0—\xa08927.6', -1, -1, '0\xa0—\xa01800', -1, '0\xa0—\xa012400', -1, '300', '100', -1, -1, -1, -1, -1, -1, -1, -1, -1, '810', '140', '1000', -1, -1, '10200', -1, -1, '1200', -1, '810\xa0—\xa0900', -1, '10', '300', -1, '630\xa0—\xa01300', '300', '16\xa0—\xa0200', '10', '100', '100', '200', '600', '200', -1, '100', -1, -1, '710', '100', '0\xa0—\xa014000', '0\xa0—\xa01500', '370', '800\xa0—\xa010000', '1\xa0—\xa046', '1100\xa0—\xa03800', '0\xa0—\xa0900', -1, '0\xa0—\xa07400', -1, -1, -1, '0\xa0—\xa09200', '0\xa0—\xa044000', -1, '1\xa0—\xa07100', '0\xa0—\xa0900', '200\xa0—\xa01000', '0\xa0—\xa0900', '59.61\xa0—\xa010000', -1, -1, '0\xa0—\xa02200', -1, '0\xa0—\xa01500', -1, '0\xa0—\xa01500', -1, '30', '0\xa0—\xa06100', '70', '0\xa0—\xa04400', '7\xa0—\xa040', -1, '6\xa0—\xa07100', -1, -1, '10\xa0—\xa07500', '3\xa0—\xa012500', '9500', '20', '20', '0\xa0—\xa01200', '0\xa0—\xa05000', '1400', -1, '200', '<400\xa0—\xa02200', '100', '<400\xa0—\xa02500', '0\xa0—\xa014000', '0\xa0—\xa04900', '22\xa0—\xa056200', '11000', '13\xa0—\xa024000', '4900\xa0—\xa024000', -1, -1, '110', '200', '1200', '100', -1, -1, '0\xa0—\xa06600', '900\xa0—\xa03600', '0\xa0—\xa03200', '0\xa0—\xa015000', '100', '200', -1, '830', -1, '1.52\xa0—\xa0860', '0.9\xa0—\xa0100', -1, -1, '1.6\xa0—\xa02.78', -1, '0\xa0—\xa02.02', -1, -1, '1.46\xa0—\xa03.44', -1, '0\xa0—\xa01.68', '1.93\xa0—\xa0200', -1, '2.55\xa0—\xa01200', -1, '1.47\xa0—\xa04.2', '100\xa0—\xa02500', '0\xa0—\xa02.1', '1.6\xa0—\xa02.9', '0\xa0—\xa01.79', '0\xa0—\xa02.48', -1, -1, -1, '2.2\xa0—\xa09300', '0\xa0—\xa02.1', -1, '0\xa0—\xa02', -1, -1, -1, '0.78\xa0—\xa03360', -1, -1, 'trace\xa0—\xa0454', '0.11\xa0—\xa0885', -1, '50', '50', -1, -1, '0\xa0—\xa03600', -1, 'trace\xa0—\xa03700', '0\xa0—\xa04200', '0\xa0—\xa018600', '1\xa0—\xa0939.7', '0\xa0—\xa02100', -1, '0\xa0—\xa020355', -1, 'trace', '3400', '50', -1, -1]"
MARMELEIRO_&_MORRAO_DE_CANDEIA_HONEY_(Croton_sp.)_8135.html,"[-1, -1, -1, -1, -1, -1, -1, -1, -1, -1, -1, -1, -1, -1, -1, -1, -1, -1, -1, -1, -1, -1, -1, -1, -1, -1, -1, -1, -1, -1, -1, -1, -1, -1, -1, -1, '4.5\xa0—\xa06.1', -1]"
SAVORY_HONEY_(Satureja_subspicata_Bartl._ex_Vis.)_8147.html,"[-1, -1, -1, -1, -1, -1, -1, -1, -1, -1, -1, -1, -1, -1, -1, -1, -1, -1, -1, -1, -1]"
LODGEPOLE_PINE_BARK_SMOKE_36817.html,"['33', '34.8', '18.3', '47.1', '40.5', '45.1', '54', '22.9']"
THYME_HONEY_(Thymus_vulgaris)_8105.html,"['0.1\xa0—\xa00.8', '0.9\xa0—\xa03.4', -1, -1, '0.1', '0.003', '0.006', '0.003', '0.1', '0.002\xa0—\xa00.1', '25\xa0—\xa0110', 'trace\xa0—\xa04.8', -1, -1, -1, -1, '0.004', 'trace\xa0—\xa00.4', '0.01', '0.05', '0.01', -1, '1.3\xa0—\xa01.8', '0.2\xa0—\xa00.4', '0.9\xa0—\xa05.1', -1, '0.08', '0.1\xa0—\xa00.7', '0.1\xa0—\xa00.5', '7.4', '0.5\xa0—\xa011', '0.7\xa0—\xa01.8', '3.5\xa0—\xa08.1', 'trace\xa0—\xa01.1', -1, 'trace\xa0—\xa00.8', '0.1\xa0—\xa00.5', 'trace\xa0—\xa00.2', '1.7\xa0—\xa010.5', '0.4\xa0—\xa05.3', '1.7\xa0—\xa05.2', '1', '1.9', '0.1\xa0—\xa09.1', -1, '0.1\xa0—\xa00.5', '0.1\xa0—\xa00.9', 'trace\xa0—\xa00.3', '0.4\xa0—\xa04.4', '0.7\xa0—\xa014', '0.6\xa0—\xa03', -1, '0.3\xa0—\xa00.7', '0.9\xa0—\xa02.1', '0.3\xa0—\xa01.6', '0.3\xa0—\xa04.4', '0.4\xa0—\xa014', '0.3\xa0—\xa02.7', 'trace\xa0—\xa00.8', '0.2\xa0—\xa00.6', 'trace\xa0—\xa00.6', 'trace\xa0—\xa00.1', '0.1\xa0—\xa00.7', 'trace\xa0—\xa00.6', '0.1\xa0—\xa00.7', 'trace\xa0—\xa00.3', '0.2\xa0—\xa00.9', '0.2\xa0—\xa00.3', -1, 'trace\xa0—\xa02.3', '0.04', '5.5', '0.04', '0.1\xa0—\xa00.2', '0.006', '0.1\xa0—\xa01.6', -1, -1]"
ORANGE_BLOSSOM_HONEY_(Citrus_sinensis_L.)_8108.html,"['0.01', '0.08', '0.05', -1, -1, '0.001', '0.005', -1, -1, -1, '0.01\xa0—\xa0328', -1, -1, '0\xa0—\xa0270', -1, -1, -1, '0.07', '0.002', '0.01', -1, -1, -1, -1, -1, -1, -1, -1, -1, -1, -1, -1, -1, -1, '0.004', -1, -1, -1, '1.5', -1, '0.006\xa0—\xa00.03', -1, -1, '0.004\xa0—\xa00.014', '0.007\xa0—\xa00.04', '0.05', '0.005', -1, -1, -1, -1, -1, '0.004\xa0—\xa00.005', '0.003\xa0—\xa00.004', '0.04', '0.003\xa0—\xa00.004', '0.003\xa0—\xa00.004', '0.002', '0.003\xa0—\xa00.004', -1, '0.03\xa0—\xa00.2', '0.03', '0.02', '0.002', '0.2', '0.002', '0.006', -1, -1, '0.2\xa0—\xa01.2', -1, '0.003\xa0—\xa00.004', -1, -1, '0.04', -1, -1, -1, -1, -1, -1, -1, -1, -1, -1, -1, -1, '0.16', '0.01', -1, -1, -1, -1, '0.13', '0.005', -1, -1, -1, '0.6', '0.13', '0.03', -1, -1, '0\xa0—\xa00.008', -1, '0.06', -1, -1, -1]"
FISH_MISO_(without_koji)_28902.html,"['0.00007\xa0\xa00.00007', '0.00022\xa0\xa00.00022', '0.00884\xa0\xa00.00884', '0.00012\xa0\xa00.00012', '0.0009\xa0\xa00.0009', '0.88972\xa0\xa00.88972', '0.05208\xa0\xa00.05208', '0.00146\xa0\xa00.00146', '0.00057\xa0\xa00.00057', '0.02774\xa0\xa00.02774', '0.00355\xa0\xa00.00355', '0.05877\xa0\xa00.05877', '0.19079\xa0\xa00.19079', '0.00129\xa0\xa00.00129', '0.00058\xa0\xa00.00058', '0.00399\xa0\xa00.00399', '0.10614\xa0\xa00.10614', '0.00024\xa0\xa00.00024', '0.00035\xa0\xa00.00035', '0.00007\xa0\xa00.00007', '0.00036\xa0\xa00.00036', '0.00272\xa0\xa00.00272', '0.01520\xa0\xa00.01520', '0.01555\xa0\xa00.01555', '0.00027\xa0\xa00.00027', '0.00318\xa0\xa00.00318', '0.00022\xa0\xa00.00022', '0.00326\xa0\xa00.00326', '0.00130\xa0\xa00.00130', '0.00087\xa0\xa00.00087', '0.00433\xa0\xa00.00433', '0.00107\xa0\xa00.00107', '0.00021\xa0\xa00.00021', '0.00422\xa0\xa00.00422', '0.00162\xa0\xa00.00162', '0.00722\xa0\xa00.00722', '0.00171\xa0\xa00.00171', '0.00071\xa0\xa00.00071', '0.15526\xa0\xa00.15526', '0.00212\xa0\xa00.00212', '0.00900\xa0\xa00.00900', '0.03338\xa0\xa00.03338', '0.00154\xa0\xa00.00154', '0.03387\xa0\xa00.03387', '0.01022\xa0\xa00.01022', '0.00014\xa0\xa00.00014', '0.00066\xa0\xa00.00066', '0.00225\xa0\xa00.00225', '0.00028\xa0\xa00.00028', '0.00497\xa0\xa00.00497', '0.00010\xa0\xa00.00010', '0.01390\xa0\xa00.01390', '0.00019\xa0\xa00.00019', '0.00368\xa0\xa00.00368', '0.00035\xa0\xa00.00035', '0.00064\xa0\xa00.00064', '0.00079\xa0\xa00.00079', '0.00071\xa0\xa00.00071', '0.00003\xa0\xa00.00003', '0.00008\xa0\xa00.00008', '0.02264\xa0\xa00.02264', '0.00020\xa0\xa00.00020', '0.00564\xa0\xa00.00564', '0.00165\xa0\xa00.00165', '0.00026\xa0\xa00.00026', '0.03601\xa0\xa00.03601', '0.00318\xa0\xa00.00318', '0.00039\xa0\xa00.00039', '0.00678\xa0\xa00.00678', '0.00006\xa0\xa00.00006', '0.01015\xa0\xa00.01015', '0.10235\xa0\xa00.10235', '0.00421\xa0\xa00.00421', '0.03374\xa0\xa00.03374', '0.00856\xa0\xa00.00856', '0.00223\xa0\xa00.00223', '0.01184\xa0\xa00.01184', '0.00037\xa0\xa00.00037', '0.01903\xa0\xa00.01903', '0.01090\xa0\xa00.01090', '0.00057\xa0\xa00.00057', '0.00017\xa0\xa00.00017', '0.00099\xa0\xa00.00099', '0.00060\xa0\xa00.00060', '0.00069\xa0\xa00.00069', '0.00036\xa0\xa00.00036', '0.00045\xa0\xa00.00045', '0.00006\xa0\xa00.00006', '0.00479\xa0\xa00.00479', '0.00322\xa0\xa00.00322', '0.00066\xa0\xa00.00066', '0.01925\xa0\xa00.01925', '0.00031\xa0\xa00.00031', '0.03792\xa0\xa00.03792', '0.00019\xa0\xa00.00019', '0.00007\xa0\xa00.00007', '0.00010\xa0\xa00.00010', '0.00021\xa0\xa00.00021', '0.00229\xa0\xa00.00229', '0.00029\xa0\xa00.00029', '1.01384\xa0\xa01.01384', '0.02269\xa0\xa00.02269', '0.00052\xa0\xa00.00052', '0.00073\xa0\xa00.00073', '0.06605\xa0\xa00.06605', '0.00156\xa0\xa00.00156', '0.01144\xa0\xa00.01144', '0.01599\xa0\xa00.01599', '0.00213\xa0\xa00.00213', '0.52546\xa0\xa00.52546', '0.00157\xa0\xa00.00157', '0.01141\xa0\xa00.01141', '0.00016\xa0\xa00.00016', '0.00057\xa0\xa00.00057', '0.00743\xa0\xa00.00743', '0.00593\xa0\xa00.00593', '0.00035\xa0\xa00.00035', '0.00492\xa0\xa00.00492', '0.00160\xa0\xa00.00160']"
JAPANESE_SOY_SAUCE_(Tamari)_12845.html,"['0.326\xa0\xa00.326', '0.370\xa0\xa00.370', '11.200\xa0\xa011.200', '0.0230\xa0\xa00.0230', '0.472\xa0\xa00.472', '5.890\xa0\xa05.890', '3.970\xa0\xa03.970', '0.555\xa0\xa00.555', '0.00183\xa0\xa00.00183', '0.00306\xa0\xa00.00306', '0.00832\xa0\xa00.00832', '0.227\xa0\xa00.227', '0.299\xa0\xa00.299', '0.354\xa0\xa00.354', '0.900\xa0\xa00.900', '0.00355\xa0\xa00.00355', '0.471\xa0\xa00.471', '0.0235\xa0\xa00.0235', '21.120\xa0\xa021.120', '3.690\xa0\xa03.690', '16.000\xa0\xa016.000']"
ANNATTO_oil-soluble_extract_26010.html,"['0\xa0—\xa019.2', '0\xa0—\xa00.25', '0\xa0—\xa00.22', '0.58\xa0—\xa01.33', '2.9\xa0—\xa05.1', '1.53\xa0—\xa02.5', '2.5\xa0—\xa015', '15.3\xa0—\xa044.5', '187\xa0—\xa0193', '40.4\xa0—\xa0220', '28.5\xa0—\xa093.4', '0.26\xa0—\xa01.64', '0\xa0—\xa02.6', '10\xa0—\xa011.6', '0\xa0—\xa05.49', '2.5\xa0—\xa03.4', '9.3\xa0—\xa015.7', '0\xa0—\xa02.3', '2.9\xa0—\xa06.6', '8.5\xa0—\xa091.2', '208\xa0—\xa0269', '0\xa0—\xa02.6', '0\xa0—\xa00.5', '0.3\xa0—\xa018.6', '3.42\xa0—\xa05.5', '0\xa0—\xa00.6', '0\xa0—\xa01', '0\xa0—\xa01.3', '2.4\xa0—\xa03.54', '24.2\xa0—\xa028.5', '0\xa0—\xa00.34', '6.7\xa0—\xa013.8', '4.9\xa0—\xa031.04', -1, '30', '1.93\xa0—\xa02.2', '0\xa0—\xa01.08', '0\xa0—\xa01.4', '0\xa0—\xa00.32', '0\xa0—\xa00.82']"
CEDARWOOD_OIL_(J._occidentalis_var._occidentalis)_34806.html,"[-1, -1, -1, -1, -1, -1]"
C._LANCIFOLIUS_ROOT_EXTRACT_36202.html,"['2.95', '3.09', '2.97', '4.43', '28.54', '18.42', '3.2', '7.64', '5.23', '5.27', '15.14', '4.94', '3.1', '2.9', '82.27', '83.36', '54']"
OYSTER_SAUCE_39104.html,"['0.00007\xa0\xa00.00007', '0.00026\xa0\xa00.00026', '0.00006\xa0\xa00.00006', '0.00556\xa0\xa00.00556', '0.00001\xa0\xa00.00001', '0.12031\xa0\xa00.12031', '0.00113\xa0\xa00.00113', '0.00008\xa0\xa00.00008', '0.00006\xa0\xa00.00006', '0.00041\xa0\xa00.00041', '0.00009\xa0\xa00.00009', '0.00033\xa0\xa00.00033', '0.00006\xa0\xa00.00006', '0.00003\xa0\xa00.00003', '0.00004\xa0\xa00.00004', '0.00012\xa0\xa00.00012', '0.00028\xa0\xa00.00028', '0.00001\xa0\xa00.00001', '0.00036\xa0\xa00.00036', '0.00009\xa0\xa00.00009', '0.00013\xa0\xa00.00013', '0.00005\xa0\xa00.00005', '0.00047\xa0\xa00.00047', '0.00005\xa0\xa00.00005', '0.00007\xa0\xa00.00007', '0.00010\xa0\xa00.00010', '0.00011\xa0\xa00.00011', '0.00019\xa0\xa00.00019', '0.00071\xa0\xa00.00071', '0.00002\xa0\xa00.00002', '0.00008\xa0\xa00.00008', '0.00011\xa0\xa00.00011', '0.00008\xa0\xa00.00008', '0.00193\xa0\xa00.00193', '0.00014\xa0\xa00.00014', '0.00046\xa0\xa00.00046', '0.00005\xa0\xa00.00005', '0.00007\xa0\xa00.00007', '0.00142\xa0\xa00.00142', '0.00069\xa0\xa00.00069', '0.00034\xa0\xa00.00034', '0.00177\xa0\xa00.00177', '0.00004\xa0\xa00.00004', '0.00053\xa0\xa00.00053', '0.00017\xa0\xa00.00017', '0.00005\xa0\xa00.00005', '0.00010\xa0\xa00.00010', '0.00064\xa0\xa00.00064', '0.00004\xa0\xa00.00004', '0.00612\xa0\xa00.00612', '0.00008\xa0\xa00.00008', '0.00041\xa0\xa00.00041', '0.00008\xa0\xa00.00008', '0.00016\xa0\xa00.00016', '0.00017\xa0\xa00.00017', '0.00087\xa0\xa00.00087', '0.00008\xa0\xa00.00008', '0.01524\xa0\xa00.01524', '0.00007\xa0\xa00.00007', '0.00005\xa0\xa00.00005', '0.00138\xa0\xa00.00138', '0.00062\xa0\xa00.00062', '0.00008\xa0\xa00.00008', '0.00025\xa0\xa00.00025', '0.00019\xa0\xa00.00019', '0.00003\xa0\xa00.00003', '0.00008\xa0\xa00.00008', '0.00002\xa0\xa00.00002', '0.00018\xa0\xa00.00018', '0.00103\xa0\xa00.00103', '0.02182\xa0\xa00.02182', '0.01145\xa0\xa00.01145', '0.01426\xa0\xa00.01426', '0.07307\xa0\xa00.07307', '0.01424\xa0\xa00.01424', '0.00006\xa0\xa00.00006', '0.00042\xa0\xa00.00042', '0.00004\xa0\xa00.00004', '0.00289\xa0\xa00.00289', '0.00016\xa0\xa00.00016', '0.00022\xa0\xa00.00022', '0.00004\xa0\xa00.00004', '0.00011\xa0\xa00.00011', '0.00007\xa0\xa00.00007', '0.00015\xa0\xa00.00015', '0.00010\xa0\xa00.00010', '0.00008\xa0\xa00.00008', '0.00003\xa0\xa00.00003', '0.00004\xa0\xa00.00004', '0.00003\xa0\xa00.00003', '0.00014\xa0\xa00.00014', '0.00016\xa0\xa00.00016', '0.00028\xa0\xa00.00028', '0.00014\xa0\xa00.00014', 'trace\xa0\xa00', '0.00015\xa0\xa00.00015', '0.00016\xa0\xa00.00016', 'trace\xa0\xa00', '0.00111\xa0\xa00.00111', '0.00058\xa0\xa00.00058', '0.00565\xa0\xa00.00565', '0.00611\xa0\xa00.00611', '0.00001\xa0\xa00.00001', '0.00030\xa0\xa00.00030', '0.00004\xa0\xa00.00004', '0.00015\xa0\xa00.00015', '0.00126\xa0\xa00.00126', '0.00084\xa0\xa00.00084', '0.00020\xa0\xa00.00020', '0.02270\xa0\xa00.02270', '0.00030\xa0\xa00.00030', '0.00054\xa0\xa00.00054', '0.00027\xa0\xa00.00027', '0.00015\xa0\xa00.00015', '0.00008\xa0\xa00.00008', '0.00028\xa0\xa00.00028', '0.00001\xa0\xa00.00001', '0.00016\xa0\xa00.00016', '0.00007\xa0\xa00.00007', '0.00006\xa0\xa00.00006', '0.00007\xa0\xa00.00007', '0.00030\xa0\xa00.00030', '0.00076\xa0\xa00.00076', '0.00266\xa0\xa00.00266', '0.00009\xa0\xa00.00009', '0.00031\xa0\xa00.00031', '0.00005\xa0\xa00.00005']"
ASSA-PEIXE_HONEY_(Vernonia_ferruginea_Less.)_8140.html,"[-1, -1, -1, -1, -1, -1, -1, -1, -1, -1, -1, -1, '2.6\xa0—\xa03.8']"
"MISO_(koji,_aspergillus_oryzae)_12820.html","[-1, -1, -1, -1, -1, -1, -1]"
TEMPEH_12840.html,"[-1, -1, -1, -1, -1, -1, -1, -1, -1, -1, -1, -1, -1, -1, -1, -1, -1, -1, -1, -1, -1, -1, -1, -1, -1, -1, -1, -1, -1, -1, -1, -1, -1, -1, -1, -1, -1, -1, -1, -1]"
BLUE_GUM_HONEY_(Eucalyptus_leucoxylon)_8111.html,"['0\xa0—\xa00.2', '0.1\xa0—\xa00.6', '0.1\xa0—\xa00.2', '0.1\xa0—\xa00.5', '0.3\xa0—\xa00.6', '0.2\xa0—\xa01.6', '0.1\xa0—\xa00.4', '0.1', '0.4\xa0—\xa01.2', '0.2\xa0—\xa01', '0.1\xa0—\xa00.2', '9.5\xa0—\xa018.7', '7.6\xa0—\xa013.1', '0.7\xa0—\xa01.6', '7.5\xa0—\xa014.6', '0.5\xa0—\xa02', '0.1\xa0—\xa00.6', '4\xa0—\xa07.7', '0.2\xa0—\xa00.5', '4.6\xa0—\xa08.9', '0.1\xa0—\xa00.6', '0\xa0—\xa00.3', '0.2\xa0—\xa02.9', '0.2\xa0—\xa00.3', '0.3\xa0—\xa01.1', '0.2\xa0—\xa00.3', '1\xa0—\xa06.1']"
C._ERECTUS_FRUIT_EXTRACT_36206.html,"['1.46', '0.22', '0.002', '0.67', '94.93', '6.7', '0.44', '6.37', '0.98', '1.57', '16.73', '0.62', '0.09', '0.05', '593.14', '108.57', '13.39']"
DOUGLAS-FIR_HEARTWOOD_SMOKE_36814.html,"['8.5', '14.6', '12.7', '31.7', '18.1', '36.7', '16', '2.5']"
ASPHODEL_HONEY_(Asphodelus_microcarpus_species)_8148.html,"[-1, -1, -1, -1, -1, -1, -1, -1, -1, -1, -1, -1, -1, -1, -1, -1, -1, -1, -1, -1, -1, -1, -1, -1, -1, -1, -1, -1, -1, -1, -1]"
ROSEMARY_HONEY_(Rosmarinus_officinalis)_8128.html,"['0.006', '0.6\xa0—\xa01.5', '0.03\xa0—\xa00.06', -1, -1, -1, -1, -1, -1, -1, -1, '0.002', '0.002', '0.008', -1, -1, '0.1\xa0—\xa0235', -1, '0\xa0—\xa0200', -1, '0.003\xa0—\xa00.008', '0.002', '0.003', '0.03', -1, -1, -1, -1, -1, -1, -1, -1, -1, -1, '0.005', '1.3', '0.007\xa0—\xa00.05', '0.005\xa0—\xa00.03', '0.004\xa0—\xa00.045', '0\xa0—\xa00.09', '0\xa0—\xa00.02', -1, -1, -1, '0.004', -1, -1, '0.01', '0.01\xa0—\xa00.3', '0.03', '0.05', '0.002', '0.09\xa0—\xa00.39', -1, -1, -1, -1, -1, -1, '0.04', -1, -1, -1, '0.18', -1, -1, '0.35', '0\xa0—\xa00.06', -1, '0.1', -1, '0.08', -1, -1, -1, '0.003', -1, -1, '0\xa0—\xa00.014', '0.04', -1, -1, -1, '0.003']"
STECHAS_LAVENDER_HONEY_(Lavandula_stoechas)_8138.html,"['0.009\xa0—\xa00.03', '0.02\xa0—\xa00.1', '0.004\xa0—\xa00.03', '0.009\xa0—\xa00.1', '0.1\xa0—\xa02', '0.007\xa0—\xa00.03', '0\xa0—\xa00.07', '0.004\xa0—\xa00.009', '0.3\xa0—\xa01', '0.005\xa0—\xa00.2', '0.07\xa0—\xa01.3', '0.007\xa0—\xa04.4', '0.005\xa0—\xa00.03', '0.008\xa0—\xa01', '0.2', '0\xa0—\xa00.03', '0.006\xa0—\xa00.02']"
"ROSELLE_SEEDS,_GREEN_CULTIVAR_(mature)_35905.html","['1.772', '17.7174', '324.4212']"
MASTIC_(Pistacia_lentiscus_var._chia)_LEAF_OIL_25560.html,"['1000', '4000', '139000', '1000', '1000', '18000', '18000', '2000', '6000', '2000', '3000', '10000', '9000', '201000', '34000', '4000', '42000', '3000', '14000', '17000', '1000', '5000', '108000', '5000', '9000', '1000', '1000', '9000', '2000', '4000', '4000', '2000', '1000', '3000', '33000', '2000', '6000', '2000', '33000', '9000', '4000', '2000', '18000', '7000', '13000', '5000', '2000', '1000', '4000', '19000', '1000', '3000', '2000', '5000', '48000', '4000', '2000', '9000', '2000', '4000', '2000', '4000', '2000', '18000', '2000', '3000']"
MASTIC_(Pistacia_lentiscus_var._chia)_GUM_OIL_25580.html,"['250000', '15000', '633000', '33000', '9000', '1000', '5000', '<1000', '1000', '1000', '<1000']"
TURPENTINE_(Pistacia_terebinthus)_LEAF_OIL_27340.html,"['1000', '9000', '33000', '3000', '8000', '26000', '12000', '6000', '4000', '1000', '<1000', '<2000\xa0—\xa03000', '22000', '2000\xa0—\xa011000', '1000\xa0—\xa083000', '<1000\xa0—\xa038000', '1000\xa0—\xa093000', '2000\xa0—\xa013000', '4000\xa0—\xa048000', '2000\xa0—\xa031000', '3000\xa0—\xa044000', '2000\xa0—\xa0164000', '1000\xa0—\xa0135000', '1000\xa0—\xa07000', '3000\xa0—\xa051000', '16000', '2000', '1000', '5000', '32000', '69000', '5000\xa0—\xa015000', '1000\xa0—\xa08000', '1000', '8000', '5000', '3000', '<2000', '<1000\xa0—\xa02000', '<2000\xa0—\xa05000', '2000\xa0—\xa010000', '1000', '36000', '14000', '20000', '3000', '4000', '1000', '14000', '9000', '<1000', '3000', '3000', '<2000\xa0—\xa010000', '2000\xa0—\xa010000', '54000', '3000', '16000', '2000', '5000\xa0—\xa081000', '12000\xa0—\xa0337000', '1000', '5000', '<2000', '2000\xa0—\xa03000', '1000', '8000\xa0—\xa018000', '<2000', '<2000\xa0—\xa050000', '5000\xa0—\xa014000', '4000\xa0—\xa06000', '5000', '69000', '14000', '3000', '1000\xa0—\xa018000', '16000', '33000', '1000', '29000', '8000', '14000', '<1000', '6000\xa0—\xa019000', '1000', '<2000', '<2000\xa0—\xa03000', '6000', '7000', '5000', '11000', '6000', '30000', '2000', '8000', '2000', '2000\xa0—\xa05000', '2000', '3000\xa0—\xa015000', '9000\xa0—\xa018000', '5000', '3000', '7000', '14000', '2000', '12000', '4000', '<2000', '5000\xa0—\xa044000', '8000', '<1000\xa0—\xa03000', '2000', '3000', '2000', '6000', '5000', '1000\xa0—\xa031000', '<2000', '<2000\xa0—\xa010000', '1000', '2000', '<1000', '11000', '2000', '27000', '2000\xa0—\xa08000']"
PISTACHIO_(Pistacia_vera)_LEAF_OIL_27030.html,"['4000', 'trace', '8000', '2000', '22000', '4000\xa0—\xa037000', '4000', '176000', '30000\xa0—\xa0124000', 'trace', '292000\xa0—\xa0300000', '20000\xa0—\xa022000', '47000\xa0—\xa083000', '15000', '24000', '<2000', '3000', '11000', '5000', '1000', '21000', '11000', '3000', '46000', '15000', '1000', '17000', '11000\xa0—\xa018000', '2000', '17000', '4000', '2000', '7000\xa0—\xa096000', '17000', 'trace', '3000\xa0—\xa011000', '7000', '3000', '10000', '11000', '18000', '<2000', 'trace', '3000', 'trace\xa0—\xa018000', '3000', '44000\xa0—\xa0113000', '4000', '9000']"
EUROPEAN_OAK_(Q._robur)_34501.html,"['0.034', '40.3', '0.156', '0.413', '0.056', '0.087', '0.054', '1.2\xa0—\xa032.82', 'trace', '0.602', '0\xa0—\xa03.63', '13.67\xa0—\xa045.67', '0\xa0—\xa00.67', '0.038', '1.06\xa0—\xa01.55', '1.04\xa0—\xa01.77', '1.51\xa0—\xa02.17', '3.34\xa0—\xa03.86', '7.18', '0.217\xa0—\xa05.63', '0.09\xa0—\xa00.62', -1, '0.212\xa0—\xa02.65', '0.512', '0\xa0—\xa02.05', '0.66\xa0—\xa03.26', '0.057\xa0—\xa083.58', '0.28\xa0—\xa014.14', '0.26\xa0—\xa023.06', '0\xa0—\xa01.53']"
WHEY_PROTEIN_ISOLATE_28420.html,"[-1, -1, -1, -1, -1, -1, -1, -1, -1, -1, -1, -1, -1, -1, -1, -1, -1, -1, -1]"
MASTIC_(Pistacia_lentiscus_L.)_AERIAL_PARTS_OIL_25540.html,"['100\xa0—\xa01000', '300\xa0—\xa01000', '8000\xa0—\xa0182900', '600\xa0—\xa0108400', '72019', '581', '<1000\xa0—\xa065000', '<500\xa0—\xa055900', '<1000\xa0—\xa065600', '<500\xa0—\xa024000', '9300\xa0—\xa098000', '83620', '22838', '1000', '3000', '<500\xa0—\xa038000', '324', '13176', '200\xa0—\xa026000', '4000', '1831', '269', '4300', '2100', '1000', '<500\xa0—\xa0156100', '1000\xa0—\xa017500', '37800\xa0—\xa0385000', '9000\xa0—\xa068000', '1064', '6944', '1000\xa0—\xa036000', '75', '1225', '<1000\xa0—\xa09000', '6140', '1984', '11700\xa0—\xa0232000', '115600', '1400', '0\xa0—\xa019000', '100', '2000', '<500\xa0—\xa05100', '0\xa0—\xa09000', '0\xa0—\xa041000', '1543', '39057', '2900\xa0—\xa06300', '1000', '6000\xa0—\xa026000', '2000\xa0—\xa017200', '5400', '<500\xa0—\xa02700', '0\xa0—\xa06000', '4000\xa0—\xa019700', '3000\xa0—\xa069000', '1200\xa0—\xa02000', '<1000\xa0—\xa012000', '<500\xa0—\xa019000', '500', '200\xa0—\xa06000', '300\xa0—\xa01000', '7000', '<500\xa0—\xa07000', '<1000\xa0—\xa04000', '600', '200\xa0—\xa09000', '<1000\xa0—\xa06000', '3000\xa0—\xa0162200', '<1000\xa0—\xa04000', '<1000\xa0—\xa04000', '<500\xa0—\xa02300', '<1000\xa0—\xa07000', '1000', '<1000', '<1000', '600', '<500\xa0—\xa01900', '8000', '<500\xa0—\xa017400', '4000\xa0—\xa032400', '245', '256', '3000\xa0—\xa0438000', '816', '5984', '<500\xa0—\xa04500', '0\xa0—\xa06000', '100', '<1000', '2417', '14483', '9000', '2000', '4000\xa0—\xa027900', '2000', '<500\xa0—\xa01400', '6000\xa0—\xa028900', '1000', '2000', '6000\xa0—\xa026000', '2000', '4300', '3000\xa0—\xa036000', '<500\xa0—\xa010100', '2000', '<1000\xa0—\xa014000', '<1000', '1300', '400', '<1000', '7000', '0\xa0—\xa04000', '3000', '1000\xa0—\xa012400', '<1000\xa0—\xa016000', '2000', '<1000', '1000', '1000\xa0—\xa09000', '<1000\xa0—\xa05000', '1000', '0\xa0—\xa05000', '3000', '1000\xa0—\xa0103000', '2000\xa0—\xa012000', '3000', '0\xa0—\xa05000', '800', '800', '1000', '300\xa0—\xa01000', '<500\xa0—\xa03000', '1000', '<1000', '1200\xa0—\xa04000', '2000', '3000', '2200', '<500\xa0—\xa02300', '1000', '2000', '<1000', '<500\xa0—\xa01800', '1000', '<500\xa0—\xa02100', '<500\xa0—\xa02100', '<500\xa0—\xa017200', '1000\xa0—\xa0103000']"
EASTERN_CEDAR_TREE_SMOKE_36811.html,"['34', '18.7', '15', '22.4', '40.7', '44.3', '40.7', '4.7']"
CEDARWOOD_OIL_(J._virginiana)_34811.html,[]
SOY_MISO_(dark)_28904.html,"['0.00009\xa0\xa00.00009', '0.00002\xa0\xa00.00002', '0.00012\xa0\xa00.00012', '0.00006\xa0\xa00.00006', '0.00007\xa0\xa00.00007', '0.49310\xa0\xa00.49310', '0.00302\xa0\xa00.00302', '0.00115\xa0\xa00.00115', '0.00029\xa0\xa00.00029', '0.02599\xa0\xa00.02599', '0.00080\xa0\xa00.00080', '0.02790\xa0\xa00.02790', '0.01236\xa0\xa00.01236', '0.00013\xa0\xa00.00013', '0.00078\xa0\xa00.00078', '0.00021\xa0\xa00.00021', '0.08948\xa0\xa00.08948', '0.00014\xa0\xa00.00014', '0.00025\xa0\xa00.00025', '0.00007\xa0\xa00.00007', '0.00023\xa0\xa00.00023', '0.00130\xa0\xa00.00130', '0.00169\xa0\xa00.00169', '0.00036\xa0\xa00.00036', '0.00009\xa0\xa00.00009', '0.00032\xa0\xa00.00032', '0.00011\xa0\xa00.00011', '0.00041\xa0\xa00.00041', '0.00004\xa0\xa00.00004', '0.00031\xa0\xa00.00031', '0.00015\xa0\xa00.00015', '0.00022\xa0\xa00.00022', '0.00032\xa0\xa00.00032', '0.00018\xa0\xa00.00018', '0.00039\xa0\xa00.00039', '0.00250\xa0\xa00.00250', '0.00013\xa0\xa00.00013', '0.00006\xa0\xa00.00006', '0.04770\xa0\xa00.04770', '0.00137\xa0\xa00.00137', '0.00157\xa0\xa00.00157', '0.01176\xa0\xa00.01176', '0.00009\xa0\xa00.00009', '0.00164\xa0\xa00.00164', '0.00039\xa0\xa00.00039', '0.00005\xa0\xa00.00005', '0.00009\xa0\xa00.00009', '0.00096\xa0\xa00.00096', '0.00005\xa0\xa00.00005', '0.00134\xa0\xa00.00134', '0.00006\xa0\xa00.00006', '0.00062\xa0\xa00.00062', '0.00008\xa0\xa00.00008', '0.00042\xa0\xa00.00042', '0.00014\xa0\xa00.00014', '0.00026\xa0\xa00.00026', '0.00009\xa0\xa00.00009', '0.00125\xa0\xa00.00125', '0.00003\xa0\xa00.00003', '0.00001\xa0\xa00.00001', '0.00637\xa0\xa00.00637', '0.00245\xa0\xa00.00245', '0.00336\xa0\xa00.00336', '0.00754\xa0\xa00.00754', '0.00056\xa0\xa00.00056', '0.00005\xa0\xa00.00005', '0.01041\xa0\xa00.01041', '0.00035\xa0\xa00.00035', '0.00017\xa0\xa00.00017', '0.00026\xa0\xa00.00026', '0.00002\xa0\xa00.00002', '0.00108\xa0\xa00.00108', '0.00206\xa0\xa00.00206', '0.00118\xa0\xa00.00118', '0.02473\xa0\xa00.02473', '0.01111\xa0\xa00.01111', '0.00063\xa0\xa00.00063', '0.00014\xa0\xa00.00014', '0.00029\xa0\xa00.00029', '0.00281\xa0\xa00.00281', '0.00125\xa0\xa00.00125', '0.00084\xa0\xa00.00084', '0.00062\xa0\xa00.00062', '0.00078\xa0\xa00.00078', '0.00051\xa0\xa00.00051', '0.00091\xa0\xa00.00091', '0.00102\xa0\xa00.00102', '0.00044\xa0\xa00.00044', '0.00022\xa0\xa00.00022', '0.00007\xa0\xa00.00007', '0.00116\xa0\xa00.00116', '0.00096\xa0\xa00.00096', '0.01342\xa0\xa00.01342', '0.00026\xa0\xa00.00026', '0.00265\xa0\xa00.00265', 'trace', '0.00007\xa0\xa00.00007', '0.00010\xa0\xa00.00010', '0.00021\xa0\xa00.00021', '0.00096\xa0\xa00.00096', '0.00003\xa0\xa00.00003', '0.01274\xa0\xa00.01274', '0.00421\xa0\xa00.00421', '0.00001\xa0\xa00.00001', '0.00048\xa0\xa00.00048', '0.00451\xa0\xa00.00451', '0.00026\xa0\xa00.00026', '0.00631\xa0\xa00.00631', '0.00012\xa0\xa00.00012', 'trace', '0.01114\xa0\xa00.01114', '0.00011\xa0\xa00.00011', '0.00040\xa0\xa00.00040', '0.00007\xa0\xa00.00007', '0.00016\xa0\xa00.00016', '0.00172\xa0\xa00.00172', '0.00128\xa0\xa00.00128', '0.00013\xa0\xa00.00013', '0.00917\xa0\xa00.00917']"
C._LANCIFOLIUS_FRUIT_EXTRACT_36203.html,"['0.2', '0.27', '0.07', '111.68', '2.15', '0.42', '10.49', '12.22', '0.32', '10.64', '0.15', '0.01', '85.99', '105.07', '165.57']"
PISTACHIO_(Pistacia_vera)_HULL_OIL_27040.html,"[-1, -1, -1, -1, -1, '3000\xa0—\xa011000', '2000\xa0—\xa03000', -1, '1000\xa0—\xa016000', -1, '3000\xa0—\xa011000', '9000\xa0—\xa016000', '3000\xa0—\xa06000', '248000\xa0—\xa0511000', '18000\xa0—\xa030900', -1, '150000\xa0—\xa0474000', '5000\xa0—\xa010000', '3000\xa0—\xa017200', -1, '0\xa0—\xa013000', '3000\xa0—\xa05000', -1, '32000\xa0—\xa045200', '200', '100\xa0—\xa0600', -1, '<1000\xa0—\xa02500', '<1000\xa0—\xa06000', -1, '0\xa0—\xa01000', '2500\xa0—\xa015000', -1, '600\xa0—\xa04600', '6700\xa0—\xa020000', '9000\xa0—\xa049000', -1, '2600\xa0—\xa017000', '1000\xa0—\xa03000', '1200\xa0—\xa02800', '0\xa0—\xa01000', '0\xa0—\xa01000', -1, '100\xa0—\xa01200', '1000\xa0—\xa06000', '800\xa0—\xa04700', '100\xa0—\xa01200', -1, -1, -1, -1, -1, -1, -1, '0\xa0—\xa06000', '200\xa0—\xa02700', -1, -1, '1100\xa0—\xa014000', -1, '2000\xa0—\xa052000', -1, '0\xa0—\xa01000', -1, -1, -1]"
"ROSELLE_LEAF,_RED_CULTIVAR_(pre-flowering_stage)_35906.html","['11.3782', '41.5934', '334.0495']"
"SHOYU_(koji,_aspergillus_oryzae)_12810.html","[-1, -1, '21700', -1, -1, -1, -1, -1, -1, -1, -1, -1, -1, -1, -1, '5.88', -1, -1, -1, -1, '2.15', '2.3', -1, -1, -1, '0.201', -1, -1, -1, -1, -1, -1, -1, -1, -1, -1, -1, -1, -1, -1, -1, '1050', -1, -1, -1, -1, -1, '23.9', -1, -1, -1, -1, -1, -1, -1, -1, -1, -1, -1, -1, -1, -1, -1, -1, '0.02', -1, -1, -1, -1, -1, -1, -1, -1, -1, -1, -1, -1, -1, -1, '0.0013', -1, -1, -1, -1, -1, -1, -1, -1, -1, -1, -1, -1, -1, -1, -1, -1, -1, -1, -1, -1, -1, -1, -1, -1, -1, -1, -1, -1, -1, -1, -1, -1, -1, -1, -1, -1, -1, -1, -1, -1, -1, -1, -1, -1, -1, '0.343', -1, -1, -1, -1, -1, -1, -1, -1, -1, -1, -1, -1, -1, -1, -1, -1, -1, -1, '1.08', '14.5', -1, -1, '1.98', -1, -1, -1, -1, -1, -1, -1, -1, -1, -1, -1, -1, -1, -1, -1, -1]"
ABELMOSCHUS_MOSCHATUS_MEDIK_SEED_36102.html,"[-1, -1, -1, -1, -1, -1, -1, -1, 'trace', 'trace', -1, -1, -1, -1, -1, -1, -1, -1, -1, 'trace', 'trace', -1, -1, -1, -1, 'trace', -1, -1, -1, -1, -1, 'trace', -1, -1, -1, -1, -1, 'trace', -1, -1, -1, -1, -1, -1, -1, -1, -1, -1, -1, -1, -1, -1, -1, -1, -1, -1, -1, -1, -1, -1, -1, -1, -1, -1, -1, -1, 'trace', -1, -1, -1, -1, -1, -1, -1, -1, -1, 'trace', -1, -1, 'trace', -1, -1, -1, 'trace', -1, -1, -1, -1, -1, -1, -1]"
RED_ADLER_TREE_SMOKE_36807.html,"['57.6', '14', '34', '18.3', '28.1', '33.9', '44.7', '9.7']"
WHITE_OAK_SMOKE_36801.html,"['16.7', '8.8', '8.8', '22.8', '20.8', '56.3', '36.3']"
SAGE_HONEY_(Salvia_officinalis_L.)_8106.html,"[-1, -1, -1, -1, -1, -1, -1, -1, -1, -1, -1, -1, -1, -1, -1, -1, -1, -1, -1, -1, -1, -1, -1, -1, -1, -1, -1, -1, -1, -1, -1, -1, -1, -1]"
BUCKWHEAT_HONEY_(Fagopyrum_esculentum)_8122.html,"[-1, -1, -1, -1, -1, -1, -1, -1, -1, -1, -1, -1, -1, -1, -1, -1, '0.6 \xa0—\xa00.708', -1, -1, '0.005 \xa0—\xa00.01', '1 \xa0—\xa04.7', '6 \xa0—\xa015.315', -1, '0.19', '0.003\xa0—\xa00.004', '0.16', '0.003\xa0—\xa00.004', '0.003 \xa0—\xa00.05', '0.003 \xa0—\xa07.740', '1.5 \xa0—\xa02.422', '0.003\xa0—\xa00.004', '1.780\xa0—\xa07.095', -1, '0.6\xa0—\xa01', -1, '0.004\xa0—\xa00.01', '0.02 \xa0\xa00.024', '5.087\xa0—\xa05.7', -1, '2.238\xa0—\xa012.621', -1, -1, -1, '1.5\xa0—\xa02.59', -1, '0\xa0—\xa01.2', '11\xa0—\xa015', '1.2', '0.4\xa0—\xa01.86', '0.61', '3.725\xa0\xa04.056', '0\xa0—\xa01', '1.1\xa0—\xa01.2', '0.38', -1, '7.04', '4.2\xa0—\xa04.3', '0.54', '0.4\xa0—\xa00.7', '1.34', '0\xa0—\xa00.5', -1, '0.006 \xa0—\xa00.021', '0.002 \xa0—\xa00.006', '0.01 \xa0—\xa00.06', '0.01 \xa0—\xa00.136', -1, -1, -1, '0.8 \xa0—\xa01.4', '0.006 \xa0—\xa00.02', '0.03 \xa0—\xa00.04', -1, '0.030\xa0—\xa00.264', -1, -1, -1, -1, -1, -1, -1, '20.02', -1, -1, '0.02 \xa0—\xa040.615', -1, -1, -1, -1, '0.754\xa0\xa00.8', -1, -1, '0.026\xa0\xa00.032', '2.51', '0.38', '0.39', '0.99']"
PINE___FIR_HONEY_8121.html,"['0.07', '0.1\xa0—\xa00.3', '0.02\xa0—\xa00.06', '0.001', '0.01', '9\xa0—\xa0390', '0\xa0—\xa0180', '0.2', '0.9', '0.02\xa0—\xa00.06', '0.01\xa0—\xa00.04', '0\xa0—\xa00.3', '0\xa0—\xa00.1', '0.003', '0.4\xa0—\xa00.7', '0.08', '0.09\xa0—\xa00.5', '0.2', '1.1\xa0—\xa03.5', '3.1\xa0—\xa05.8', '2.9\xa0—\xa03.4', '0\xa0—\xa00.8', '3.4\xa0—\xa06.8', '0.5\xa0—\xa00.8', '0\xa0—\xa00.3', '0.6\xa0—\xa03.4', '0\xa0—\xa00.3', '0.8\xa0—\xa08', '1.2\xa0—\xa03.6', '0.4\xa0—\xa00.7', '0.3\xa0—\xa01.8', '0.3', '0.05', '0.2', '0.2', '0.1', '0.02\xa0—\xa00.04', '0\xa0—\xa00.008']"
CEDARWOOD_OIL_(J._monosperma)_34805.html,"[-1, -1, -1, -1, -1, -1]"
CHESTNUT_TREE_SMOKE_36804.html,"['13.5', '2.2', '5.5', '6.5', '24.1', '42', '12.1']"
ACACIA_HONEY_(several_species)_8118.html,"['0.007', '1', '0.04', -1, -1, -1, -1, -1, '0.001', '0.003', -1, -1, '2\xa0—\xa0590', '0.016', -1, '0\xa0—\xa0200', -1, '0.02', '0.2', -1, -1, -1, -1, -1, -1, -1, -1, -1, -1, -1, '1.3', '0.004\xa0—\xa00.03', '0.004\xa0—\xa00.025', '0.004\xa0—\xa00.036', '0.003', '0.25', '0.009', -1, -1, -1, '0.001\xa0—\xa00.1', '0.03', '0.003\xa0—\xa00.004', '0.002', '0.02', '0.09', -1, '0.003\xa0—\xa00.004', '0.16', -1, '0.01', -1, '0.1', -1, -1, -1, -1, '0.2', '0.003', -1, -1, -1, -1, '0.2\xa0—\xa05.4', '2.37', '1.5', '0.24', '0.2\xa0—\xa01.2', '0.32', '3.3', '2.59', '0.006', '0.13', '0.04', -1, '0.1', '0.003', -1, -1, -1, '1.8', -1, '0.1', -1, -1, -1, -1, -1, '0.006', '0\xa0—\xa00.03', -1, '22.66\xa0—\xa054', -1, -1, -1, -1, -1, '0.86', '0.26', '0.57', '0.45']"
DOUGLAS-FIR_SAPWOOD_SMOKE_36815.html,"['11', '11.9', '17.9', '20.5', '32.3', '43.1', '53.5', '10.5']"
"tom_yam_(lemongrass,_galangal,_kaffir_lime_leaf)_32200.html","[-1, -1, -1, -1, -1]"
"ROSELLE_SEEDS,_RED_CULTIVAR_(mature)_35910.html","['1.4801', '19.45', '328.253']"
SOY_MISO_(light)_28903.html,"['0.00016\xa0\xa00.00016', '0.00001\xa0\xa00.00001', '0.00015\xa0\xa00.00015', '0.00007\xa0\xa00.00007', '0.00004\xa0\xa00.00004', '0.78011\xa0\xa00.78011', '0.01619\xa0\xa00.01619', '0.00075\xa0\xa00.00075', '0.00035\xa0\xa00.00035', '0.05899\xa0\xa00.05899', '0.00187\xa0\xa00.00187', '0.05007\xa0\xa00.05007', '0.03043\xa0\xa00.03043', '0.00028\xa0\xa00.00028', '0.00147\xa0\xa00.00147', '0.00030\xa0\xa00.00030', '0.07403\xa0\xa00.07403', '0.00007\xa0\xa00.00007', '0.00008\xa0\xa00.00008', '0.00005\xa0\xa00.00005', '0.00016\xa0\xa00.00016', '0.00097\xa0\xa00.00097', '0.00335\xa0\xa00.00335', '0.00059\xa0\xa00.00059', '0.00038\xa0\xa00.00038', '0.00028\xa0\xa00.00028', '0.00010\xa0\xa00.00010', '0.00056\xa0\xa00.00056', '0.00008\xa0\xa00.00008', '0.00019\xa0\xa00.00019', '0.00032\xa0\xa00.00032', '0.00024\xa0\xa00.00024', '0.00013\xa0\xa00.00013', '0.00031\xa0\xa00.00031', '0.00031\xa0\xa00.00031', '0.00147\xa0\xa00.00147', '0.00021\xa0\xa00.00021', '0.00006\xa0\xa00.00006', '0.10159\xa0\xa00.10159', '0.00116\xa0\xa00.00116', '0.00195\xa0\xa00.00195', '0.00484\xa0\xa00.00484', '0.00007\xa0\xa00.00007', '0.00288\xa0\xa00.00288', '0.00047\xa0\xa00.00047', '0.00005\xa0\xa00.00005', '0.00006\xa0\xa00.00006', '0.00191\xa0\xa00.00191', '0.00005\xa0\xa00.00005', '0.00179\xa0\xa00.00179', '0.00007\xa0\xa00.00007', '0.00069\xa0\xa00.00069', '0.00008\xa0\xa00.00008', '0.00039\xa0\xa00.00039', '0.00016\xa0\xa00.00016', '0.00027\xa0\xa00.00027', '0.00010\xa0\xa00.00010', '0.00138\xa0\xa00.00138', '0.00003\xa0\xa00.00003', '0.00003\xa0\xa00.00003', '0.00265\xa0\xa00.00265', '0.00205\xa0\xa00.00205', '0.00184\xa0\xa00.00184', '0.0184\xa0\xa00.0184', '0.00157\xa0\xa00.00157', '0.00006\xa0\xa00.00006', '0.01101\xa0\xa00.01101', '0.00050\xa0\xa00.00050', '0.00006\xa0\xa00.00006', '0.00022\xa0\xa00.00022', '0.00002\xa0\xa00.00002', '0.00162\xa0\xa00.00162', '0.00137\xa0\xa00.00137', '0.00248\xa0\xa00.00248', '0.01713\xa0\xa00.01713', '0.02565\xa0\xa00.02565', '0.00059\xa0\xa00.00059', '0.00043\xa0\xa00.00043', '0.00039\xa0\xa00.00039', '0.00247\xa0\xa00.00247', '0.00287\xa0\xa00.00287', '0.00158\xa0\xa00.00158', '0.00106\xa0\xa00.00106', '0.00157\xa0\xa00.00157', '0.00062\xa0\xa00.00062', '0.00058\xa0\xa00.00058', '0.00115\xa0\xa00.00115', '0.00042\xa0\xa00.00042', '0.00012\xa0\xa00.00012', '0.00015\xa0\xa00.00015', '0.00114\xa0\xa00.00114', '0.00066\xa0\xa00.00066', '0.01324\xa0\xa00.01324', '0.00024\xa0\xa00.00024', '0.00059\xa0\xa00.00059', 'trace', '0.00007\xa0\xa00.00007', '0.00010\xa0\xa00.00010', '0.00021\xa0\xa00.00021', '0.00064\xa0\xa00.00064', '0.00003\xa0\xa00.00003', '0.08673\xa0\xa00.08673', '0.00507\xa0\xa00.00507', '0.00001\xa0\xa00.00001', '0.00055\xa0\xa00.00055', '0.00665\xa0\xa00.00665', '0.00019\xa0\xa00.00019', '0.00059\xa0\xa00.00059', '0.00012\xa0\xa00.00012', 'trace', '0.01864\xa0\xa00.01864', '0.00017\xa0\xa00.00017', '0.00182\xa0\xa00.00182', '0.00010\xa0\xa00.00010', '0.00013\xa0\xa00.00013', '0.00219\xa0\xa00.00219', '0.00090\xa0\xa00.00090', '0.00014\xa0\xa00.00014', '0.00690\xa0\xa00.00690', '0.00002\xa0\xa00.00002']"
WALNUT_TREE_SMOKE_36803.html,"['13.2', '10.9', '12.2', '28.3', '27.3', '46.3', '29.7', '7.2']"
RASPBERRY_(leaves)_1550.html,"[-1, -1, -1, -1, -1, -1, -1, -1, -1, -1, -1, -1, -1, -1, -1, -1, -1, -1, -1]"
PASSION_FRUIT_JUICE_(yellow)_(P._F._FLAVICARPA)__8903.html,"[-1, -1, -1, '0.69', '<0.01\xa0—\xa00.58', -1, '<0.01', '<0.01\xa0—\xa00.5', '<0.01', '<0.01', -1, -1, '<0.01', '<0.01', '<0.01', -1, '<0.01', '<0.01', '0.01\xa0—\xa00.1', '0.01\xa0—\xa00.1', '0.01\xa0—\xa00.1', '0.09\xa0—\xa00.33', -1, '0.01\xa0—\xa00.1', '<0.01', '0.01\xa0—\xa00.1', '<0.01\xa0—\xa00.55', '<0.01', -1, '0.75', '1.56\xa0—\xa06', '0.14', '0.01\xa0—\xa00.1', '<0.01', -1, '0.13', '<0.01', '<0.01', '0.01\xa0—\xa00.1', '0.17', '0.01\xa0—\xa00.1', '0.18\xa0—\xa04.74', '0.18\xa0—\xa01.57', '<0.01', '0.15', '0.01\xa0—\xa00.1', -1, '1.6\xa0—\xa08', '<0.01', -1, '1.56', '<0.01\xa0—\xa027.9', '<0.01', '<0.01', '<0.01', '0\xa0—\xa01', '<0.01', '<0.01', '<0.01', '<0.01', -1, -1, '0.16\xa0—\xa00.54', '<0.01', -1, '<0.01', '0.01\xa0—\xa00.1', '0.01\xa0—\xa00.1', '<0.01', '<0.01', -1, -1, -1, -1, -1, -1, -1, -1, 'trace', -1, -1, -1, '5', -1, -1, -1, -1, -1, -1, -1, -1, -1, -1, -1, -1, -1, -1, -1, '1\xa0—\xa03', '0.98', -1, -1, -1, '0.6\xa0—\xa00.98', '0.1', -1, '0.24', '0.23', -1, -1, '3.86\xa0—\xa017', -1, -1, '0.8\xa0—\xa010', '0.1', -1, -1, '0.05', '0.01', -1, -1, '0.03', '0.08', '6.62', -1, -1, -1, '5.08\xa0—\xa014', -1, -1, '4.5\xa0—\xa09.9', '0.05', '0.25\xa0—\xa01.25', -1, -1, '0.01', -1, -1, -1, -1, '0.15', '2.63', -1, -1, '0.4\xa0—\xa01.01', '0.4', '0.02', '0.08', -1, '0.1', -1, -1, -1, '0.8', -1, -1, -1, -1, -1, '1.26', -1, -1, -1, -1, -1, -1, -1, -1, -1, -1, -1, -1, -1, -1, -1, -1, -1, -1, -1, -1, -1, -1, -1, -1, -1, -1, -1, -1, -1, -1, -1, -1, -1, -1, '0.42', -1, 'trace', 'trace', -1, -1, -1, -1, -1, -1, -1, -1]"
MALAY_APPLE_(Syzygium_malaccense_Merr._&_Perry)_9102.html,"[-1, -1, -1, -1, -1, -1, -1, -1, -1, -1, -1, -1, -1, -1, -1, -1, -1, -1, -1, -1, -1, -1, -1, -1, -1, -1, -1, -1, -1, -1, -1, -1, -1, -1, -1, -1, -1, -1, -1, -1, -1, -1, -1, -1, -1, -1, -1, -1, -1, -1, -1, -1]"
PEPINO_FRUIT_(Solanum_muricatum)_20500.html,"[-1, -1, -1, '0.333\xa0—\xa0197', '0\xa0—\xa030.8', -1, '0.21\xa0—\xa00.25', '0.13\xa0—\xa00.32', '0.5', '0.1', -1, -1, -1, -1, -1, -1, -1, -1, -1, -1, '0\xa0—\xa02.2', '0.01\xa0—\xa04.085', -1, -1, '0\xa0—\xa04.835', '0.05\xa0—\xa04.014', '0.05\xa0—\xa09.506', -1, -1, -1, -1, -1, -1, -1, -1, '<0.01', -1, -1, -1, -1, -1, '0.284\xa0—\xa05.581', -1, -1, '0.1\xa0—\xa019.4', '0.1\xa0—\xa021.9', -1, -1, -1, '<0.01\xa0—\xa00.05', '0.123\xa0—\xa01.038', '0.13\xa0—\xa00.68', -1, -1, -1, -1, -1, -1, -1, -1, -1, -1, -1, -1, -1, '<0.01', '0\xa0—\xa00.02', '0\xa0—\xa00.134', '0\xa0—\xa00.08']"
SOURSOP_(Annona_muricata_L.)_15500.html,"[-1, -1, -1, -1, -1, -1, -1, -1, -1, -1, -1, -1, -1, -1, -1, -1, -1, -1, -1, -1, -1, -1, -1, -1, -1, -1, -1, -1, -1, -1, -1, -1, -1, -1, -1, -1, -1, -1, -1, -1, -1, -1, -1, -1, -1, -1, -1, -1, -1, -1, -1, -1, -1, -1, -1, -1, -1, -1, -1, -1, -1, -1, -1, -1, -1, -1, -1, -1, -1, -1, -1, -1, -1, -1, -1, -1, -1]"
MANGO_(peel)_(Mangifera_indica_L.)_10515.html,"['0.011', '0.008', '0.671', '4.006', '0.089', '32.05', '0.024', '0.123', '0.19', '0.351', '1.217', '0.033', '0.241', '<0.345', '<0.345', '0.174', '0.033', '0.725', '0.068', '0.009', '0.015', '0.013', '0.043', '0.01', '0.013', '0.163', '0.099', '0.08', '0.227', '0.651', '0.1', '6.628', '0.639', '2.697', '0.017', '0.013', '0.043', '0.024', '0.014', '0.0006', '0.014', '1.042', '9.509', '0.15', '0.109', '0.024', -1, '<0.0006', '0.017', '0.04', '0.02', '0.111', '0.013', '<0.0006', '0.01', '0.016', '0.034', '0.01', '0.012', '0.042', '0.41', '0.016', '0.042', '0.02', '<0.0006']"
PASSION_FRUIT_JUICE_(purple)_(P._EDULIS_SIMS)__8901.html,"[-1, '<0.1', -1, '0.4', -1, -1, -1, -1, -1, -1, -1, '<0.1', '<0.1', '4', '100', -1, '0.1', '0.1', '1.6', '0.3', '<0.1', '<0.1', '1.4', '0.7', '0.1', '<0.1', '0.3', '<0.1', '<0.1', '0.4', '0.2', -1, '4', -1, '<0.1', '<0.1', '0.3', '0.1', '<0.1', -1, -1, '0.15', -1, -1, -1, -1, -1, -1, '<0.1', '8', '0.2', -1, -1, '0.01\xa0—\xa00.05', '0.25\xa0—\xa03.1', '0.15\xa0—\xa01.8', -1, '0.02\xa0—\xa00.5', '<0.1', '0.01\xa0—\xa00.02', '0.01\xa0—\xa00.02', -1, '0.01', '<0.1', '0.01\xa0—\xa00.08', '0.2', '<0.1', '<0.1', '<0.1', '<0.1', '0.5\xa0—\xa035', -1, '1.1', '0.05\xa0—\xa00.2', '1.7\xa0—\xa08', '0.25\xa0—\xa04.2', '0.01\xa0—\xa00.1', '0.02\xa0—\xa00.1', -1, -1, '0.6\xa0—\xa04.2', '0.6\xa0—\xa01.2', '0.05\xa0—\xa00.15', '0.05', '0.02\xa0—\xa00.03', '0.08', '0.1\xa0—\xa00.7', '0.2', -1, '<0.1', '<0.1', '1.3\xa0—\xa013', -1, '4', '0.07', '1.9\xa0—\xa025', '0.05\xa0—\xa00.07', '0.5\xa0—\xa01.5', '0.02\xa0—\xa00.1', -1, '0.6\xa0—\xa02.5', '0.05', '0.05\xa0—\xa00.15', -1, '0.02\xa0—\xa00.05', '0.05\xa0—\xa00.1', '0.2\xa0—\xa00.4', '<0.1', '<0.1', '0.02', '0.1', '0.5', '<0.1', '0.15\xa0—\xa00.5', '0.05\xa0—\xa00.09', '0.8\xa0—\xa01', '0.25', '0.15\xa0—\xa00.25', '0.1\xa0—\xa00.3', '0.06\xa0—\xa00.08', -1, '0.2', '0.2', '0.01\xa0—\xa00.02', -1, -1, '<0.1', '<0.1', '<0.1', -1, '<0.1', '<0.1', '<0.1', -1, -1, -1, -1, -1, -1, -1, -1, -1]"
MANGO_TOTAPURI_10502.html,"['39.2', '162', '307', '230', '14', '440', '80', '122']"
STRAWBERRY_JUICE_1630.html,"[-1, -1, '0.333\xa0—\xa00.588', '0.0001', '1.29\xa0—\xa01.69', -1, '<0.0001', '74.51', -1, '1.83\xa0—\xa011.31', -1, -1, -1, -1, '0.043', '1.56\xa0—\xa04.96', '0.408\xa0—\xa00.41', -1, -1, -1, -1, -1, -1, -1, -1, '0.0008', '2.71\xa0—\xa016.24', '0.02']"
OLIVE_OIL_8810.html,"[-1, -1, -1, -1, -1, -1, -1, '0.02', -1, -1, -1, -1, -1, '0.11\xa0—\xa01.08', -1, '0.009\xa0—\xa00.049', '0.01', -1, -1, -1, -1, -1, -1, -1, -1, -1, -1, -1, -1, -1, -1, -1, -1, '0.5\xa0—\xa05', -1, -1, '0.1', -1, -1, '0.2', -1, -1, -1, -1, -1, -1, -1, -1, -1, -1, -1, -1, -1, -1, -1, -1, -1, '4030\xa0—\xa04450', -1, -1, '0.02', -1, -1, -1, -1, -1, -1, -1, -1, '0.006\xa0—\xa00.489', -1, -1, -1, -1, -1, -1, -1, -1, -1, -1, -1, '0.001\xa0—\xa00.1', -1, -1, '0.03\xa0—\xa00.04', '<0.001\xa0—\xa00.4', '0.003\xa0—\xa00.08', '0.001\xa0—\xa00.09', -1, -1, '0.005\xa0—\xa00.13', '0.005\xa0—\xa00.17', '0.07\xa0—\xa00.17', -1, -1, -1, -1, '0.002\xa0—\xa00.1', -1, -1, -1, '0.004\xa0—\xa00.4', '0.005\xa0—\xa00.3', -1, -1, -1, '0.01\xa0—\xa010', '0.01\xa0—\xa00.068', '0.03\xa0—\xa00.19', '0.006\xa0—\xa01.7', '0.002\xa0—\xa00.244', '0.05\xa0—\xa00.09', '0.013\xa0—\xa01.396', '0.02', '0.005\xa0—\xa04', '0.04', '0.006', '0.63\xa0—\xa02.816', '0.004\xa0—\xa00.047', -1, -1, -1, -1, '0.004\xa0—\xa00.5', '0.02\xa0—\xa00.7', '0.008\xa0—\xa00.6', -1, '0.004\xa0—\xa02.2', -1, '0.004\xa0—\xa06.3', '0.002\xa0—\xa00.064', -1, '0\xa0—\xa04', '0.002\xa0—\xa00.104', -1, '0.01\xa0—\xa00.1', '0.01\xa0—\xa00.05', -1, '0.002\xa0—\xa00.2', -1, '0.008\xa0—\xa00.041', '3.6', -1, -1, -1, -1, '0.008\xa0—\xa00.2', '0\xa0—\xa01.7', '0.95\xa0—\xa032.5', '0.06\xa0—\xa028', -1, -1, -1, -1, '0.004\xa0—\xa00.587', '0.062\xa0—\xa00.409', '0.003\xa0—\xa00.01', -1, '0.03', '0\xa0—\xa00.077', '0\xa0—\xa01000000', '0.06\xa0—\xa00.13', -1, '0.01\xa0—\xa00.55', '0\xa0—\xa00.04', '0.003\xa0—\xa00.1', '0.02', -1, -1, '0\xa0—\xa08.338', '3.2\xa0—\xa06.7', '0\xa0—\xa053', '0.007\xa0—\xa00.2', -1, '0\xa0—\xa01', '0.056\xa0—\xa00.06', '0.001\xa0—\xa00.099', '0.007\xa0—\xa01.2', '0.1\xa0—\xa00.4', 'trace\xa0—\xa00.07', '0.02\xa0—\xa00.6', -1, -1, -1, -1, -1, -1, '0\xa0—\xa01.2', '0.25\xa0—\xa00.45', -1, '0\xa0—\xa00.175', -1, '0.006\xa0—\xa01.6', -1, '0.001\xa0—\xa00.04', '0.01\xa0—\xa00.091', -1, -1, -1, '0\xa0—\xa00.049', -1, -1, 'trace\xa0—\xa00.1', '0.02\xa0—\xa00.04', '0.005\xa0—\xa00.03', -1, '0.0097\xa0—\xa00.255', '0.06\xa0—\xa01', -1, -1, -1, -1, -1, '0.01', -1, -1, -1, '0.004\xa0—\xa00.3', '0.05\xa0—\xa00.22', '0.005', '0.002\xa0—\xa00.35', '0.004\xa0—\xa01.508', -1, '0.015\xa0—\xa00.043', '0.07\xa0—\xa00.164', -1, '<0.001\xa0—\xa00.1', '0\xa0—\xa01.689', '<0.001\xa0—\xa00.383', -1, -1, '0.01', -1, '0.03', '0.008', '0.17\xa0—\xa00.308', -1, '0.001\xa0—\xa00.01', '0\xa0—\xa00.00005', '0.03', -1, -1, -1, -1, -1, -1, -1, -1, -1, -1, '0.06\xa0—\xa00.13', '0.06\xa0—\xa00.5', '0.00038\xa0—\xa00.0064', -1, -1, -1, '0\xa0—\xa014.7', -1, '0.012\xa0—\xa00.146', '0.02\xa0—\xa00.15', -1, -1, -1, '0.15\xa0—\xa00.7', -1, '0.01\xa0—\xa00.4', '0.04\xa0—\xa00.2', '0.008\xa0—\xa00.02', -1, -1, -1, '0.02\xa0—\xa00.96', '0.1\xa0—\xa00.5', '<0.21\xa0—\xa019', '0.01\xa0—\xa00.034', '0.003\xa0—\xa00.5', '0.032\xa0—\xa00.132', -1, -1, '0.03', -1, '0.002\xa0—\xa00.06', -1, '0\xa0—\xa01.065', -1, '0.09', '0\xa0—\xa03.4', -1, -1, -1, -1, '0.004\xa0—\xa00.06', -1, -1, '0.05\xa0—\xa00.182', -1, '0.006', '0.001\xa0—\xa00.071', -1, -1, -1, -1, -1, '0\xa0—\xa00.035', -1, -1, '0.001\xa0—\xa00.096', -1, '0\xa0—\xa00.032', -1, -1, -1, '0.0002\xa0—\xa00.009', '0.008\xa0—\xa00.5', -1, -1, -1, -1, '0.006\xa0—\xa00.1', -1, -1, '0.03', '0.01\xa0—\xa00.3', -1, '0.004\xa0—\xa00.02', '0.006', '0.004\xa0—\xa00.01', '0.008\xa0—\xa00.02', -1, '0.00036\xa0—\xa00.033', '0.004\xa0—\xa00.09', -1, '0.001\xa0—\xa00.16', -1, '0\xa0—\xa00.264', '0.03\xa0—\xa00.2', '0.02\xa0—\xa00.5', -1, -1, -1, -1, -1, -1, -1, -1, '0.006\xa0—\xa00.01', -1, -1, '0\xa0—\xa00.0043', -1, -1, -1, -1, -1, -1, -1, -1, -1, -1, '0.001\xa0—\xa00.3', '0.08\xa0—\xa00.3', -1, '0.004\xa0—\xa00.08', '0.02\xa0—\xa00.3', '0.003\xa0—\xa00.211', '0.001\xa0—\xa00.003', '0.004\xa0—\xa00.005', '0.004\xa0—\xa00.005', -1, '0.035\xa0—\xa00.079', '0.294\xa0—\xa00.304', -1, -1, '0.001\xa0—\xa00.07', '0.007', '0.039\xa0—\xa00.053', -1, -1, '0.06', -1, -1, -1, '0.06', -1, -1, '0.02', '0.015', '0.01\xa0—\xa00.032', -1]"
"HOG_PLUM_(pasteurised_juice,_Spondias_mombins_L.)_23603.html",[-1]
"MANGO_(over-ripe_purée,_heated)_(var._keaw)_10526.html","['0.019', '0.014', '0.03', '1.28', '0.029', '0.022', '0.03', '0.5', '0.062', '0.0079']"
PLUM_KERNEL_OIL_(Prunus_domestica_L.)_9081.html,"[-1, -1, -1, -1, -1, -1, -1, -1, -1, -1, -1, -1, -1, -1, -1, -1, -1]"
MANGO_ALPHONSO_10501.html,"['18', '102', '1734', '1842', '90', '1470', '186', '558']"
"KIWIFRUIT_(Actinidia_chinensis,_syn._A._deliciosa)_17300.html","[-1, -1, -1, -1, -1, -1, -1, -1, -1, -1, 'trace', '<0.0004', '0.0004', -1, -1, '0.0004', '0.001', '0.001', '0.002', '0.001', '0.003', '0.001', '0.0004', -1, '0.001', -1, '0.3', -1, -1, -1, 'trace\xa0—\xa00.001', -1, -1, '0.002', '0.003\xa0—\xa00.1', -1, -1, '0.001\xa0—\xa00.2', -1, '0.2\xa0—\xa00.5', -1, '0.01', '0.01\xa0—\xa00.02', -1, '<0.0004', '0.0004', -1, -1, -1, -1, -1, -1, -1, -1, -1, -1, -1, -1, -1, -1, '0.001', 'trace', '0.004', -1, '0.1\xa0—\xa02.4', -1, '3.1\xa0—\xa013.9', '0.4', '0.002', '0.001', '0.0004', '0.002', -1, '0.001', -1, -1, -1, -1, -1, -1, -1, -1, '0.001', -1, -1, -1, '0.03\xa0—\xa00.4', -1, -1, -1, -1, -1, -1, -1, -1, -1, -1, -1, -1, -1, -1, -1, -1, -1, '1110', '10840', 'trace', '7260', -1, '<0.0004', '0.03\xa0—\xa02.9', -1, -1, -1, -1, '0.001', '0.008\xa0—\xa00.1', '0.001', '0.002\xa0—\xa00.06', '0.1\xa0—\xa010.5', '0.14\xa0—\xa07.1', 'trace', -1, -1, -1, -1, '0.0004', -1, -1, 'trace', 'trace', '0.06', '0.001\xa0—\xa00.07', -1, -1, -1, '0.001\xa0—\xa01.5', '0.0004\xa0—\xa00.3', '0.0004', -1, -1, -1, -1, -1, -1, -1, -1, '0.0004', '0.001', '0.0004', -1]"
MANGOSTEEN_(Garcinia_mangostana_L.)_16800.html,"[-1, -1, -1, -1, -1, -1, -1, -1, -1, -1, -1, -1, -1, -1, -1, -1, -1, -1, -1, -1, -1, -1, -1, -1, -1, -1, -1, -1, -1, -1, -1, -1, -1]"
POMEGRANATE_juice_(Punica_granatum_L.)_28500.html,"[-1, -1, '2.6\xa0—\xa03.4', '0.64\xa0—\xa00.83', '0.14\xa0—\xa00.25', '0\xa0—\xa00.000042', '0\xa0—\xa00.000089', '0.13\xa0—\xa00.24', -1, '0.000061\xa0—\xa01.72', -1, -1, '0.82\xa0—\xa01.02', '0\xa0—\xa00.16', '0.000355\xa0—\xa01.06', -1, '0.000022\xa0—\xa00.52', -1, '0.39\xa0—\xa00.54', '0\xa0—\xa02.47', '0\xa0—\xa00.000037', -1, -1, -1, -1, -1, -1, -1, -1, -1, -1, -1, '0\xa0—\xa00.00135', '0.1\xa0—\xa00.41', -1, '0\xa0—\xa00.81', -1, '0.15\xa0—\xa00.23', -1, -1, '0\xa0—\xa00.000045', -1, -1, -1, -1, '0.08\xa0—\xa00.13', '0\xa0—\xa01.27', '0\xa0—\xa00.000101', '0.53\xa0—\xa00.7', -1, -1, '0\xa0—\xa00.000363', -1, '0.000192\xa0—\xa00.63', '0\xa0—\xa00.000184', -1, -1, -1, '0.02\xa0—\xa00.03', -1, '0.03\xa0—\xa00.06', '0.31\xa0—\xa00.49', -1, -1, -1, '0.05\xa0—\xa00.07', -1, -1, -1, -1, -1, -1, -1, -1, -1, -1, '270\xa0—\xa02330', '0\xa0—\xa050', '40\xa0—\xa01150', '3710\xa0—\xa028100', '0\xa0—\xa057700', -1, -1, -1, -1, -1, -1, -1, -1, -1, '0.000083\xa0—\xa00.000209', -1, -1, -1, -1, -1, -1, -1, -1, -1, -1, -1, -1, -1, -1]"
"HOG_PLUM_(thermosonicated_juice,_S._mombins_L.)_23604.html",[-1]
MANGO_(fresh_pulp)_(Mangifera_indica_L.)_10510.html,"[-1, '<0.01', -1, '0\xa0—\xa00.08', '0.0001', -1, -1, -1, -1, -1, 'trace\xa0—\xa00.3', '0.007\xa0—\xa00.4', '0\xa0—\xa00.4', '0\xa0—\xa00.007', '0\xa0—\xa00.6', '0\xa0—\xa00.008', '0\xa0—\xa00.2', -1, -1, -1, -1, '0.04', '0\xa0—\xa07.5', '0\xa0—\xa01.5', '0.003\xa0—\xa00.45', -1, '0.006\xa0—\xa018', 'trace', 'trace\xa0—\xa00.001', -1, 'trace', '<0.01\xa0—\xa03.52', '0.002\xa0—\xa00.4', '0\xa0—\xa01.95', '0.005\xa0—\xa08.457', 'trace\xa0—\xa046.6', '0.004\xa0—\xa040', '0.45', '0.11', '0\xa0—\xa00.38', '0\xa0—\xa00.01', '0\xa0—\xa00.07', '0\xa0—\xa00.08', '0\xa0—\xa00.03', '0\xa0—\xa00.03', '0\xa0—\xa00.02', '0\xa0—\xa00.01', '0\xa0—\xa02.1', 'trace\xa0—\xa03.07', '0.002\xa0—\xa079.8', '1.5', '0\xa0—\xa06.3', '0.00065', '0.002', '0\xa0—\xa00.7', '0\xa0—\xa00.4', '0\xa0—\xa00.34', -1, '0\xa0—\xa00.4', '0.2', '0\xa0—\xa01.8', '0\xa0—\xa0123.4', '1.26', -1, '<0.01\xa0—\xa00.05', '0\xa0—\xa00.26', '0\xa0—\xa00.15', '0\xa0—\xa00.15', '0\xa0—\xa00.09', '0\xa0—\xa00.1', '0\xa0—\xa00.09', '0\xa0—\xa01.792', '0\xa0—\xa00.12', '0\xa0—\xa06.4', '0\xa0—\xa00.05', '0\xa0—\xa00.4', '0\xa0—\xa02.1', '0\xa0—\xa01.5', -1, '0\xa0—\xa01.8', '0\xa0—\xa00.2', '<0.01', '0.0003\xa0—\xa04.65', '0.005', 'trace\xa0—\xa04.2', '0\xa0—\xa00.18', '0.02', '<0.1\xa0—\xa00.4', '0\xa0—\xa00.88', '0\xa0—\xa00.6', -1, '<0.01', '0.04', 'trace\xa0—\xa00.9', '0\xa0—\xa00.05', '0\xa0—\xa00.01', -1, -1, -1, '0\xa0—\xa00.04', 'trace', 'trace', -1, -1, 'trace\xa0—\xa05.8', -1, '0.001', '<0.01\xa0—\xa02.34', -1, '0\xa0—\xa00.004', '1.8', '0\xa0—\xa00.01', '0\xa0—\xa00.02', '0\xa0—\xa00.001', '<0.01', '0\xa0—\xa00.21', '0\xa0—\xa00.1', -1, '0\xa0—\xa0171.9', '0\xa0—\xa00.014', '0\xa0—\xa00.028', '0\xa0—\xa00.64', '0\xa0—\xa04.09', '<0.1', 'trace\xa0—\xa04.26', '0.01\xa0—\xa00.275', '0.3', 'trace\xa0—\xa00.55', '0\xa0—\xa01', '<0.01\xa0—\xa00.235', '0.01\xa0—\xa03.3', '0\xa0—\xa00.14', '0\xa0—\xa00.1', '<0.01', '0\xa0—\xa00.044', '0\xa0—\xa00.15', '0\xa0—\xa00.38', '0.041\xa0—\xa00.047', '<0.1', '0\xa0—\xa01', '0\xa0—\xa00.021', -1, '0\xa0—\xa00.05', -1, 'trace\xa0—\xa05.9', '0.001\xa0—\xa00.01', -1, -1, '0\xa0—\xa00.01', '0\xa0—\xa00.01', '0\xa0—\xa00.04', -1, -1, '0.035', '0.07', '0.41', -1, -1, '0\xa0—\xa02.25', -1, -1, 'trace\xa0—\xa00.295', '0.07\xa0—\xa00.1', 'trace\xa0—\xa00.5', '0.08', '0.08', '0\xa0—\xa00.05', '<0.01', '<0.01', '0\xa0—\xa00.02', '0\xa0—\xa00.07', '0\xa0—\xa00.04', '0\xa0—\xa00.068', '0\xa0—\xa00.1', '0\xa0—\xa00.215', '0\xa0—\xa057.2', '0\xa0—\xa00.071', '0\xa0—\xa00.01', '0.03', '0\xa0—\xa00.11', 'trace\xa0—\xa03', '0\xa0—\xa00.1', '0\xa0—\xa00.1', '0\xa0—\xa00.08', -1, '0\xa0—\xa00.14', '0\xa0—\xa00.04', '0.04', '0\xa0—\xa00.05', '0\xa0—\xa00.1', '0\xa0—\xa00.36', '0\xa0—\xa00.485', '2.4', '2.4', '0\xa0—\xa06', '<0.01', '<0.01', '0\xa0—\xa00.07', '0\xa0—\xa00.01', '0.065', '0\xa0—\xa00.02', '0\xa0—\xa00.04', '0\xa0—\xa00.07', '<0.01', '0\xa0—\xa00.17', '0\xa0—\xa00.06', '0\xa0—\xa00.01', '0.6\xa0—\xa02.7', '0\xa0—\xa01', '0\xa0—\xa00.025', 'trace\xa0—\xa00.94', -1, -1, '<0.00024', '<0.01', -1, '0\xa0—\xa00.09', -1, -1, -1, 'trace\xa0—\xa01.721', -1, 'trace\xa0—\xa010.809', '<0.01', '0.011\xa0—\xa01', '0.1', '0\xa0—\xa00.03', '<0.00024', -1, '0\xa0—\xa00.03', -1, '0\xa0—\xa00.08', '<0.00024', -1, 'trace\xa0—\xa00.1', '<0.01', '<0.01', '0\xa0—\xa00.02', '0\xa0—\xa00.04', -1, '0\xa0—\xa00.69', '0\xa0—\xa00.181', -1, '0\xa0—\xa04.095', -1, '0\xa0—\xa00.4', '0\xa0—\xa00.04', '<0.00024', '0\xa0—\xa00.04', -1, '0\xa0—\xa00.12', '0\xa0—\xa00.03', 'trace\xa0—\xa02.44', '0\xa0—\xa00.54', '0.01', 'trace\xa0—\xa00.1', '0\xa0—\xa00.3', '0\xa0—\xa00.2', '<0.01', '0\xa0—\xa00.1', '0\xa0—\xa00.21', '0\xa0—\xa00.09', '0\xa0—\xa00.02', '0\xa0—\xa00.014', '0\xa0—\xa00.2', '0\xa0—\xa00.03', '0\xa0—\xa00.01', '0\xa0—\xa00.08', '0\xa0—\xa00.07', '<0.01', '0.021', '2.4', '<0.01', 'trace\xa0—\xa00.07', '0.0026', -1, '0\xa0—\xa01.32', '0.0039', '0\xa0—\xa00.019', '0\xa0—\xa00.02', '0\xa0—\xa00.34', '0\xa0—\xa00.18', '0\xa0—\xa00.25', '0\xa0—\xa00.03', '0\xa0—\xa00.09', '0.01', -1, '<0.01', '0\xa0—\xa00.1', -1, '0\xa0—\xa00.01', '0\xa0—\xa00.01', '<0.01', '2.1', -1, '0\xa0—\xa00.11', '0\xa0—\xa00.4', '0\xa0—\xa00.03', '0\xa0—\xa00.28', '<0.01\xa0—\xa01', -1, '0\xa0—\xa00.05', '0\xa0—\xa00.03', '0.029\xa0—\xa00.117', '0\xa0—\xa00.442', '0\xa0—\xa00.165', '0.04\xa0—\xa00.54', '0.054\xa0—\xa00.122', '<0.01', '0\xa0—\xa00.01', '0\xa0—\xa00.02', -1, 'trace\xa0—\xa00.4', '0\xa0—\xa00.04', '0\xa0—\xa00.16', '0\xa0—\xa00.045', '0\xa0—\xa00.08', '0\xa0—\xa00.01', '0\xa0—\xa00.26', '0\xa0—\xa00.074', '0\xa0—\xa00.01', '<0.01', '<0.01', '0\xa0—\xa00.02', '<0.01', '0\xa0—\xa00.1', '0\xa0—\xa00.01', '0\xa0—\xa00.01', '0\xa0—\xa00.02', '0\xa0—\xa00.04', '0\xa0—\xa02.7', '0\xa0—\xa00.24', '0.034\xa0—\xa01.28', -1, '0\xa0—\xa08.6', -1, -1, '0\xa0—\xa012.33', -1, '<0.01', '0.08', '<0.01\xa0—\xa00.16', -1, -1, '0.0063', -1, -1, '0\xa0—\xa02.032', -1, '0\xa0—\xa00.023', -1, '0.052', -1, '0\xa0—\xa00.72', '1.1', '0\xa0—\xa00.53', -1, '0\xa0—\xa00.34', -1, -1, '2', -1, -1, '0\xa0—\xa01.4', -1, '0\xa0—\xa00.04', '0\xa0—\xa04', '0\xa0—\xa00.16', '0\xa0—\xa00.21', '<0.1\xa0—\xa05.472', '8', '0\xa0—\xa00.74', -1, '0\xa0—\xa01.44', '0\xa0—\xa00.86', -1, -1, -1, '0\xa0—\xa00.096', -1, -1, -1, -1, '0.012', 'trace\xa0—\xa00.01', '0.01\xa0—\xa00.05', '<0.01', '0\xa0—\xa00.01', 'trace\xa0—\xa04.96', '<0.01', '0\xa0—\xa00.51', '<0.01\xa0—\xa00.155', '<0.01', '0\xa0—\xa00.05', '0\xa0—\xa00.2', '0\xa0—\xa00.03', -1, '0\xa0—\xa00.7', '0\xa0—\xa00.005', '0\xa0—\xa00.03', '0.17', '<0.01', '0\xa0—\xa00.04', '0\xa0—\xa00.02', '<0.01\xa0—\xa00.1', '<0.01\xa0—\xa00.06', '<0.01', '0\xa0—\xa00.07', '<0.01\xa0—\xa00.03', '0\xa0—\xa00.25', '<0.01', '<0.01', '<0.01', '0\xa0—\xa00.1', '0\xa0—\xa00.13', '0\xa0—\xa00.02', '0\xa0—\xa00.01', '0\xa0—\xa00.01', '0\xa0—\xa00.01', -1, '0\xa0—\xa00.15', '0\xa0—\xa00.02', -1, '0\xa0—\xa00.49', '<0.01', '<0.01', '0\xa0—\xa00.32', '<0.01\xa0—\xa02.49', '<0.01', '0\xa0—\xa00.59', 'trace\xa0—\xa08.5', '0\xa0—\xa00.076', '0\xa0—\xa00.19', '0.005\xa0—\xa00.05', -1, '0\xa0—\xa00.055', '0\xa0—\xa00.09', -1, '0\xa0—\xa00.47', '0.03', '<0.01', -1, '0\xa0—\xa00.02', '0\xa0—\xa00.04', '<0.01', -1, -1, '0\xa0—\xa00.14', '0.61', -1, '0.01\xa0—\xa01.55', '<0.01', '<0.01', '<0.01', -1, '0\xa0—\xa00.04', -1, -1, '0\xa0—\xa00.2', '0\xa0—\xa00.003', '0\xa0—\xa00.04', '0\xa0—\xa00.01', '<0.01', '0\xa0—\xa00.59', '0\xa0—\xa00.03', '0\xa0—\xa00.04', '<0.01', '0\xa0—\xa00.06', '<0.01', '0\xa0—\xa00.47', '<0.01', -1, '0\xa0—\xa00.02', '0\xa0—\xa00.02', '<0.01', '0\xa0—\xa00.09', '0\xa0—\xa02.67', '0\xa0—\xa00.03', '0\xa0—\xa00.05', '0\xa0—\xa00.105', '0\xa0—\xa00.02', '<0.01', -1, '0\xa0—\xa00.002', '<0.01', '0\xa0—\xa00.02', '0\xa0—\xa00.15', '0\xa0—\xa06.2', '0\xa0—\xa00.05', '0\xa0—\xa00.02', '0\xa0—\xa00.06', '<0.01', '0\xa0—\xa00.01', '0\xa0—\xa00.01', '<0.01', '<0.01\xa0—\xa00.04', '0\xa0—\xa00.06', '<0.01', '0\xa0—\xa00.04', '0\xa0—\xa07.4', '0\xa0—\xa00.02', -1, '0.4', '0\xa0—\xa00.15', '0\xa0—\xa00.02', '0\xa0—\xa02', '0\xa0—\xa00.04', '0.4', '0\xa0—\xa00.03', '<0.01', '0\xa0—\xa00.02', 'trace\xa0—\xa02.4', '0\xa0—\xa00.02', '0\xa0—\xa00.92', '0\xa0—\xa00.01', '0\xa0—\xa00.01', '<0.01', '0\xa0—\xa00.11', 'trace\xa0—\xa04.6', '0\xa0—\xa00.34', '<0.01', '0\xa0—\xa00.05', '0.4', '0\xa0—\xa00.22', 'trace\xa0—\xa05', '0\xa0—\xa00.34', '0\xa0—\xa00.45', '0\xa0—\xa00.4', '0\xa0—\xa00.84', '<0.01', '1', '<0.01', '0.6', '0\xa0—\xa02.99', '0\xa0—\xa00.74', '<0.01\xa0—\xa00.79', '0\xa0—\xa00.15', '0\xa0—\xa00.16', '0\xa0—\xa01.48', '0\xa0—\xa00.22', '0\xa0—\xa02.72', '<0.1', '0\xa0—\xa00.63', '<0.1', '0\xa0—\xa03.01', '<0.01\xa0—\xa00.36', '0\xa0—\xa00.06', '0\xa0—\xa00.03', '0\xa0—\xa00.09', '<0.01', '0\xa0—\xa00.04', '<0.01', '0\xa0—\xa00.06', '0\xa0—\xa00.03', '0\xa0—\xa00.04', '<0.01', '0\xa0—\xa00.14', '0\xa0—\xa00.01', '0\xa0—\xa00.01', '0\xa0—\xa00.02', '<0.01\xa0—\xa00.05', -1, '0.02', '0\xa0—\xa00.245', '0\xa0—\xa00.084', '0.02', '0\xa0—\xa00.5', '0.03\xa0—\xa00.5', '0\xa0—\xa00.04', '0\xa0—\xa00.054', '0\xa0—\xa00.3', '0\xa0—\xa00.04', -1, -1, -1, '0\xa0—\xa00.12', '0\xa0—\xa00.27', '0\xa0—\xa00.01', -1, '0\xa0—\xa00.1', '0\xa0—\xa00.01', 'trace\xa0—\xa00.27', -1, '0\xa0—\xa00.01', '0\xa0—\xa00.03', '0\xa0—\xa00.01', '<0.01', '<0.01\xa0—\xa00.02', '0\xa0—\xa00.01', '0.01', '<0.01', '<0.01', '0\xa0—\xa00.26', '<0.01', '<0.01', -1, '0.1', -1, '0.0004', '0.1', '0\xa0—\xa00.06', -1, -1, '0.4', '1.2', '0\xa0—\xa00.01', '0\xa0—\xa00.12', '0\xa0—\xa00.1', '0.01', '0\xa0—\xa00.01', '0\xa0—\xa00.15', '0\xa0—\xa00.1', '0\xa0—\xa00.09', '0\xa0—\xa00.016', '0\xa0—\xa00.127', '0\xa0—\xa00.034', '<0.01', '<0.01', '0\xa0—\xa00.02', '0\xa0—\xa00.03', '0\xa0—\xa00.52', '0.02\xa0—\xa01.19', '0\xa0—\xa00.02', '0\xa0—\xa00.02', '0\xa0—\xa00.01', '<0.01', '0.013', '0\xa0—\xa00.5', -1, -1, 'trace\xa0—\xa00.1', '<0.01', '0\xa0—\xa02', '0\xa0—\xa04.095', 'trace', '0\xa0—\xa00.03', -1, -1, -1, '<0.01', '0\xa0—\xa00.24', '0.059', '0\xa0—\xa021.9', '0\xa0—\xa00.08', '<0.00024', '0\xa0—\xa043.5', '1.2', '<0.1', 'trace\xa0—\xa00.1', '0\xa0—\xa00.62', '0\xa0—\xa00.13']"
"CRANBERRY_(sweetened_and_dried,_craisin)_670.html","[-1, -1, -1, -1, -1, -1, -1, -1, -1, -1, -1, -1, -1, -1, -1, -1, -1, -1, -1, -1, -1, -1, -1, -1, -1, -1, -1, -1, -1, -1, -1, -1, -1, -1, -1, -1, -1, -1, -1, -1, -1, -1, -1, -1, -1, -1, -1, -1, -1, -1, -1, -1]"
PRUNUS_MUME_SIEB._et_ZUCC._(salted_and_pickled)_9050.html,"['0.03', '0.26', '0.06', '0.02', '1.27', '0.25', '0.03', '0.1', '0.44', '0.09', '0.4', '0.37', '0.01', '0.06', '0.18', '0.05', '2.77', '0.22', '0.03', '11.79', '0.13', '0.06', '0.03', '0.31', '0.04', '1.05', '0.33', '0.11', '0.29', '0.06', '0.56', '1.14', '0.34', '<0.01', '0.13', '84.23', '0.11', '0.02', '0.16', '0.04', '0.08', '0.09', '0.08', '<0.01', '0.21', '0.85', '0.02', '0.37', '0.19', '0.9', '0.06', '0.09', '0.51', '0.18', '2.38', '2.18', '23.38', '5.8', '0.2', '0.18', '0.27', '0.23', -1, '0.08', '0.03', '0.15', '0.04', '0.05', -1, '0.34', -1, '0.18', '0.26', '0.16', '5.25', '0.07', '0.09', '0.11', '0.56', '0.58', '0.03', '1.81', '0.34', '0.09', '0.35', '2.58', '0.06', '0.49', '0.75', -1, '1.66', '0.06']"
MABOLO_(diospyros_blancoi)_36700.html,"[-1, -1, -1, -1, -1, -1, -1, -1, -1, -1, -1, -1, -1, -1]"
MURUCI_(Byrsonima_crassifolia)_13700.html,"[-1, -1, -1, -1, -1, -1, -1, -1, -1, -1, -1, -1, -1, -1, -1, -1, -1, -1, -1, -1, -1, -1, -1]"
PRICKLY_PEAR_(Opuntia_ficus_indica)_13300.html,"[-1, -1, -1, -1, -1, -1, -1, -1, -1, -1, -1, -1, -1, -1, -1, -1, -1, -1, -1, -1, -1, -1, -1, '0.041\xa0—\xa00.087', -1, -1, '1.88\xa0—\xa03.192', -1, '4.393\xa0—\xa06.397', '162\xa0—\xa0212', -1, -1, -1, -1, -1, -1, -1, '0.168\xa0—\xa00.323', -1, '0.023\xa0—\xa00.052', -1, -1, -1, '0.188\xa0—\xa00.393', '0.021\xa0—\xa00.08', -1, '0.024\xa0—\xa00.031', -1, -1, -1, -1, -1, '0.003\xa0—\xa00.025', '0.22\xa0—\xa00.449', -1, -1, -1, -1, -1, -1, -1, -1, -1, -1, -1, -1, -1, -1, -1, -1, '0.144\xa0—\xa00.301', -1, -1, -1, -1, -1, '0.037\xa0—\xa00.08', '0.074\xa0—\xa00.086', -1, -1, -1, -1, -1, -1, -1, -1, -1, -1, -1, '0.086\xa0—\xa00.11', -1, -1, -1, -1, -1, -1, -1, -1, -1, -1, -1, -1, -1, -1, -1, -1, -1, -1, '0.019\xa0—\xa00.054', -1, -1, -1, -1, -1, -1, -1, -1, -1, -1, -1]"
"MANGO_(over-ripe_purée,_heated)_(var._maha-chanok)_10524.html","['0.018', '0.028', '0.023', '0.016', '0.0089', '0.0075', '0.0069']"
"HOG_PLUM_(fruit_pulp,_Spondias_mombins_L.)_23601.html","['2', '18', '4', '6', '3', '1', '385', '374', '12', '19', '3', '6', '4', '6', '26', '27', '32', '30', '14', '2', '29', '14', '5', '6', '3', '6', '4', '1', '3', '4', '3', '9', '30', '8', '5', '4', '9', '2', '12', '2', '123', '15', '2', '3', '4', '6']"
NARANJILLA_FRUIT_(Solanum_quitoense_Lam.)_20400.html,"[-1, -1, -1, -1, -1, -1, -1, -1, -1, -1, -1, -1, -1, -1, -1, -1, -1, -1, -1, -1, -1, -1, -1, -1, -1, -1, -1, -1, -1, -1, -1, -1, -1, -1, -1, -1, -1, -1, -1, -1, -1, -1, -1, -1, -1, -1, -1, -1, -1, -1, -1, -1, -1, -1, -1, -1, -1, -1, -1, -1]"
SAPODILLA_FRUIT_(Achras_sapota_L.)_19100.html,"['0.00001', '0.00022', -1, '0.00001', '0.00001', '0.00001', '0.00004', '0.00002', -1, '0.00002', 'trace', '0.00006', '0.00008', '0.00001', 'trace', '0.00035', '0.00001', 'trace', '0.00013', '0.00003', -1, '0.00003', '0.00008', '0.00002', '0.00017', '0.00013', '0.0002', -1, -1, '0.00024', '0.00115', '0.00002', '<0.00001', '0.00001', '0.0001', '0.00002', -1, '0.00074', '0.0002', -1, 'trace', '0.00001', '0.00006', '0.00003', -1, 'trace', '0.00002', '0.00001', '0.00003', 'trace', '0.00001', 'trace', '0.00002']"
MANGO_(canned_juice)_(Mangifera_indica_L.)_10520.html,"['0.03', '0.095', '0.02', '0.87', '0.76', -1, -1, '1.35', -1, '0.03', '0.539', '2.26', '0.025', '0.37', '0.295', '0.03', '0.195', '0.165', '0.07', '0.045', '0.045', '0.655', -1, '0.035', '0.045', '0.155', '0.135', -1, -1, '0.01', -1, '0.01', '0.01', '0.105', '0.01', '0.01', '0.01', '0.03', '0.02', '0.105', '0.665', '0.01', '0.01', '0.04', '0.04', '0.045', '0.1', '0.02', '0.005', '0.065', '0.065', -1, -1, -1, '0.05', -1, -1, '0.02', -1, -1, '0.01', -1, '0.065', '0.025', '0.025', '0.03', '0.035', '0.03', '0.01', '0.02', -1, -1, '0.01', -1, '0.06', -1, -1, -1, -1, -1, '0.415', -1, -1, '0.06', -1, '0.01', '0.01', '0.01']"
BLACKBERRY_(fresh)_1520.html,"[-1, -1, -1, -1, -1, -1, -1, -1, -1, -1, -1, -1, -1, -1, -1, -1, -1, -1, -1, -1, -1, -1, -1, -1, -1, -1, -1, -1, -1, -1, -1, -1, -1, -1, -1, -1, -1, -1, -1, -1, -1, -1, -1, -1, -1, -1, -1, -1, -1, -1, -1, -1, -1, -1, -1, -1, -1, -1, -1, -1, -1, -1, -1, -1, -1, -1, -1, -1, -1, -1, -1, -1, -1, -1, -1, -1, -1, -1, -1, -1, -1, -1, -1, -1, -1, -1, -1, -1, -1, -1, -1, -1, -1, -1, -1, -1, -1, -1, -1, -1, -1, -1, -1, -1, -1, -1, -1, -1, -1, -1, -1, -1, -1, -1, -1, -1, -1, -1, -1, -1, -1, -1, -1, -1, -1, -1, -1, -1, -1, -1, -1, -1, -1, -1, -1, -1, -1, -1, -1, -1, -1, -1, -1, -1, -1, -1, -1]"
NONI_(Morinda_citrifolia_L.)_26100.html,"[-1, -1, '0.17', '0.03', -1, '0.05', -1, -1, '0.02', -1, -1, '0.03', -1, -1, '0.15', -1, '0.02', '0.31', -1, '8.26', '0.04', '24.98', '0.66', '0.02', '0.07', '0.06', '0.21', '0.03', '0.12', '0.02', '0.08', -1, -1, '0.16', '0.05', '0.37', '0.19', -1, '0.25', '8', '0.02', '2', '0.01', '0.02']"
AMERICAN_CRANBERRY_JUICE_(V._macrocarpon_Ait.)_620.html,"[-1, '0.1', -1, '0.02', 'trace\xa0—\xa00.01', '0.02', -1, -1, -1, -1, -1, 'trace', -1, '0.7', '0.04', '0.1', '0.1', '0.03', '0.1', '0.03', '0.1', -1, 'trace\xa0—\xa00.5', '0.1', -1, '0.05\xa0—\xa00.1', -1, 'trace', '0.04', '0.02', -1, '0.06\xa0—\xa00.2', -1, -1, '0.03', '0.01\xa0—\xa00.1', '0.03\xa0—\xa00.1', '0.1', -1, '0.1', '0.01', '0.1', 'trace\xa0—\xa00.07', -1, -1, -1, '0.3\xa0—\xa00.8', '0.05\xa0—\xa00.2', '0.06', '0.01', '0.4\xa0—\xa03.4', -1, '0.02', -1, 'trace', -1, '0.02\xa0—\xa00.05', '0.1\xa0—\xa00.2', -1, '0.1', -1, '0.06', -1, '0.03\xa0—\xa00.1', '0.1', -1, '0.02\xa0—\xa00.1', -1, '0.02', '0.1', -1, '0.01', -1, -1, '0.1\xa0—\xa01', '0.1', '0.01', '0.1', '0.01', 'trace', 'trace\xa0—\xa00.03', 'trace', -1, -1, -1, -1, '0.1', '0.02\xa0—\xa00.1', '1.2', 'trace', '0.2', '0.01\xa0—\xa00.7', '0.01\xa0—\xa00.3', -1, -1, -1, '2.9', '0.005\xa0—\xa00.1', '0.05\xa0—\xa00.1', '0.01\xa0—\xa00.1', -1, -1, -1, -1, '0.1', '0.01\xa0—\xa00.1', '0.03\xa0—\xa00.1', '0.1\xa0—\xa01.3', -1, -1, -1, -1, -1, '0.004', '0.02', '0.1', 'trace\xa0—\xa00.2', '0.01', '0.01', -1, '0.01', 'trace', 'trace', '0.1', '0.01', -1, -1, -1, -1, '0.1\xa0—\xa00.3', -1, '0.3', -1]"
GUAVA_ESSENCE_808.html,"['0.3', '199.07', '39.41', '62.41', '147.2', '1.36', '1.74', '2.81', '19.52', '0.56', '12.06', '1.3', '2.51', '6.1', '2.21', '0.95', '3.33', '5.97', '8.49', -1, '137.82', '4.7', '1.53', '5.01', '9.48', -1, '1.51', '0.89', '1.41', '6.89', '1.03', -1, '6.11', '0.84', '2.5', '30.42', '0.32', '0.54', '9.5', -1, '0.42', '0.75', '0.33', '0.23', -1, '34.82', '0.08', '0.6']"
EXTRA-VIRGIN_OLIVE_OIL_8812.html,"[-1, -1, -1, -1]"
RED_COFFEE_BERRY_(C._arabica_var._Leroy)_33502.html,"['0\xa0—\xa00.00099', '0\xa0—\xa00.00025', '0\xa0—\xa00.00441', '0\xa0—\xa00.00744']"
BACHANG_(Mangifera_foetida_Lour.)_10530.html,"[-1, -1, -1, -1, -1, -1, -1, -1, -1, -1, -1, -1, -1, -1, -1, -1, -1, -1, -1, -1, -1, -1, -1, -1, -1, -1, -1, -1, -1, -1, -1, -1, -1, -1, -1, -1, -1, -1, -1, -1, -1, -1, -1, -1, -1, -1, -1, -1, -1, -1, -1, -1, -1, -1, -1, -1, -1, -1, -1, -1, -1, -1, -1, -1, -1, -1, -1, -1, -1, -1, -1, -1, -1, -1, -1, -1, -1, -1, -1]"
WATER_MELON_(Citrullus_vulgaris)_1020.html,"[-1, -1, -1, -1, -1, -1, -1, -1, -1, -1, '0.0269', -1, -1, '0.1515', '0.0189', -1, '0.0308', -1, -1, '0.2924', -1, '2.0439', '0.0347', '0.0097', -1, '0.0021', -1, -1, '0.0016', -1, -1, -1, -1, '0.0319', -1, '0.0014', '0.0044', -1, '0.001', '0.0015', '0.0018', '0.0254', '0.0361', -1, '0.006', '0.0011', '0.0174', -1, -1, '0.0017', -1, '0.0026', -1, -1, '0.0011', '0.0011', -1, '0.025', -1, -1, '0.0534', -1, -1, '0.0026', -1, '3', '0.0006', '0.0011', '0.0083', -1, -1, -1, -1, -1, -1, -1, -1, -1, -1, -1, -1, -1, -1]"
BOG_BLUEBERRY_JUICE_(Vaccinium_uliginosum_L.)_690.html,"['trace', 'trace', 'trace', '0.02\xa0—\xa00.05', '0.01\xa0—\xa00.04', '0.06\xa0—\xa00.07', 'trace', 'trace', 'trace', 'trace', '0.01\xa0—\xa00.07', 'trace\xa0—\xa00.015', '0.01', 'trace\xa0—\xa00.02', 'trace', 'trace\xa0—\xa00.02', 'trace\xa0—\xa00.04', 'trace', '1.1', '0.005', '0.02', '0.07', '0.01\xa0—\xa00.06', '0.07', 'trace', 'trace', '0.06', 'trace']"
MARULA_(Sclerocarya_birrea_subsp._caffra)_20300.html,"[-1, -1, -1, -1, -1, -1, -1, -1, -1, -1, -1, -1, -1, -1, -1, -1, -1, -1, -1, -1, -1, -1, -1, -1, -1, -1, -1, -1, -1, -1, -1, -1, -1, -1, -1, -1, -1, -1, -1, -1, -1, -1, -1, -1, -1, -1, -1, -1, -1]"
WATER_APPLE_(Syzygium_aqueum_Alston)_9103.html,"[-1, -1, -1, -1, -1, -1, -1, -1, -1, -1, -1, -1, -1, -1, -1, -1, -1, -1, -1, -1, -1, -1, -1, -1, -1, -1, -1, -1, -1, -1, -1, -1, -1, -1, -1, -1, -1, -1, -1, -1, -1, -1]"
MONODORA_TENUIFOLIA_23500.html,"[-1, -1, -1, -1, -1, -1, -1, -1, -1, -1, -1, -1, -1, -1, -1, -1, -1, -1, -1, -1, -1, -1, -1, -1, -1, -1, -1, -1, -1, -1, -1, -1]"
"ROSE_APPLE_(Syzygium_jambos_A.,_Eugenia_jambos_L.)_9101.html","[-1, -1, -1, -1, -1, -1, -1, -1, -1, -1, -1, -1, -1, -1, -1, -1, -1, -1, -1, -1, -1, -1, -1, -1, -1, -1, -1, -1, -1, -1, -1, -1, -1, -1, -1, -1, -1, -1, -1, -1, -1, -1, -1, -1, -1, -1, -1, -1, -1, -1, -1, -1, -1, -1, -1, -1, -1, -1, -1, -1, -1, -1, -1, -1, -1, -1, -1, -1, -1, -1, -1, -1, -1, -1, -1, -1, -1, -1, -1, -1, -1, -1, -1, -1, -1, -1, -1, -1, -1, -1, -1, -1, -1, -1, -1, -1, -1, -1, -1]"
KUINI_(Mangifera_odorata_Griff.)_10540.html,"[-1, -1, -1, -1, -1, -1, -1, -1, -1, -1, -1, -1, -1, -1, -1, -1, -1, -1, -1, -1, -1, -1, -1, -1, -1, -1, -1, -1, -1, -1, -1, -1, -1, -1, -1, -1, -1, -1, -1, -1, -1, -1, -1, -1, -1, -1, -1, -1, -1, -1, -1, -1, -1, -1, -1, -1, -1, -1, -1, -1, -1, -1, -1, -1, -1, -1, -1]"
PRUNE_(dried_plum)_9030.html,"[-1, -1, -1, -1, -1, -1, -1, -1, -1, -1, -1, -1, -1, -1, -1, -1, -1, -1, -1, -1, -1, -1, -1, -1, -1, -1, -1, -1, -1, -1, -1, -1, -1, -1, -1, -1, -1, -1, -1, -1, -1, -1, -1, -1, -1, -1, -1, -1, -1, -1, -1, '26\xa0—\xa0450', -1, -1]"
UMEZUKE_and_UMEBOSHI_(Prunus_mume_Sieb._et_Zucc.)_9040.html,"[-1, -1, -1, -1, -1, -1, -1, -1, -1, -1, -1, -1, -1, -1, -1, -1, -1, -1, -1, -1, -1, -1, -1, -1, -1, -1, -1, -1, -1, -1, -1, -1, -1, -1, -1, -1]"
"BARTLETT_PEAR_(Williams_pear,_Bon_Chretien)_1310.html","[-1, -1, '0.04', '0.035', '0.02', -1, -1, '0.011', '0.014', -1, '0.06', '0.009', -1, -1, -1, '0.011', '0.036', '0.02\xa0—\xa00.486', '0.014', '0.0021', '0.05', -1, '0.0031', '0.0017', '6.41', '1.24', -1, '1.46', -1, 'trace', -1, '0.06', '0.1', '0.16', '0.016', '0.0082', '0.09\xa0—\xa010.9', -1, -1, -1, -1, '0.078', '0.014', '0.038', -1, -1, '0.137', -1, -1, -1, -1, -1, -1, '0.015', '0.022', -1, -1, -1, -1, -1, -1, 'trace', -1, '0.05', '0.035', '0.004', '0.04\xa0—\xa014.5', '0.004\xa0—\xa03.3', -1, -1, -1, -1, -1, -1, -1, -1, -1, -1, -1, -1, -1, -1, -1, -1, -1, -1, -1, -1, -1, -1, -1, -1, -1, -1, -1, -1, -1, -1, -1, '0.017', '0.0029', '0.0022', '0.0024']"
STRAWBERRY_GUAVA_LEAF_OIL_(Psidium_cattleianum_S.)_807.html,"['11', '7', '22', '3', '3', -1, '24', '28', '5', -1, '419', '5', -1, -1, -1, -1, -1, -1, -1, -1, -1, -1, -1, -1, '38']"
PLUM_JUICE_(Prunus_domestica_cultivars)_9020.html,"['5', '2.3', '0.7', '1.5', '0.1', '0.1', '0.7', '0.6', 'trace', '1.3', '0.3', '1.6', '0.2', 'trace', '0.7', 'trace', '0.1', '0.4', '0.9']"
PASSION_FRUIT_(purple)_(P._EDULIS_SIMS)_8902.html,"[-1, -1, -1, -1, -1, -1, -1, -1, -1, -1, -1, -1, -1, -1, -1, -1, -1, -1, '0.098', '0.07\xa0—\xa00.084', '0.014\xa0—\xa00.028', -1, -1, -1, '0.068', '0.049\xa0—\xa00.065', '0.003\xa0—\xa00.019', -1, -1, '<0.002', -1, -1, -1, -1, -1, -1, -1, -1, -1, -1, -1, -1, -1, -1, -1, -1, -1, -1, -1, '0.138', '0.138', -1, -1, '0.215', '0.215', -1, -1, '<0.002', '<0.002', -1, -1, -1, -1, '0.459', '0.426\xa0—\xa00.459', '0.0004\xa0—\xa00.033', -1, -1, -1, -1, -1, '3.8', '3.712\xa0—\xa03.777', '0.023\xa0—\xa00.088', -1, -1, '0.187', '0.181\xa0—\xa00.184', '0.003\xa0—\xa00.006', -1, -1, -1, -1, -1, -1, -1, '0.438', '0.41\xa0—\xa00.438', '0.0004\xa0—\xa00.028', -1, -1, -1, -1, '2.403', '2.386\xa0—\xa02.398', '0.005\xa0—\xa00.017', -1, -1, '0.017', '0.016', '0.001', -1, -1, -1, -1, -1, -1, '0.07', '0.069\xa0—\xa00.07', '0.0004\xa0—\xa00.001', -1, -1, -1, '0.072', '0.071', '0.001', -1, '<0.002', -1, -1, -1, -1, -1, -1, -1, -1, -1, -1, -1, -1, -1, -1, -1, -1, -1, -1, -1, -1, -1, -1, -1, -1, -1, -1, -1, -1, -1, -1, -1, -1, -1]"
STRAWBERRY_FRUIT_(var._Albion)_1612.html,"[-1, -1, -1, -1, -1, -1, -1, -1, -1, -1, -1, -1, -1, -1, -1, -1, -1, -1, -1, -1, -1, -1, -1, -1, -1, -1, -1, -1, -1, -1, -1, -1, -1, -1, -1, -1, -1, -1, -1, -1]"
TAMARIND_(Tamarindus_indica_L.)_10700.html,"['0.02', '0.08', '0.035', '0.03', '0.035', -1, -1, '0.02', '0.02', '0.02', '0.035', -1, -1, '0.015', -1, -1, -1, -1, -1, -1, -1, '2.76', '0.015', -1, -1, -1, -1, '2.76', -1, -1, -1, '0.015', -1, '0.085', -1, '0.01', -1, '0.005', '0.05', '0.03', '0.035\xa0—\xa00.1', '0.01', -1, '2.7', -1, -1, -1, -1, '0.2', '0.2', '0.01', -1, -1, -1, '0.07', -1, '0.3\xa0—\xa010.1', -1, -1, -1, -1, '0.1', '0.1', -1, -1, '0.4', -1, -1, -1, '0.03', -1, -1, -1, -1, -1, -1, -1, -1, -1, -1, '0.2', -1, -1, -1, -1, -1, -1, -1, -1, -1, -1, -1, -1, '3.5', '0.12', '0.015', '0.04', '0.3', '0.1', -1, -1, -1, -1, -1, '0.9', '0.3', -1, -1, -1, '0.2', -1, '0.04', -1, '0.2', -1, -1, '0.2', -1, -1, '7.8', '0.2', -1, -1, '0.1', -1, -1, -1, -1, -1, -1, -1, -1, -1, '0.4', '4.2\xa0—\xa0123', '0.66\xa0—\xa08.6', -1, '0.7', -1, '10.6', '1.2', '0.175', -1, '0.7', '0.3', -1, '<0.01', '0.3', -1, -1]"
RED_COFFEE_BERRY_(C._arabica_var._catimore)_33503.html,"['0\xa0—\xa00.00137', '0\xa0—\xa00.00206', '0\xa0—\xa00.00124', '0\xa0—\xa00.00124', '0\xa0—\xa00.00025']"
RED_CURRANTS_JUICE_(Ribes_rubrum_L.)_23700.html,"['<0.002', '<0.002', '<0.002', '<0.002', '<0.002', '<0.002', '<0.002', '<0.002', '<0.002', '<0.002', '<0.002', '0.01\xa0—\xa00.018', '<0.002', '0.07', '<0.002', '0.01', '<0.002', '<0.002', '<0.002', '<0.002', '0.09', '1.2', '0.08', '0.005', '0.01', '0.003', '0.003', '0.02', '<0.002', '0.01', '0.01', '<0.002', '<0.002', '<0.002', '<0.002', '<0.002', '0.008', '0.01']"
PAWPAW_(Asimina_triloba_Dunal.)_23200.html,"['0.095', '0.036', '0.024', -1, -1, '0.012', -1, -1, -1, -1, '0.024', -1, -1, -1, '0.23', -1, '0.095', '0.024', '0.06', -1, '0.14', '0.024', 'trace', '0.12', '7.1', '0.024', '0.44', '1.19', 'trace', '0.095', '0.024', '5.3', '62.9', '0.17', '1.6', -1, '0.036', '0.06', -1, '0.06', '0.024', '0.08', '6.2', '24.6', '0.048', '0.47', '0.74', 'trace', '0.012', '0.036', '0.036', -1, '0.2', '0.72', '0.11', '1.9', '0.06', '0.3', '0.048', -1, '0.22', '0.06', '0.22', -1, '0.036', '0.012', '0.024', '0.036']"
STRAWBERRY_GUAVA_(Psidium_cattleianum_Sabine)_805.html,"[-1, -1, -1, -1, -1, -1, -1, -1, -1, '3.45', '1.36', '0.08', '4.01', '<0.01', '0.1', '<0.01', '0.73', '1.77', '2.06', '0.02', '0.05', '0.09', '0.43', '1.72', '0.13', '6.44', -1, '0.04', '0.03', '0.08', '<0.01', '0.04', '1.21', '0.3', '0.17', '0.45', '0.38', '0.98', '0.21', '0.71', '1.34', '10.25', '0.09', '0.6', '0.14', '0.23', '0.07', '<0.01', '<0.01', '0.3', '<0.01', '0.07', '<0.01', -1, -1, '0.05', '0.05', '<0.01', -1, -1, -1, '0.24', -1, -1, -1, -1, '0.03', '0.87', '0.16', -1, '0.05', '9.7', '0.14', -1, '0.18', '<0.01', '0.67', -1, '0.19', '<0.01', '0.09', '3.58', -1, '0.04', '6.55', '0.13', -1, '<0.01', '<0.01', '0.03', '0.05', -1, -1, '0.92', -1, '0.53', '0.08', -1, -1, '0.92', -1, '0.25', '0.02', -1, '0.23', -1, -1, -1, '2.48', '0.27', '<0.01', -1, -1, '0.34', -1, -1, -1, '0.09', '0.09', '1.04', '1.07', '0.6', '0.15', '0.86', '0.15', '0.62', '0.42', '0.29', '0.19', -1, '0.95', -1, '0.09', -1, '<0.01', '0.09', '<0.01', '<0.01', '0.66', '0.27', -1, -1, '<0.01', '<0.01', '<0.01', '0.14', '<0.01', '<0.01', -1, -1, -1, '0.05', '<0.01', -1, -1, -1, '0.48', '0.39', '<0.01', -1, '<0.01', '0.37', '0.01', '0.14', '0.03', '0.79', '0.55', '0.09', '<0.01', -1, -1, -1, -1, '0.11', '<0.01', '0.04', '0.74', '0.14', '0.05', '0.32', '1.22', '0.12', '8.25', '0.12', '0.03', '0.03', '2.91', '<0.01', '0.04', '0.03', '<0.01', '0.19', '0.58', -1, '0.02', '0.91', '0.03', '<0.01', '<0.01', '0.06', -1, '0.03', '0.23', -1, '0.03', -1, '0.17', -1, '0.09', '0.04', '0.03', '<0.01', -1, '0.34', '0.02', '0.98', '0.05', '0.12', '0.11', '<0.01', -1, -1, '0.1', '<0.01', '<0.01', '<0.01', '0.07', '2.63', '0.04', '<0.01', '0.03', '0.33', '0.38', -1, '0.01', '0.11', '<0.01', '0.08', '0.07', '1.38', '0.14', '<0.01', '1.04', '0.23', '0.11', '0.19', '<0.01', '<0.01', '0.19', '0.11', '0.02', -1, '0.1', -1, -1, -1, -1, -1, -1, -1, '0.47', -1, '<0.01', -1, '0.05', '0.05', '0.11', -1, -1, '0.09', '0.05', '0.08', '0.27', '1.16', '<0.01', '<0.01', '0.17', -1]"
FEYOA_FRUIT_(Feijoa_sellowiana)_803.html,"[-1, -1, -1, -1, -1, -1, -1, -1, -1, -1, -1, -1, -1, -1, -1, -1, -1, -1, -1, -1, -1, -1, -1, -1, -1, -1, -1, -1, -1, -1, -1, -1, -1, -1, -1, -1, -1, -1, -1, -1, -1, -1, -1, -1, -1, -1, -1, -1, -1, -1, -1, -1, -1, -1, -1, -1, -1, -1, -1, -1, -1, -1, -1, -1, -1, -1, -1, -1, -1, -1, -1, -1, -1, -1, -1, -1, -1, -1, -1, -1, -1, -1, -1, -1, -1, -1, -1, -1, -1, -1, -1, -1, -1, -1, -1, -1, -1, -1, -1, -1, -1, -1, -1, -1, -1, -1, -1, -1, -1, -1, -1, -1, -1, -1, -1, -1, -1]"
YELLOW_GUAVA_(P.cattleianum_Sab.var.lucidum_Hort.)_806.html,"[-1, -1, -1, -1, -1, -1, -1, -1, -1, -1, -1, -1, -1, -1, -1, -1, -1, -1, -1, -1, -1, -1, -1, -1, -1, -1, -1, -1, -1, -1, -1, -1, -1, -1, -1, -1, -1, -1, -1, -1, -1, -1, -1, -1, -1, -1, -1, -1, -1, -1, -1, -1, -1, -1, -1, -1, -1, -1, -1, -1, -1, -1, -1, -1]"
HIGH-BUSH_BLUEBERRY_JUICE_(V._corymbosum_L.)_640.html,"['trace', 'trace\xa0—\xa00.126', 'trace', '0.008\xa0—\xa00.022', 'trace', 'trace', -1, '0.016', '0.013', '0.02\xa0—\xa00.132', -1, 'trace\xa0—\xa00.013', '0.005\xa0—\xa00.4', '0.02\xa0—\xa00.35', '0.02\xa0—\xa00.111', -1, -1, '0.08\xa0—\xa00.232', 'trace\xa0—\xa00.089', '0.02\xa0—\xa00.07', 'trace', '0.01\xa0—\xa00.03', '0\xa0—\xa00.25', 'trace\xa0—\xa00.13', '0\xa0—\xa00.24', 'trace\xa0—\xa00.04', '0.02\xa0—\xa00.08', '0.02\xa0—\xa00.1', 'trace', 'trace\xa0—\xa00.03', '0.01\xa0—\xa01.343', 'trace', '0\xa0—\xa00.021', '0.021\xa0—\xa00.079', 'trace\xa0—\xa01.59', '0.02\xa0—\xa04.777', '0.256\xa0—\xa01.125', '0\xa0—\xa00.042', '<0.001', '0.059\xa0—\xa00.062', '0.091\xa0—\xa00.299', '0\xa0—\xa00.036', '0\xa0—\xa00.073', 'trace', '0.01\xa0—\xa00.05', 'trace', '0.002\xa0—\xa00.01', '0.003\xa0—\xa00.01', '<0.001', '0\xa0—\xa00.031', '0.018\xa0—\xa00.51', '0.7', '0.01', '0.05', 'trace', '0.05', -1, '0\xa0—\xa00.026', '0\xa0—\xa00.006', 'trace\xa0—\xa00.0043', '0.0024\xa0—\xa00.048', '0\xa0—\xa00.023', '0\xa0—\xa00.07', 'trace', '0.007\xa0—\xa00.04', '0\xa0—\xa00.0087', '0.014\xa0—\xa03.527', '0\xa0—\xa00.111', 'trace\xa0—\xa00.046', '0.01\xa0—\xa00.06', '0.07', 'trace', 'trace', 'trace\xa0—\xa00.02', 'trace', 'trace', '0\xa0—\xa00.074', '0.001\xa0—\xa00.175', '0\xa0—\xa00.013', 'trace']"
WAX_JAMBU_(Syzygium_samarangense_Merr._&_Perry)_9104.html,"[-1, -1, -1, -1, -1, -1, -1, -1, -1, -1, -1, -1, -1, -1, -1, -1, -1, -1, -1, -1, -1, -1, -1, -1, -1, -1, -1, -1, -1, -1, -1, -1, -1, -1, -1, -1, -1, -1, -1]"
KARAKA_(Corynocarpus_laevigatus_J.R._et_G._Forst.)_22900.html,"[-1, -1, -1, -1, -1, -1, -1]"
BLACKBERRY_(leaves)_1570.html,"[-1, -1, -1, -1, -1, -1, -1, -1, -1, -1, -1, -1, -1, -1, -1, -1, -1, -1]"
JAPANESE_PLUM_(Prunus_salicina_Lindl_cultivars)_9060.html,"['0.001\xa0—\xa00.006', '0.002', '0.002', '0.0017\xa0—\xa00.0025', -1, '0.0009\xa0—\xa00.005', -1, -1, -1, -1, -1, -1, -1, -1, -1, -1, -1, '0.012\xa0—\xa00.033', '0.002\xa0—\xa00.005', '0.0064\xa0—\xa00.013', -1, '0.001\xa0—\xa00.004', -1, -1, '0.001', '0.0076\xa0—\xa00.018', -1, -1, '0.001\xa0—\xa00.0014', -1, -1, '0.0059\xa0—\xa00.0195', '0.0119\xa0—\xa00.012', '0.001\xa0—\xa00.0025', '0.0138\xa0—\xa00.0511', -1, '0.001\xa0—\xa00.0282', '0.001\xa0—\xa00.0012', -1, '0.001\xa0—\xa00.002', '0\xa0—\xa00.002', '0.0006\xa0—\xa00.005', '0.001', '0.0017\xa0—\xa00.002', '0.0004', '0.003\xa0—\xa00.0083', -1, -1, -1, '0.0002\xa0—\xa00.0012', -1, -1, -1, -1, '0.002\xa0—\xa00.043', '0.0007\xa0—\xa00.0064', '0.0028\xa0—\xa00.0161', -1, -1, '0.0004\xa0—\xa00.006', -1, -1, '0.011', '0.0006\xa0—\xa00.001', -1, '0.009\xa0—\xa00.014', '0.0047\xa0—\xa00.005', -1, -1, -1, -1, -1, '0.003\xa0—\xa00.0031', '0.0048\xa0—\xa00.0161', -1]"
"QUINCE,_MARMELO_(Cydonia_oblonga_Mill.)_12500.html","[-1, -1, -1, -1, -1, -1, -1, -1, -1, -1, -1, -1, -1, -1, -1, -1, -1, -1, -1, -1, -1, -1, -1, -1, -1, -1, -1, -1, -1, -1, -1, -1, -1, -1, -1, -1, -1, -1, -1, -1, -1, -1, -1, -1, -1, -1, -1, -1, -1, -1, -1, -1, -1, -1, -1, -1, -1, -1, -1, -1, -1, -1, -1, -1, -1, -1, -1, -1, -1, -1, -1, -1, -1, -1, -1, -1, -1, -1, -1, -1, -1, -1, -1, -1, -1, -1, -1, -1, -1, -1, -1, -1, -1, -1, -1, -1, -1, -1, -1, -1, -1, -1, -1, -1, -1, -1, -1, -1, -1, -1, -1, -1, -1, -1, -1, -1, -1, -1, -1, -1, -1, -1, -1, -1, -1, -1, -1, -1, -1, -1, -1, -1, -1, -1, -1, -1, -1, -1, -1, -1, -1, -1, -1, -1, -1, -1, -1, -1, -1, -1, -1, -1, -1, -1, -1, -1, -1, -1, -1, -1, -1, -1, -1, -1, -1, -1, -1, -1, -1, -1, -1, -1, -1, -1, -1, -1, -1, -1, -1, -1, -1, -1, -1, -1, -1, -1, -1, '50', -1, -1, -1, -1, -1, -1]"
MANGO_(over-ripe_purée)_(var._sam-pee)_10521.html,"['0.01', '0.03', '0.038', '0.25', '0.018', '0.029', '0.022', '0.033', '0.0085', '0.013']"
GREEN_OLIVE_8820.html,"[-1, -1, -1, -1, -1, -1, -1, -1, -1, -1, -1, -1, -1, -1, -1, -1, -1, -1, -1, -1, -1, -1, -1, -1, -1, -1, -1, -1, -1, -1, -1, -1, -1, -1, -1, -1, -1, -1, -1, -1, -1, -1, -1, -1, -1, -1, -1, -1, -1, -1, -1, -1, -1, -1, -1, -1, -1, -1, -1, -1, -1, -1, -1, -1, -1, -1, -1, -1, -1, -1, -1, -1, -1, -1, -1, -1, -1, -1, -1, -1, -1, -1, -1, -1, -1, -1, -1, -1, -1, -1, -1, -1, -1, -1, -1, -1, -1, -1, -1, -1, -1, -1, -1, -1]"
BLACKBERRY_(heated)_1530.html,"[-1, -1, -1, -1, -1, -1, -1, -1, -1, -1, -1, -1, -1, -1, -1, -1, -1, -1, -1, -1, -1, -1, -1, -1, -1, -1, -1, -1, -1, -1, -1, -1, -1, -1, -1, -1, -1, -1, -1, -1, -1, -1, -1, -1, -1, -1, -1, -1, -1, -1, -1, -1, -1, -1, -1, -1, -1, -1, -1, -1, -1, -1, -1, -1, -1, -1, -1, -1, -1, -1, -1, -1, -1, -1, -1, -1, -1, -1, -1, -1, -1, -1, -1, -1, -1, -1, -1, -1, -1, -1, -1, -1, -1, -1, -1, -1, -1, -1, -1, -1, -1, -1, -1, -1, -1, -1, -1, -1, -1, -1, -1, -1, -1, -1, -1, -1, -1, -1]"
MANGO_(over-ripe_purée)_(var._maha-chanok)_10523.html,"['0.0056', '0.0089', '0.0046', '0.0058', '0.0049']"
BINJAI_(Mangifera_caesia_Jack)_10560.html,"[-1, -1, -1, -1, -1, -1, -1, -1, -1, -1, -1, -1, -1, -1, -1, -1, -1, -1, -1, -1, -1, -1, -1, -1, -1, -1, -1, -1, -1, -1, -1, -1, -1, -1, -1, -1, -1, -1, -1, -1, -1, -1, -1, -1, -1, -1, -1, -1, -1, -1, -1, -1, -1, -1, -1, -1, -1, -1, -1, -1, -1]"
PAPAYA_(red_maradol)_1101.html,"['0.01\xa0\xa00.01', '0.02\xa0\xa00.02', '0.37\xa0\xa00.37', '< 0.01\xa0\xa0< 0.01', '0.03\xa0\xa00.03', '< 0.01\xa0\xa0< 0.01', '0.12\xa0\xa00.12', '0.42\xa0\xa00.42', '0.01\xa0\xa00.01', '< 0.01\xa0\xa0< 0.01', '0.83\xa0\xa00.83', '0.01\xa0\xa00.01', '0.04\xa0\xa00.04', '0.09\xa0\xa00.09', '0.04\xa0\xa00.04', '0.05\xa0\xa00.05', '0.05\xa0\xa00.05', '0.02\xa0\xa00.02', '0.04\xa0\xa00.04', '< 0.01\xa0\xa0< 0.01', '0.05\xa0\xa00.05', '0.02\xa0\xa00.02', '0.11\xa0\xa00.11', '0.07\xa0\xa00.07', '0.03\xa0\xa00.03', '0.01\xa0\xa00.01', '< 0.01\xa0\xa0< 0.01', '< 0.01\xa0\xa0< 0.01', '0.08\xa0\xa00.08', '< 0.01\xa0\xa0< 0.01', '0.02\xa0\xa00.02', '0.01\xa0\xa00.01', '0.01\xa0\xa00.01', '0.07\xa0\xa00.07', '0.03\xa0\xa00.03', '0.04\xa0\xa00.04', '0.04\xa0\xa00.04', '< 0.01\xa0\xa0< 0.01', '0.18\xa0\xa00.18', '0.10\xa0\xa00.10', '0.02\xa0\xa00.02', '0.03\xa0\xa00.03', '0.01\xa0\xa00.01', '0.01\xa0\xa00.01', '0.03\xa0\xa00.03', '< 0.01\xa0\xa0< 0.01', '0.01\xa0\xa00.01', '< 0.01\xa0\xa0< 0.01', '0.02\xa0\xa00.02', '< 0.01\xa0\xa0< 0.01', '0.02\xa0\xa00.02', '0.70\xa0\xa00.70', '0.01\xa0\xa00.01', '< 0.01\xa0\xa0< 0.01', '< 0.01\xa0\xa0< 0.01', '0.06\xa0\xa00.06', '0.30\xa0\xa00.30', '0.37\xa0\xa00.37', '0.02\xa0\xa00.02', '0.38\xa0\xa00.38', '0.30\xa0\xa00.30', '0.36\xa0\xa00.36', '< 0.01\xa0\xa0< 0.01', '< 0.01\xa0\xa0< 0.01', '0.01\xa0\xa00.01', '< 0.01\xa0\xa0< 0.01', '< 0.01\xa0\xa0< 0.01', '0.14\xa0\xa00.14', '< 0.01\xa0\xa0< 0.01', '2.30\xa0\xa02.30', '0.80\xa0\xa00.80', '0.01\xa0\xa00.01', '0.12\xa0\xa00.12', '< 0.01\xa0\xa0< 0.01', '< 0.01\xa0\xa0< 0.01', '0.03\xa0\xa00.03', '0.20\xa0\xa00.20', '0.05\xa0\xa00.05', '0.04\xa0\xa00.04', '0.01\xa0\xa00.01', '0.30\xa0\xa00.30', '0.01\xa0\xa00.01', '< 0.01\xa0\xa0< 0.01', '0.01\xa0\xa00.01', '< 0.01\xa0\xa0< 0.01', '< 0.01\xa0\xa0< 0.01', '< 0.01\xa0\xa0< 0.01', '< 0.01\xa0\xa0< 0.01', '0.01\xa0\xa00.01', '0.07\xa0\xa00.07', '0.01\xa0\xa00.01', '0.07\xa0\xa00.07', '0.05\xa0\xa00.05', '0.20\xa0\xa00.20', '0.01\xa0\xa00.01', '0.09\xa0\xa00.09', '0.07\xa0\xa00.07', '0.06\xa0\xa00.06', '0.01\xa0\xa00.01', '0.02\xa0\xa00.02', '0.01\xa0\xa00.01', '0.01\xa0\xa00.01', '< 0.01\xa0\xa0< 0.01', '< 0.01\xa0\xa0< 0.01', '< 0.01\xa0\xa0< 0.01', '< 0.01\xa0\xa0< 0.01', '0.03\xa0\xa00.03', '0.02\xa0\xa00.02', '< 0.01\xa0\xa0< 0.01', '< 0.01\xa0\xa0< 0.01', '0.20\xa0\xa00.20', '< 0.01\xa0\xa0< 0.01', '0.05\xa0\xa00.05', '0.06\xa0\xa00.06', '0.01\xa0\xa00.01', '0.13\xa0\xa00.13', '0.01\xa0\xa00.01', '0.08\xa0\xa00.08', '0.01\xa0\xa00.01']"
"TAPEREBA,_CAJA_FRUIT_(Spondias_lutea_L.)_13800.html","[-1, -1, -1, -1, -1, -1, -1, -1, -1, -1, -1, -1, -1, -1, -1, -1, -1, -1, -1, -1, -1, -1, -1, -1, -1, -1, -1, -1, -1, -1, -1, -1, -1, -1, -1, -1, -1, -1, -1, -1, -1, -1, -1, -1, -1, -1, -1, -1, -1, -1, -1, -1, -1, -1, -1, -1, -1, -1, -1, -1, -1, -1, -1, -1, -1, -1, -1, -1, -1, -1, -1, -1, -1, -1, -1, -1, -1, -1, -1, -1, -1, -1, -1, -1, -1, -1, -1, -1, -1, -1, -1, -1, -1, -1, -1, -1, -1, -1, -1, -1, -1, -1, -1, -1, -1, -1]"
BILBERRY_JUICE_(Vaccinium_myrtillus_L.)_610.html,"['0.001', '0.005', 'trace\xa0—\xa00.007', '0.02', '0.001', '0.02', '0.02', '0.002', '0.005', '0.002', '0.09', '0.001', -1, '0.02', '0.001', 'trace', -1, '0.007', '0.005', -1, '0.001', '0.01', 'trace\xa0—\xa00.002', '0.007', '0.05', '0.01', '0.03\xa0—\xa00.05', '0.02', '0.007', '0.001', '0.007', '0.01\xa0—\xa00.02', '0.01', '0.03\xa0—\xa00.06', '0.001', '0.02', '0.005', '0.007', '0.007', '0.001', '0.0002', '0.001', 'trace\xa0—\xa00.007', '0.002', '0.004\xa0—\xa00.06', '0.01\xa0—\xa00.08', '0.02\xa0—\xa00.05', '0.003\xa0—\xa00.01', '0.0005', 'trace', '0.01\xa0—\xa00.06', '0.002', '0.001', '0.001', '0.007', 'trace', '0.002', '0.03', '0.002', '0.001', '0.002', -1, -1, -1, '0.01', '0.04', '0.01\xa0—\xa00.3', '0.02', '0.01', '0.005', '0.005', '0.007', 'trace\xa0—\xa00.2', '0.007', '0.02', '0.01', '0.0005', '0.002', '0.005', '0.007', '0.002', '0.001', '0.002', '0.005', '0.002', '0.001', 'trace\xa0—\xa00.01', '0.01', '0.002\xa0—\xa00.003', '0.0002', 'trace', 'trace', '0.005', '0.002', '0.007', '0.0002', '0.001', '0.001', '0.3', '0.1', '0.06', 'trace', '0.04', '0.03', '0.002', -1, '0.002', 'trace\xa0—\xa00.02', 'trace\xa0—\xa00.001', -1, -1, '0.0001\xa0—\xa00.003', -1, '0.001\xa0—\xa00.06', '0.02', 'trace', 'trace', '0.01', '0.0002', '0.002', '0.02', '0.05', '0.05', '0.007', '0.002', '0.001', '0.005', '0.1', '0.001', 'trace', '0.04', '0.002\xa0—\xa00.02', 'trace', 'trace', '0.002', 'trace\xa0—\xa00.005', '0.03', '0.001', '0.0005', '0.01', '0.001', '0.001', 'trace', '0.005\xa0—\xa00.01', 'trace', '0.001', 'trace\xa0—\xa00.002', '0.02', '0.001', '0.0005']"
PASSION_FRUIT_JUICE_(Hybrid)_(P._EDULIS)__8905.html,"[-1, -1, '0.03\xa0—\xa00.215', '0.036\xa0—\xa00.17', '0.37', '0.03', '0.02\xa0—\xa00.211', -1, -1, -1, -1, 'trace', -1, -1, -1, -1, -1, -1, '0.024\xa0—\xa01.2', '0.69', -1, '0.002\xa0—\xa00.004', -1, '0.011\xa0—\xa00.15', '0.008\xa0—\xa00.015', '0.017\xa0—\xa00.1', -1, -1, '0.18', '0.06', -1, -1, -1, -1, -1, '0.028\xa0—\xa00.208', '0.007\xa0—\xa00.137', '0.03', '0.031\xa0—\xa00.091', -1, -1, -1, -1, '0.011\xa0—\xa00.07', '0.005', -1, -1, -1, '0.55', -1, -1, -1, '0.06\xa0—\xa00.809', '0.05\xa0—\xa00.475', -1, -1, -1, '0.69\xa0—\xa02.14', '0.805\xa0—\xa00.944', '1.1', '0.019\xa0—\xa00.563', '0.01', 'trace', '0.06', '0.06', '0.04\xa0—\xa00.192', '0.03', -1, '0.067\xa0—\xa00.16', '0.04', '0.18', -1, '0.034\xa0—\xa00.047', '2.76\xa0—\xa08.328', -1, '0.08\xa0—\xa01.128', '6.49\xa0—\xa022.657', '1.732\xa0—\xa03.978', '2.27', '0.22', '0.02\xa0—\xa09.999', '0.09', '0.05\xa0—\xa00.365', -1, '0.08\xa0—\xa00.52', -1, '0.04', -1, '0.06', 'trace\xa0—\xa00.116', '1.41\xa0—\xa09.467', -1, '6.5\xa0—\xa016.738', '0.27', '2.356\xa0—\xa02.865', '2.5', '0.2\xa0—\xa06.634', '0.19', '0.08', -1, '0.08', '0.005\xa0—\xa00.05', 'trace', '0.06', '0.27', '0.11', -1, '0.05', '0.08', '0.15', '0.05', '0.04', '0.04', '0.27', '0.005', -1, -1, -1, '0.02', -1, '0.03', -1, '0.008\xa0—\xa00.047', '0.019\xa0—\xa00.076', '0\xa0—\xa00.008', -1, -1, -1, -1, -1, -1, -1, -1, -1, '0.003\xa0—\xa00.028', '0.085\xa0—\xa00.345', '0.007\xa0—\xa00.051', '0.006\xa0—\xa00.137']"
STRAWBERRY_JAM_1620.html,"[-1, -1, -1, -1, -1, -1, -1, -1, -1, -1, -1, -1, -1, -1, -1, -1, -1, -1, -1, -1, -1, -1, -1, '666.5', -1, -1, -1, -1, -1, -1, -1, -1, '31.5', -1, -1, '32.6', -1, '7.1', -1, -1, -1, -1, -1, -1, -1, -1, -1, '192.5', '620.5', '1217.5', '18.9', -1, '2.9', '6.1', '5.8', -1, -1, -1, -1, -1, -1, '29.9', -1, -1, -1, -1, -1, -1, -1, '70.6', -1, -1, -1, -1, -1, -1, -1, -1, -1, -1, -1, -1, -1, -1, -1, -1, '173.2', -1, -1, -1, -1, -1, '22.3', -1, -1, '7.1\xa0—\xa024.8', '520.3', -1]"
RAMBUTAN_(Nephelium_lappaceum_L.)_26800.html,"[-1, -1, -1, -1, -1, -1, -1, -1, -1, -1, -1, -1, -1, -1, -1, -1, -1, -1, -1, -1, -1, -1, -1, -1, -1, -1, -1, -1, -1, -1, '0.11', -1, -1, -1, -1, -1, -1, -1, -1, -1, -1, -1, -1, '0.05', '0.007', -1, -1, '0.001', -1, -1, -1, -1, '0.02', -1, -1, -1, -1, -1, -1, '0.002', -1, -1, -1, -1, -1, -1, -1, -1, -1, '0.03', -1, -1, -1, -1, -1, -1, -1, -1, '0.13', '0.36', '1.3', -1, -1, -1, -1, -1, -1, -1, -1, -1, -1, -1, -1, '0.015', -1, -1, -1, -1, -1, -1, -1, -1, -1, -1, -1, -1, -1, -1, -1, -1, -1, '0.03', -1, '0.01', -1, -1, -1, -1, -1, -1, -1, '0.006', -1, -1, '0.012', -1, -1, -1, -1, -1, -1, -1, '0.24', '0.015', -1, -1, '0.05', -1]"
BLACK_RASPBERRY_(leaves)_1560.html,"[-1, -1, -1, -1, -1, -1, -1, -1, -1, -1, -1, -1, -1, -1, -1, -1, -1, -1]"
EUROPEAN_CRANBERRY_JUICE_(Vaccinium_oxycoccus_L.)_680.html,"['0.01', '0.02', '0.12', '0.02', 'trace', 'trace', 'trace', '0.2', '0.3', 'trace', '0.02', '0.08', '0.01', '0.08', '0.03', 'trace', '4.7', 'trace', '0.01', '0.44', '0.29', 'trace', 'trace', '0.11', '2.1', '0.37', 'trace', '0.15', '0.01', '0.02', '0.02', '0.05', '0.12', 'trace', '0.05', '0.02', 'trace', 'trace', 'trace', '0.02', 'trace', '2.4', 'trace', '0.1', '0.45', '2.4', 'trace', '0.05', 'trace', 'trace', '0.01', '0.02', '0.04', '0.25', 'trace', 'trace', 'trace', 'trace', 'trace', 'trace', 'trace', '0.25', '0.06', 'trace', 'trace', '0.01', 'trace']"
"MANGO_(over-ripe_purée,_heated)_(var._sam-pee)_10522.html","['0.032', '0.06', '0.053', '0.03', '0.015', '0.028', '0.12', '0.034', '0.011']"
FEYOA_PEEL_804.html,"[-1, -1, -1, -1, -1, -1, -1, -1, -1, -1, -1, -1, -1, -1, -1, -1, -1, -1, -1, -1, -1, -1, -1, -1, -1, -1, -1, -1, -1, -1, -1, -1, -1, -1, -1, -1, -1]"
MAMMEE_APPLE_(Mammea_americana_L.)_23300.html,"[-1, -1, -1, -1, -1, -1, -1, -1, -1, -1]"
PLUM_(fresh)_(Prunus_domestica_cultivars)_9010.html,"[-1, -1, -1, -1, -1, -1, -1, -1, -1, -1, -1, -1, -1, -1, -1, -1, -1, -1, -1, -1, -1, -1, -1, -1, -1, -1, -1, -1, -1, -1, -1, -1, -1, -1, -1, -1, -1, -1, -1, -1, -1, -1, -1, -1, -1, -1, -1, -1, -1, -1, -1, -1, -1, -1, -1, -1, -1, -1, -1, -1, -1, -1, -1, -1, -1, -1, -1, -1, -1, -1, -1, -1, -1, -1, -1, -1, -1, -1, -1, -1, -1, -1, -1, -1, -1, -1, -1, -1, -1, -1, -1, -1, -1, -1, -1, -1, -1, -1, -1, -1, '0.27', -1, -1, -1, -1, -1, '4', -1, -1, -1, -1, -1, -1, -1, -1, -1, -1, -1, -1, -1, -1, -1, -1, -1, -1, -1, -1, -1, -1, -1, -1, -1, -1, -1, -1, -1, -1, -1, -1, -1, -1, -1, -1, -1, -1, -1, -1, -1, -1, -1, -1, -1, -1, -1, -1, -1, -1, -1, -1, -1, -1, -1, -1, -1, -1, -1, -1, -1, -1, -1, -1, -1, -1, -1, -1, -1, -1, -1, -1, -1, -1, -1, -1, -1, -1, -1, -1, -1, '0.09', '0.01', -1, -1, -1, -1, '0.06', '0.01', -1, -1, -1, -1, '0.014', '0.006', -1, '0.64', '0.06', -1, -1, -1, -1, -1, '1.6', -1, -1, -1, -1, -1, -1, -1, -1, -1, -1, -1, -1, -1, -1, -1, -1, -1, -1, -1, -1, -1, -1]"
STRAWBERRY_FRUIT_(var._Frontera)_1616.html,"[-1, -1, -1, -1, -1, -1, -1, -1, -1, -1, -1, -1, -1, -1, -1, -1, -1, -1, -1, -1, -1, -1, -1, -1, -1, -1, -1, -1, -1, -1, -1, -1, -1, -1, -1, -1, -1, -1, -1, -1]"
SPINELESS_MONKEY_ORANGE_(Strychnos_madagasc.)_22800.html,"['<5', '<5', '<5', '<5', '<5', '<5', '<5', '<5', '<5', '11.2', '<5', '<5', '31', '7.6', '135.2', '5.2', '25.2', '<5', '<5', '52.8', '<5', '<5', '168.5', '<5', '<5', -1, '<5', '<5', '12.1', '44.1', '<5', '<5', '40', '<5', -1, '17.6', '<5', '<5', '<5', '<5', '<5', '<5', '<5', '<5', '<5', '<5', '<5', '<5', '<5', '<5']"
"MOUNTAIN_PAPAYA_(C._candamarcensis,_C._pubescens)_18300.html","['<0.01', '<0.01', '<0.01', '<0.01', '<0.01', '<0.01', '<0.01', '<0.01', '<0.01', '<0.01', '<0.01', '<0.01', '<0.01', '<0.01', '<0.01', '<0.01', '<0.01', '<0.01', '<0.01', '<0.01', '<0.01', '<0.01', '<0.01', '<0.01', '<0.01', '<0.01', '<0.01', '<0.01', -1, '0.05\xa0—\xa020.56', '<0.01', '<0.01', -1, '0.01\xa0—\xa00.77', '0.01\xa0—\xa00.05', '<0.01', '<0.01', '0.05\xa0—\xa00.3', '0.01\xa0—\xa00.05', '0.01\xa0—\xa00.05', '<0.01', '<0.01', '<0.01', -1, '0.01\xa0—\xa00.05', '0.01\xa0—\xa00.05', '0.01\xa0—\xa00.05', '<0.01', '<0.01', '<0.01', '<0.01', '<0.01', '<0.01', '2.59', -1, '0.05\xa0—\xa00.3', '<0.01', '<0.01', '<0.01', '<0.01', '<0.01', '<0.01', '<0.01', '<0.01', '<0.01', '<0.01', '<0.01', '<0.01', '<0.01', '<0.01', '<0.01', '<0.01', '<0.01', '<0.01', '<0.01', '<0.01', '<0.01', '<0.01', '<0.01', '<0.01', '0.3\xa0—\xa029.26', '<0.01', '8.23', '<0.01', '0.05\xa0—\xa00.3', '0.3\xa0—\xa00.8', '0.3\xa0—\xa00.8', '0.01\xa0—\xa00.05', '0.01\xa0—\xa00.05', '0.01\xa0—\xa00.05', '0.01\xa0—\xa00.05', '0.01\xa0—\xa00.05', '<0.01', '<0.01', '<0.01', '<0.01', '6.62', '32.04', -1, '0.3\xa0—\xa01.52', '<0.01', '0.01\xa0—\xa00.05', '0.01\xa0—\xa00.05', '<0.01', '0.01\xa0—\xa00.05', '<0.01', '<0.01', '<0.01', -1, '<0.01', -1, '<0.01', '<0.01', '0.01\xa0—\xa00.05', '<0.01', '<0.01', '0.01\xa0—\xa00.05', '0.3\xa0—\xa00.8', '0.01\xa0—\xa00.05', '0.01\xa0—\xa00.05', '<0.01', '<0.01', '<0.01', '<0.01', '0.01\xa0—\xa01.52', '0.01\xa0—\xa04.29', '<0.01', '0.05\xa0—\xa01.43', '<0.01', '<0.01', '0.01\xa0—\xa00.05', '0.05\xa0—\xa00.3', '0.01\xa0—\xa00.05', '<0.01', '<0.01', '0.05\xa0—\xa00.3', '0.01\xa0—\xa00.05', '<0.01', '<0.01', '<0.01', -1, '0.3\xa0—\xa00.8', '0.3\xa0—\xa00.8', '0.01\xa0—\xa01.43', '<0.01', '<0.01', '<0.01', -1, '<0.01', '0.01\xa0—\xa00.05', '0.01\xa0—\xa00.05', '<0.01', '<0.01', '<0.01', '<0.01', '0.01\xa0—\xa00.05', '<0.01', '0.01\xa0—\xa00.05', '<0.01', '<0.01', '<0.01', '0.01\xa0—\xa00.05', '<0.01', '<0.01', '<0.01', '<0.01', '<0.01', '<0.01', '<0.01', '<0.01', '0.01\xa0—\xa00.05', '0.3\xa0—\xa00.8', '0.01\xa0—\xa00.05', '<0.01', '<0.01', '<0.01', '<0.01', '<0.01', '<0.01', '<0.01', '<0.01', '<0.01', '<0.01', '<0.01', '<0.01', '<0.01', '<0.01', '<0.01', '<0.01', '<0.01', '<0.01', '0.05\xa0—\xa00.3', '0.01\xa0—\xa00.05', '<0.01', '0.05\xa0—\xa00.3', '0.01\xa0—\xa00.05', '<0.01', '<0.01', '<0.01', '<0.01', '0.01\xa0—\xa00.05', '<0.01', '<0.01', '<0.01', '0.01\xa0—\xa00.05', '0.01\xa0—\xa00.05', '<0.01', -1]"
SEA_BUCKTHORN_(Hippophaë_rhamnoides_L.)_22700.html,"['0.1', '0.3', '0.8', '0.15', '0.06', '0.09', '0.05', '0.07', '0.05', '0.07', '0.12', 'trace', '1.8', '0.09', '5.7', 'trace', '0.27', '0.12', '0.03', 'trace', '0.7', '0.06', '0.09', '0.07', '1.1', '0.07', '6.2', '0.14', '0.3', '0.05', '0.07', '0.11', '0.09', '1.1', '0.08', '0.14', '6.4', '0.16', '0.13', '0.09', '0.4', '1', 'trace', '0.2', 'trace', '0.02', '0.09', '0.5', '0.1', '0.3', '0.53', 'trace', '5.4', '0.06', '0.03', '0.07', '0.08', '0.16', '0.05', '0.05']"
RED_COFFEE_BERRY_(C._canephora_var._robusta)_33501.html,"['0\xa0—\xa00.00319', '0\xa0—\xa00.0067', '0\xa0—\xa00.108', '0\xa0—\xa00.00168', '0\xa0—\xa00.0118', '0\xa0—\xa00.00226', '0\xa0—\xa00.00096', '0\xa0—\xa00.00022', '0\xa0—\xa00.0002', '0\xa0—\xa00.0258', '0\xa0—\xa00.00082', '0\xa0—\xa00.0019', '0\xa0—\xa00.0003', '0\xa0—\xa00.00585', '0\xa0—\xa00.00501', '0\xa0—\xa00.00114', '0\xa0—\xa00.00045', '0\xa0—\xa00.00119', '0\xa0—\xa00.00055', '0\xa0—\xa00.00734', '0\xa0—\xa00.00053', '0\xa0—\xa00.00451']"
LOGANBERRY_JUICE_(Rubus_ursinus_var._loganobaccus)_22300.html,"[-1, -1, -1, -1, -1, -1, -1, -1, -1, -1, -1, -1, -1, -1, -1, -1, -1, -1, -1, -1, -1, -1, -1, -1, -1, -1, -1, '1.3', '0.006', '0.04', '0.04', '0.002', '0.03', '0.015', '0.02', '0.002', '0.02', '0.02', '0.01', '0.02', '0.02', '0.16', '0.03', -1, -1, -1, -1, -1, -1, -1, -1, -1, -1, -1, -1, -1, -1, -1, -1, -1, -1, -1, -1]"
"SWEETSOP,_SUGAR_APPLE_(Annona_squamosa_L.)_25700.html","[-1, -1, -1, -1, -1, -1, -1, -1, -1, -1, -1, -1, -1, -1, -1, -1, -1, -1, -1, -1, -1, -1, -1, -1, -1, -1, -1, -1, -1, -1, -1, -1]"
"PEAR,_OTHER_TYPES_1320.html","[-1, '0.04', '0.34', '2', '0.1', '0.03', -1, -1, -1, '0.002\xa0—\xa00.06', '0.026\xa0—\xa00.45', -1, '0.31', -1, '0.00006\xa0—\xa00.011', '0.07\xa0—\xa00.6', -1, '0.0006\xa0—\xa00.002', '0.0001\xa0—\xa00.025', -1, '0.014', -1, '0.03', '7', -1, '1.4', -1, '0.077\xa0—\xa00.199', -1, '0.024\xa0—\xa00.068', '0.00007\xa0—\xa00.00022', -1, -1, -1, -1, -1, -1, -1, -1, '0.7\xa0—\xa01', '0.11', -1, '0.7\xa0—\xa02.4', -1, '1.2', '0.5\xa0—\xa01.7', -1, -1, -1, -1, '0.05', -1, -1, '1.5', '0.0005\xa0—\xa00.77', '0.073\xa0—\xa05.3', -1, '0.04', '0.00764\xa0—\xa00.15', '0.00056\xa0—\xa00.02', '0.029\xa0—\xa05.6', -1, '0\xa0—\xa00.025', '0\xa0—\xa00.0035', '0.08', -1, '0\xa0—\xa00.00018', '0.00004\xa0—\xa00.00071', -1, -1, -1, -1, '0.00001\xa0—\xa00.00007', -1, -1, -1, -1, -1, -1, -1, -1, '0.08', -1, '0.05']"
LOQUAT_(Eriobotrya_japonica_Lindl.)_17400.html,"['<0.01', '<0.01', '<0.01', '<0.01', '<0.01', '0.01\xa0—\xa00.1', -1, '<0.01', '<0.01', '0.01\xa0—\xa00.1', '0.01\xa0—\xa00.1', '0.01\xa0—\xa00.1', '0.01\xa0—\xa00.1', '0.01\xa0—\xa00.1', '<0.01', '<0.01', '0.01\xa0—\xa00.1', '0.01\xa0—\xa00.1', -1, '0.01\xa0—\xa00.1', -1, '<0.01', '<0.01', '0.01\xa0—\xa00.1', '<0.01', '<0.01', '0.1\xa0—\xa00.5', -1, '0.1\xa0—\xa00.5', -1, '0.1\xa0—\xa00.5', '<0.01', '0.01\xa0—\xa00.1', '<0.01', '<0.01', '<0.01', '0.01\xa0—\xa00.1', '<0.01', '<0.01', '<0.01', -1, '<0.01', -1, -1, '2.4', '1.8', '0.01\xa0—\xa00.1', '0.01\xa0—\xa00.1', '0.01\xa0—\xa00.1', '0.7', '<0.01', -1, -1, -1, -1, -1, '<0.01', '0.01\xa0—\xa00.1', '0.01\xa0—\xa00.1', '0.01\xa0—\xa00.1', '<0.01', '<0.01', '<0.01', '<0.01', '<0.01', '0.1\xa0—\xa00.5', '<0.01', '<0.01', '0.1\xa0—\xa00.5', '<0.01', '0.01\xa0—\xa00.1', '<0.01', '<0.01', '<0.01', '<0.01', '<0.01', '<0.01', '0.01\xa0—\xa00.1', '0.01\xa0—\xa00.1', '0.01\xa0—\xa00.1', '0.01\xa0—\xa00.1', -1, '0.01\xa0—\xa00.1', -1, '0.01\xa0—\xa00.1', '0.01\xa0—\xa00.1', '<0.01', '<0.01', -1, '0.01\xa0—\xa00.1', '0.01\xa0—\xa00.1', '<0.01', -1, '0.01\xa0—\xa00.1', '0.01\xa0—\xa00.1', '<0.01']"
PINEAPPLE_(Ananas_comosus)_1400.html,"['0.001\xa0—\xa00.00889', '<0.0005', -1, '<0.0005', '0.001', '0.0039\xa0—\xa00.0072', -1, -1, -1, -1, '0.0089\xa0—\xa00.0169', -1, -1, -1, -1, -1, -1, -1, -1, '0.0095\xa0—\xa00.0259', -1, -1, -1, -1, -1, -1, -1, -1, -1, '0.2', '0.074', -1, -1, -1, -1, '0.023', -1, -1, -1, -1, -1, -1, -1, -1, '0.007', -1, '0.009', -1, -1, -1, -1, -1, -1, -1, -1, -1, -1, -1, -1, -1, -1, -1, -1, -1, -1, -1, -1, -1, -1, -1, '0.01', '0.0191', -1, '0.0003\xa0—\xa00.0022', -1, '0.01', '0.05', '0.00599\xa0—\xa00.023', '0.08', -1, -1, -1, -1, '0.01', -1, -1, -1, -1, -1, '0.000083', -1, '0.11', -1, -1, -1, -1, '0.04', -1, -1, '0.023', '0.06\xa0—\xa00.12', -1, -1, '0.1\xa0—\xa00.2', -1, -1, -1, -1, -1, -1, '0.47\xa0—\xa00.5', '0.006\xa0—\xa00.02', -1, -1, -1, '0.04', -1, -1, -1, -1, -1, -1, -1, -1, -1, '0.0034\xa0—\xa00.0081', -1, -1, '0.01', '0.02', -1, '0.01', '0.06\xa0—\xa00.606', '0.006\xa0—\xa00.048', -1, -1, '0.03\xa0—\xa03.113', '0.0752\xa0—\xa00.09', -1, -1, '0.07\xa0—\xa02.464', '0.0163\xa0—\xa00.157', '0.009', -1, -1, -1, -1, -1, '0.014\xa0—\xa00.21', -1, -1, -1, -1, -1, -1, -1, -1, -1, -1, '0.005\xa0—\xa00.15', '0.006', '0.14', -1, -1, -1, -1, '1.163\xa0—\xa03.4', '0.037\xa0—\xa00.5', '<0.0005', -1, -1, -1, '0.005', '0.005', -1, '0.07', -1, '0.015', -1, '0.00133\xa0—\xa00.0022', -1, '0.011', -1, -1, -1, '0.012', '0.05', -1, -1, -1, -1, '0.17\xa0—\xa01.1', '0.01\xa0—\xa00.1', '0.19', '0.076', '0.68', '0.05', '0.05', '0.0015\xa0—\xa00.0035', -1, -1, '0.034\xa0—\xa01.5', '0.0008\xa0—\xa00.04', '0.0006\xa0—\xa00.0008', '0.015', -1, -1, -1, -1, -1, -1, -1, -1, -1, -1, '0.12', '0.013', '0.006', '0.042', '0.03\xa0—\xa00.13', -1, -1, -1, -1, '0.0007\xa0—\xa00.0011', '0.014', -1, -1, -1, -1, -1, -1, -1, -1, -1, -1, -1, '0.02\xa0—\xa00.11', -1, -1, -1, -1, -1, -1, -1, -1, -1, -1, -1, -1, -1, -1, '0.06\xa0—\xa00.12', '0.03\xa0—\xa00.1', '0.03', -1, '0.0007\xa0—\xa00.002', '0.00003\xa0—\xa00.0017', -1, '0.03\xa0—\xa00.11', '0.01\xa0—\xa00.04', '0.0782\xa0—\xa00.1', -1, '0.0007\xa0—\xa00.002', '0.0003\xa0—\xa00.001', -1, '0.0007\xa0—\xa00.007', '0.0003\xa0—\xa00.001', '0.0327', -1, '0\xa0—\xa00.003', '0\xa0—\xa00.0005', -1, -1, -1, -1, -1, -1, -1, -1, '<0.0005', '0.01\xa0—\xa00.6', '0.0073\xa0—\xa00.1', -1, -1, -1, -1, -1, -1, '0.04', -1, '0.054', -1, -1, -1, -1, -1, -1, -1, -1, -1, -1, -1, '0.7\xa0—\xa034.9', '0.2\xa0—\xa00.487', -1, -1, 'present', 'present', 'present', 'present', 'present', 'present', 'present', 'present', 'present', 'present', 'present']"
STARFRUIT_(Averrhoa_carambola_L.)_9700.html,"[-1, -1, -1, -1, -1, -1, -1, -1, -1, -1, -1, -1, -1, -1, -1, -1, -1, -1, -1, -1, -1, -1, -1, -1, -1, -1, -1, -1, -1, -1, -1, -1, -1, -1, -1, -1, -1, -1, -1, -1, -1, -1, -1, -1, -1, -1, -1, -1, -1, -1, -1, -1, -1, -1, -1, -1, -1, -1, -1, -1, -1, -1, -1, -1, -1, -1, -1, -1, -1, -1, -1, -1, -1, -1, -1, -1, -1, -1, -1, -1, -1, -1, -1, -1, -1, -1, -1, -1, -1, -1, '0.2\xa0—\xa00.5', -1, -1, -1, -1, -1, -1, -1, -1, -1, -1, -1, -1, -1, -1, -1, -1, -1, -1, -1, -1, -1, -1, -1, -1, -1, '1', -1, -1, -1, -1, -1, -1, -1, -1, -1, -1, -1, -1, -1, -1, -1, -1, -1, '0.5\xa0—\xa01', -1, -1, -1, -1, -1, -1, -1, -1, -1, -1, -1, -1, -1, -1, -1, -1, -1, -1, -1, -1, -1, -1, -1, -1, -1, -1, -1, -1, -1, -1, -1, -1, -1, -1, -1, -1, -1, '0.2\xa0—\xa00.5', -1, -1, -1, -1, -1, -1, -1, -1, -1, -1, -1, -1, -1, -1, -1, -1, -1, -1, -1, -1, '0.2\xa0—\xa00.5', -1, -1, -1, -1, -1, -1, -1, -1, -1, -1, -1, -1, -1, -1, -1, -1, -1, -1, -1, -1, -1, -1, -1, -1, -1, '0.5\xa0—\xa01', '0.5\xa0—\xa01', -1, -1, -1, -1, -1, -1, -1, -1, -1, -1, -1, -1, -1, -1, -1, -1, '0.2\xa0—\xa00.5', '0.2\xa0—\xa00.5', -1, -1, -1, -1, -1, -1, -1, -1, -1, -1, -1, -1, -1, -1, -1, -1, -1, -1, -1, -1, -1, -1, -1, -1, -1, -1, -1, -1, -1, -1, -1, '1', '0.5\xa0—\xa01', -1, -1, -1, -1, -1, -1, -1, -1, -1, -1, '0.2\xa0—\xa00.5', '0.2\xa0—\xa00.5', -1, -1, -1, -1, -1, -1, -1, -1, -1, -1, -1, -1, -1, -1, -1, -1, -1, -1, -1, -1, -1, -1, -1, -1, -1, -1, -1, -1, -1, -1, -1, -1, -1, -1, -1, -1, -1, -1, -1, -1, -1, -1]"
WILD_BLUEBERRY_(Vaccinium_angustifolium)_660.html,"[-1, -1, -1, -1, -1, -1, -1, -1, -1, -1, -1, -1, -1, -1, -1, -1, -1, -1, -1, -1, -1, -1]"
"PASSIFLORA_MOLLISSIMA,_CURUBA_(pulp)_8906.html","['0.01\xa0—\xa00.1', '0.01\xa0—\xa00.1', '0.01\xa0—\xa00.1', '0.1\xa0—\xa00.5', '0.01\xa0—\xa00.1', '0.1\xa0—\xa00.5', '0.01\xa0—\xa00.1', '<0.01', '<0.01', '0.01\xa0—\xa00.1', '0.01\xa0—\xa00.1', '<0.01', '0.01\xa0—\xa00.1', '0.01\xa0—\xa00.1', '0.01\xa0—\xa00.1', '0.01\xa0—\xa00.1', '<0.01', '<0.01', '0.01\xa0—\xa00.1', '<0.01', '<0.01', '0.01\xa0—\xa00.1', '0.01\xa0—\xa00.1', '0.01\xa0—\xa00.1', '0.01\xa0—\xa00.1', '0.01\xa0—\xa00.1', '0.1\xa0—\xa00.5', '<0.01', '<0.01', '<0.01', '0.01\xa0—\xa00.1', '0.01\xa0—\xa00.1', '0.5', '0.01\xa0—\xa00.1', '<0.01', '<0.01', '<0.01', '0.01\xa0—\xa00.1', '0.01\xa0—\xa00.1', '0.5', '0.5', '0.01\xa0—\xa00.1', '<0.01', '0.01\xa0—\xa00.1', '<0.01', '<0.01', '0.01\xa0—\xa00.1', '<0.01', '0.5', -1, -1, '0.01\xa0—\xa00.1', '0.01\xa0—\xa00.1', -1, '<0.01', '<0.01', '<0.01', '0.01\xa0—\xa00.1', '0.01\xa0—\xa00.1', '<0.01', '<0.01', '<0.01', '0.01\xa0—\xa00.1', -1, '0.01\xa0—\xa00.1', '<0.01', '0.01\xa0—\xa00.1', '<0.01', '<0.01', '0.01\xa0—\xa00.1', '<0.01', '<0.01', '<0.01', '0.01\xa0—\xa00.1', '<0.01', '<0.01', '<0.01', '<0.01', '<0.01', '0.5', '0.01\xa0—\xa00.1', '0.5', '0.01\xa0—\xa00.1', '0.01\xa0—\xa00.1', '0.01\xa0—\xa00.1', '0.01\xa0—\xa00.1', '0.01\xa0—\xa00.1', '0.01\xa0—\xa00.1', '0.5', '0.01\xa0—\xa00.1', '0.01\xa0—\xa00.1', '0.1\xa0—\xa00.5', '<0.01', '<0.01', '0.01\xa0—\xa00.1', '0.01\xa0—\xa00.1', '0.01\xa0—\xa00.1', '0.01\xa0—\xa00.1', '<0.01', '<0.01', '0.01\xa0—\xa00.1', '0.1\xa0—\xa00.5', '<0.01', '0.01\xa0—\xa00.1', '<0.01', '<0.01', '<0.01', '<0.01', '0.01\xa0—\xa00.1', '0.01\xa0—\xa00.1', '0.01\xa0—\xa00.1', '<0.01', '0.01\xa0—\xa00.1', '<0.01', '<0.01', '0.1\xa0—\xa00.5', '<0.01', '<0.01', '0.01\xa0—\xa00.1', '<0.01', '<0.01', '0.01\xa0—\xa00.1', '<0.01', '0.01\xa0—\xa00.1', '<0.01', '<0.01', '<0.01', '0.01\xa0—\xa00.1', '<0.01', '<0.01', '<0.01', '<0.01', '0.01\xa0—\xa00.1', '0.1\xa0—\xa00.5', '0.01\xa0—\xa00.1', '<0.01', '0.01\xa0—\xa00.1', '0.01\xa0—\xa00.1', '<0.01', '<0.01', '0.01\xa0—\xa00.1', '0.01\xa0—\xa00.1']"
BAMBANGAN_(Mangifera_panjang_Kostermans)_10550.html,"[-1, -1, -1, -1, -1, -1, -1, -1, -1, -1, -1, -1, -1, -1, -1, -1, -1, -1, -1, -1, -1, -1, -1, -1, -1, -1, -1, -1, -1, -1, -1, -1, -1, -1, -1, -1, -1, -1, -1, -1, -1, -1, -1, -1, -1, -1, -1, -1]"
LITCHI_FRUIT_14010.html,"[-1, -1, -1, -1, -1, -1, -1, -1, -1, '0.03\xa0—\xa00.2', '0.03\xa0—\xa00.2', -1, -1, -1, -1, -1, -1, -1, -1, -1, -1, '0.03\xa0—\xa00.2', -1, -1, '0.03\xa0—\xa00.2', -1, '0.2\xa0—\xa01', -1, -1, -1, '1', -1, '0.2\xa0—\xa01', '0.2\xa0—\xa01', -1, '0.03\xa0—\xa00.2', '0.03\xa0—\xa00.2', -1, -1, -1, -1, -1, '0.0039\xa0—\xa00.2', -1, -1, '0.0112\xa0—\xa01', '0.0326\xa0—\xa01', -1, '0.01632\xa0—\xa00.084', -1, '0.0204\xa0—\xa00.9254', -1, -1, -1, -1, -1, '0.03\xa0—\xa00.2', '0.04774', -1, -1, -1, -1, -1, -1, -1, -1, 'trace', '0.0012\xa0—\xa00.0036', -1, -1, '0.0001', -1, -1, -1, -1, '0.0387\xa0—\xa00.0639', -1, -1, -1, '0.2\xa0—\xa01', -1, -1, -1, -1, -1, -1, -1, '0.00072\xa0—\xa00.0014', -1, -1, -1, '0.0215\xa0—\xa00.1238', -1, '0.2391\xa0—\xa00.3617', '0.0338\xa0—\xa00.9236', '0.1679', -1, -1, -1, -1, '2.1207', -1, -1, '0.03\xa0—\xa00.2', -1, -1, -1, '0.0002', -1, '0.2894', -1, 'trace', -1, '0.0403', -1, -1, -1, -1, -1, '0.00502', -1, '0.0146', -1, -1, -1, '0.04091', -1, -1, -1, '0.03\xa0—\xa00.2', -1, -1, -1, -1, -1, -1, -1, '0.0025\xa0—\xa00.17934', -1, -1, '0.0035\xa0—\xa00.0056', -1, '0.8839\xa0—\xa01.0256', '0.0156', '0.0085\xa0—\xa00.0215', -1, -1]"
BOYSENBERRY_(hybrid)_1540.html,"[-1, -1, -1, -1, -1, -1, -1, -1, -1, -1, -1, -1]"
LITCHI_JUICE_14020.html,"['0.0403', '0.0892', '0.044', '0.0481', '0.4413', '0.0472', '0.0767', '0.0037', '0.007', '0.0019', '0.0018', '0.0016', '0.1549', '0.0448', '0.1244', '8700', '0.134', '0.6045', '0.1479', '0.0245', '16.405', '14.172', '0.0514', '0.0264', '0.0089', '0.0038', '0.0175', '0.0055', '0.0125', '0.0029', '0.005', '0.0226', '0.0054', '0.0742', '0.0032', '0.0041', '0.0027', '0.0685', '0.0278', '1.0532', '0.0293', '0.0023', '0.018', '0.0329', '0.2146', '0.4299', '0.0029', '0.0136', '0.0108', '0.0027', '0.0015', '0.0436', '0.0038', '0.0021', '107.252', '0.0098', '0.0008', '9.666', '0.0348', '0.0398', '0.0232', '0.0033', '6.092', '0.0064', '0.0071', '0.0021', '0.001', '3.5063', '0.0036', '0.0421', '0.0195', '0.0111', '0.00013', '0.0102', '0.0012', '0.00012', '0.0093', '0.0295', '0.0032', '0.0013', '0.0015']"
EXTRA-VIRGIN_OLIVE_OIL_(Iranian_phishomi)_8832.html,"['400\xa0\xa0400', '141400\xa0\xa0141400', '8600\xa0\xa08600', '500\xa0\xa0500', '600\xa0\xa0600', '27300\xa0\xa027300', '636500\xa0\xa0636500', '169300\xa0\xa0169300', '7800\xa0\xa07800', '4000\xa0\xa04000', '1300\xa0\xa01300', '2500\xa0\xa02500']"
MUSK_MELON_(Cucumis_melo_L.)_1010.html,"[-1, -1, -1, -1, -1, -1, -1, '0.102', -1, '0.01', '0.025', '0.012', -1, -1, '0.02', '0.07\xa0—\xa02.3', '0.06\xa0—\xa01', '0.04\xa0—\xa01', '0.06\xa0—\xa00.21', -1, '0.01', '0.79', -1, '0.47', '0.0034\xa0—\xa00.05', '0.01', '0.7', '0.06', '0.46', '0.0026\xa0—\xa01.09', -1, -1, '0.0025\xa0—\xa02', '0.02', '0.00902', '0.02\xa0—\xa00.0205', '0.0019\xa0—\xa00.6002', '0.00054', '0.00184\xa0—\xa00.207', -1, -1, '0.0057\xa0—\xa00.1385', '0.0014\xa0—\xa00.1844', -1, '0\xa0—\xa00.0044', -1, '0.02\xa0—\xa00.201', -1, -1, '0\xa0—\xa00.0112', -1, -1, '0.02', -1, '0.0006\xa0—\xa05.21', '0\xa0—\xa01.79', '1\xa0—\xa03.1', -1, -1, -1, '0.2', -1, '0.00091', '0.00038', '0.81', '0.02', -1, -1, -1, -1, -1, '0.09', '0.06', '0\xa0—\xa00.25', '0.0312\xa0—\xa00.17', -1, '0.01', '0.0009\xa0—\xa00.283', '0\xa0—\xa00.0023', '0\xa0—\xa00.06', '0.0008\xa0—\xa00.0021', '0\xa0—\xa00.0471', '0.00436\xa0—\xa00.1031', -1, '0\xa0—\xa00.0237', '0\xa0—\xa00.0624', '0\xa0—\xa00.23', '0.0012\xa0—\xa00.327', '0.03', '0.00156\xa0—\xa00.0021', '0\xa0—\xa00.001', '0.0011\xa0—\xa00.75', -1, -1, '0.00332\xa0—\xa00.07', -1, '0\xa0—\xa00.00215', '0.04', -1, -1, '80', '0.02', -1, '0.0009\xa0—\xa00.00322', -1, -1, -1, '0\xa0—\xa00.0021', '0.00038', -1, -1, -1, '0.00021', '0.0002\xa0—\xa00.0008', -1, -1, -1, -1, -1, -1, -1, -1, -1, -1, -1, -1, -1, -1, -1, -1, -1, -1, -1, -1, -1, '0.00526', '0.158', '1.1\xa0—\xa02.906', -1, -1, '0.004\xa0—\xa00.653', '0.035', -1, -1, -1, -1, '0\xa0—\xa03.0388', '0\xa0—\xa02.307', '0.0388\xa0—\xa02.865', -1, '0.04', '5', '20', -1, -1, '0.0044\xa0—\xa05', '1.595', '0.558', '0\xa0—\xa00.1245', '0.0143\xa0—\xa00.1', -1, -1, '0\xa0—\xa01.6797', '0\xa0—\xa00.27', -1, '0\xa0—\xa00.0421', '0\xa0—\xa00.93', '0.13', -1, '0.004', '0.006', '0.02', '0.05', -1, '0\xa0—\xa01', -1, '0\xa0—\xa00.25', -1, -1, -1, -1, '0.155', '0.361\xa0—\xa00.45', -1, '<0.01', -1, -1, -1, -1, -1, '0.09', '0.094\xa0—\xa00.409', -1, '0\xa0—\xa00.0007', '0.035', -1, '0\xa0—\xa00.5', '0\xa0—\xa03.85', '0\xa0—\xa00.7174', '0\xa0—\xa00.0011', '0\xa0—\xa00.0026', -1, -1, '0\xa0—\xa00.001', -1, -1, '0\xa0—\xa00.0006', '0\xa0—\xa00.618', '0.0084\xa0—\xa00.989', -1, -1, -1, -1, -1, '<0.01', -1, '0\xa0—\xa00.016', -1, -1, -1, -1, '0\xa0—\xa00.048', '0\xa0—\xa00.328', -1, '3.143', -1, -1, -1, -1, -1, -1, -1, -1, '0.057', -1, -1, -1, -1, -1, -1, -1, -1, -1, -1, -1, -1, -1, -1, -1, -1, -1, -1, -1, -1, -1, -1, -1, -1, -1, '0.47', '0.48', -1, -1, -1, -1, -1, -1, -1, -1, '0.3', -1, -1, -1, -1, '<0.01', '0.029', '1.97', '1.25', '0.021', '0\xa0—\xa01.4', '0.01\xa0—\xa01.4', '0.038', -1, -1, '0\xa0—\xa00.75', '0\xa0—\xa01', -1, '0\xa0—\xa00.03', '0\xa0—\xa01.08', -1, '<0.01', -1, -1, '0.018', -1, -1, 'trace\xa0—\xa00.0012', -1, -1, -1, -1, -1, -1, -1, -1, -1, -1, -1, -1, '7.5', '2.5', '4', '0.1']"
OLIVE_POMACE_(dried)_8811.html,"[-1, -1, '34500\xa0—\xa057120', -1, -1, -1, -1, -1, -1, -1, -1, -1, -1, -1, -1, -1, -1, -1, -1, -1, -1, -1, -1, -1, -1, -1, '1148\xa0—\xa01989', -1, -1, -1, -1, -1, -1, -1, -1, -1, -1, -1, -1, -1, -1, -1, -1, -1, -1, -1, -1, -1, -1, -1, -1, -1, -1, -1, -1, -1, -1, -1, -1, -1, -1, -1, -1, -1, -1, '44.6\xa0—\xa0424.5']"
STRAWBERRY_FRUIT_1610.html,"['<0.05', '<0.05', '<0.05', '0.01\xa0—\xa00.08', '<0.02', -1, -1, -1, '<0.05', -1, -1, -1, -1, '0.01\xa0—\xa05', '<0.02\xa0—\xa046', -1, -1, '0.01\xa0—\xa00.1', -1, 'trace\xa0—\xa00.4', -1, -1, '<0.02\xa0—\xa00.2', '0.01\xa0—\xa00.1', -1, '0.01\xa0—\xa01.67', '0.01\xa0—\xa00.1', '0.009\xa0—\xa01', 'trace\xa0—\xa03', 'trace\xa0—\xa00.2', -1, '0.01\xa0—\xa00.2', 'trace\xa0—\xa00.2', -1, '0.01\xa0—\xa00.1', '<0.01', '0.0087\xa0—\xa00.04', '<0.01', '<0.01\xa0—\xa00.05', -1, -1, -1, -1, -1, -1, 'trace\xa0—\xa00.7', -1, -1, '0\xa0—\xa02', -1, 'trace\xa0—\xa00.3', '0\xa0—\xa00.02', -1, '<0.02', 'trace\xa0—\xa00.1', '0.01\xa0—\xa00.08', -1, '2\xa0—\xa05', '<0.01', '<0.01', '0.006\xa0—\xa00.13', -1, '0.02\xa0—\xa00.13', '0.01\xa0—\xa00.1', '0.02\xa0—\xa01.4', 'trace\xa0—\xa015', '0.28\xa0—\xa01', -1, '0.014\xa0—\xa00.022', '0.02\xa0—\xa00.07', -1, '0.02\xa0—\xa00.3', -1, -1, '0.1\xa0—\xa01.4', '0\xa0—\xa00.1', '0.01\xa0—\xa00.22', 'trace\xa0—\xa00.2', 'trace\xa0—\xa00.04', '1.3\xa0—\xa03', '0\xa0—\xa00.04', '0.01\xa0—\xa00.49', '0.01\xa0—\xa00.2', '<0.01\xa0—\xa03.1', '0.005\xa0—\xa03.4', -1, -1, '0.007\xa0—\xa01.66', '0.04\xa0—\xa00.041', -1, 'trace\xa0—\xa00.05', -1, '<0.02', -1, -1, -1, -1, -1, '<0.001', -1, '1.4\xa0—\xa03.3', '0.1\xa0—\xa094', 'trace\xa0—\xa00.66', 'trace\xa0—\xa02.07', '0\xa0—\xa07.6', 'trace\xa0—\xa012.2', '3.07', -1, -1, -1, '0.8', -1, -1, -1, '0.04\xa0—\xa019.4', -1, -1, -1, '0.025', '0\xa0—\xa00.48', -1, -1, -1, -1, '<0.02\xa0—\xa00.05', -1, '<0.02\xa0—\xa00.05', '<0.02\xa0—\xa00.4', '<0.02\xa0—\xa02', '3.2\xa0—\xa029.2', -1, -1, -1, '0.02\xa0—\xa00.9', -1, -1, -1, -1, '<0.02\xa0—\xa00.05', -1, 'trace\xa0—\xa01.81', '<0.01', '0.032\xa0—\xa00.07', 'trace\xa0—\xa016', -1, -1, -1, '<0.05', '0.0092\xa0—\xa00.011', '0\xa0—\xa00.4', -1, 'trace\xa0—\xa01', -1, -1, -1, 'trace\xa0—\xa02', '0.0037\xa0—\xa00.05', '0.0001\xa0—\xa00.0002', -1, -1, '0.01\xa0—\xa00.08', -1, '<0.01', '0.0014\xa0—\xa00.1', '0.01\xa0—\xa00.4', -1, -1, '0.01\xa0—\xa00.1', -1, -1, -1, -1, -1, -1, -1, 'trace\xa0—\xa09', 'trace\xa0—\xa05', '0\xa0—\xa00.07', '0.01\xa0—\xa00.1', '0\xa0—\xa00.08', -1, '0.0054\xa0—\xa00.0086', -1, -1, '0.01\xa0—\xa00.05', -1, '0\xa0—\xa00.1', '0\xa0—\xa00.14', '0.0006\xa0—\xa00.02', '0.003\xa0—\xa00.15', '0\xa0—\xa00.19', '0.01\xa0—\xa00.03', -1, -1, '0.0019\xa0—\xa00.0072', '0.01\xa0—\xa00.1', '0.01\xa0—\xa00.17', '0.0015\xa0—\xa01', -1, '<0.01', -1, -1, '0.01\xa0—\xa00.04', '0.0076\xa0—\xa00.0098', '0.0026\xa0—\xa00.3', '<0.01', -1, '0\xa0—\xa00.09', '<0.02', -1, '0.0017\xa0—\xa00.0033', -1, '0.012\xa0—\xa00.018', '0.01\xa0—\xa02.2', '0\xa0—\xa05', '0.002\xa0—\xa00.02', '<0.01', -1, -1, -1, -1, '0\xa0—\xa00.03', -1, -1, '0.05\xa0—\xa00.6', -1, -1, '0.0002\xa0—\xa00.03', -1, '<0.01', '0.01\xa0—\xa00.07', '0.01\xa0—\xa00.02', -1, -1, '0\xa0—\xa00.1', '0\xa0—\xa00.2', -1, -1, -1, '<0.01', -1, '0.01\xa0—\xa00.05', '0.01\xa0—\xa00.02', -1, -1, '<0.05\xa0—\xa00.3', -1, -1, -1, -1, -1, '0\xa0—\xa00.2', '0.02', -1, 'trace\xa0—\xa00.3', '0.02\xa0—\xa00.05', '0\xa0—\xa00.07', '0.05', '0.1', '0.01\xa0—\xa00.08', '<0.02', '0.0055', '0.0045', 'trace\xa0—\xa00.06', '0.1', '0.02', '0\xa0—\xa00.07', '0.026', '0.004', '0.004\xa0—\xa02.9', '10', '0.1', '0.01\xa0—\xa00.15', '0.01\xa0—\xa00.63', '1.85', '0\xa0—\xa00.5', '0\xa0—\xa00.17', -1, '0.007\xa0—\xa00.1', -1, -1, '0.025\xa0—\xa00.028', '0.0055\xa0—\xa00.0064', '0.0001', -1, -1, -1, -1, -1, -1, -1, -1, -1, -1, -1, -1, -1, -1, -1, -1, -1, -1, -1, -1, '<0.02\xa0—\xa00.05', '<0.02\xa0—\xa00.05', 'trace\xa0—\xa00.05', 'trace\xa0—\xa00.05', 'trace\xa0—\xa00.05', -1, -1, '0\xa0—\xa016', -1, -1, '0\xa0—\xa027', -1, -1, -1, -1, 'trace\xa0—\xa00.11', 'trace\xa0—\xa00.05', '0.01\xa0—\xa00.1', '0.02\xa0—\xa00.1']"
PEACH_(Prunus_persica_L.)_1200.html,"[-1, -1, -1, -1, -1, -1, -1, -1, -1, -1, -1, -1, -1, -1, -1, '0.001', '0.002\xa0—\xa00.006', 'trace', -1, -1, -1, 'trace', -1, -1, -1, -1, -1, -1, -1, 'trace', 'trace', -1, '0.004\xa0—\xa00.009', -1, -1, -1, -1, -1, -1, 'trace\xa0—\xa00.5', 'trace\xa0—\xa00.75', -1, '0.016\xa0—\xa00.16', '0.003\xa0—\xa00.02', -1, -1, '0.005\xa0—\xa00.011', -1, -1, -1, -1, '0.032\xa0—\xa00.044', -1, '0.004\xa0—\xa00.26', -1, -1, -1, 'trace', -1, 'trace\xa0—\xa00.013', -1, -1, -1, -1, -1, -1, '0.005\xa0—\xa00.75', '0.002\xa0—\xa00.197', -1, -1, -1, -1, -1, 'trace', '0.011\xa0—\xa01.15', -1, -1, -1, -1, -1, -1, -1, -1, -1, -1, -1, -1, -1, -1, -1, -1, -1, '0.014\xa0—\xa00.024', -1, 'trace\xa0—\xa00.02', '0.004\xa0—\xa00.006', '1.5\xa0—\xa02.35', -1, -1, '1.7\xa0—\xa04.2', -1, '0.005\xa0—\xa00.012', -1, -1, '0.015\xa0—\xa00.04', -1, -1, -1, -1, -1, -1, '0.003\xa0—\xa00.009', '0.003\xa0—\xa00.013', '0.007\xa0—\xa00.044', '0.002\xa0—\xa00.005', -1, -1, -1, -1, -1, -1, -1, -1, -1, -1, -1, -1, -1, -1, -1, -1, -1, '0.73', '0.9', -1, -1, 'trace\xa0—\xa00.1', '0.002\xa0—\xa00.005', '0.011\xa0—\xa00.66', '0.004\xa0—\xa00.005', '0.006\xa0—\xa00.015', '0.003\xa0—\xa00.04', '0.01\xa0—\xa00.95', '0\xa0—\xa00.11', '0.022\xa0—\xa00.03', '0.06\xa0—\xa00.1', -1, '0\xa0—\xa00.22', '0.25', -1, -1, -1, 'trace', -1, -1, 'trace', -1, 'trace', -1, -1, -1]"
STRAWBERRY_FRUIT_(var._Festival)_1614.html,"[-1, -1, -1, -1, -1, -1, -1, -1, -1, -1, -1, -1, -1, -1, -1, -1, -1, -1, -1, -1, -1, -1, -1, -1, -1, -1, -1, -1, -1, -1, -1, -1, -1, -1, -1, -1, -1, -1, -1, -1]"
MANGO_(over-ripe_purée)_(var._keaw)_10525.html,"['0.03', '0.04', '0.3', '0.3', '0.1', '0.052']"
WOOD_APPLE_(Feronia_limonia)_13900.html,"['1.1', '0.03', '2.6', '1.3', '0.1', '12', '3.5', '0.4', '0.29', '9.35', '5.9', -1, '6.7', '20.8', '0.02', '1.4', '0.85', '4.1', '0.03', '0.5', '0.3', '0.07', '0.62', '0.6', '0.5']"
PLUMCOT_(Prunus_armenica_x_Prunus_salicina)_9080.html,"[-1, -1, '0\xa0—\xa00.005', '0.004\xa0—\xa00.024', '0\xa0—\xa00.007', -1, '0\xa0—\xa00.004', '0\xa0—\xa00.002', '0.002\xa0—\xa00.007', '0.004', '0.01', '0.034', '0.013\xa0—\xa00.039', '0.001\xa0—\xa00.044', '0\xa0—\xa00.011', -1, '0\xa0—\xa00.01', '0\xa0—\xa00.024', '0\xa0—\xa00.02', '0.006\xa0—\xa00.288', '0\xa0—\xa00.051', '0\xa0—\xa00.004', '0.004\xa0—\xa00.1', '0\xa0—\xa00.434', -1, '0\xa0—\xa00.005', '0.024', '0\xa0—\xa00.005', '0.007\xa0—\xa00.091', '0.031', '0.001\xa0—\xa00.011', '0\xa0—\xa00.005', '0.199', '0.001\xa0—\xa00.234', '0\xa0—\xa00.026', '0.005', '0.01', '0.001\xa0—\xa00.006', '0.001\xa0—\xa00.003', -1, -1, '0\xa0—\xa00.024', '0.019\xa0—\xa00.136', '0\xa0—\xa00.01', '0\xa0—\xa00.01', '0\xa0—\xa00.075', '0.007\xa0—\xa00.094', -1, -1, '0\xa0—\xa00.005', '0\xa0—\xa00.002', '0.002\xa0—\xa00.066', '0\xa0—\xa00.064', '0\xa0—\xa00.032', '0\xa0—\xa00.002', '0\xa0—\xa00.003', '0.001\xa0—\xa00.012', '0.12', -1, -1, -1, '0.007', '0\xa0—\xa00.008', -1, '0\xa0—\xa00.004', -1, -1, '0.001', -1, '0\xa0—\xa00.018', '0\xa0—\xa00.021', -1, -1, -1, '0\xa0—\xa00.016', -1, '0\xa0—\xa00.001', -1, -1, '0\xa0—\xa00.013', '0\xa0—\xa00.232', '0\xa0—\xa00.031', '0\xa0—\xa00.001', -1, '0\xa0—\xa00.012', '0\xa0—\xa00.005', '0.004\xa0—\xa00.334', '0\xa0—\xa00.009', '0\xa0—\xa00.002', '0.007\xa0—\xa00.324', '0\xa0—\xa00.001']"
RABBITEYE_BLUEBERRY_(Vaccinium_ashei_Raede)_650.html,"[-1, -1, -1, -1, -1, -1, -1, -1, -1, -1, -1, -1, -1, -1, -1, -1, -1, -1, -1, -1, -1, -1, -1, -1, -1, -1, -1, -1, -1, -1, -1, -1, -1, -1, -1, -1, -1, -1, -1, -1, -1, -1, -1, -1, -1, -1, -1, -1, -1]"
PULASAN_(Nephelium_ramboutan-ake_(Labill.)_Leenh.)_26900.html,"[-1, -1, -1, -1, -1, -1, -1, -1, -1, -1, -1, -1, -1, -1, -1, -1, -1, -1, -1, -1, -1, -1, -1, -1, -1, -1, -1, -1, -1, -1, -1, -1, -1, -1, -1, -1, -1, -1, -1]"
PAPAYA_(Carica_papaya_L.)_1100.html,"[-1, -1, -1, -1, -1, -1, -1, -1, -1, '0.0004\xa0—\xa00.5', '0.1\xa0—\xa00.5', '0.01\xa0—\xa00.05', '0.01\xa0—\xa00.05', '0.1\xa0—\xa00.5', '0.005', -1, -1, -1, -1, -1, -1, '0.05\xa0—\xa00.1', '0.1\xa0—\xa00.5', -1, '0.1\xa0—\xa00.5', '0.1\xa0—\xa00.5', -1, -1, '0.01\xa0—\xa00.05', -1, -1, '0.005', -1, '0.0001', -1, -1, -1, 'trace', -1, -1, -1, -1, -1, '0.1\xa0—\xa00.5', -1, -1, -1, -1, -1, -1, -1, -1, '0.01\xa0—\xa00.05', 'trace\xa0—\xa00.5', -1, '0.003', '0.02', -1, '0.002', -1, '0.01\xa0—\xa00.05', '0.001', '0.01', '0.001', '0.01\xa0—\xa00.05', '0.002', -1, -1, '0.007', '0.01', '0.003', '0.001', '0.002', '0.03', '0.001', '0.002', 'trace', -1, -1, -1, -1, -1, '0.003', '0.002', '0.003', '0.001', '0.004', 'trace\xa0—\xa00.05', -1, '0.0006\xa0—\xa011.7', -1, -1, '0.0002\xa0—\xa00.1', '0.0002\xa0—\xa00.005', '0.05\xa0—\xa00.1', '0.007', -1, -1, '0.006', -1, -1, -1, -1, -1, -1, '0.0003\xa0—\xa00.05', '0.0008', 'trace', -1, 'trace', 'trace', -1, '0.008', -1, -1, '0.001', '0.004', -1, '0.02', '0.01\xa0—\xa00.05', -1, -1, '0.006', '0.002', '0.003', '0.003', '0.002', -1, -1, -1, '<0.05', -1, -1, '0.05\xa0—\xa00.1', '<0.05', '<0.05', '1.2\xa0—\xa029.9', -1, '<0.05', -1, -1, '<0.05', '<0.05', 'trace\xa0—\xa00.05', '0.05\xa0—\xa00.1', '<0.05', '<0.05', 'trace\xa0—\xa04.9', -1, '0.05\xa0—\xa00.1', '<0.05', '<0.05', '<0.05', '<0.05', 'trace\xa0—\xa08.7', '<0.05', '<0.05', '0.05\xa0—\xa00.1', '<0.05', '0.1\xa0—\xa00.5', '0.1\xa0—\xa00.5', '0.1\xa0—\xa00.5', '<0.05', '<0.05', '<0.05', '<0.05', '0.05\xa0—\xa00.1', '<0.05', '0.05\xa0—\xa00.1', '<0.05', '<0.05', '0.1\xa0—\xa00.5', '0.1\xa0—\xa00.5', '<0.05', '0.05\xa0—\xa00.1', '<0.05', '<0.05', '<0.05', '<0.05', '<0.05', '<0.05', '0.05\xa0—\xa00.1', '<0.05\xa0—\xa02.5', '<0.05', '<0.05', '0.05\xa0—\xa00.1', '0.1\xa0—\xa00.5', '<0.05', '0.01', -1, '0.003\xa0—\xa00.01', -1, -1, -1, -1, '<0.01', -1, -1, -1, '<0.01\xa0—\xa00.047', -1, -1, -1, -1, '0.0003\xa0—\xa00.01', '0.0003', -1, '0.0001', -1, -1, -1, -1, '0.0006', -1, '0.6', '0.0001', -1, '0.0002', -1, '0.0008', '0.0007', '0.0002', '<0.01', '0.001\xa0—\xa00.01', '0.01', '0.007\xa0—\xa00.01', -1, '0.0002', -1, -1, -1, -1, '<0.01\xa0—\xa00.02', -1, '0.002\xa0—\xa00.01', 'trace\xa0—\xa00.004', -1, '0.001', '0.001', '0.002', '0.0001\xa0—\xa00.003', -1, -1, -1, -1, '0.004', '0.0001', '0.0005', '0.02', '0.004', '0.001', '<0.05', '0.0002', '0.001', '0.03', '0.001\xa0—\xa018.1', '0.05\xa0—\xa00.1', '0.004', -1, -1, -1, '0.01\xa0—\xa00.05', -1, -1, '0.01\xa0—\xa00.017', 'trace\xa0—\xa00.0001', -1, -1, '0.002', -1, '0.007\xa0—\xa01.2', '0.0007\xa0—\xa03', -1, -1, -1, -1, '<0.05', '0.0001', -1, '0.01\xa0—\xa00.05', 'trace\xa0—\xa00.006', 'trace\xa0—\xa00.004', -1, -1, -1, -1, -1, -1, -1, '0.009']"
RASPBERRY_(Rubus_idaeus_L.)_1510.html,"['0.002\xa0—\xa00.035', -1, 'trace', -1, -1, '1', 'trace\xa0—\xa00.1', '0.1', 'trace', 'trace', -1, -1, 'trace', '1.7', 'trace', '1.3', -1, '<0.005', '0.005\xa0—\xa00.05', '<0.005', '7\xa0—\xa016', 'trace\xa0—\xa0137', 'trace', 'trace\xa0—\xa02.2', '0.05\xa0—\xa00.11', '0.06', 'trace', '<0.03\xa0—\xa07.2', '0.02\xa0—\xa04.5', '0.01\xa0—\xa00.04', '0.03\xa0—\xa02.3', 'trace\xa0—\xa00.05', '<0.005', -1, '0.005\xa0—\xa02.2', 'trace', '0.05\xa0—\xa09.8', '1', '0.005\xa0—\xa00.05', '1.5', -1, '0.005\xa0—\xa00.05', '0.005\xa0—\xa00.05', -1, '0.005\xa0—\xa00.05', '0.03\xa0—\xa00.08', '0.05\xa0—\xa01.1', '0.005\xa0—\xa00.6', '0.005\xa0—\xa01.1', -1, -1, '1.1', '0.9\xa0—\xa02.9', '<0.005\xa0—\xa04.9', '0.1\xa0—\xa02.8', 'trace', 'trace', '1', '0.05\xa0—\xa00.7', '0.005\xa0—\xa00.05', '1', '0.3', '26', '<0.01', '<0.01', '0.01\xa0—\xa00.1', '0.01\xa0—\xa00.1', 'trace\xa0—\xa01', '0.1\xa0—\xa01', 'trace\xa0—\xa00.05', '0.005\xa0—\xa02', -1, -1, -1, -1, '0.005\xa0—\xa00.05', '<0.005', '0.3', 'trace', 'trace', -1, '0.01\xa0—\xa00.1', -1, '0.005\xa0—\xa05', '<0.01\xa0—\xa00.07', '<0.01', -1, -1, '4.5', -1, '0.005\xa0—\xa00.05', -1, -1, -1, -1, '0.005\xa0—\xa00.05', '<0.005\xa0—\xa00.1', -1, '<0.005', '0.05\xa0—\xa01.3', -1, -1, '<0.01\xa0—\xa01.3', '0.005\xa0—\xa00.05', -1, '0.009\xa0—\xa04.3', '0.4', '0.005\xa0—\xa00.3', '0.005\xa0—\xa00.05', -1, '1.9\xa0—\xa022', 'trace\xa0—\xa00.03', '<0.03', '0.3\xa0—\xa01.3', 'trace', '0.07', 'trace', 'trace', '<0.03', -1, '2.4\xa0—\xa09.4', -1, -1, -1, '0.2', 'trace\xa0—\xa00.8', -1, '0.07', 'trace\xa0—\xa00.03', -1, -1, -1, 'trace', -1, -1, -1, -1, 'trace', -1, -1, 'trace\xa0—\xa00.03', -1, -1, -1, '2\xa0—\xa02.3', 'trace', 'trace', 'trace\xa0—\xa016', 'trace', -1, -1, -1, '0.1\xa0—\xa00.2', '<0.005', 'trace', '0.03\xa0—\xa00.07', '0.06\xa0—\xa00.07', 'trace', -1, '0.02\xa0—\xa00.2', '0.01\xa0—\xa00.3', -1, '0\xa0—\xa00.01', '1.8', '1.1', '1\xa0—\xa01.4', '0.4\xa0—\xa01.4', '0.04\xa0—\xa00.2', '0.01\xa0—\xa00.15', -1, -1, '0.005\xa0—\xa01', '0.01', '0.02', '0.8', '0.0003', '0.0007', '<0.005\xa0—\xa00.6', '0.03', '0.04', '1', '0.0008', '0.002', '0.001', '0.001', '0.005\xa0—\xa01.4', '0.0006', '0.0005', '0.0025', '0.0025', '0.3', -1, '0.6\xa0—\xa01.8', 'trace', -1, '0.06\xa0—\xa00.1', -1, '0.4', 'trace', 'trace', 'trace', -1, -1, -1, -1, '0.005\xa0—\xa00.05', '0.1', '0.1\xa0—\xa04.8', 'trace\xa0—\xa02.8', -1, -1, 'trace', '0.005\xa0—\xa00.05']"
MULBERRY_(Morus_species)_26600.html,"[-1, -1, -1, -1, -1, -1, -1, -1, -1, -1, '344\xa0—\xa01176', '10\xa0—\xa033', '35400\xa0—\xa0198500', '2950\xa0—\xa05950', '5500\xa0—\xa023400', '0.5', '0.3', '4.3', '3', '7.6', '5.4', '21.9', '4.9', '66.2', -1, -1, -1, -1, -1, -1, -1, -1]"
"OLIVE_OIL_(Turkey,_Izmir)_8831.html","['1.55\xa0\xa011.53', '4.85\xa0\xa018.67', '130900\xa0\xa0144200', '8700\xa0\xa010600', '350\xa0\xa0800', '20800\xa0\xa025600', '681800\xa0\xa0719800', '80100\xa0\xa0105700', '5900\xa0\xa06900', '3600\xa0\xa04500', '1000\xa0\xa01300', '500\xa0\xa0700', '0.80\xa0\xa01.30', '2400\xa0\xa03000', '25.24\xa0\xa040.02', '6.87\xa0\xa055.95', '42.43\xa0\xa093.58', '13.06\xa0\xa018.31', '6.52\xa0\xa015.21']"
BLACK_OLIVE_8830.html,"[-1, -1, -1, -1, -1, '7\xa0—\xa08', '0.02\xa0—\xa00.03', '0.3\xa0—\xa00.4', '0.004\xa0—\xa00.01', '0.0005', '1.6\xa0—\xa01.8', '0.003', '0.005\xa0—\xa00.006', '0.003', '0.001\xa0—\xa00.005', '0.008\xa0—\xa00.06', '0.01\xa0—\xa00.02', '0.006\xa0—\xa00.01', '0.05\xa0—\xa00.06', '0.004\xa0—\xa00.02', '0.2\xa0—\xa03.5', '0.006\xa0—\xa00.01', '0.1\xa0—\xa01', '0.0009\xa0—\xa00.007', '0.0007\xa0—\xa00.02']"
SCORODOCARPUS_borneensis_Becc_(wood_garlic)_30200.html,"[-1, -1, -1, -1, -1, -1, -1, -1, -1, -1, -1, -1, -1]"
PAPER_MULBERRY_(Broussonetia_papyrifera)_34900.html,"['0.9', '1.2', -1, -1, '18.5', -1, -1, -1, -1, -1, -1, -1, -1, -1, -1, -1, -1, -1, -1, -1, -1, -1, -1, -1, '0.1', '3.2', '12.1', -1, '72.9', -1, -1, -1, -1, -1, -1, -1, -1, -1, -1, -1, -1, -1, -1, -1]"
NECTARINE_20000.html,"[-1, -1, -1, -1, -1, -1, -1, -1, -1, -1, 'trace', -1, -1, '<0.01\xa0—\xa00.02', 'trace', '<0.01', '<0.01\xa0—\xa00.03', '0\xa0—\xa00.01', -1, -1, -1, -1, -1, -1, -1, -1, -1, -1, -1, -1, -1, -1, -1, -1, -1, -1, -1, -1, -1, -1, -1, '0.05\xa0—\xa00.18', '0.03\xa0—\xa00.17', -1, '0.03\xa0—\xa00.11', -1, -1, -1, -1, '<0.01\xa0—\xa00.09', -1, -1, -1, '0\xa0—\xa00.5', -1, -1, -1, '0.58\xa0—\xa01.95', '0.96\xa0—\xa03.95', '<0.01\xa0—\xa00.04', '<0.01\xa0—\xa00.04', '<0.01', '0.02\xa0—\xa00.2', -1, '<0.01', -1, -1, -1, -1, -1, -1, -1, -1, -1, -1, -1, -1, -1, -1, -1, -1, -1, -1, -1, -1, -1, '<0.01\xa0—\xa00.02', '<0.01', '<0.01\xa0—\xa00.05', -1, -1, -1, -1, -1, -1, -1, -1, -1, -1, -1, -1, -1, -1, -1, -1, -1, -1, -1, -1, -1, -1, -1, -1, -1, -1, -1, -1, -1, -1, -1, '0.27\xa0—\xa00.35', '0.01\xa0—\xa00.04', '0.01\xa0—\xa00.3', '<0.01\xa0—\xa00.14', '<0.01', '0.22\xa0—\xa02.2', '0.19\xa0—\xa01.4', '0.03\xa0—\xa00.31', '0.07\xa0—\xa00.28', '<0.01\xa0—\xa00.23', -1, -1, -1, -1, -1, -1, -1, -1, '<0.01', '<0.01', -1, -1]"
"HOG_PLUM_(raw_juice,_Spondias_mombins_L.)_23602.html",[-1]
PRUNUS_SIMONII_9070.html,"['0.0038', '0.0008', '0.3575', '0.0195', '0.0395', '0.0084', '0.003', '0.0211', '0.0035', '0.0933', '0.0435', '0.002', '0.0391', '0.0041', '0.0117', '0.0042', '0.005', '0.0008', '0.0182', '0.9045', '0.0309', '2.1215', '0.0553', '0.0141', '0.1009', '0.0034', '0.0052', '0.0059', '0.0023', '0.0147', '0.0004', '0.0095', '0.0038', '0.106', '0.0012', '0.2978']"
"PASSIFLORA_VITIFOLIA_HBK,_GRANADILLA_(pulp)_8907.html","['0.088', '0.19', '0.015', '0.408', '0.045', '0.074', '0.19', '0.365', '0.16', '1.536', '0.204', '1.914', '0.848', '0.028', '0.04', '0.141', '0.04', '0.052', '0.16']"
PASSION_FRUIT_(yellow)_(P.F._FLAVICARPA)__8904.html,"[-1, -1, -1, '0.04', '0.37', -1, '0.01', -1, -1, -1, -1, -1, -1, '0.03', '0.11', '0.74', -1, -1, -1, -1, -1, -1, -1, -1, -1, '0.73', -1, -1, -1, -1, -1, -1, -1, -1, '0.022', '0.011', '0.011', -1, -1, '1.27', '0.08', -1, -1, '0.015', '0.004\xa0—\xa00.006', '0.009\xa0—\xa00.011', -1, -1, -1, -1, -1, -1, -1, -1, -1, -1, -1, -1, -1, -1, -1, -1, -1, -1, -1, -1, '2.29', -1, -1, -1, -1, -1, -1, -1, -1, -1, -1, -1, -1, -1, -1, -1, '1.28', -1, '0.07', -1, -1, -1, -1, -1, -1, -1, -1, -1, -1, -1, -1, -1, -1, -1, -1, -1, -1, -1, -1, -1, -1, -1, -1, -1, -1, '0.68', -1, -1, -1, -1, -1, -1, -1, -1, -1, -1, -1, -1, -1, -1, -1, -1, -1, -1, -1, -1, '0.21', -1, -1, -1, -1, '0.01', -1, '0.02', -1, -1, -1, -1, -1, -1, -1, -1, -1, '0.02', -1, '0.02', -1, '0.01', -1, -1, -1, -1, -1, -1, -1, -1, -1, '0.05', -1, -1, -1, '0.03', -1, -1, '3.34', '0.03', -1, -1, -1, -1, -1, -1, -1, -1, -1, -1, '0.23', -1, -1, -1, -1, -1, -1, -1, -1, -1, -1, -1, -1, -1, '0.31', '0.07', -1, -1, -1, -1, -1, -1, -1, -1, -1, -1, -1, -1, -1, '0.34', -1, -1, -1, -1, -1, '0.17', -1, -1, -1, '0.89', -1, -1, -1, -1, '0.031', '0.027', '0.004', -1, -1, -1, -1, -1, -1, -1, -1, -1, -1, -1, -1, -1, -1, -1, -1, -1, -1, -1, -1, -1, -1, -1, -1, -1, -1, -1, '0.39', -1, -1, -1, -1, -1, -1, -1, '<0.002', '4.04', -1, -1, '0.036', '0.034', '0.002', -1, -1, -1, -1, -1, -1, -1, -1, -1, -1, -1, -1, -1, -1, -1, -1, '0.01', -1, -1, -1, -1, -1, -1, -1, -1, -1, -1, -1, -1, '0.1', -1, '0.14', '0.01', '0.12', -1, '0.15', '0.03', -1, -1, -1, -1, -1, -1, -1, -1, -1, -1, -1, -1, -1, -1, -1, -1, -1, -1, -1, -1, -1, -1, -1, -1, -1, -1, -1, -1, '0.1', -1, -1, -1, -1, -1, -1, -1, -1, -1, -1, -1, '71', -1, -1, '0.038', -1, -1, -1, '0.002', -1, -1, -1, -1, '0.0001', -1, -1, -1, -1, -1, -1, -1, -1, -1, -1, -1, -1, -1, -1, -1, -1, -1, -1, '0.002', '0.0003', -1, '0.001', -1, '0.0005', -1, -1, -1, -1, -1, -1, -1, -1, -1, -1, -1, -1, -1, -1, -1, -1, -1, -1, -1, -1, -1, -1, -1, -1, -1, '0.69', '0.44', -1, -1, -1, '0.15', -1, -1, -1, -1, -1, -1, -1, -1, -1, -1, -1, -1, -1, -1, -1, '0.03', '0.02', '0.01', -1, -1, -1, -1, -1, -1, -1]"
OMIJA_FRUIT_(Schisandra_chinensis_Baillon)_28100.html,"[-1, -1, -1, -1, -1, -1, -1, -1, -1, -1, -1, -1, -1, -1, -1, -1, -1, -1, -1, -1, -1, -1, -1, -1, -1, -1, -1, -1, -1, -1, -1, -1, -1, -1, -1, -1, -1, -1, -1, -1, -1, -1, -1, -1, -1, -1, -1, -1, -1, -1, -1, -1, -1, -1, -1, -1, -1, -1]"
GUAVA_PEEL_802.html,"['0.5', -1, -1, -1, '2.4', '0.4', -1, '20.6', '0.7', '7', '1', '0', '0.5', -1, '0.8', '2.4', '1', -1, -1, '0.2', '2.4', '2.8', '4.8', '0.8', '0.5', -1, '1', '0.2', '0.5', '2.6', -1, '0.4', '98.8', '0.5', '1.1', '0.6', '3', '1.7', -1, '4.5', '5.3', '0.6', '0.86', '0.6', '17', '0.4', '24.4', '5.9', '0.5', '0.4', '7.5', -1, '1.3', '6.8', '1.2']"
"LINGONBERRY,_COWBERRY_(Vaccinium_vitis_idaea_L.)_630.html","[-1, -1, -1, -1, -1, -1, -1, -1, -1, -1, -1, -1, '0.08', '0.005', '0.07', '0.05', '0.07', '0.07', '0.04', '0.2', -1, '0.07', '0.003', -1, '0.02', '0.05', '0.002', '0.006', '0.1', -1, -1, -1, '0.07\xa0—\xa00.08', '0.6', -1, -1, -1, '0.07\xa0—\xa00.08', '0.08\xa0—\xa00.09', -1, -1, -1, -1, -1, -1, '0.01', -1, -1, -1, -1, -1, -1, -1, -1, -1, -1, '0.1', -1, -1, '0.04', '0.006', '0.01', '0.04', '0.006', '0.001', '0.02', -1, '0.2', -1, -1, '0.02', '2.9\xa0—\xa03', -1, '0.09', '0.02', '0.006', '0.006', '0.02', '0.004', -1, -1, '0.4', -1, -1, -1, -1, '0.006', '0.006', '0.04', -1, -1, -1, -1, -1, -1, -1, '0.02', '0.03', -1, '0.006']"
GUAVA_FRUIT_(Psidium_guajava_L.)_801.html,"[-1, -1, -1, '0.0028', -1, -1, -1, -1, -1, -1, -1, -1, -1, '0.009\xa0—\xa013.6', '0.6\xa0—\xa06.4', -1, '0.006\xa0—\xa01.3', '0.15\xa0—\xa00.38', -1, '0.005\xa0—\xa00.07', '0.015\xa0—\xa00.54', '0.0002\xa0—\xa030', '0.01\xa0—\xa00.03', '0.0003', -1, '0.11\xa0—\xa00.25', '0.0013\xa0—\xa01.3', -1, '0.07\xa0—\xa01.2', '0.005\xa0—\xa00.53', -1, -1, '0.025\xa0—\xa00.15', '0.12\xa0—\xa00.17', '0.0002\xa0—\xa01.2', '1.3\xa0—\xa01.5', -1, '1.7\xa0—\xa04.8', '0.0009\xa0—\xa022.57', '<0.1\xa0—\xa00.5', '0.005', '0.06\xa0—\xa00.08', '0.05\xa0—\xa06.23', '0.09\xa0—\xa00.23', '0.015\xa0—\xa01.8', '0.035\xa0—\xa00.34', '0.015\xa0—\xa00.06', '0.01', -1, '0.0004', -1, -1, -1, -1, -1, -1, -1, -1, -1, -1, -1, '0.0005', '0.02\xa0—\xa02.8', -1, -1, -1, '0.009', '7.8\xa0—\xa08.6', '0.0021', '0.04\xa0—\xa00.11', -1, '1.03', -1, '0.11\xa0—\xa01.1', '0.08\xa0—\xa00.09', -1, '0.05\xa0—\xa00.25', '0.04\xa0—\xa00.38', '0.25\xa0—\xa01.25', '0.04\xa0—\xa01.25', '0.05\xa0—\xa04.3', '0.004\xa0—\xa01.25', -1, '0.002\xa0—\xa06.79', '0.06\xa0—\xa01.25', -1, -1, '0.0002\xa0—\xa00.6', '0.01\xa0—\xa00.05', '0.01\xa0—\xa00.05', -1, -1, -1, -1, -1, -1, '0.01\xa0—\xa00.05', '2.8\xa0—\xa03.1', -1, -1, -1, '0.06\xa0—\xa00.82', '0.02\xa0—\xa00.06', '0.04\xa0—\xa00.47', -1, -1, -1, -1, -1, -1, '0.005\xa0—\xa02.56', '0.3\xa0—\xa04.6', '1.1\xa0—\xa01.2', '0.266\xa0—\xa013.48', -1, -1, -1, '0.1\xa0—\xa01.4', '0.03\xa0—\xa00.08', 'trace\xa0—\xa00.45', '0.07\xa0—\xa00.1', -1, -1, -1, -1, -1, -1, -1, '1.7\xa0—\xa03.3', -1, '0.03\xa0—\xa00.1', '0.0005\xa0—\xa02.44', -1, -1, '0.01\xa0—\xa00.05', '0.01\xa0—\xa00.05', '0.25\xa0—\xa01.25', '0.25\xa0—\xa01.25', -1, -1, -1, '0.007\xa0—\xa016', -1, '0.17\xa0—\xa025.9', -1, '0.005\xa0—\xa06.89', '0.06\xa0—\xa05.3', -1, -1, '0.01\xa0—\xa00.05', -1, '0.1\xa0—\xa01.25', '0.05\xa0—\xa00.5', -1, '0.1\xa0—\xa01.25', -1, -1, '0.04', '0.05\xa0—\xa00.25', '0.02\xa0—\xa00.25', '0.05\xa0—\xa00.25', '0.05\xa0—\xa00.5', -1, '0.1\xa0—\xa01.25', -1, -1, -1, -1, '0.008\xa0—\xa01.2', -1, -1, '0.07\xa0—\xa00.11', '0.009\xa0—\xa00.4', -1, -1, -1, -1, '0.0016', '0.2', '0.0045', '0.5', '0.25\xa0—\xa022.63', '0.0041', '3.3', '0.01\xa0—\xa00.05', '0.01\xa0—\xa00.05', '0.05\xa0—\xa00.5', '0.05\xa0—\xa00.25', -1, '0.05\xa0—\xa00.25', '0.05\xa0—\xa00.25', -1, -1, -1, '0.01\xa0—\xa00.05', -1, -1, '0.02\xa0—\xa00.42', -1, '0.01\xa0—\xa00.05', 'trace', '0.05\xa0—\xa00.1', -1, '<0.05', '<0.05', '<0.05', '<0.05', '<0.05', -1, '<0.05', '<0.05', '<0.05', '0.05\xa0—\xa01', -1, 'trace\xa0—\xa00.5', -1, '<0.05', '0.05\xa0—\xa00.1', '<0.05', '<0.05', '0.05\xa0—\xa00.1', '0.05\xa0—\xa00.1', '0.005\xa0—\xa00.05', '<0.05', '<0.05', '<0.05', '0.03\xa0—\xa00.05', '<0.05', '<0.05', '<0.05', '<0.05', '0.05\xa0—\xa00.1', '<0.05', '0.05\xa0—\xa00.1', '<0.05', '<0.05', '0.05\xa0—\xa00.1', '0.05\xa0—\xa00.1', '<0.05', '<0.05', '<0.05', '<0.05', '<0.05', '<0.05', '0.05\xa0—\xa00.1', '<0.05', '<0.05', '0.05\xa0—\xa00.1', '<0.05', '<0.05', '<0.05', -1, -1, '0.05\xa0—\xa00.1', '0.1\xa0—\xa00.5', '<0.05', '0.5', -1, '<0.01\xa0—\xa0183', '<0.01\xa0—\xa00.6', '0.0003', '0.0011\xa0—\xa00.35', -1, -1, '0.0002\xa0—\xa00.14', 'trace\xa0—\xa01.25', '0.05\xa0—\xa01.25', -1, '0.001\xa0—\xa012', '<0.01', '0.0017\xa0—\xa02.3', -1, -1, -1, '0.0005\xa0—\xa00.01', '0.05\xa0—\xa05.1', '0.02\xa0—\xa03.4', '0.0008\xa0—\xa06.7', '0.01\xa0—\xa00.05', -1, '0.002\xa0—\xa00.9', '<0.01', '1.38', -1, -1, '<0.01', '<0.01', '0.6', '0.01\xa0—\xa026', '0.01\xa0—\xa00.25', -1, '<0.01\xa0—\xa00.09', -1, '0.05\xa0—\xa00.5', '0.25\xa0—\xa01.25', '0.01\xa0—\xa00.19', '0.03\xa0—\xa00.05', '0.02\xa0—\xa00.06', '<0.01', '<0.01', -1, '0.0022\xa0—\xa00.0097', '0.01\xa0—\xa00.064', '0.01\xa0—\xa00.25', '0.032\xa0—\xa056', '<0.01', '<0.01', '<0.01', '<0.01', '0.1\xa0—\xa00.5', '0.01\xa0—\xa00.25', '0.01\xa0—\xa00.25', '<0.01', '0.05\xa0—\xa01.25', '0.004\xa0—\xa017', -1, '0.0002\xa0—\xa02.3', -1, '0.3', 'trace', '0.0004\xa0—\xa00.14', -1, 'trace\xa0—\xa00.03', -1, -1, '0.0026\xa0—\xa01.25', '0.0032\xa0—\xa06.9', '0.01\xa0—\xa00.25', '0.02\xa0—\xa02', '0.01\xa0—\xa00.5', '0.01\xa0—\xa00.5', '0.7', '0.01\xa0—\xa00.5', -1, 'trace', '0.09', '0.005\xa0—\xa00.01', '0.02\xa0—\xa00.05', '0.13\xa0—\xa00.15', -1, -1, '0.09\xa0—\xa00.38', -1, -1, '<0.01', -1, '0.01\xa0—\xa00.05', -1, -1, '0.01\xa0—\xa00.05', '0.01\xa0—\xa00.05', -1, '0.01', '0.0017\xa0—\xa00.555', -1, -1, -1, '0.00007\xa0—\xa00.0023', '0.00036\xa0—\xa00.0114', -1, -1, -1, -1, -1, -1, -1, -1, -1, -1, -1, -1, -1, -1, -1, '0.03\xa0—\xa02.6', -1, -1, -1, -1, -1, -1, -1, -1, -1, -1, -1, -1, -1, '0.0014\xa0—\xa00.57', '0.0003', -1, -1, '0.0003\xa0—\xa00.0043', -1, '1.42\xa0—\xa03.44', '0.0094\xa0—\xa00.56', 'trace\xa0—\xa00.02', -1, -1, '<0.05', '<0.05', '0.01\xa0—\xa00.05', '<0.01', '0.0002\xa0—\xa00.0168', -1, -1, -1, -1, -1, -1, '0.01\xa0—\xa00.05', '0.05\xa0—\xa00.5', '1.4']"
WINTER_TRITICALE_GRAIN_(cv._Fredro)_36002.html,"[-1, -1, -1, -1, -1, -1, -1, -1, -1, -1, -1, -1]"
WHEAT_GRASS_32405.html,[]
MAIZE_(Mp708_genotype)_15711.html,"['0.41171', '0.69766', '0.13457', '1.2192', '0.28627', '0.57195', '0.05182', '235.41']"
WINTER_TRITICALE_GRAIN_(cv._Panteon)_36003.html,"[-1, -1, -1, -1, -1, -1, -1, -1, -1, -1, -1, -1]"
AMARANTH_(A._hypochondriacus)_32905.html,"[-1, -1, -1, 'trace', -1, -1, -1, -1, -1, -1, -1, -1, -1, -1, -1, -1, -1, -1, -1, -1, -1, 'trace', -1, 'trace', 'trace', -1, -1, -1]"
YELLOW_MAIZE_PORRIDGE_15704.html,"[-1, -1, -1, -1, -1, -1, -1, -1, -1, -1, -1, -1, -1, -1, -1, -1, -1, -1, -1, -1]"
YELLOW_MAIZE_FLOUR_15703.html,"[-1, -1, -1, -1, -1, -1, -1, -1, -1, -1, -1, -1, -1, -1, -1, -1, -1, -1, -1, -1, -1, -1, -1, -1, -1, -1, -1, -1, -1, -1, -1, -1, -1, -1, -1, -1, -1, -1, -1, -1, -1, -1, -1, -1, -1, -1, -1]"
QUALITY_PROTEIN_MAIZE_FLOUR_15705.html,"[-1, -1, -1, -1, -1, -1, -1, -1, -1, -1, -1, -1, -1, -1, -1, -1, -1, -1, -1, -1, -1, -1, -1, -1, -1, -1, -1, -1, -1, -1, -1, -1, -1, -1, -1, -1, -1, -1, -1, -1, -1, -1, -1, -1, -1, -1, -1]"
DONUT_31900.html,"[-1, -1, -1, -1]"
"BROWN_RICE_(long_grain,_cooked)_12302.html","[-1, -1, -1, -1, -1, -1, -1, -1, -1, -1, -1, -1, -1, -1, -1, -1, '18000', '1768000.', '38000']"
CRISPBREAD_4500.html,"[-1, -1, -1, -1, -1, -1, -1, -1, -1, -1, -1, -1, -1, -1, -1, -1, -1, -1, -1, -1, -1, -1, -1, -1, -1, -1, -1, -1, -1, -1, -1, -1, -1, -1, -1, -1, -1, -1, -1, -1, -1, -1, -1, -1, -1, -1, -1, -1, -1, -1, -1, -1, -1, -1, -1, -1, -1, -1, -1, -1, -1, -1, -1, -1, -1, -1, -1, -1, -1, -1, -1, -1, -1, -1, -1, -1, -1, -1, -1, -1, -1, -1, -1, -1, -1, -1, -1, -1, -1, -1, -1]"
WHEAT_FLOUR_(mix_of_English_soft_wheats)_32407.html,"['0\xa0—\xa00.0007', '0\xa0—\xa00.0004', '0\xa0—\xa00.0001', '0\xa0—\xa00.0003', '0\xa0—\xa00.0002', '0\xa0—\xa00.0001', '0\xa0—\xa00.0001', '0\xa0—\xa00.0001', '0.0005\xa0—\xa00.0009', '0.0001\xa0—\xa00.0002', '0.0001\xa0—\xa00.0006', '0\xa0—\xa00.0005', '0\xa0—\xa00.0007', '0.0004\xa0—\xa00.0009', '0.005\xa0—\xa00.0089', '0.0012\xa0—\xa00.0017', '0\xa0—\xa00.0007', '0\xa0—\xa00.0008', '0\xa0—\xa00.0008', '0.016\xa0—\xa00.057', '0.0004\xa0—\xa00.002', '0.0011\xa0—\xa00.004', '0\xa0—\xa00.0006', '0\xa0—\xa00.0017', '0.0002\xa0—\xa00.0007', '0.0008\xa0—\xa00.0011', '0\xa0—\xa00.0022', '0\xa0—\xa00.0002', '0\xa0—\xa00.0016', '0\xa0—\xa00.0002', '0\xa0—\xa00.0001', '0\xa0—\xa00.0001', '0.0006\xa0—\xa00.0018', '0.0032\xa0—\xa00.0066', '0\xa0—\xa00.002', '0\xa0—\xa00.0002', '0.0001\xa0—\xa00.0006', '0.0069\xa0—\xa00.015', '0\xa0—\xa00.0002', '0.0002\xa0—\xa00.0007', '0\xa0—\xa00.0013', '0.0001\xa0—\xa00.0003', '0\xa0—\xa00.0001', '0\xa0—\xa00.0004', '0\xa0—\xa00.0002', '0\xa0—\xa00.0002', '0\xa0—\xa00.0002', '0\xa0—\xa00.0007', '0\xa0—\xa00.0008', '0\xa0—\xa00.0001', '0\xa0—\xa00.0008', '0.0008\xa0—\xa00.0027', '0\xa0—\xa00.0034', '0\xa0—\xa00.0001', '0\xa0—\xa00.0006', '0\xa0—\xa00.0004', '0.0008\xa0—\xa00.0051', '0.0004\xa0—\xa00.0014', '0\xa0—\xa00.0009', '0\xa0—\xa00.0001', '0\xa0—\xa00.0002', '0.0012\xa0—\xa00.0025', '0\xa0—\xa00.0003', '0\xa0—\xa00.0002', '0\xa0—\xa00.0001', '0\xa0—\xa00.0002', '0\xa0—\xa00.0001', '0\xa0—\xa00.0001', '0\xa0—\xa00.0001', '0\xa0—\xa00.0003', '0\xa0—\xa00.0006', '0\xa0—\xa00.0003', '0\xa0—\xa00.0001', '0\xa0—\xa00.0003', '0\xa0—\xa00.0004', '0\xa0—\xa00.0003', '0\xa0—\xa00.0003', '0.0001\xa0—\xa00.0077', '0\xa0—\xa00.0003', '0.0002\xa0—\xa00.0013', '0\xa0—\xa00.0013', '0\xa0—\xa00.0027', '0\xa0—\xa00.0007', '0\xa0—\xa00.0002', '0\xa0—\xa00.0021', '0\xa0—\xa00.001', '0\xa0—\xa00.0002', '0\xa0—\xa00.0005', '0\xa0—\xa00.0002', '0\xa0—\xa00.0003', '0\xa0—\xa00.0005', '0\xa0—\xa00.0007', '0\xa0—\xa00.0011', '0.00005\xa0—\xa00.0008', '0\xa0—\xa00.0004', '0\xa0—\xa00.0002', '0\xa0—\xa00.0018', '0\xa0—\xa00.0002', '0\xa0—\xa00.0003', '0.0002\xa0—\xa00.0011', '0\xa0—\xa00.0006', '0\xa0—\xa00.0002', '0\xa0—\xa00.0052', '0\xa0—\xa00.0011', '0.0001\xa0—\xa00.0025', '0\xa0—\xa00.0001', '0\xa0—\xa00.0003', '0.0006\xa0—\xa00.0025', '0.0031\xa0—\xa00.017', '0.0002\xa0—\xa00.0006', '0.0001\xa0—\xa00.0008', '0\xa0—\xa00.0001', '0\xa0—\xa00.0009']"
"BROWN_RICE_(long_grain,_raw)_12306.html","['20000', '1738000.', '44000']"
WHEATEN_BREAD_BROWN_4415.html,"[-1, -1, '0.12', '0.96', -1, '5.3\xa0—\xa010.103', '0.09\xa0—\xa00.66', '0.0902', '4.225', '3.3', '6.1', -1, -1, '1.12\xa0—\xa06.7', -1, -1, '0.684', '0.498\xa0—\xa09.5', -1, -1, -1, -1, -1, -1, -1, -1, -1, -1, -1, -1, -1, -1, -1, -1, -1, -1, '0.174\xa0—\xa02.714', -1, -1, '0.0136', -1, -1, -1, '0.174\xa0—\xa00.856', -1, '0.0012', '0.159', -1, '9.8', -1, -1, -1, '0.918\xa0—\xa01.876', -1, -1, -1, '0.144', -1, -1, -1, -1, '0.0025\xa0—\xa00.0098', -1, -1, -1, -1, -1, '4.49', '1.27', '1.75', '6.25', -1, '<0.005', -1, '0.036\xa0—\xa00.169', '0.0324', -1, -1, -1, -1, -1, -1, -1, -1, -1, -1, -1, -1, -1, -1, -1, -1, -1, -1, -1, -1, -1, -1, -1, -1, -1, '0.0088\xa0—\xa00.009', -1, '0.0015', -1, -1, -1, -1, -1, -1, -1, '0.016', '0.0017\xa0—\xa00.0115', '0.0033', '0.593', -1, '0.0045', '0.048\xa0—\xa00.522', '0.0098', '0.0005\xa0—\xa00.0131', '0.166\xa0—\xa04.611', -1, -1, -1, '3.25', '1.355', -1, -1]"
DEFATTED_RICE_BRAN_(insoluble_dietary_fibre)_38901.html,"['103\xa0\xa0103', '2.9\xa0\xa02.9', 'trace', '12.6\xa0\xa012.6', 'trace', '4.8\xa0\xa04.8', '1101\xa0\xa01101', '0\xa0\xa00', '5127\xa0\xa05127', '0\xa0\xa00', 'trace', '5.2\xa0\xa05.2', 'trace', '0\xa0\xa00', '2.0\xa0\xa02.0', 'trace', 'trace']"
WORT_16230.html,"[-1, -1, -1, -1, -1, -1, -1, -1, -1, -1, -1, -1, -1, -1, -1, -1, -1, -1, -1, -1, -1, -1, -1, -1, -1, -1, -1, -1, -1, -1, -1, -1, -1, '0.02', -1, -1, -1, -1, -1, -1, -1, -1, -1, -1, -1, -1, -1, -1, -1, -1, -1, -1, -1, -1, -1, -1, -1, -1, -1, '0.05\xa0—\xa00.2', '0.05\xa0—\xa00.275', '0.02\xa0—\xa00.04', -1, -1, -1, -1, -1, -1, -1, -1, -1, -1, -1, -1, -1, -1, -1, -1, '0.01', '0.08\xa0—\xa00.09', '0.03', '1.7', '0.02', '0.27', '0.05', '<0.01', -1, '0.03', '0.03', '0.3', '0.02', '0.01', '0.02', '0.02', '0.04', '<0.01', '0.1', '<0.01', -1, -1, '<0.01', '<0.01', '0.01', '<0.01', '<0.01', '0.09', '<0.01', '0.5', '0.03', '<0.01', '0.18', '0.25', '1.4', '0.03', '<0.01', '0.13', '5', '0.08', '0.05', '0.12', '0.24', '1.8', '0.16', '0.1', '0.12', '0.19', '0.03', '1.8', -1, -1, '0.5', '0.6', '0.01', '<0.01', '0.48', '0.1', '0.35', -1, '2.2', '0.04', -1, '5.2', '1.3', '0.01', -1, -1, -1, -1, -1, -1, -1, -1, -1, -1, -1, -1, -1, '0.001', -1, '<0.01', '0.02\xa0—\xa00.05', '0.001\xa0—\xa00.025', '0.001', '<0.001', '0.001\xa0—\xa00.01', '0.002\xa0—\xa00.005', -1, -1, '0.001', '0.001', -1, -1, -1, '0.001', '<0.001', '<0.001', -1, -1, -1, '<0.01', '<0.01', -1, '0.01', '0.003\xa0—\xa00.005', '<0.001', '0.001', '0.006\xa0—\xa00.025', -1, -1, '0.01', -1, '0.01', '10', '0.08\xa0—\xa00.35', '0.01\xa0—\xa00.025', '0.02', '0.01', '0.5\xa0—\xa00.7', '0.01\xa0—\xa00.05', '0.01\xa0—\xa00.03', '0.04\xa0—\xa00.05', '0.04', -1, -1, -1, '0.3', '0.01', '<5', -1, '0.1', '<0.01', -1, '2.1', '0.01', '<0.01', '0.3\xa0—\xa00.38', -1, -1, -1, -1, -1, -1]"
RYE_CRISPBREAD_4610.html,"[-1, -1, -1, -1, -1, -1, -1]"
CHOCOLATE_MALT_16211.html,"[-1, -1, -1, -1, -1, -1, -1, -1, -1, -1, -1, -1, -1, -1, -1, -1, -1, -1, -1, -1, -1, -1, -1, -1, -1, -1, -1, -1, -1, -1, -1, -1, -1, -1, -1, -1, -1, -1, -1, -1, -1, -1, -1, -1, -1]"
WHEATEN_BREAD_CRUMB_4405.html,"[-1, -1, -1, -1, -1, -1, -1, -1, -1, -1, -1, -1, -1, -1, -1, -1, -1, -1, -1, -1, -1, -1, -1, -1, -1, -1, -1, -1, '55\xa0—\xa0123', '0.7', '1.44\xa0—\xa04.7', '0.18\xa0—\xa00.26', '0.56\xa0—\xa01.8', '0.16', '1\xa0—\xa01.1', -1, -1, -1, -1, -1, -1, -1, -1, -1, -1, -1, -1, -1, -1]"
WILD_RICE_(Zizania_aquatica)_18400.html,"[-1, -1, -1, -1, -1, -1, -1, -1, -1, -1, -1, -1, -1, -1, -1, -1, -1, -1, -1, -1, -1, -1, -1, -1, -1, -1, -1, -1, -1, -1, -1, -1, -1, -1, -1, -1, -1, -1, -1, -1, -1, -1, -1, -1, -1, -1, -1, -1, -1, -1, -1, -1, -1, -1, -1, -1, -1, -1, -1, -1, -1, -1, -1, -1, -1]"
ORANGE_MAIZE_FLOUR_(variety_Pool_8A)_15709.html,"['0.08162\xa0—\xa00.09213', '0.10404\xa0—\xa00.34022', '0.08619\xa0—\xa00.19411', '0.86304\xa0—\xa00.97991', '0.08435\xa0—\xa00.08578', '0.77008\xa0—\xa01.1491', '0.08111\xa0—\xa00.08523', '0.43793\xa0—\xa00.72638', '0.08705\xa0—\xa00.08801', '0.10927\xa0—\xa00.11571', '7.3718\xa0—\xa08.27979', '4.09045\xa0—\xa04.66581', '6.53573\xa0—\xa07.43473', '0.08474\xa0—\xa00.0921', '0.08119\xa0—\xa00.09329', '0.08094\xa0—\xa00.08182', '0.08147\xa0—\xa00.08356', '0.08096\xa0—\xa00.08114', '0.08348\xa0—\xa00.0895', '0.08214\xa0—\xa00.0877', '0.08992\xa0—\xa00.15044', '0.08598\xa0—\xa00.08635', '0.08273\xa0—\xa00.08974', '0.08098\xa0—\xa00.08176', '0.09983\xa0—\xa00.11264', '0.08253\xa0—\xa00.09486', '0.08191\xa0—\xa00.08394', '0.08618\xa0—\xa00.19231', '0.34751\xa0—\xa00.41428', '0.08222\xa0—\xa00.08628']"
TACO_SHELL_15760.html,"['0.1', '0.01', '0.02', '0.34', '0.05', '0.04', '0.02', '0.1', '0.14', '1.8', '0.11', '0.09', -1, '0.14', '0.05', '0.09', '0.26', '0.05', '0.09', '0.04', '0.08', '0.21', '0.06', -1, '0.05', '0.05', '0.02', '0.39', '0.08', '0.03', '0.13', '0.1', '7', '0.18', '0.09', '0.04', '0.06', '0.14', '0.05', '0.3', '0.04', '0.14', '0.43', '0.05', '0.01', '0.08']"
WINTER_TRITICALE_GRAIN_(cv._Borwo)_36001.html,"[-1, -1, -1, -1, -1, -1, -1, -1, -1, -1, -1, -1, -1]"
PROVITAMIN_A_MAIZE_PORRIDGE_15708.html,"[-1, -1, -1, -1, -1, -1, -1, -1, -1, -1, -1, -1, -1, -1, -1, -1, -1, -1, -1, -1]"
MALTED_BARLEY_(roasted)_7430.html,"[-1, -1, -1, -1, -1, -1, -1, -1, -1, -1, -1, -1, -1, -1, -1, -1, -1, -1, -1, -1, -1, -1, -1, -1, -1]"
WHEATEN_BREAD_CRUST_4410.html,"[-1, -1, -1, -1, -1, -1, -1, -1, -1, -1, -1, -1, -1, -1, -1, -1, -1, -1, -1, -1, -1, -1, -1, -1, -1, -1, -1, -1, -1, -1, -1, -1, -1, -1, -1, -1, -1, -1, -1, -1, -1, -1, -1, -1, -1, -1, -1, -1, -1, -1, -1, -1, -1, -1, -1, -1, -1, -1, -1, -1, -1, -1, -1, -1, -1, -1, -1, -1, -1, -1, -1, -1, -1, -1, -1, -1, -1, -1, -1, -1, -1, -1, -1, -1, -1, -1, -1, -1, -1, -1, -1, -1, -1, -1, -1, -1, -1, -1, -1, -1, -1, -1, -1, -1, -1, -1, -1, -1, -1, -1, -1, -1, -1, -1, -1, '0.072\xa0—\xa00.078', -1, -1, -1, -1, -1, -1, -1, -1, -1, -1, -1, -1, -1, -1, -1, -1, -1, -1, -1, -1, -1, -1, -1, -1, -1, '0.066\xa0—\xa00.075', -1, -1, -1, -1, -1, -1, -1, -1, '0.019\xa0—\xa00.034', '0.015\xa0—\xa00.029', -1, -1, -1, -1, -1, -1, -1, -1, -1, -1, -1, -1, -1, -1, -1, -1, -1, -1, -1, -1, -1, -1, -1, -1, -1, -1, -1, -1, -1, -1, -1, -1, -1, -1, -1, -1, -1, -1, -1, -1, -1, -1]"
POPCORN_7800.html,"[-1, -1, -1, '0.06', '0.88', '1.2', '0.014', '0.012', '0.007', '4.6', '0.37', '0.67', '2.4', '1.2', '0.036', '0.14', '0.016', '0.041', -1, '0.008', -1, -1, '0.029', '0.006', '0.017', '0.02', '3.5', '0.097', '1.8', '5.8', '0.17', '0.38', '0.06', '0.005', '0.005', -1, '0.002', '0.002', '4', '0.3', '0.13', '0.4', '0.025', '0.019', '0.029', -1, -1, -1, -1, -1, '22', '0.02\xa0—\xa00.055', '0.011\xa0—\xa00.078', '0.44', '0.25', '0.041', '0.17', -1, -1, -1, '0.29', '0.01', '0.005', '0.002', '0.25\xa0—\xa00.35', '0.35', '0.138\xa0—\xa00.437', -1, '2.3', '3.9', '0.48', '0.06', '0.31', '2.3', '0.34', '0.29', '0.13', '0.07', '0.02', -1, -1, '0.24', '0.06', '0.042', -1, -1, '0.008\xa0—\xa00.025', '0.004', '0.009', '0.041', '<0.005', '0.07', '0.02', '0.01', '0.014', -1, -1, -1, -1, -1, -1, '0.92', '0.003', '2.8', '0.017', -1, -1, '13', '0.73', '0.1', '0.35', '2.3', '0.2', -1, '5.9', -1, -1, '0.49', '4']"
SWEET_CORN_15710.html,"[-1, -1, '0.002', -1, -1, -1, -1, '10\xa0—\xa0157', '0.006', '0.002', '<0.001', '<0.001', -1, '0.005', '0.004', '<0.001', -1, -1, -1, -1, -1, -1, -1, -1, -1, -1, -1, -1, '<0.001', -1, '0.7\xa0—\xa03.5', '<0.004', '<0.004', -1, '0.004', '<0.001', -1, -1, -1, '0.004', -1, '0.3\xa0—\xa02.4', -1, -1, '<0.002', '<0.001', '<0.002', '<0.001', '0.018', -1, -1, -1, -1, -1, -1, '<0.001', '0.34\xa0—\xa00.4', -1, '10030', '26.8', '2.4', '2.3', '3.5', -1, '0.6', '3.4', '1.1', '3.5', '0.002', '<0.001', '0.001', -1, '<0.002', '0.03', -1, -1, -1, '<0.001', -1, -1, -1, '0.034\xa0—\xa00.208', '0.3\xa0—\xa017', '<0.002', '<0.001', '0.12\xa0—\xa00.36', 'trace\xa0—\xa00.11', -1, '<0.002', '0.006', '0.006', -1, -1, -1, -1, -1, '<0.001', -1, '0.17\xa0—\xa00.27', '<0.001', -1]"
PARBOILED_RICE_(cooked)_12350.html,"[-1, -1, -1, -1, -1, -1, -1, -1, -1, -1, -1, -1, -1, -1, -1, -1, -1, -1, -1, -1, -1, -1, -1, -1, -1, -1, -1, -1, -1, -1, -1, -1, -1, -1, -1]"
RICE_BRAN_12320.html,"[-1, -1, -1, -1, -1, -1, -1, -1, -1, -1, -1, -1, -1, -1, -1, -1, -1, -1, -1, -1, -1, -1, -1, -1, -1, -1, -1, -1, -1, -1, -1, -1, -1, -1, -1, -1, -1, -1, -1, -1, -1, -1, -1, -1, -1, -1, -1, -1, -1, -1, -1, -1, -1, -1, -1, -1, -1, -1, -1, -1, -1, -1, -1, -1, -1, -1, -1, -1, -1, -1, -1, -1, -1, -1, -1, -1, -1, -1, -1, -1, -1, -1, -1, -1, -1, -1, -1, -1, -1, -1, -1, -1, -1, -1, -1, -1, -1, -1, -1, -1, -1, -1, -1, -1, -1, -1, -1, -1, -1, -1, -1, -1, -1, -1, -1, -1, -1, -1, -1, -1, -1, -1, -1, -1, -1, -1, -1, -1, -1, -1, -1, -1, -1, -1, -1, -1, -1, -1, -1, -1, -1, -1, -1, -1, -1]"
TRADITIONAL_RICE_(cooked)_12330.html,"[-1, -1, -1, -1, -1, -1, -1, -1, -1, -1, -1, -1, -1, -1, -1, -1, -1, -1, -1, -1, -1, -1, -1, -1, -1, -1, -1, -1, -1, -1, -1, -1, -1, -1, -1, -1, -1, -1, -1, -1, -1, -1, '0.0049', -1, '0.0026', -1, -1, -1, -1, '0.0023', -1, -1, -1, -1, '0.002', -1, -1, -1, -1, -1, -1, -1, -1, -1, -1, -1, -1, -1, '0.0293', -1, -1, '0.0013', -1, '0.0027', '0.0009', -1, '0.0029', -1, -1, -1, -1, -1, -1, -1, -1, -1, -1, -1, '0.0106', -1, -1, -1, -1, -1, '0.0072', -1, -1, -1, -1, -1, '0.0018', -1, -1, -1, -1, -1, -1, -1, -1, -1, -1, -1, -1, -1, -1, -1, '0.0093', '0.0015', -1, -1, -1, -1, -1, -1, -1, -1, -1, -1, -1, -1, -1, -1, -1, -1, -1, -1, -1, -1, -1, -1, -1, -1, -1, -1, -1, -1, -1, -1, -1, -1, -1, -1, -1, -1, -1, -1, -1, -1, -1, -1, -1, -1, -1, -1, -1, -1, -1, -1, -1, -1, -1, -1, -1, '0.004', -1, -1, -1, -1, -1, -1, -1, -1, -1, -1, -1, -1, -1, -1, -1, -1, -1, -1, -1, -1, -1, -1, -1, -1, -1, -1, -1, -1, -1, -1, -1, -1, -1, -1, -1, -1, -1, -1, -1, -1, -1, -1]"
JASMINE_RICE_(raw)_12308.html,"['20000', '327000', '3000', '60000']"
AMARANTH_(A._spinosus)_32904.html,"['trace', -1, -1, -1, 'trace', -1, -1, 'trace', -1, 'trace', -1, -1, 'trace', -1, -1, -1, -1, -1, -1, 'trace', -1, 'trace', -1, -1, -1]"
WHEATEN_BREAD_(hard_white_winter_wheat)_4426.html,"[-1, -1, -1, -1, -1, -1, -1, -1, -1, -1, -1, -1, -1, -1, -1, -1, -1, -1, -1, -1, -1, -1, -1, -1, -1, -1, -1, -1, -1, -1, -1, -1, -1, -1, -1, -1, -1, -1, -1, -1, -1, -1, -1, -1, -1, -1, -1, -1, -1, -1, -1, -1, -1, -1, -1, -1, -1, -1, -1, -1, -1, -1, -1, -1]"
SCENTED_RICE_(cooked)_12340.html,"[-1, -1, -1, -1, -1, -1, -1, -1, -1, -1, -1, -1, -1, -1, -1, -1, -1, -1, -1, -1, -1, -1, -1, -1, -1, -1, -1, -1, -1, -1, -1, -1, '0.0047\xa0—\xa00.0147', '0.0043\xa0—\xa00.0057', -1, -1, -1, -1, -1, -1, '0.0025\xa0—\xa00.004', -1, -1, -1, -1, -1, -1, '0.0024\xa0—\xa00.0042', -1, -1, -1, -1, -1, -1, -1, -1, -1, '0.023\xa0—\xa00.044', -1, '0.0013\xa0—\xa00.0023', -1, '0.0037\xa0—\xa00.004', -1, '0.0013\xa0—\xa00.0032', -1, '0.0024\xa0—\xa00.0043', -1, -1, -1, -1, -1, -1, -1, -1, -1, -1, '0.0116\xa0—\xa00.0156', -1, -1, -1, -1, -1, -1, '0.0053\xa0—\xa00.011', -1, -1, -1, -1, '0.0013\xa0—\xa00.0048', -1, -1, -1, -1, -1, -1, -1, -1, -1, -1, -1, -1, -1, -1, '0.0051\xa0—\xa00.0067', '0.0028\xa0—\xa00.0125', -1, -1, -1, -1, -1, -1, -1, -1, -1, -1, -1, -1, -1, -1, -1, -1, -1, -1, -1, -1, -1, -1, -1, -1, -1, -1, -1, -1, -1, -1, -1, -1, -1, -1, -1, -1, -1, -1, -1, -1, -1, -1, -1, -1, -1, '0.019\xa0—\xa00.3', -1, -1, -1, -1, -1, -1, -1, -1, -1, -1, -1, -1, -1, -1, -1, -1, -1, -1, -1, -1, -1, -1, -1, -1, -1, -1, -1]"
MAIZE_(Tx601_genotype)_15712.html,"['0.24289', '0.38896', '0.35262', '0.83565', '0.19559', '0.07188', '0.11073', '0.21808', '0.16322', '0.96936', '0.60034', '0.2786', '0.59354', '0.15959', '0.01559']"
RYE_BREAD_4605.html,"[-1, -1, -1, -1, -1, -1, -1, -1, -1, -1, -1, -1, -1, -1, -1, -1, -1, -1, -1, '3.3', -1, -1, -1, -1, -1, -1, -1, -1, -1, '0.045', -1, -1, -1, -1, -1, -1, -1, -1, -1, -1, '0.334', -1, -1, -1, -1, -1, -1, -1, -1, -1, -1, -1, -1, -1, -1, -1, -1, -1, -1, -1, -1, -1, -1, -1, -1, -1, -1, -1, -1, -1, -1, -1, -1, -1, -1, -1, -1, -1, -1, -1, -1, -1, -1, -1, -1, -1, -1, -1, -1, -1, -1, -1, -1, '0.48', -1, -1, -1, -1, -1, -1, -1, -1, -1, -1, -1, -1, -1, -1, -1]"
MALT_16210.html,"['0.04', -1, -1, -1, -1, '1.2', '0.2\xa0—\xa00.8', -1, '0.04\xa0—\xa00.07', -1, '0.2', '0.7\xa0—\xa01.9', '0.2\xa0—\xa00.6', '0.1', '0.03\xa0—\xa00.08', '0.03', '0.01\xa0—\xa00.05', '0.02\xa0—\xa00.03', -1, '0.09\xa0—\xa00.1', '0.05\xa0—\xa00.06', '0.06', '0.16\xa0—\xa00.24', '0.035\xa0—\xa00.09', '0.04\xa0—\xa00.13', -1, '<0.01\xa0—\xa00.015', -1, -1, -1, -1, '0.04', '0.5', -1, '0.06\xa0—\xa00.64', -1, -1, '1.2\xa0—\xa012.8', -1, '0.88\xa0—\xa00.9', -1, '0.15\xa0—\xa06.4', '0.58\xa0—\xa00.76', -1, '<0.01\xa0—\xa00.02', -1, -1, '0.01\xa0—\xa00.06', '0.02\xa0—\xa00.1', '0.02\xa0—\xa00.06', -1, '0.06\xa0—\xa00.16', -1, 'trace\xa0—\xa00.01', '0.2\xa0—\xa00.4', '0.01\xa0—\xa00.06', -1, '0.01\xa0—\xa00.05', -1, '0.05\xa0—\xa00.19', -1, -1, -1, '0.01\xa0—\xa00.025', '<0.01\xa0—\xa00.02', -1, -1, '0.06\xa0—\xa00.5', '0.01\xa0—\xa00.045', '<0.01\xa0—\xa00.02', '<0.01\xa0—\xa00.012', '<0.01\xa0—\xa00.065', -1, -1, '0.06', -1, -1, -1, -1, '<0.01\xa0—\xa00.08', '0.03\xa0—\xa00.04', '<0.01\xa0—\xa00.03', -1, -1, -1, -1, -1, -1, -1, -1, -1, -1, -1, -1, -1, -1, -1, -1, -1, '0.05', -1, '0.04', -1, '1192', '<0.1', '0.3', '0.5', '<0.1', '0.6', '1.5', '<0.01', '<0.01', -1, '<0.01\xa0—\xa00.7', -1, '<0.01\xa0—\xa00.08', '0.58', '<0.01', '0.4', '<0.01', '<0.01', '0.4\xa0—\xa06.6', '0.02', -1, -1, -1, '0.008\xa0—\xa00.07', -1, '<0.1', -1, -1, -1, -1, -1, -1, '0.01\xa0—\xa00.9', -1, '0.006\xa0—\xa00.1', -1, '<0.001\xa0—\xa01.3', '0.02\xa0—\xa038.3', '<0.01\xa0—\xa01.6', '0.24\xa0—\xa00.27', -1, '0.08\xa0—\xa00.11', -1, '<0.01', '<0.01\xa0—\xa01.4', '0.006\xa0—\xa013', '0.003\xa0—\xa04.8', '8.2\xa0—\xa08.3', -1, '<0.01\xa0—\xa00.38', '<0.01\xa0—\xa00.52', '<0.01\xa0—\xa00.8', -1, '0.32\xa0—\xa00.4', '0.32\xa0—\xa00.34', -1, -1, -1, -1, '0.01\xa0—\xa02.3', '0\xa0—\xa00.01', 'trace\xa0—\xa00.4', '<0.001\xa0—\xa00.4', -1, -1, -1, '0\xa0—\xa00.11', -1, '0\xa0—\xa00.01', '<0.01', '0\xa0—\xa00.02', '0\xa0—\xa00.02', '0.07\xa0—\xa00.1', -1, -1, '4\xa0—\xa019', -1, -1, -1, '<0.01\xa0—\xa00.04', '0.03\xa0—\xa00.3', -1, -1, -1, -1, '0.02\xa0—\xa01.54', '0\xa0—\xa00.5', -1, -1, -1, '0.006\xa0—\xa00.07', -1, '0.04\xa0—\xa01.3', -1, -1, -1, -1, -1, '0.1', -1, -1, -1, -1, '0.05', -1, -1, -1, -1, '<0.01', -1, -1, '0.7\xa0—\xa01', -1, '0.03\xa0—\xa00.06', '0\xa0—\xa00.085', '0\xa0—\xa00.02', '0\xa0—\xa00.03', '0.13', '0\xa0—\xa00.085', '0.45\xa0—\xa02.7', '0.01\xa0—\xa00.04', '0.2\xa0—\xa00.9', -1, -1, '0\xa0—\xa00.54', -1, -1, -1, '0\xa0—\xa00.02', '0\xa0—\xa00.02', '0\xa0—\xa00.005', -1, -1, -1, -1, -1, -1, -1, -1, -1, -1]"
OAT_FLAKES_(toasted)_8020.html,"[-1, -1, -1, -1, -1, -1, -1, -1, -1, -1, -1, -1, -1, -1, -1, -1, -1, -1, -1, -1, -1, -1, -1, -1, -1, -1]"
"WHITE_RICE_(long_grain,_milled,_raw)_12305.html","['10000', '312000', '36000']"
CORN_TORTILLAS_15730.html,"['0.027\xa0—\xa00.03', '0.025', '0.008\xa0—\xa00.073', '0.021', '0.076', '0.04\xa0—\xa00.089', '0.028', '0.004', 'trace\xa0—\xa00.057', '0.01\xa0—\xa00.63', '0.02\xa0—\xa00.68', '0.04', -1, '0.054\xa0—\xa00.17', '0.007', '0.039', '0.012', '0.08', '0\xa0—\xa00.001', '0.002\xa0—\xa00.016', '0.002\xa0—\xa00.006', '0.012', '0.007\xa0—\xa00.11', '0.002\xa0—\xa00.021', '0.039', '0.005', '0.045', '0\xa0—\xa00.27', '0\xa0—\xa00.98', '0.16', '0.004\xa0—\xa00.013', '0.05', '0.25', '2', '0.2\xa0—\xa00.31', '0.006\xa0—\xa00.19', -1, '0.2', '0.003\xa0—\xa00.034', '0.017', '0\xa0—\xa00.018', '0.003', '0\xa0—\xa00.001', '0.001\xa0—\xa00.075', '0.005\xa0—\xa00.009', '0.002', '0.1\xa0—\xa00.22', '0.002', '0.002\xa0—\xa00.073', '0.7', '0.11', '0.1', '0.098', '0.061', '0.055', '0.13', '0.028', '0.1', '0.008', '0.62', '0.036', '0.001\xa0—\xa00.057', '0.015', '0.12', '0.03', '0.55', '0.55', '0.03', '0\xa0—\xa00.12', '0.26', '0.034\xa0—\xa01.83', '0.002\xa0—\xa00.26', '0.006', '0.005', '0.29', '0.008\xa0—\xa00.5', '0.013\xa0—\xa00.2', '0.012', '0.001\xa0—\xa00.061', '0\xa0—\xa00.08', '0\xa0—\xa00.001', '0.004', '0.17', '0.001\xa0—\xa00.013', '0.004\xa0—\xa00.053', '0.008', -1, -1, '<0.005', '0.005', '<0.002', '0.02', '0.06', '0.03', '0.18\xa0—\xa01.5', '0.043', '0.09\xa0—\xa00.092', '0.26', '0.002\xa0—\xa00.003', '0.01\xa0—\xa00.54', '0.2']"
WHEATEN_BREAD_(hard_red_winter_wheat)_4427.html,"[-1, -1, -1, -1, -1, -1, -1, -1, -1, -1, -1, -1, -1, -1, -1, -1, -1, -1, -1, -1, -1, -1, -1, -1, -1, -1, -1, -1, -1, -1, -1, -1, -1, -1, -1, -1, -1, -1, -1, -1, -1, -1, -1, -1, -1, -1, -1, -1, -1, -1, -1, -1, -1, -1, -1, -1, -1, -1, -1, -1, -1, -1, -1, -1]"
RICE_(unprocessed)_12310.html,"[-1, -1, -1, -1, -1, -1, -1, -1, -1, -1, -1, -1, -1, -1, -1, -1, -1, -1, -1, -1, -1, -1, -1, -1, -1, -1, -1, -1, -1, -1, -1, -1, -1, -1, -1, -1, -1, -1, -1, -1, -1, -1, -1, -1, -1, -1, -1, -1, -1, -1, -1, -1, -1, -1, -1, -1, -1, -1, -1, -1, -1, -1, -1, -1, -1, -1, -1, -1, -1, -1, -1, -1, -1, -1, -1, -1, -1, -1, -1, -1, -1, -1, -1, -1, -1, -1, -1, -1, -1, -1, -1, -1, -1, -1, -1, -1, -1, -1, -1, -1, -1, -1, -1, -1, -1, -1, -1, -1, -1, -1, -1, -1, -1, -1, -1, -1, -1, -1, -1, -1, -1, -1, -1, -1, -1, -1, -1, -1, -1, -1, -1, -1, -1, -1]"
OATMEAL_8050.html,"[-1, -1, '0.4', -1, -1, -1, '0.09', -1, '0.05', -1, '4', -1, -1, '3.3', -1, -1, -1, -1, -1, -1, -1, -1, -1, -1, -1, -1, -1, -1, '0.07\xa0—\xa00.14', '<0.05', -1, '0.04', '0.08', '0.045']"
OAT_GROATS_8030.html,"[-1, -1, -1, -1, -1, -1, -1, -1, -1, -1, -1, -1, -1, -1, -1, -1, -1, -1, -1, -1, -1, -1, -1, -1, -1, -1, -1, -1, -1, -1, -1, -1, -1, -1, -1, -1, -1, -1, -1, -1, -1, -1, -1, -1, -1, -1, -1, -1, -1, -1, -1, -1, -1, -1, -1, -1, -1, -1, -1, -1, -1, -1, -1, -1, -1, -1, -1, -1, -1, -1, -1, -1, -1, -1, -1, -1, -1, -1, -1, -1, -1, -1, -1, -1, -1, -1, -1, -1, -1, -1, -1, -1, -1, -1, -1, -1, -1, -1, -1, -1, -1, -1, -1, -1, -1, -1, -1, -1, -1, -1, -1, -1, -1, -1, -1, -1, -1, -1, -1, -1, -1, -1, -1, -1, -1]"
AMARANTH_(A._retroflexus)_32901.html,"[-1, -1, -1, -1, -1, -1, -1, -1, -1, -1, -1, -1, -1, -1, -1, -1, -1, -1, -1, -1, -1, -1, -1, -1, -1, -1, -1, -1, -1, -1, -1, -1, -1, -1, -1, -1, -1, -1, -1, -1, -1, -1, -1, -1, 'trace', -1, -1, -1, -1, -1, -1, -1, -1, -1]"
OATMEAL_(cooked)_8060.html,"[-1, -1, -1, -1, -1, -1, -1, -1, -1, -1, -1, -1, -1, -1, -1, -1, -1, -1, -1, -1, -1, -1, -1, -1, -1, -1, -1, -1, -1, -1, -1]"
BREAD_and_BREAD_PREFERMENT_4700.html,"['Present', -1, -1, '9.7\xa0—\xa018.1', -1, '2.87\xa0—\xa011.8', -1, -1, -1, -1, -1, -1, -1, -1, -1, -1, -1, -1, -1, -1, -1, -1, -1, -1, -1, -1, -1, -1, '0.48\xa0—\xa00.91', -1, -1, -1, -1, -1, -1, -1, -1, -1, -1, -1, -1, -1, -1, -1, -1, -1, -1, '0.073\xa0—\xa00.094', -1, -1, -1, -1, -1, -1, -1]"
TIANYOU_(traditional_fermented_wheat)_32408.html,"['250\xa0\xa0250', '780\xa0\xa0780', '780\xa0\xa0780', '1020\xa0\xa01020', '390\xa0\xa0390', '690\xa0\xa0690', '3800\xa0\xa03800', '970\xa0\xa0970', '1010\xa0\xa01010', '5000\xa0\xa05000', '570\xa0\xa0570', '500\xa0\xa0500', '200\xa0\xa0200', '770\xa0\xa0770', '90\xa0\xa090', '100\xa0\xa0100', '1400\xa0\xa01400']"
TORTILLA_FLOUR_15750.html,"['0.06', '0.84', '0.01', '0.12', '0.07', '0.005', '0.007', '0.08', -1, '0.99', '0.02', '0.02', '0.05', '0.23', '0.04', '0.06', -1, '0.02', '0.01', '0.02', '0.005', '0.04', '0.25', '0.005', '0.18', '0.05', '0.01', '0.005', '0.02', '1.1', '0.07', '<0.005', '0.02', '0.003']"
EINKORN_32402.html,"['3540', '41.2', '41.2', '227', '227', '5727', '11165', '41.2', '680', '309', '20.6']"
PROVITAMIN_A_MAIZE_FLOUR_15707.html,"[-1, -1, -1, -1, -1, -1, -1, -1, -1, -1, -1, -1, -1, -1, -1, -1, -1, -1, -1, -1, -1, -1, -1, -1, -1, -1, -1, -1, -1, -1, -1, -1, -1, -1, -1, -1, -1, -1, -1, -1, -1, -1, -1, -1, -1, -1, -1]"
WHEATEN_BREAD_BAQUETTES_CRUST_4425.html,"[-1, '1.733\xa0—\xa04.738', '1.147\xa0—\xa01.599', '0.426\xa0—\xa00.814', '0.184\xa0—\xa00.239', -1, -1, '0.0001\xa0—\xa00.0004', '0.0385\xa0—\xa00.0644', -1, -1, -1, '0.0142\xa0—\xa00.0174', '0.0335\xa0—\xa00.0396', -1, -1, '1.495\xa0—\xa01.516', -1, -1, '0.0021\xa0—\xa00.0049', '271\xa0—\xa0291', -1, -1, -1, -1, -1, -1, -1, -1, -1, '0.0109\xa0—\xa00.0167', -1, -1, -1, '0.0015\xa0—\xa00.0025', '0.0002\xa0—\xa00.0004', -1, -1, '0.0019\xa0—\xa00.0023', '0.0266\xa0—\xa00.0429', -1, -1, -1, '1.071\xa0—\xa01.423', '6.04\xa0—\xa06.71', -1, '0.0016\xa0—\xa00.0018', -1]"
SCENTED_RICE_(unprocessed)_12370.html,"[-1, -1, -1, -1, -1, -1, -1, -1, -1, -1, -1, -1, -1, -1, -1, -1, -1, -1, -1, -1, -1, -1, -1, -1, -1, -1, -1, -1, -1, -1, -1, -1, -1, -1, -1, -1, -1, -1, -1, -1, -1, -1, -1, -1, -1, -1, -1, -1, -1, -1, -1, -1, -1, -1, -1, -1, -1, -1, -1, -1, -1, -1, -1, -1, -1, -1, -1, -1, -1, -1, -1, -1, -1, -1, -1, -1, -1, -1, -1, -1, -1, -1, -1, -1, -1, -1, -1]"
EMMER_32403.html,"['3710', '42', '42', '315', '189', '5418', '11424', '42', '693', '273', '21']"
AMARANTH_(A._hybridus)_32902.html,"[-1, -1, 'trace', 'trace', -1, -1, 'trace', -1, 'trace', -1, -1, -1, 'trace', 'trace', -1, -1, -1, -1, -1, -1, -1, 'trace', 'trace', -1, 'trace', 'trace', -1, -1, -1]"
SPELT_32404.html,"['2800', '48', '32', '160', '176', '3264', '9520', '32', '464', '144', '16']"
RICE_CAKE_28800.html,"['0.014\xa0—\xa00.034', '0.038\xa0—\xa00.062', '0.7\xa0—\xa00.72', '0.07\xa0—\xa00.16', '0.079\xa0—\xa00.097', '0.35\xa0—\xa00.54', '0.44\xa0—\xa00.62', '0.13\xa0—\xa00.44', '0.8\xa0—\xa00.96', '0.005', '0.006\xa0—\xa00.007', '0.024\xa0—\xa00.027', '0.009\xa0—\xa00.011', '0.01', '0.13\xa0—\xa00.2', '0.12', '0.088\xa0—\xa00.09', '2.1\xa0—\xa06', '0.6\xa0—\xa00.75', '0.091\xa0—\xa00.25', '0.015', '0.004\xa0—\xa00.005', '0.06\xa0—\xa00.061', '0.005\xa0—\xa00.01', '0.06\xa0—\xa00.08', '0.21\xa0—\xa00.27', '0.25\xa0—\xa00.28', '0.75\xa0—\xa01', '0.05\xa0—\xa00.17', '0.038\xa0—\xa00.061', '0.01\xa0—\xa00.021', '0.032\xa0—\xa00.04', '0.02\xa0—\xa00.065', '0.04\xa0—\xa00.042', '0.05\xa0—\xa00.075', '0.017\xa0—\xa00.02', '1.3\xa0—\xa01.4', '1.2\xa0—\xa02.2', '0.02\xa0—\xa00.03', '0.09\xa0—\xa00.17', '0.85\xa0—\xa01.2', '0.4\xa0—\xa00.64', '0.08\xa0—\xa00.085', '0.078\xa0—\xa00.12', '0.24\xa0—\xa00.25', '0.28\xa0—\xa00.6', '0.003\xa0—\xa00.01', '0.04', '0.039', '0.003', '0.005\xa0—\xa00.01', '0.035\xa0—\xa00.18', '0.19', '0.2', '0.41\xa0—\xa00.55', '0.016\xa0—\xa00.017', '0.7\xa0—\xa00.8', '0.04\xa0—\xa00.12', '0.005\xa0—\xa00.015', '0.015\xa0—\xa00.09', '2\xa0—\xa02.3', '0.019\xa0—\xa00.021', '0.029\xa0—\xa00.06', '0.11']"
WHEATEN_BREAD_WHITE_4420.html,"[-1, -1, -1, -1, -1, -1, -1, -1, -1, -1, -1, -1, -1, -1, -1, -1, -1, -1, -1, -1, -1, '3.6', '7', -1, -1, -1, -1, -1, -1, -1, -1, -1, -1, -1, -1, -1, -1, -1, -1, -1, -1, -1, -1, -1, -1, -1, -1, -1, -1, -1, -1, -1, -1, -1, -1, -1, -1, -1, -1, -1, -1, -1, -1, -1, -1, -1, -1, -1, -1, -1, -1, -1, -1, -1, -1, -1, -1, -1, -1, -1, -1, -1, -1, -1, -1, -1, -1, -1, -1, -1, -1, -1, -1, -1, -1, -1, -1, -1, -1, -1, -1, -1, -1, -1, -1, -1, -1, -1, '6', '0.21', -1, '0.03', -1, -1, '0.29', -1, '0.26', -1, -1, -1, -1, -1, -1, -1, -1, -1, -1, -1, -1, -1, -1, -1, -1, -1, -1, -1, '11.6\xa0—\xa019.1', -1, -1, -1, -1, -1, -1, -1, -1, -1, -1, -1, -1]"
WHITE_MAIZE_PORRIDGE_15702.html,"[-1, -1, -1, -1, -1, -1, -1, -1, -1, -1, -1, -1, -1, -1, -1, -1, -1, -1, -1, -1]"
SOONG-NEUNG_(extract_of_cooked_and_roasted_rice)_12360.html,"[-1, -1, -1, -1, -1, -1, -1, -1, -1]"
QUALITY_PROTEIN_MAIZE_PORRIDGE_15706.html,"[-1, -1, -1, -1, -1, -1, -1, -1, -1, -1, -1, -1, -1, -1, -1, -1, -1, -1, -1, -1]"
HARD_RED_SPRING_32401.html,"['2131', '21.9', '21.9', '131.4', '109.5', '1643', '6833', '21.9', '416', '76.7', '21.9']"
OAT_GROATS_(toasted)_8040.html,"[-1, -1, -1, -1, -1, -1, -1, -1, -1, -1, -1, -1, -1, -1, -1, -1, -1, -1, -1, -1, -1, -1, -1, -1, -1, -1, -1, -1, -1, -1, -1, -1, -1, -1, -1, -1, -1, -1, -1, -1, -1, -1, -1, -1, -1, -1, -1, -1, -1, -1, -1, -1, -1, -1, -1, -1, -1, -1, -1, -1, -1, -1, -1, -1, -1, -1, -1, -1, -1, -1, -1, -1, -1]"
OATMEAL_(fresh_extrusion_product)_8070.html,"[-1, '2.1', -1, -1, -1, -1, -1, -1, -1, '0.2', -1, '0.2', -1, '6.7', -1, -1, '5.3', -1, -1, -1, -1, '0.2', -1, '0.6', '0.1']"
DENT_CORN_OIL_15720.html,"['trace', 'trace', 'trace', '10000', 'trace', '1000', '1000', '8000', '5000', '23000', '41000', '1000', '2000', -1, -1, 'trace', '8000', '1000', '1000', '4000', '1000', '13000', '1000', '1000', '4000', '4000', '9000', '8000', '8000', '2000', '1000', '5000', 'trace', '2000', '4000', '2000', '5000', '1000', '1000', '41000', '5000', '96000', '2000', 'trace', 'trace', '3000', 'trace', 'trace', '3000', '2000', '50000', '2000', '2000', '1000', '2000', '7000', '4000', -1, -1, '5000', '5000', '4000', '4000', '17000', '26000', '118000', '13000', '1000', '2000', '9000', '1000', '3000', '1000', '1000', '2000', '6000', '3000', '7000', 'trace', '6000', '2000', '13000', '8000', '2000', '15000', '8000', '12000', '5000', '11000', '1000']"
BARLEY_(roasted)_7410.html,"[-1, -1, -1, -1, -1, -1, -1, -1, -1, -1, -1, -1, -1, -1, -1, -1, -1, -1, -1, -1, -1, -1, -1, -1, -1, -1, -1, -1, -1, -1, -1, -1, -1, -1, -1, -1, -1, -1, -1, -1, -1, -1, -1, -1, -1, -1, -1, -1, -1, -1, -1, -1, -1, -1, -1, -1]"
CORN_(Zea_mays)_15740.html,"[-1, -1, -1, -1, -1, -1, -1, -1, -1, -1, -1, -1, -1, '0.019\xa0—\xa00.027']"
JASMINE_RICE_(cooked)_12304.html,"[-1, -1, -1, -1, -1, -1, -1, -1, '10000', '112000', '2000', '60000']"
"WHITE_RICE_(long_grain,_milled,_cooked)_12301.html","[-1, -1, -1, -1, -1, -1, -1, '6000', '55000', '43000']"
WHITE_MAIZE_FLOUR_15701.html,"[-1, -1, -1, -1, -1, -1, -1, -1, -1, -1, -1, -1, -1, -1, -1, -1, -1, -1, -1, -1, -1, -1, -1, -1, -1, -1, -1, -1, -1, -1, -1, -1, -1, -1, -1, -1, -1, -1, -1, -1, -1, -1, -1, -1, -1, -1, -1]"
BASMATI_RICE_(raw)_12307.html,"['22000', '510000', '82000']"
WHEAT_GRASS_BREAD_4450.html,"['5.319', '0.691', '0.116', '2.551', '2.786', '1.475', '1.478', '0.0071', '0.194', '0.0011', '1.298', '0.0042', '0.0503', '0.0108', '0.004', '0.00071', '0.00066', '0.0011', '0.351', '0.11', '0.0155', '0.0119', '0.911', '0.0819']"
DEFATTED_RICE_BRAN_(soluble_dietary_fibre)_38902.html,"['71.5\xa0\xa071.5', '0.2\xa0\xa00.2', '0.9\xa0\xa00.9', '4.4\xa0\xa04.4', '2.4\xa0\xa02.4', '1.5\xa0\xa01.5', '20.8\xa0\xa020.8', '1.8\xa0\xa01.8', '386\xa0\xa0386', '0\xa0\xa00', '6.1\xa0\xa06.1', '2.4\xa0\xa02.4', '3.4\xa0\xa03.4', '0\xa0\xa00', '0.6\xa0\xa00.6', '0.11\xa0\xa00.11', '0.3\xa0\xa00.3']"
AMARANTH_(A._palmeri)_32906.html,"['trace', -1, -1, -1, 'trace', -1, 'trace', -1, -1, -1, 'trace', -1, -1, -1, -1, -1, -1, 'trace', -1, 'trace', -1, -1, -1]"
"WHEAT_(soft_whole-grain,_lightly_milled)_32406.html","[-1, -1, -1, -1, -1, -1, -1, -1, -1, -1, -1]"
PEATED_MALT_16220.html,"[-1, -1, -1, -1, -1, -1, -1, -1, -1, -1, -1, -1, -1, -1, -1, -1, -1, -1, -1, -1, -1, -1, -1, -1, -1, -1, -1, -1, -1, -1, -1, -1, -1, -1, -1, -1, -1, -1, -1, -1, -1, -1, -1, -1, -1, -1, -1, -1, -1, -1, -1, -1, -1, -1, -1, -1, -1, -1, -1, -1, -1, -1, -1, -1]"
BARLEY_(unprocessed)_7420.html,"[-1, -1, -1, -1, -1, -1, -1, -1, -1, -1, -1, -1, -1, -1, '8130', '4.5', '3.4', '1.6\xa0—\xa09.4', '5.7', '0.9', '1', -1, -1, -1, -1]"
BREAD_DOUGH_31200.html,"[-1, -1, -1, -1, -1, -1, -1, -1, -1, -1, -1, -1, -1, -1, -1, -1, -1, -1, -1, -1, -1, -1, -1, -1, -1, -1, -1, -1, -1, -1, -1, -1, -1, -1, -1, -1, -1, -1, -1, -1, -1, -1, -1, -1, -1, -1]"
DEFATTED_RICE_BRAN_38903.html,"['330\xa0\xa0330', 'trace', '11.4\xa0\xa011.4', '25.5\xa0\xa025.5', '5.1\xa0\xa05.1', '3.7\xa0\xa03.7', '416\xa0\xa0416', 'trace', '1811\xa0\xa01811', 'trace', '10.4\xa0\xa010.4', '10.3\xa0\xa010.3', '39.8\xa0\xa039.8', '130.8\xa0\xa0130.8', '0.9\xa0\xa00.9', '20.9\xa0\xa020.9', '0.7\xa0\xa00.7']"
AMARANTH_(A._cruentus)_32903.html,"['trace', -1, -1, 'trace', -1, -1, 'trace', -1, 'trace', -1, -1, -1, -1, -1, -1, -1, -1, 'trace', -1, -1, 'trace', -1, 'trace', -1, -1, -1]"
OAT_FLAKES_8010.html,"[-1, -1, -1, -1, '0.013', '0.028', -1, -1, -1, -1, -1, -1, -1, -1]"
BASMATI_RICE_(cooked)_12303.html,"[-1, -1, -1, -1, -1, -1, -1, -1, '13000', '164000', '72000']"
TORTILLA_CHIPS_15770.html,"['0.027', '0.03', '0.02', '0.08', '0.09', '0.03', '0.06', '0.6', '0.7', '0.16', '0.01', '0.04', '0.01', '0.01', '0.01', '0.11', '0.02', '0.04', '0.045', '0.27', '0.98', '0.16', '0.004', '0.25', '2', '0.2', '0.2', '0.2', '0.03', '0.02', '0.003', '0.075', '0.005', '0.1', '0.7', '0.11', '0.1', '0.098', '0.061', '0.055', '0.13', '0.028', '0.62', '0.036', '0.057', '0.015', '0.12', '0.03', -1, -1, '0.03', '0.12', '0.26', '1.83', '0.26', '0.006', '0.005', '0.29', '0.5', '0.2', '0.012', '0.061', '0.08', '0.004', '0.17', '0.012', '0.004', '0.008', '<0.005', '0.005', '<0.002', '0.02', '0.06', '0.03', '1.5', '0.043', '0.092', '0.26', '0.002', '0.54', -1, '0.2']"
BUCKWHEAT_15400.html,"[-1, -1, -1, -1, -1, -1, -1, -1, -1, -1, -1, -1, -1, -1, -1, -1, -1, -1, -1, -1, -1, -1, -1, -1, -1, -1, -1, -1, -1, -1, -1, -1, -1, -1, -1, -1, -1, -1, -1, -1, -1, -1, -1, -1, -1, -1, -1, -1, '0.03', -1, -1, '0.035', -1, '0.01', -1, '0.04', '0.02', -1, -1, '0.025', -1, -1, -1, -1, -1, -1, -1, -1, -1, -1, -1, -1, '0.3', -1, -1, -1, -1, -1, '0.05', -1, -1, '0.28', -1, -1, -1, '0.03', -1, -1, -1, -1, -1, -1, -1, -1, '0.06', -1, -1, -1, -1, -1, -1, -1, -1, -1, -1, '0.02', -1, -1, '0.025', -1, -1, '0.025', -1, -1, -1, -1, -1, -1, -1, -1, -1, -1, -1, -1, '0.035', -1, -1, -1, -1, -1, -1, -1, -1, -1, -1, -1, -1, -1, -1, -1, -1, -1, -1, -1, -1, -1, -1, -1, -1, -1, -1, -1, -1, -1, -1, -1, -1, -1, -1, -1, -1, -1, -1, -1, -1, -1, -1, -1, -1, -1, -1, -1, -1, -1, -1, -1, -1, -1, -1, -1, -1, -1, -1, -1, -1, -1, -1, -1, -1, -1, -1, -1, -1, -1, -1, -1, -1, -1, -1, -1, -1, -1, -1, -1, -1, -1, -1, -1, -1, -1, -1, -1, -1, -1, -1, -1, '0.04', -1, -1]"
"AUBERGINE,_EGGPLANT_(Solanum_melongena_L.)_19400.html","['0.00012', 'trace', '0.00013', -1, '0.00001', '0.00001', 'trace', '0.00001', '0.00002', 'trace', '0.00002', '0.00003', '0.00006', '0.00001', '0.00011', '0.00005', '0.0001', 'trace', '0.00001', -1, '0.00002', '0.00008', 'trace', 'trace', '0.00014', '0.00002', '0.00001', '0.0004', -1, '0.00002', -1, -1, '0.00003', '0.00008', -1, -1, -1, -1, '0.00011', '0.00002', '0.00003', -1, '0.00002', '0.00005', -1]"
ONION_(Allium_cepa_L.)_(roasted)_2340.html,"[-1, -1, -1, -1, -1, -1, -1, -1, -1, -1, -1, -1, -1, -1, -1, -1, -1, -1, -1, -1, -1, -1, -1, -1, -1, -1, -1, -1, -1, -1, -1, -1, -1, -1, -1, -1, -1, -1, -1, -1, -1, -1, -1, -1, -1, -1, -1, -1, -1, -1, -1, -1, -1, -1, -1, -1, -1, -1, -1, -1, -1, -1, -1, -1, -1, -1, -1, -1, -1, -1, -1, -1, -1, -1, -1, -1, -1, -1, -1, -1, -1, -1, -1, -1, -1, -1, -1, -1, -1, -1, -1, -1, -1, -1, -1, -1, -1, -1, -1, -1, -1, -1, -1, -1, -1, -1, -1, -1, -1, -1, -1, -1, -1, -1, -1, -1, -1, -1, -1]"
BEANS_(heated)_9220.html,"[-1, -1, -1, -1, -1, -1, -1, -1, -1, -1, -1, -1, -1, -1, -1, -1, -1, -1, -1, -1, -1, -1, -1, -1, -1, -1, -1, -1, -1, -1, -1, -1, -1, -1, -1, -1, -1, -1, -1, -1, -1, -1, -1, -1, -1, -1, -1, -1, -1, -1, -1, -1, -1, -1, -1, -1, -1, -1, -1, -1, -1, -1, -1, -1, -1, -1, -1, -1, -1, -1, -1, -1, -1, -1, -1, -1, -1, -1, -1, -1, -1, -1, -1, -1, -1, -1, -1, -1, -1, -1, -1, -1, -1, -1, -1, -1, -1, -1, -1, -1, -1, -1, -1, -1, -1, -1, -1, -1, -1, -1, -1, -1, -1, -1, -1, -1, -1, -1, -1, -1, -1, -1, -1, -1, -1, -1, -1, -1, -1, -1, -1, -1, -1, -1, -1, -1, -1, -1, -1, -1, -1, -1, -1, -1, -1, -1, -1, -1, -1, -1, -1, -1, -1, -1, -1, -1, -1, -1, -1, -1]"
ONION_(Allium_cepa_L.)_(cooked)_2341.html,['0.0024']
NIRA_(Allium_tuberosum_Rottl.)_2380.html,"[-1, '0.08', '<0.04', '0.2', '<0.04', '0.6', '0.08', '0.08', '0.16', '<0.04', '<0.04', '<0.04', '<0.04', '<0.04', '0.24', '0.16', '0.7', '<0.04', '0.6', '0.08', '0.08', '0.08', '0.6', -1, -1, -1, -1, '1.8', '25.5', '6.2', '2.1', '12.8', '7.6', '2.8']"
ASPARAGUS_(raw)_1710.html,"[-1, -1, -1, -1, -1, -1, -1, -1, -1, -1, -1, -1, -1, -1, -1, -1, -1, -1, -1, -1, -1, -1, -1, -1, -1, -1, -1, -1, -1, -1, -1, -1, -1, -1, -1, -1, -1, -1, -1, -1, -1, -1, -1, -1, -1, -1, -1, -1, -1, -1, -1, -1, -1, -1, -1, -1, -1, -1, -1, -1, -1, -1, -1, '35', -1, -1, -1, -1, -1, -1, -1, -1, -1, -1, -1, -1, -1, -1, -1, -1, -1, -1, -1, -1, -1, -1, -1, -1, -1, -1, -1, -1, -1, -1, -1, '<0.05', -1, -1, '<0.05', '0.2', '0.05', '<0.05', '<0.05', '<0.05', '0.6', '0.05', -1, '0.1', -1, -1, -1, -1, '3\xa0—\xa05', '7', '0.05', -1, '0.06', '<0.05', -1, -1, '0.3', -1, -1, -1, -1, -1, -1, -1, -1, -1, -1, -1, -1, -1, -1, -1, -1, -1, -1, -1]"
"PAPRIKA,_BELL_SWEET_PEPPER(capsicum_annuum)_uncat._2610.html","[-1, -1, -1, -1, -1, '0.2\xa0—\xa00.9', -1, -1, -1, 'trace', -1, -1, -1, -1, '0.2', -1, -1, -1, -1, -1, 'trace', 'trace', -1, -1, -1, -1, -1, -1, -1, 'trace', -1, -1, 'trace', -1, 'trace', -1, -1, -1, -1, -1, -1, -1, -1, 'trace', -1, 'trace', -1, -1, -1, -1, 'trace', -1, -1, -1, -1, -1, -1, -1, -1, -1, '0.006', -1, -1, -1, -1, -1, -1, -1, -1, '0.06', '0.003\xa0—\xa00.06', '0.04', '0.08', -1, 'trace', -1, -1, -1, -1, -1, -1, -1, -1, -1, -1, -1, -1, -1, -1, '0.01', -1, -1, '0.02', '0.3', -1, -1, -1, -1, -1, -1, -1, '0.06\xa0—\xa00.2', 'trace', -1, -1, -1, -1, -1, -1, -1, -1, -1, -1, -1, -1, 'trace\xa0—\xa00.01', 'trace\xa0—\xa00.006', -1, '0.003', -1, -1, -1, '0.005', -1, -1, -1, -1, -1, 'trace', 'trace', 'trace', -1, 'trace\xa0—\xa00.1', -1, -1, '0.004\xa0—\xa00.01', '0.01\xa0—\xa00.04', '0.02\xa0—\xa00.2', '0.01', 'trace', -1, -1, -1, -1, -1, 'trace', -1, -1, -1, -1, -1, -1, 'trace\xa0—\xa00.04', '0.006\xa0—\xa00.05', -1, -1, -1, -1, '0.004\xa0—\xa00.04', '0.3', '0.01', -1, 'trace', 'trace', -1, -1, -1, -1, -1, -1, -1, -1, -1, -1, -1, -1, -1, -1, -1, -1, -1, -1, -1, '0.03', -1, 'trace', 'trace', -1, -1, -1, 'trace', 'trace', 'trace', -1, -1, 'trace', -1, -1, -1, -1, -1, 'trace', -1, -1, -1, -1, -1, -1, 'trace', -1, 'trace', 'trace', -1, 'trace', -1, -1, -1, -1, -1, -1, -1, -1, 'trace', -1, -1, -1, -1, -1, -1, -1, '0.2', -1, -1, -1, -1, -1, -1, -1, -1, -1, -1, '0.09\xa0—\xa00.12', -1, -1, -1, -1, -1, -1, -1, -1, -1, -1, -1, -1, -1, 'trace', 'trace\xa0—\xa00.03', '0.02\xa0—\xa00.05', -1, -1, -1, '0.005', -1, -1, -1, -1]"
CHIVE_(Allium_schoenoprasum_L.)_2370.html,"[-1, -1, -1, -1, -1, -1, -1, -1, -1, -1, -1, -1, -1, -1, -1, -1, -1, -1, -1, -1, -1, -1, -1, -1, -1, -1, -1, -1, -1, -1, -1, -1, -1, -1, -1, -1, -1, -1, -1, '0.1052\xa0—\xa00.1463', -1, -1, -1, -1, -1, -1, -1, -1, -1]"
"GARLIC_(BAKED,_FRIED)_2322.html","['7.12\xa0—\xa010.55', '0.02\xa0—\xa00.11', '0\xa0—\xa00.01', '0.25\xa0—\xa00.34', '0.36\xa0—\xa00.76', '0.43\xa0—\xa00.62', '1.42\xa0—\xa02.26', '1.85\xa0—\xa025.24', '0.11\xa0—\xa00.68', '0\xa0—\xa00.44', '0.12\xa0—\xa00.2', '0\xa0—\xa00.04', '0.51\xa0—\xa00.69', '0.09\xa0—\xa00.33', '0.11\xa0—\xa00.13', '0.15\xa0—\xa00.26', '0\xa0—\xa00.1', '0.45\xa0—\xa00.47', '0.26\xa0—\xa00.48', '0.06\xa0—\xa01.31', '1.16\xa0—\xa08.99', '0.01\xa0—\xa00.13', '0.01\xa0—\xa00.09', '0.8\xa0—\xa07.26', '0.19\xa0—\xa00.54', '0.21\xa0—\xa00.77', '9.14\xa0—\xa050.74', '0.09\xa0—\xa00.25', '1.53\xa0—\xa04.34', '0.52\xa0—\xa00.66', '0.05', '0.03\xa0—\xa00.07', '0.04\xa0—\xa00.05', '0.49\xa0—\xa01.44', '0.31\xa0—\xa00.72', '0.01\xa0—\xa00.02', '0.85\xa0—\xa01.1', '0\xa0—\xa00.22']"
CHILI_PEPPER_PERICARP_(C._chinense×C._frutescens)_2627.html,"['22.68', '9.8', '3583.72', '6322.96', '1456.56', '1553.16']"
CHINESE_CABBAGE_21320.html,"[-1, -1, '22', -1, '2.1', -1, -1, -1, -1, -1, -1, -1, -1, -1, -1, '1.4', '1.9', -1, -1, -1, '1.1', -1, '21', -1, -1, -1, -1, -1, -1, -1, '2.9']"
WELSH_ONION_(Allium_fistulosum_L._var._maichuon)_2392.html,"[-1, -1, -1, -1, -1, -1, -1, -1, -1, -1, -1, -1, -1, -1, -1, -1, -1, -1, -1, -1, -1, -1, -1, -1, -1, -1, -1, -1]"
GARLIC_ESSENTIAL_OIL_2325.html,"[-1, -1, -1, '2000', '44000\xa0—\xa0119600', '11500\xa0—\xa079000', '5000', '600\xa0—\xa012700', -1, -1, '56000', -1, '46600\xa0—\xa072000', '7000', '16000', '207000\xa0—\xa0468400', '5100\xa0—\xa022400', -1, -1, -1, -1, '83000\xa0—\xa0217000', '199300\xa0—\xa0340500', -1, -1, -1, '400\xa0—\xa04000', '3000\xa0—\xa011600', -1, -1, -1, '8000', '5600\xa0—\xa017600', '14000', -1, -1]"
TURNIP_21310.html,"[-1, -1, -1, '<1\xa0—\xa05', '<1', '1\xa0—\xa05', -1, '0\xa0—\xa01', '1\xa0—\xa05', -1, -1, -1, -1, -1, -1, -1, -1, -1, -1, -1, -1, -1, -1, '37.4\xa0—\xa063', -1, -1, -1, -1, -1, -1, -1, -1]"
GLOBE_ARTICHOKE_(Cynara_scolymus_L.)_11610.html,"['0.0001', '0.0002', '<0.0001', '0.0011', '0.00017\xa0—\xa00.0002', '<0.0001', '0.0068\xa0—\xa00.007', '0.0001', '0.0032', '0.0007', '<0.0001', '0.0003', 'trace', '0.0001', '<0.0001', '<0.0001', -1, -1, '0.00037', '0.0001\xa0—\xa00.00046', '0.0002\xa0—\xa00.00022', '<0.0001\xa0—\xa00.0006', '0.00007', '0.00017\xa0—\xa00.0059', '<0.0001', '0.00003', 'trace\xa0—\xa00.00003', '0.00009\xa0—\xa00.0003', '0.0002\xa0—\xa00.00027', '0.00003', '0.00003', '0.0001', '0.00003', '0.00007', '0.00014', '0.0012\xa0—\xa00.0028', '0.00002', '0.00002', '0.00014', '0.0001', '0.00003\xa0—\xa00.0001', '0.00002', '<0.0001', '0.0002', '0.00034\xa0—\xa00.00085', '0.00015', '<0.0001\xa0—\xa00.00034', '0.00009']"
LEEK_(Allium_porrum_L.)_(heated)_2360.html,"[-1, -1, -1, -1, -1, -1, -1, -1, -1, -1, -1, -1, -1, -1, -1, -1, -1, -1, -1, -1, -1, -1, -1, -1, -1, -1, -1, -1, -1, -1, -1, -1, -1, -1, -1, -1, -1, -1, -1, -1, -1, -1, -1, -1, -1, -1, -1, -1, '0.0279\xa0—\xa00.042', -1, -1, -1, -1, -1, -1, -1, -1, -1, -1, -1]"
NOBIRU_(Allium_grayi_Regal)_2390.html,"['0.4', '0.3', '1.5', '4', '2.4', '3', '0.3', '5.9', '6.7', '7.8', '8.2', '8.4', '3.7', '3.5', '0.06', '1', '1.8', '1.9', '6.4', '0.5', '0.06', '0.6', '1.8', '3', '4.5', '2.5', '4.3', '9.3', '1.3', '3.2', '2.3', '2.2', '2.6', '1', '4.6', '19', '8.7', '2', '0.9', '1.6', '5.9', '6', '2.4', '1.6', '9.2', '6.9']"
CABBAGE_(raw)_1810.html,"['0\xa0—\xa00.02', '0\xa0—\xa00.002', '0.003\xa0—\xa00.004', 'trace', '0.6\xa0—\xa01', '0\xa0—\xa00.02', 'trace', '0.01\xa0—\xa00.04', '0.02\xa0—\xa00.03', 'trace', 'trace', '0.003\xa0—\xa00.05', 'trace', '0\xa0—\xa00.03', '0\xa0—\xa00.04', '0\xa0—\xa00.1', '0\xa0—\xa00.05', '0.05\xa0—\xa00.4', '0\xa0—\xa00.005', '0.01\xa0—\xa00.2', 'trace\xa0—\xa00.2', '0.03\xa0—\xa00.4', '0.01\xa0—\xa00.3', 'trace\xa0—\xa00.01', '<1', '<1', '0\xa0—\xa00.04', '0.02\xa0—\xa00.07', '0.003\xa0—\xa00.03', '0.01\xa0—\xa00.1', '0.01\xa0—\xa00.1', '0\xa0—\xa00.005', 'trace', '0.003\xa0—\xa00.03', '0.04\xa0—\xa00.2', '0.02\xa0—\xa00.1', '12', '0.1\xa0—\xa00.9', '0.1\xa0—\xa01', '0.1\xa0—\xa01', 'trace\xa0—\xa00.2', '0.02\xa0—\xa00.04', '0\xa0—\xa00.02', 'trace', '0\xa0—\xa00.1', 'trace\xa0—\xa00.02', -1, -1, -1, -1, -1, -1, -1, -1, -1, -1, -1, -1, -1, -1, -1, -1, '0.1\xa0—\xa00.24', 'trace', '0\xa0—\xa00.03', -1, '0\xa0—\xa00.04', 'trace', -1, -1, 'trace', '0.04\xa0—\xa092', -1, '0\xa0—\xa00.04', '0\xa0—\xa00.04', -1, '0.01\xa0—\xa00.02', 'trace', 'trace\xa0—\xa00.05', '0\xa0—\xa00.2', '0\xa0—\xa00.15', '0\xa0—\xa00.03', 'trace\xa0—\xa00.03', '0\xa0—\xa00.02', '0\xa0—\xa0122', -1, '0.05\xa0—\xa00.9', '0.1\xa0—\xa00.3', -1, -1, '0.01\xa0—\xa00.05', 'trace\xa0—\xa00.02', -1, 'trace\xa0—\xa00.2', '0.03\xa0—\xa00.2', '0\xa0—\xa00.06', '0\xa0—\xa00.01']"
CAPSICUM_CHINENSE_2630.html,"[-1, -1, -1, -1, -1, 'trace', -1, -1, 'trace', -1, -1, -1, -1, -1, -1, -1, 'trace', -1, -1, -1, -1, -1, 'trace', -1, -1, -1, 'trace', 'trace', 'trace', -1, -1, -1, -1, -1, -1, 'trace', -1, 'trace', -1, 'trace', 'trace', 'trace', -1, 'trace', 'trace', 'trace', 'trace', 'trace', -1, 'trace', 'trace', -1, -1, -1, -1, -1, -1, -1, -1, -1, -1, 'trace', 'trace', -1, -1, -1, -1, -1, -1, -1, -1, -1, -1, -1, -1, -1, -1, -1, -1, -1, -1, -1, 'trace', 'trace', -1, -1, -1, -1, -1, -1, -1, -1, -1, -1, -1, -1, -1, -1, -1, -1, 'trace', -1, 'trace', 'trace', -1]"
CHILI_PEPPER_PERICARP_(C._annuum)_2623.html,"['39.9', '31.22', '10.64', '4633.86', '7858.48', '1808.66', '2017.4']"
CHILI_PEPPER_PLACENTA_(C._chinense)_2622.html,"['52.5', '38.92', '18.2', '4912.46', '6021.12', '1612.8', '682.78']"
CAUCAS_(Allium_victoralis_L.)_2391.html,"[-1, -1, -1, -1, -1, -1, -1, -1, -1, -1, -1, -1, -1, -1, -1, -1, -1, -1, -1, -1, -1, -1, -1]"
CELERY_LEAVES_and_or_STALKS_2010.html,"[-1, -1, -1, -1, -1, -1, -1, -1, -1, -1, -1, -1, -1, -1, -1, -1, -1, -1, -1, -1, -1, -1, -1, -1, -1, -1, -1, -1, -1, -1, -1, -1, -1, -1, -1, -1, -1, -1, -1, -1, -1, -1, -1, -1, -1, -1, -1, -1, -1, -1, -1, -1, -1, -1, -1, -1, -1, -1, -1, -1, -1, -1, -1, -1, -1, -1, -1, -1, -1, -1, -1, -1, -1, -1, -1, -1, -1, -1, -1, -1, -1, -1, -1, -1, -1, -1, -1, -1, -1, -1, -1, -1, -1, -1, -1, -1, -1, -1, -1, -1, -1, -1, -1, -1, -1, -1, -1, -1, -1, -1, -1, -1, -1, -1, -1, -1, -1, -1, -1, -1, -1, -1, -1, -1, -1, -1, -1, -1, -1, -1, -1, -1, -1, -1, -1, -1, -1, -1, -1, -1, -1, -1, -1, -1, -1, -1, -1, -1, -1, -1, -1, -1, -1, -1, -1, -1, -1, -1, -1, -1, -1, -1, -1, -1]"
CAULIFLOWER_(raw)_10610.html,"[-1, -1, -1, -1, -1, -1, -1, -1, -1, -1, -1, -1, -1, -1, -1, -1, -1, -1, -1, -1, -1, -1, -1, -1, -1, '6376', '65', '3.3', '14', '22', '1.4', '1.8', '1.6', -1, -1, -1, -1, -1, -1, -1]"
GARLIC_(Allium_sativum_L.)_2320.html,"['3.2', -1, '43.6\xa0—\xa091.3', -1, -1, -1, '0.6', -1, -1, -1, '2.5\xa0—\xa04.4', '316', '20.5', '44.7', '5.44\xa0—\xa03880', -1, '0.83', -1, '1.7\xa0—\xa012', -1, '4.3\xa0—\xa073', '1.1', '0.56', '0.88', -1, '4.2\xa0—\xa072.4', -1, -1, '7.2', '38.4\xa0—\xa0679', '1.4\xa0—\xa031', '29\xa0—\xa0160', '11.1\xa0—\xa0697', -1, -1, -1, -1, '14.9', '1.21', '0.42', -1, '13', '1.1', '0.34', '8.8']"
CASSAVA_(Manihot_esculenta_Crantz)_17100.html,"[-1, -1, -1, -1, -1, -1, -1, -1, -1, -1, -1, -1, -1, -1, -1, -1, -1, -1, -1, -1, -1, -1, -1, -1, -1, -1, -1, -1, -1, -1, -1, -1, -1, -1, -1, -1, -1, -1, -1, -1, -1, -1, -1, -1]"
CAULIFLOWER_(cooked)_10620.html,"['<0.01', -1, -1, '0.02', '0.08', '0.04', '0.04', -1, -1, -1, -1, '<0.01', -1, '<0.01', '0.03', '<0.01', '0.2', -1, '<0.01', '<0.01', '<0.01', -1, -1, -1, -1, -1, '<0.01', '0.02', '0.02', -1, '<0.01', '0.02', '<0.01', '0.1', '0.04', '0.06', '<0.01', '0.001', '0.3', '0.04', -1, '<0.01', '0.04', '0.02', '0.02', '<0.01', -1, -1]"
BROCCOLI_(raw)_10640.html,"[-1, -1, -1, -1, -1, -1, -1, -1, -1, -1, -1, -1, -1, -1, -1, -1, -1, -1, -1, -1, -1, -1, -1, -1, -1, -1, -1, -1, -1, -1, -1, -1, -1, -1, -1, -1]"
ASPARAGUS_(cooked)_1720.html,"['0.2', '0.08', '2.3', '0.02', '0.1', '0.08', '8.4', '0.2', '0.02', '0.02', '0.3', '0.3', '0.07', 'trace', '0.3', '0.3', '0.06', 'trace', '0.02', '0.05', 'trace', 'trace', '0.2', '0.4', '0.4', 'trace', '0.1', 'trace', '0.03', 'trace', '0.01', 'trace', 'trace', '0.01', 'trace', '0.04', '1.2', 'trace', '0.01', '6.4', 'trace', '0.08', '0.01', '0.09', '0.01', 'trace', '0.01', '0.07', 'trace', '0.05', '0.01', '0.01', 'trace', 'trace', '0.08', '0.01', '0.2', '0.8', 'trace', '0.1', '0.01', '0.01', '0.06', 'trace', '0.09', 'trace', '0.01', '0.01', 'trace', 'trace', '0.3', 'trace', 'trace', '0.03', '0.2', 'trace', 'trace', 'trace', 'trace', 'trace', 'trace', 'trace', '0.01', '3.3', '0.01', 'trace', '0.01', '0.03', '0.01', '0.07', 'trace', '0.02', '7', '0.05', '0.07', '0.02', 'trace', 'trace', '0.02', '0.01', '0.04', '0.01', '0.02', '0.02', '0.3', '0.05', '0.8', '0.01', 'trace', '0.16', '0.01', 'trace', '0.07', 'trace', '0.3', '0.01']"
SHALLOT_(Allium_cepa_L._aggregatum)_2330.html,"[-1, -1, -1, -1, -1, -1, -1, -1, -1, -1, -1, -1, -1, -1, -1, -1, -1, -1, -1, -1, -1, -1, -1, -1, -1, '0.0206\xa0—\xa00.0327', -1, -1, -1, -1, -1, -1, -1, -1, -1]"
SCALLION_(Allium_fistulosum_L._var._caespitosum)_2393.html,"[-1, -1, -1, -1, -1, -1, -1, -1, -1, -1, -1, -1, -1, -1, -1, -1, -1, -1, -1, '0.0171\xa0—\xa00.0253', -1, -1, -1, -1, -1, -1]"
"GREEN_PAPRIKA,_BELL_SWEET_PEPPER_(capsicum_annuum)_2611.html","['620', '1440', -1, -1]"
KOHLRABI_1830.html,"['0.76', '0.04', 'trace', 'trace', 'trace', 'trace', 'trace', 'trace', '0.08', '1.14', 'trace', '0.02', '0.04', '<1\xa0—\xa05', '0.08\xa0—\xa05', '0.19\xa0—\xa030', '0.02', '0.1', '0.57', '0.08', '0.08', '0.76', '0.02', '0.04\xa0—\xa080', '2\xa0—\xa015', '0.04', '0.02', '0.02', '0.02', '0.06', '0.02', 'trace', '1.52', '0.1', '1.33', '0.19', '1.52', '0.02', 'trace', '0.57', 'trace', '0.04', '0.38', '0.57', '0.04', '0.06', '0.19', '0.02', '0.38', '0.08', '0.19', '11.2', '0.02', '47.5', '0.17', '0.1', '27.6', '61.4', '0.57', '3.61', '6.08', -1, '0.38', -1, '0.02', '0.02', '0.11', 'trace', '0.02', '0.04', '0.06', '0.04', '0.19', '7.98', '0.57', '0.17', '0.08', '0.06', '0.38', '0.02', -1, -1, '0.02']"
CHILI_PEPPER_PLACENTA_(C._annuum)_2624.html,"['71.12', '43.54', '41.02', '5542.88', '8280.02', '1694.84', '706.58']"
ONION_(Allium_cepa_L.)_2310.html,"[-1, -1, -1, -1, -1, -1, -1, -1, -1, '0.015', -1, '0.03\xa0—\xa01.4', -1, -1, -1, -1, -1, -1, '23', -1, '2.44', '0.3\xa0—\xa03.25', -1, '0.5\xa0—\xa01.75', -1, -1, -1, '0.2\xa0—\xa00.3', -1, -1, -1, -1, -1, -1, -1, -1, '0.03\xa0—\xa01.7', '0.5\xa0—\xa011', -1, -1, '0.3\xa0—\xa01.6', '0.2', -1, -1, -1, '3.1\xa0—\xa019.9', -1, -1, '0.6\xa0—\xa09.7', '1.4\xa0—\xa03.1', -1, -1, -1, -1, -1, -1, '2.4', '1.9\xa0—\xa020.4', '2.7\xa0—\xa023.8', -1, -1, -1, -1, -1, -1, -1, -1, -1, '50\xa0—\xa014600', -1, '0.0349', '3.5\xa0—\xa06.7', -1, -1, -1, -1, -1, -1, -1, -1, -1, -1, '0.008\xa0—\xa00.0323', -1, -1, -1, -1, -1, -1, -1, -1, -1, -1, -1, -1, -1, -1, -1, -1, -1, -1, '0.5', 'trace\xa0—\xa00.25', -1, -1, -1, -1, -1, -1, -1, -1, -1, -1, -1, -1]"
CHILI_PEPPER_(capsicum_frutescens)_2620.html,"[-1, -1, -1, -1, -1, -1, -1, -1, -1, 'trace', 'trace', -1, -1, -1, -1, 'trace', 'trace', -1, -1, -1, -1, 'trace', -1, -1, -1, -1, 'trace', 'trace', -1, -1, -1, -1, -1, -1, -1, 'trace', -1, -1, -1, -1, 'trace', 'trace', -1, -1, -1, -1, -1, -1, -1, -1, -1, 'trace', -1, 'trace', -1, 'trace', -1, 'trace', -1, -1, -1, -1, 'trace', 'trace', 'trace', 'trace', -1, -1, -1, -1, -1, -1, 'trace', -1, -1, -1, -1, -1, -1, -1, -1, -1, -1, -1, -1, -1, -1, -1, -1, -1, -1, -1, -1, -1, -1, -1, -1, -1, -1, -1, -1, -1, -1, -1, -1, -1, -1, -1, -1, -1, -1, 'trace', -1, -1, -1, -1, -1, -1, -1, -1, -1, -1, -1, -1, -1, -1, -1, -1, -1, -1, -1, -1, -1, -1, -1, -1, -1, -1, -1, -1, -1, -1, -1, -1, -1, -1, -1, -1, -1, -1, -1, -1, -1, -1, -1, -1, -1, -1, -1, -1, -1, -1, -1, -1, -1, -1, -1, 'trace', -1, -1, -1, -1, 'trace', -1, -1, 'trace', 'trace', -1, -1, -1]"
BEANS_(raw)_9210.html,"[-1, -1, -1, -1, -1, -1, '0.01', -1, -1, -1, -1, -1, -1, -1, -1, -1, -1, -1, -1, -1, -1, -1, -1, -1, -1, -1, -1, -1, -1, -1, -1, '0.001', '0.007', '0.001', '0.001', '0.003', -1, -1, -1, -1, -1, -1, '0.003', -1, -1, '0.004', -1, '1.3', '0.1', '0.005', '0.1', '0.02', '0.001', '0.02', -1, -1, -1, '0.002', -1, -1, -1, -1, '0.004', -1, -1, -1, -1, -1, -1, -1, -1, -1, -1, -1, -1, -1, -1, -1, '0.6', '0.03', '0.02', -1, '0.03', -1, -1, -1, -1, -1, -1, -1, -1, -1, -1, -1, -1, -1, '0.01', -1, -1, '0.01', '0.26', '0.04', -1, -1, '0.03', -1, -1, -1, -1, -1, -1, -1, '0.02', -1, -1, -1, -1, -1, -1, -1, -1, -1, -1, -1, -1, -1, -1, -1, -1, -1, -1, -1, -1, -1, -1, -1, -1, -1, -1, -1, -1, -1, -1, -1, -1, -1, -1, -1, -1, -1, -1, -1, -1, -1, -1, -1, -1, -1, -1, '0.02', '0.0007', -1, '0.004', '0.003', '0.01', '0.03', -1, -1, -1, -1, -1, -1, -1, -1, -1]"
LEEK_(Allium_porrum_L.)_(raw)_2350.html,"[-1, -1, -1, -1, -1, -1, -1, -1, -1, -1, -1, -1, -1, -1, -1, -1, -1, -1, -1, -1, -1, -1, -1, -1, -1, -1, -1, '0\xa0—\xa01', '0\xa0—\xa01', '0\xa0—\xa05', -1, -1, -1, -1, -1, -1, -1, -1, -1, -1, -1, -1, -1, -1, -1, -1, '10\xa0—\xa030', '10\xa0—\xa030', -1, -1, -1, -1, -1, -1, -1, -1, -1, -1, -1, -1, -1, -1, -1, -1, -1, -1, -1, -1, -1, -1, -1, -1, -1, -1, -1, -1, -1, -1, -1, -1, -1, -1, -1, -1, -1, -1, -1, -1, -1, -1, -1, -1, -1, -1, -1, -1, -1, -1, -1, -1, -1, -1, -1, -1, -1, -1, -1, -1, -1, -1, -1, -1, -1, -1, -1, -1, -1, -1, -1, -1, -1, -1, -1, -1, -1, -1, -1, -1, -1, -1, -1, -1, -1, -1, -1, -1, -1]"
BROCCOLI_(cooked)_10630.html,"['<0.01', '0.04', '0.02', -1, '<0.01', '<0.01', '0.06', -1, '0.16', '<0.01', '0.004', '0.05', -1, '<0.01', -1, '<0.01', '0.04', '0.01', '0.4', '0.06', '0.3', '<0.01', '0.3', '0.014', '<0.01']"
CABBAGE_(cooked)_1820.html,"['0.6', '0.2', '0.005', '0.02', '0.02', '0.02', '0.01\xa0—\xa00.2', '0.05', '0.2', '0.02', '0.05', '0.05', '0.05', '0.02', -1, '<0.01', '0.07', '<0.01', '0.06', '<0.01', '0.02', '0.01', '0.02', '0.7', '0.05', -1, -1, '0.005', '3800\xa0—\xa011060', '3.4\xa0—\xa022.7', '0\xa0—\xa01.3', '0\xa0—\xa00.9', '0.6\xa0—\xa01.4', '2\xa0—\xa02.8', '1\xa0—\xa04', '0\xa0—\xa00.3', '2.8\xa0—\xa03.3', '2.1\xa0—\xa08.6', '0.5\xa0—\xa03.7', '0.02', '1.3', '<0.01', '0.05', '0.01', '0.01', '0.02', '0.2\xa0—\xa00.3', '0.05', '0.6', '0.4', '0.14', '0.06', '0.15', '0.01', '0.2', '<0.01']"
BEETROOT_(cooked)_11120.html,"[-1, -1, -1, -1, -1, -1, -1, -1, -1, -1, -1, -1, -1, -1, -1, '0.12', 'trace', -1]"
CHILI_PEPPER_PLACENTA_(C._chinense×C._frutescens)_2628.html,"['40.04', '34.16', '22.4', '4922.12', '7148.26', '2009.98', '875.98']"
BRUSSELS_SPROUTS_(Brassica_oleracea_var_gemmifera)_12200.html,"[-1, -1, -1, -1, -1, -1, -1, -1, -1, -1, -1, -1, -1, -1, -1, -1, -1, -1, -1, -1, -1, -1, -1, -1, -1, -1, -1]"
KALE_1840.html,"['0.005\xa0—\xa00.014', '0.06\xa0—\xa00.17', '0.02\xa0—\xa00.27', '0.06\xa0—\xa00.18', '0.06\xa0—\xa00.1', '0.02\xa0—\xa00.04', '0.01\xa0—\xa00.02', '0.02\xa0—\xa00.03', '0.001\xa0—\xa00.003', '0.0002\xa0—\xa00.0006', '0.01\xa0—\xa00.015', '0.0007\xa0—\xa00.002', '0.0006\xa0—\xa00.0009', -1, -1, -1, -1, -1, -1, -1, -1, -1, -1, -1, -1, -1, -1, -1, -1, -1, -1, -1, -1, -1, -1, -1, -1, -1, -1, -1, -1, -1, -1, -1, '15260', '16.6', '7', '0.4', '0.5', '5.5', '0.7', '1.1', '3.8', '3', '2', -1, -1, -1, -1, -1, -1, -1, -1, -1, -1, -1, -1, -1, -1, -1, -1, -1, -1, -1, -1, -1, -1, -1, -1, -1, -1, -1, -1, -1, -1, -1, -1, -1, -1, -1, -1, -1, -1, -1, -1, -1]"
"RED_PAPRIKA,_BELL_SWEET_PEPPER_(capsicum_annuum)_2612.html","['16980', '9200', -1, -1]"
CHILI_PEPPER_PLACENTA_(C._baccatum)_2626.html,"['18.34', '62.02', '9.1', '1523.2', '8213.38', '349.02', '406.84']"
CHILI_PEPPER_PERICARP_(C._baccatum)_2625.html,"['48.86', '63', '6.44', '818.86', '6722.94', '1122.24', '765.66']"
CARROT_(Daucus_carota_L.)_1900.html,"['0.1 \xa0—\xa04.7', '0.12 \xa0\xa00.12', 'trace\xa0—\xa00.02', -1, '0.28 \xa0—\xa01.2', 'trace\xa0—\xa02.16', '0.8 \xa0—\xa015.2', '0.06 \xa0—\xa01.6', -1, '0.1 \xa0—\xa01.2', '0.2 \xa0—\xa05.6', -1, -1, '0.12 \xa0\xa00.12', '0.05 \xa0—\xa01.4', '0.04 \xa0—\xa00.4', '0.03 \xa0—\xa00.14', '0.1 \xa0—\xa05.2', '0.08\xa0\xa00.08', -1, -1, -1, -1, '1.2 \xa0—\xa010', -1, 'trace\xa0—\xa00.78', -1, '0.04 \xa0\xa00.04', 'trace\xa0—', '5.00\xa0—\xa080.00', -1, '0.28 \xa0\xa00.28', -1, '0.28 \xa0—\xa00.5', -1, 'trace\xa0—\xa00.22', -1, '18 \xa0—\xa061', '0.3 \xa0—\xa00.9', '0.45 \xa0—\xa016.9', 'trace\xa0—\xa00.1', -1, '0.03 \xa0—\xa00.1', -1, '0.1 \xa0—\xa00.2', '0.02 \xa0—\xa00.1', '0.04 \xa0—\xa00.2', '0.6 \xa0—\xa02.6', '0.1 \xa0—\xa00.2', '0.2 \xa0—\xa00.3', -1, '0.02 \xa0—\xa00.1', 'trace\xa0—\xa00.4', '0.008 \xa0—\xa00.03', '0.12 \xa0\xa00.12', 'trace\xa0—\xa00.7', '0.004 \xa0\xa00.004', '0.01 \xa0—\xa00.02', '0.008 \xa0—\xa00.5', '0.1 \xa0—\xa00.8', '0.1 \xa0—\xa00.3', '< 0.01 \xa0\xa0< 0.01', -1, '0.1 \xa0—\xa00.2', '0.04 \xa0—\xa00.2', -1, '0.1 \xa0\xa00.1', -1, -1, 'trace\xa0—\xa00.26', -1, -1, '3970 \xa0\xa03970', '3.8 \xa0\xa03.8', '1 \xa0\xa01', '7 \xa0\xa07', '30.9 \xa0\xa030.9', '0.8 \xa0\xa00.8', '7.2 \xa0\xa07.2', '2.8 \xa0\xa02.8', '16.5 \xa0\xa016.5', '2 \xa0\xa02', '2 \xa0\xa02', -1, -1, -1, -1, 'trace', -1, -1, -1, -1, -1, '0.16 \xa0—\xa021.4', -1, '< 0.01 \xa0\xa0< 0.01']"
JERUSALEM_ARTICHOKE_(Helianthus_tuberosus)_11620.html,"['0.00002', '0.00007', '0.00003', '0.00011', '0.00018', '0.00013', 'trace', '0.00262', '0.00014', '0.00001', '0.00002', '0.00005', '0.00003', '0.00004', '0.00003', '0.00001', '0.00002', '0.00008', '0.00002', '0.0001']"
BEETROOT_(raw)_11110.html,"['0.0006\xa0—\xa00.0037', '8800', '30', '0.6', '0.1', '0.3', '0.4', -1, -1, -1]"
CHILI_PEPPER_PERICARP_(C._chinense)_2621.html,"['19.46', '33.18', '10.08', '3503.78', '6979.56', '1505.7', '1640.66']"
SENCHA_TEA_(GREEN_TEA)_7321.html,"[-1, -1, -1, -1, -1, -1, -1, -1, -1, -1, -1, -1, -1, -1, -1, -1, -1, -1, -1, -1, -1, -1, -1, -1, -1, -1, -1, -1, -1, -1, -1, -1, -1, -1, -1, -1, -1, -1, -1, -1, -1, -1, -1, -1, -1, -1, -1, -1, -1, -1, -1, -1, -1, -1, -1, -1, -1, -1, -1, -1, -1, -1, -1, -1, -1, -1, -1, -1, -1, -1, -1, -1, -1, -1, -1, -1, -1, -1, -1, -1, -1, -1, -1, -1, -1, -1, -1, -1, -1, -1, -1, -1, -1, -1, -1, -1, -1, -1, -1, -1, -1, -1, -1, -1, -1, -1, -1, -1, -1, -1, -1, -1, -1, -1, -1, -1, -1, -1, -1, -1, 'trace', -1, -1, -1, -1, -1, -1, -1, -1, -1, -1, 'trace', -1, -1, -1, -1, -1, -1, -1, -1, -1, -1, -1, -1, -1, -1, -1, -1, -1, -1, -1, -1, -1, -1, -1, -1, -1, -1, -1, '0.015\xa0—\xa00.018', -1, -1, -1, -1, -1, -1, -1, -1, -1, -1, -1, -1, -1, -1, -1, -1, -1, -1, -1, -1, -1, -1, -1, -1, -1, -1, -1, -1, -1, -1, -1, -1, -1, -1, -1, -1, -1, -1, -1, -1, -1, -1, -1, -1, -1, -1, -1, -1, -1, -1, -1, -1, -1, -1, -1, -1, -1, 'trace', 'trace', -1, -1, -1, -1, -1, -1, -1]"
ROOIBOS_TEA_(Aspalathus_linearis)_24700.html,"[-1, -1, -1, -1, -1, -1, -1, -1, -1, -1, -1, -1, -1, -1, -1, -1, -1, -1, -1, -1, -1, -1, -1, -1, -1, -1, -1, -1, -1, -1, -1, -1, -1, -1, -1, -1, -1, -1, -1, -1, -1, -1, -1, -1, -1, -1, -1, -1, -1, -1, -1, -1, -1, -1, -1, -1, -1, -1, -1, -1, -1, -1, -1, -1, -1, -1, -1, -1, -1, -1, -1, -1, -1, -1, -1, -1, -1, -1, -1, -1, -1, -1, -1, -1, -1, -1, -1, -1, -1, -1, -1, -1, -1, -1, -1, -1, -1, -1, -1, -1, -1, -1, -1, -1, -1, -1, -1, -1, -1, -1, -1, -1, -1, -1, -1, -1, -1, -1, -1, -1, -1, -1, -1, -1, -1, -1, -1, -1, -1, -1, -1, -1, -1, -1, -1, -1, -1, -1, -1, -1, -1, -1, -1, -1, -1, -1, -1, -1, -1, -1, -1, -1, -1, -1, -1, -1, -1, -1, -1, -1, -1, -1, -1, -1, -1, -1, -1, -1, -1, -1, -1, -1, -1, -1, -1, -1, -1, -1, -1, -1, -1, -1, -1, -1, -1, -1, -1, -1, -1, -1, -1, -1, -1, -1, -1, -1, -1, -1, -1, -1, -1, -1, -1, -1, -1, -1, -1, -1, -1, -1, -1, -1, -1, -1, -1, -1, -1, -1, -1, -1, -1, -1, -1, -1, -1, -1, -1, -1, -1, -1, -1, -1, -1, -1, -1, -1, -1, -1, -1, -1, -1, -1, -1, -1, -1, -1, -1, -1, -1, -1, -1, -1, -1, -1, -1, -1]"
KUROMOJI_TEA_(Lindera_umbellata_leaves)_7324.html,"[-1, -1, -1, -1, -1, -1]"
MATCHA_(GREEN_TEA)_7380.html,"['0.0074\xa0—\xa00.0164', '0.00206\xa0—\xa00.00443', '0.00529\xa0—\xa00.01197', '0.0038\xa0—\xa00.0055', '0.0013\xa0—\xa00.00241', '0.00253\xa0—\xa00.00306', -1, -1, -1, -1, -1, -1, -1, -1, -1, -1, -1, -1, -1, -1, -1, -1, -1, -1, '0.00836\xa0—\xa00.00873', -1, -1, -1, -1, -1, -1, -1, -1, -1, -1, -1, -1, -1, -1, -1, -1, -1, -1, '0.0053\xa0—\xa00.0181', '0.0053\xa0—\xa00.01806', 'trace', '0.006\xa0—\xa00.0148', '0.00597\xa0—\xa00.01478', 'trace', -1, -1, -1, -1, -1, 'trace', 'trace', 'trace', -1]"
GREEN_TEA_KOMBUCHA_(fermented_for_6_days)_39402.html,"['2130\xa0\xa02130', '110\xa0\xa0110', -1, -1, -1, -1, -1, -1, -1, -1, -1, '2040\xa0\xa02040', -1, '60\xa0\xa060', '1260\xa0\xa01260', -1, -1, -1, -1, '240\xa0\xa0240', '100\xa0\xa0100', '250\xa0\xa0250', -1, -1, -1, -1, -1, -1, -1, -1, -1, '750\xa0\xa0750', '33880\xa0\xa033880', '490\xa0\xa0490']"
COCOA_POWDER_27840.html,"[-1, -1, -1, -1, -1, -1, -1, -1, -1, -1, -1, -1, -1, -1, -1, -1, -1, -1, -1, -1, -1, -1, -1, -1, -1, -1, -1, -1, -1, -1, -1, -1, '0\xa0—\xa00.078', '0\xa0—\xa00.069', -1, -1, '0\xa0—\xa00.087', '0.02\xa0—\xa00.45', -1, '0\xa0—\xa00.076', '0\xa0—\xa00.089', -1, '0\xa0—\xa00.091', '0\xa0—\xa00.089', -1, '0\xa0—\xa00.065', '0.12\xa0—\xa00.38', '0\xa0—\xa00.044', '0\xa0—\xa00.062', '0.072', -1, '0.18\xa0—\xa01.57', '0.12\xa0—\xa01.26', -1, -1, -1, -1, -1, -1, -1, -1, '3', -1, -1, -1, -1, '14.314', '25.77\xa0—\xa073', -1, -1, -1, -1, -1, -1, -1, '0.5\xa0—\xa01.89', '0\xa0—\xa00.097', '0.23\xa0—\xa00.44', '2\xa0—\xa08.9', '0\xa0—\xa00.088', '0.025\xa0—\xa00.31', '0.52\xa0—\xa01.94', -1, -1, -1, -1, -1, -1, '0\xa0—\xa00.096', -1, -1, -1, -1, -1, -1, -1, -1, -1, '0.64\xa0—\xa03.82', '0\xa0—\xa00.078', '0.045\xa0—\xa00.41', -1, -1, '0.22\xa0—\xa01.68', -1, -1, -1, '0\xa0—\xa012370', '0\xa0—\xa02270', '0.12\xa0—\xa00.46', '0.21\xa0—\xa02.8', '3700\xa0—\xa08210', '0.28\xa0—\xa01.87', '0.52\xa0—\xa01.75', '0.59\xa0—\xa08.55', -1, -1, '0.12\xa0—\xa00.48', -1, -1, -1, '0.25\xa0—\xa01.91', '0.12\xa0—\xa00.49', '0.021\xa0—\xa00.37', '2580\xa0—\xa03300', -1, -1, '990\xa0—\xa02190', '840\xa0—\xa01800', '10330\xa0—\xa014830', '0.13\xa0—\xa01.82', -1, -1, '0.12\xa0—\xa07.7', '0.11\xa0—\xa01.88', '0.21\xa0—\xa01.9', '0\xa0—\xa00.38', -1, -1, -1, -1, '0\xa0—\xa00.041', -1, -1, '0\xa0—\xa00.033', '0.315', -1, -1, -1, -1, -1, -1, -1, -1, -1, -1, -1, '0\xa0—\xa00.093', -1, -1, -1, -1, -1, '0\xa0—\xa00.084', '0\xa0—\xa00.088', -1, '0\xa0—\xa00.079', -1, '0\xa0—\xa00.45', '0.16\xa0—\xa00.38', '0.56\xa0—\xa01.78', '0.12\xa0—\xa00.45', '0\xa0—\xa00.058', '0\xa0—\xa00.039', '0\xa0—\xa00.021', '0\xa0—\xa00.045', '0.15\xa0—\xa01.76', '0.08\xa0—\xa00.35', -1, -1, '0\xa0—\xa00.029', -1, '0.12\xa0—\xa00.45', '0\xa0—\xa00.083', -1, '0\xa0—\xa00.047', '0.35\xa0—\xa01.87', '0\xa0—\xa00.096', '0\xa0—\xa00.088', -1, '0.014', '0.151', '0.043', '0.06', '0.082', '0.185', '0.3\xa0—\xa02.5', 'trace', '4', '1', 'trace', 'trace', 'trace', -1, -1, '0.0059', '0\xa0—\xa00.078', '0.12\xa0—\xa00.38', -1, -1, -1, '0.021\xa0—\xa00.38', '0.019\xa0—\xa00.31', -1, -1, -1, '0.055', '0.12\xa0—\xa00.41', '0.14\xa0—\xa00.38', '0\xa0—\xa00.1', '0.03\xa0—\xa00.5', '<0.1\xa0—\xa00.41', -1, '0.01\xa0—\xa00.5', '0.1\xa0—\xa02', '0.02\xa0—\xa00.5', '0.13\xa0—\xa00.42', '0.12\xa0—\xa00.47', -1, -1, -1, '0.11\xa0—\xa00.27', -1, '0.1\xa0—\xa02', -1, '0.07', '0.031', -1, -1, -1, -1, '0.0082', '0.5\xa0—\xa08.28', -1, '0.00085', '0.17\xa0—\xa00.34', -1, '0.00047', '0\xa0—\xa00.096', -1, -1, '0.0069', -1, -1, -1, '0\xa0—\xa00.093', -1, '0\xa0—\xa00.088', -1, -1, -1, -1, -1, -1, -1, -1, -1, -1, -1, -1, '0\xa0—\xa00.079', -1, -1, '0.13\xa0—\xa00.46', -1, '0.12\xa0—\xa00.48', '0.14\xa0—\xa00.49', '0.84\xa0—\xa01.85', '0.022\xa0—\xa00.18', '0.031\xa0—\xa00.77', '0.026\xa0—\xa01.37', '0.28\xa0—\xa00.71', '0.37\xa0—\xa00.61', '0.19\xa0—\xa00.47', '0.12\xa0—\xa00.37', '0.15\xa0—\xa00.41', '0\xa0—\xa03.22', -1, -1, -1, '0.01\xa0—\xa00.36', '0\xa0—\xa00.054', '0\xa0—\xa00.075', -1, '0.12\xa0—\xa01.45', '0.016\xa0—\xa00.32', '0.17\xa0—\xa00.47', -1, '0.015', '0.21\xa0—\xa01.78', '0\xa0—\xa00.071', '0\xa0—\xa00.035', -1, '0\xa0—\xa00.069', '0.12\xa0—\xa00.46', -1, -1, '0\xa0—\xa00.082', '0\xa0—\xa00.045', '0\xa0—\xa00.078', '0.28\xa0—\xa01.69', '0.28\xa0—\xa01.87', '0.02\xa0—\xa00.37', -1]"
HONEYSUCKLE_KOMBUCHA_(fermented_for_6_days)_39405.html,"[-1, '4730\xa0\xa04730', '260\xa0\xa0260', -1, -1, -1, -1, -1, -1, -1, -1, -1, -1, -1, -1, -1, '3400\xa0\xa03400', '30\xa0\xa030', -1, '190\xa0\xa0190', '120\xa0\xa0120', -1, -1, -1, -1, '110\xa0\xa0110', '120\xa0\xa0120', '780\xa0\xa0780', -1, -1, -1, -1, -1, -1, -1, -1, -1, -1, -1, -1, '7140\xa0\xa07140', '14080\xa0\xa014080', '7280\xa0\xa07280']"
ROASTED_COCOA_BEANS_27830.html,"['0.05', '0.2', '0.2', '0.3\xa0—\xa02.1', -1, '0.26\xa0—\xa02', 'trace', -1, -1, '0.1\xa0—\xa00.15', -1, '0.1\xa0—\xa00.15', -1, -1, -1, '0.15\xa0—\xa00.2', '0.05\xa0—\xa00.1', '0.6\xa0—\xa04.5', -1, -1, '0.1\xa0—\xa00.8', '0.1\xa0—\xa01.2', '0.01\xa0—\xa00.02', '0.02\xa0—\xa00.05', '0.4', '0.01\xa0—\xa00.02', '0.2\xa0—\xa01.7', '0.02\xa0—\xa00.05', -1, '0.01\xa0—\xa00.02', '0.05\xa0—\xa04.7', '0.05', '0.1\xa0—\xa00.15', '0.3\xa0—\xa00.5', '0.3\xa0—\xa07.5', -1, '<0.01\xa0—\xa00.1', '0.2', '0.05', -1, -1, -1, '15\xa0—\xa035', -1, '0.504\xa0—\xa05.718', '0.511\xa0—\xa060', '0.4', '2.5', -1, '0.003', -1, '2.7\xa0—\xa010', -1, '0.043\xa0—\xa040', -1, '2.5\xa0—\xa03', '0.05\xa0—\xa00.1', '0.3\xa0—\xa01', -1, -1, -1, '1\xa0—\xa04', '0\xa0—\xa01', -1, '0.05\xa0—\xa00.1', -1, '0.0015', '1.1', -1, -1, -1, '0.4\xa0—\xa02.6', '0.01\xa0—\xa00.02', '0.05\xa0—\xa00.1', -1, '330\xa0—\xa011800', -1, '1.5\xa0—\xa013.9', '600\xa0—\xa011100', '0.05\xa0—\xa00.57', -1, '3.5', '4\xa0—\xa09.33', -1, -1, '0.05\xa0—\xa00.1', -1, '0.3\xa0—\xa00.35', -1, -1, -1, -1, -1, '0.8', '0.5', '2100\xa0—\xa06500', '1600\xa0—\xa09900', -1, -1, -1, -1, -1, -1, '5.7', -1, -1, -1, -1, -1, -1, '0.02\xa0—\xa00.05', -1, -1, -1, -1, -1, -1, -1, -1, '3.5', -1, '0.05\xa0—\xa00.1', '<0.01', -1, '0.02\xa0—\xa00.05', '0.02\xa0—\xa00.93', -1, '<0.01', -1, -1, '0.026', -1, '0.035', '0.05\xa0—\xa00.1', '0.02\xa0—\xa00.05', '0.02\xa0—\xa00.05', '0.1\xa0—\xa00.15', '<0.01', '0.1\xa0—\xa03.6', '0.02\xa0—\xa00.05', '0.2\xa0—\xa01.4', '0.01\xa0—\xa00.02', '0.2\xa0—\xa01.2', '0.05\xa0—\xa00.1', '0.3\xa0—\xa02.2', '0.05\xa0—\xa02', '0.05\xa0—\xa01.3', '0.1\xa0—\xa00.15', '0.5\xa0—\xa01', '0.02\xa0—\xa00.05', '0.5\xa0—\xa01', -1, '0.02\xa0—\xa00.05', '0.2\xa0—\xa00.5', -1, '0.05\xa0—\xa00.2', '0.5\xa0—\xa02.9', -1, '0.05\xa0—\xa00.1', -1, -1, -1, -1, '0.018', '0.073', -1, -1, '0.303\xa0—\xa02.793', -1, -1, -1, -1, -1, -1, '0.624\xa0—\xa010.216', -1, '0.0042', -1, '0.5', '0.3', -1, -1, -1, -1, '0.2', '0.5', -1, '0.05\xa0—\xa01.7', '0.02\xa0—\xa00.05', '1.7', '0.1\xa0—\xa00.4', '0.02\xa0—\xa03.1', '0.05\xa0—\xa03.5', '0.02\xa0—\xa01.7', '0.02\xa0—\xa00.3', '0.02\xa0—\xa00.2', -1, '1', -1, '0.1\xa0—\xa010.6', '0\xa0—\xa00.2', '0.056\xa0—\xa01.7', '0.017\xa0—\xa01', -1, '0.3\xa0—\xa00.7', -1, '0.0033', '0.4', '2.1', '0.1\xa0—\xa019.7', -1, '0.00094', -1, -1, '0.5', '0.00059', '0.053', -1, -1, -1, '0.2', -1, -1, -1, '0.1\xa0—\xa00.15', '<0.01\xa0—\xa00.4', -1, -1, -1, -1, -1, '0.0099', -1, -1, -1, -1, '0.23', -1, '0.3', -1, '1.3', '1.3', -1, '0.32\xa0—\xa070', 'trace', '0.25\xa0—\xa00.35', '0.02\xa0—\xa01.7', -1, -1, '0.013', '1.2', '0.02\xa0—\xa00.05', '0.01\xa0—\xa00.02', '0.1\xa0—\xa00.15', -1, -1, -1, '0.2', '0.3', -1, -1, -1, -1]"
MINT_KOMBUCHA_(fermented_for_6_days)_39406.html,"[-1, '1880\xa0\xa01880', '130\xa0\xa0130', -1, -1, -1, -1, -1, -1, -1, -1, -1, -1, -1, -1, -1, -1, -1, -1, -1, '1290\xa0\xa01290', '40\xa0\xa040', -1, '160\xa0\xa0160', '100\xa0\xa0100', -1, -1, -1, -1, '210\xa0\xa0210', '80\xa0\xa080', '100\xa0\xa0100', '170\xa0\xa0170', -1, -1, -1, -1, -1, -1, -1, -1, -1, -1, -1, -1, -1, '420\xa0\xa0420', '44380\xa0\xa044380', '360\xa0\xa0360']"
DARJEELING_TEA_(BLACK_TEA)_7316.html,"[-1, -1, -1, -1, -1, -1, -1, -1, -1, -1, -1, -1, -1, -1, -1, -1, -1, -1, -1, -1, -1, -1, -1, -1, -1, -1, -1, -1, -1, -1, -1, -1, -1, -1, -1, -1, -1, -1, -1, -1, -1, -1, -1, -1, -1, -1, -1, -1, -1, -1, -1, -1]"
COFFEE_7200.html,"[-1, -1, -1, -1, -1, -1, -1, -1, -1, -1, -1, -1, -1, -1, -1, -1, -1, -1, -1, -1, -1, -1, -1, -1, -1, -1, -1, -1, -1, -1, -1, -1, -1, -1, -1, -1, -1, -1, -1, -1, -1, '0.67', -1, -1, '1.7', '0.1\xa0—\xa00.15', '0.3\xa0—\xa00.35', -1, '0.02\xa0—\xa00.36', '0.02\xa0—\xa00.05', '0.21', -1, -1, -1, -1, -1, -1, -1, -1, -1, -1, -1, -1, -1, -1, -1, -1, -1, -1, -1, '0.0006\xa0—\xa00.0019', '0.0048\xa0—\xa00.055', '0.0027\xa0—\xa00.0103', '0.0022\xa0—\xa00.0081', '0.0006\xa0—\xa00.0033', '0.0005\xa0—\xa00.0024', '0.0003\xa0—\xa00.0016', '0.0003\xa0—\xa00.0013', 'trace', '0.0005', 'trace', -1, -1, -1, -1, -1, -1, -1, '0.1\xa0—\xa03.5', -1, -1, '0.2 \xa0\xa05.3', -1, '0.2\xa0—\xa02.5', -1, -1, -1, -1, -1, -1, -1, -1, -1, -1, -1, -1, -1, '0.4\xa0—\xa03.6', -1, '<0.00005\xa0—\xa00.0006', -1, '4.3\xa0—\xa0141', -1, '0.435\xa0—\xa017.4', -1, '0.8\xa0—\xa034.2', -1, -1, '0.074', '0.65\xa0—\xa020.2', '0.55\xa0—\xa017.8', -1, -1, '0.075', -1, -1, -1, -1, -1, -1, -1, -1, -1, -1, -1, -1, -1, -1, -1, -1, '1.1\xa0—\xa01.6', '<0.1\xa0—\xa00.5', -1, '2.9\xa0—\xa05.6', '<0.1\xa0—\xa020', '0.082\xa0—\xa016.1', -1, '5\xa0—\xa012', '<0.1\xa0—\xa00.8', '0.1\xa0—\xa00.6', '10.84', '0.25\xa0—\xa04', -1, -1, -1, -1, '0.25\xa0—\xa04.9', '0.05\xa0—\xa058.7', '4.3\xa0—\xa04.7', -1, -1, -1, '6.5', -1, -1, -1, '0.05\xa0—\xa05.2', -1, -1, '0.75\xa0—\xa039.6', -1, -1, -1, -1, '0.5', '0.3\xa0—\xa03.2', -1, -1, -1, -1, '0.4', '0.5', -1, -1, -1, -1, -1, -1, -1, -1, -1, -1, -1, -1, -1, -1, '0.1\xa0—\xa02.9', -1, -1, -1, -1, -1, -1, -1, -1, '1.37', '1.1\xa0—\xa040', '5.72', '0.42', '0.02', '0.73', '2.18', '0.1', '0.06', '0.21', '0.21', '0.02', '0.01', '0.1', '0.21', -1, -1, -1, -1, -1, '1.6', '0.4\xa0—\xa00.5', '2.2\xa0—\xa03.2', -1, -1, '1.5\xa0—\xa02.6', '3.1\xa0—\xa04', -1, -1, -1, -1, '644\xa0—\xa01472', '2520\xa0—\xa03360', -1, '49.6\xa0—\xa0125.8', -1, -1, -1, '0.55\xa0—\xa01.2', '0.11\xa0—\xa00.42', '0.44\xa0—\xa01.68', '50.2\xa0—\xa075.7', -1, -1, -1, -1, -1, -1, 'trace', '7.2\xa0—\xa029', '29.9\xa0—\xa0107.9', '2.3\xa0—\xa06.2', '2.5\xa0—\xa020.5', '5\xa0—\xa029.2', -1, -1, '15', -1, -1, -1, -1, -1, -1, -1, -1, '0.2', '2\xa0—\xa05', -1, -1, -1, '2\xa0—\xa03', '2\xa0—\xa04', -1, -1, -1, -1, -1, -1, -1, -1, -1, '0.001\xa0—\xa00.015', '0.0024\xa0—\xa00.019', '0.009\xa0—\xa00.135', '0.014\xa0—\xa00.069', -1, -1, -1, -1, -1, -1, '1.4', '<0.1', -1, -1, '4.7', -1, -1, -1, -1, '560\xa0—\xa0820', '16\xa0—\xa080', '1.5\xa0—\xa02', 'trace\xa0—\xa00.5', '1', '2\xa0—\xa015', '1', '2\xa0—\xa06', '0.5\xa0—\xa02', -1, -1, -1, '0.2', '6\xa0—\xa011', -1, '1.1\xa0—\xa02.7', '2.08\xa0—\xa02.5', -1, '0.5\xa0—\xa01.91', -1, -1, '0.09', -1, '0.34', -1, -1, '0.54', -1, -1, '0.42', '0.01', '2\xa0—\xa07.8', '0.01', '0.35\xa0—\xa00.55', '0.3\xa0—\xa00.5', '0.3\xa0—\xa00.94', -1, -1, -1, '0.24', '0.26', '0.02', '0.09', '0.08', '0.03', '0.18', '0.02', '0.22', '0.1', '0.27\xa0—\xa01.7', '0.05', '0.01', -1, '0.03', '0.01', '0.01', '0.05', '0.01', '0.01', '0.01', -1, '1.3\xa0—\xa012.7', -1, '1.15\xa0—\xa017', '0.6\xa0—\xa04.1', '0.5\xa0—\xa01.7', -1, -1, '2.5\xa0—\xa06.5', '0.1\xa0—\xa00.3', -1, -1, '1.5\xa0—\xa010.9', -1, -1, '1.8\xa0—\xa07.5', '0.2\xa0—\xa00.3', -1, -1, -1, '0.6\xa0—\xa02.5', '0.05\xa0—\xa00.15', '0.4\xa0—\xa02.3', -1, -1, '0.15\xa0—\xa00.3', -1, '0.21\xa0—\xa00.8', -1, '0.1\xa0—\xa01.7', -1, '1\xa0—\xa02', '20\xa0—\xa050', -1, '0.1\xa0—\xa01.3', -1, -1, -1, -1, -1, -1, -1, -1, -1, -1, -1, -1, -1, -1, '4', -1, -1, -1, -1, -1, '3.5\xa0—\xa06.4', '25\xa0—\xa0104', '13.5\xa0—\xa018', '1.2\xa0—\xa04.5', -1, -1, '0.6\xa0—\xa07.6', 'trace\xa0—\xa08.5', '1.2\xa0—\xa040', '0.88\xa0—\xa056', '0.82', '0.15\xa0—\xa014', 'trace\xa0—\xa08.6', 'trace\xa0—\xa010.5', -1, '0.25\xa0—\xa02.9', '0.5\xa0—\xa04.1', -1, -1, -1, -1, -1, -1, -1, -1, -1, '0.35\xa0—\xa02.7', '0.35\xa0—\xa03.1', -1, -1, -1, -1, -1, -1, -1, '0.05\xa0—\xa00.1', 'trace\xa0—\xa00.15', -1, -1, -1, '0.24\xa0—\xa020.3', '10', '0.7\xa0—\xa02.2', '0.0131\xa0—\xa08', '0.037\xa0—\xa00.053', -1, -1, -1, '0.013\xa0—\xa00.014', -1, -1, -1, -1, -1, -1, -1, '0.0032\xa0—\xa00.31', -1, -1, -1, '0.35\xa0—\xa02.7', -1, -1, -1, -1, -1, -1, '0.0005\xa0—\xa00.0011', -1, -1, '1.3', -1, '0.25\xa0—\xa00.3', '0.5\xa0—\xa00.55', -1, -1, -1, -1, -1, '0.25\xa0—\xa08.2', '0.55\xa0—\xa04.5', '0.45\xa0—\xa08.8', -1, -1, -1, '0.75\xa0—\xa05.1', -1, '0.1\xa0—\xa00.15', -1, -1, -1, -1, -1, -1, -1, -1, -1, -1, -1, -1, -1, -1, -1, -1, -1, -1, -1, '0.21\xa0—\xa00.6', '0.0033', -1, '0.0191\xa0—\xa02', '0.01\xa0—\xa00.2', '0\xa0—\xa00.195', -1, '0.0182\xa0—\xa00.4', -1, -1, -1, '0.05\xa0—\xa02.2', '0.01', '0.025', -1, '<0.001\xa0—\xa00.2', '0.02\xa0—\xa00.13', -1, -1, '0.035', '0.01\xa0—\xa00.25', -1, '0.01\xa0—\xa00.6', '<0.001\xa0—\xa00.8', '0.01', '0.02\xa0—\xa00.03', '0.001\xa0—\xa00.01', -1, -1, '0.001\xa0—\xa00.1', -1, -1, '0.1\xa0—\xa00.15', -1, '0.0028\xa0—\xa00.24', -1, '0.0043\xa0—\xa00.156', -1, -1, '2.6', '1.6', -1, '0.0112', -1, -1, -1, -1, -1, -1, -1, -1, -1, -1, -1, '0.25\xa0—\xa04.4', '0.3\xa0—\xa01.8', '0.4', '0.05\xa0—\xa01.1', '0.3\xa0—\xa03.2', -1, -1, -1, '0.1\xa0—\xa00.9', '0.8', -1, -1, '0.15\xa0—\xa02.1', -1, '1.2', -1, '0.45\xa0—\xa03', '0.05\xa0—\xa00.8', '0.01', '0.01\xa0—\xa03.7', -1, -1, '0.15\xa0—\xa00.7', -1, -1, -1, -1, -1, -1, -1, -1, -1, -1, -1, -1, -1, -1, -1, -1, -1, -1, -1, -1, -1, -1, -1, -1, -1, -1, -1, '0.024\xa0—\xa00.061', -1, -1, -1, -1, -1, '1.2\xa0—\xa0141', '0.45\xa0—\xa012.4', '0.15\xa0—\xa07.4', '0.095\xa0—\xa013.2', -1, '1.7', '0.3\xa0—\xa01.4', '0.033\xa0—\xa00.9', '<0.1\xa0—\xa01.6', -1, '2.1', '2', '1.5', '0.2\xa0—\xa00.8', '0.8', -1, -1, '0.9', '0.4', '0.2', '0.2', -1, '0.3', '0.3', '0.2', -1, -1, -1, '60\xa0—\xa0667', -1, '1.25\xa0—\xa040', -1, '9\xa0—\xa032.5', '8.5\xa0—\xa024.6', '<0.1', '0.9\xa0—\xa01.1', '9\xa0—\xa0179', '<0.1', '4.4\xa0—\xa025', -1, '0.17\xa0—\xa095.5', -1, '0.01\xa0—\xa00.1', '0.021\xa0—\xa036.1', '0.117\xa0—\xa0177.7', '<0.001', -1, '0.1', '0.4\xa0—\xa03', '0.15\xa0—\xa060', '<0.1\xa0—\xa055', '0.8\xa0—\xa01.1', '1.4\xa0—\xa04.3', '1.7\xa0—\xa01.8', -1, -1, -1, -1, -1, '0.82', '0.05\xa0—\xa03.9', -1, -1, -1, '0.02\xa0—\xa00.35', -1, -1, -1, -1, -1, '0.03\xa0—\xa00.23', '0.05\xa0—\xa00.13', '0.05\xa0—\xa00.25', -1, '0.1\xa0—\xa00.5', -1, '0.05\xa0—\xa00.5', -1, -1, -1, -1, -1, -1, -1, '0.15\xa0—\xa00.44', '0.05\xa0—\xa00.22', -1, -1, -1, -1, -1, -1, '0.2\xa0—\xa00.7', -1, -1, '0.01\xa0—\xa00.02', '0.01\xa0—\xa00.2', -1, '0.5\xa0—\xa02', '0.02\xa0—\xa00.05', '0.2', -1, '0.05\xa0—\xa00.4', '0.02\xa0—\xa00.2', '0.4\xa0—\xa01.4', '0.03\xa0—\xa00.06', '0.1\xa0—\xa00.5', '0.05\xa0—\xa00.1', '0.02\xa0—\xa00.1', '0.01\xa0—\xa00.2', '2.1\xa0—\xa0255', '0.7\xa0—\xa00.9', -1, '39\xa0—\xa0216', -1, '10\xa0—\xa035', -1, '0.5', -1, -1, -1, '10\xa0—\xa016', -1, -1, '0.0007\xa0—\xa01.87', '0.0044\xa0—\xa00.16', -1, -1, -1, -1, '1.2\xa0—\xa01.8', '0.67\xa0—\xa017.3', '14.3\xa0—\xa017.3', '0.5\xa0—\xa00.6', '10.7', -1, '1.3\xa0—\xa0131', '2\xa0—\xa08', '1.3\xa0—\xa031.4', '0.5\xa0—\xa01', '1.5\xa0—\xa08', '2.2\xa0—\xa04', '0.5\xa0—\xa01.5', '0.1\xa0—\xa01.4', '0.1\xa0—\xa04.6', '0.05\xa0—\xa00.1', -1, -1, -1, '0.25\xa0—\xa00.8', '0.25\xa0—\xa00.6', -1, '0.05\xa0—\xa01', '0.3\xa0—\xa01.1', '0.15\xa0—\xa04.2', -1, '0.1\xa0—\xa015', '0.25\xa0—\xa03.4', '0.1\xa0—\xa03.3', '0.05\xa0—\xa01.4', -1, '90\xa0—\xa0881', '1.2\xa0—\xa024.9', -1, -1, '50\xa0—\xa080', '0.05\xa0—\xa00.7', -1, -1, -1, -1, '0.1\xa0—\xa00.8', '3.5\xa0—\xa016.3', '0.4\xa0—\xa01.1', -1, '0.02\xa0—\xa00.8', '0.1\xa0—\xa00.2', -1, '0.01\xa0—\xa00.5', -1, -1, '0.6\xa0—\xa01.8', '0.05\xa0—\xa00.1', -1, -1, '20\xa0—\xa045', '10\xa0—\xa013', '6\xa0—\xa015', -1, -1, -1, -1, -1, -1, -1, -1, -1, -1, -1, -1, -1, -1, -1, -1, -1, -1, -1, -1, -1, -1, -1, -1, -1, -1, -1, -1, -1, -1, -1, -1, -1, -1, -1, '1', -1, -1, -1, -1]"
BLACK_TEA_(brewed)_7350.html,"['0.01\xa0—\xa00.6', '0.064\xa0—\xa00.63', '0.01\xa0—\xa00.015', '0.01', '0.01\xa0—\xa00.66', '0.01\xa0—\xa00.65', '0.01\xa0—\xa00.18', '0.01\xa0—\xa00.38', '1.05\xa0—\xa01.4', '0.01', '0.01', '0.01', '0.085\xa0—\xa00.16', -1, '0.1\xa0—\xa00.76', '0.74\xa0—\xa01.33', '0.49\xa0—\xa01.55', '0.36\xa0—\xa01.1', '0.83\xa0—\xa01.15', '0.095\xa0—\xa04.2', '0.1\xa0—\xa00.3', '0.1\xa0—\xa00.3', '0.18\xa0—\xa00.53', '0.1\xa0—\xa00.8', -1, '0.3\xa0—\xa00.8', '0.3\xa0—\xa00.8', '0.142\xa0—\xa02', -1, '0.142\xa0—\xa018', -1, '0.5\xa0—\xa05', '0.131\xa0—\xa03.32', '0.15\xa0—\xa00.66', '0.069', '0.082', '0.042', '0.1\xa0—\xa00.3', '0.055\xa0—\xa01.67', '0.077\xa0—\xa03.31', '0.1\xa0—\xa00.3', '0.00066', '0.1\xa0—\xa00.3', '0.88\xa0—\xa01.21', '0.00039', '0.00045', '0.00056', '0.0011', '0.0029', '0.1\xa0—\xa00.3', '0.64\xa0—\xa00.78', '0.1\xa0—\xa00.3', '0.0011', '0.057\xa0—\xa02.45', '0.1\xa0—\xa00.15', '0.73\xa0—\xa00.87', '0.1\xa0—\xa00.3', -1, '0.00048', -1, '0\xa0—\xa00.17', '0.3\xa0—\xa00.8', '0.55', '0.00015', '0.0015\xa0—\xa00.24', '0.03\xa0—\xa00.07', '0.3\xa0—\xa00.6', '0.3\xa0—\xa00.6', '0.3\xa0—\xa00.6', '0.1\xa0—\xa01.05', -1, -1, '0.1\xa0—\xa00.3', -1, '0.344\xa0—\xa03.174', -1, '0.3\xa0—\xa01', -1, '0.1\xa0—\xa00.6', -1, -1, -1, '0.1\xa0—\xa00.3', '0.1\xa0—\xa01.518', -1, '0.1\xa0—\xa00.3', '0.00002', -1, '1.76\xa0—\xa05.5', -1, '0.12\xa0—\xa00.28', -1, '0\xa0—\xa00.06', '0.6\xa0—\xa02.7', -1, -1, '0.01\xa0—\xa00.05', '0.01\xa0—\xa00.05', '0.1\xa0—\xa00.3', '0.9\xa0—\xa02.27', '0.05\xa0—\xa00.15', -1, '0.549', '0.05\xa0—\xa00.15', '0.01\xa0—\xa00.05', '0.05\xa0—\xa00.15', '0.01\xa0—\xa00.15', '0.01\xa0—\xa00.05', '0.01\xa0—\xa00.05', '0.01\xa0—\xa00.05', '0.01\xa0—\xa00.05', '0.01\xa0—\xa00.05', '0.01\xa0—\xa00.15', '0.01\xa0—\xa00.05', '0.1\xa0—\xa00.3', '0.01\xa0—\xa00.05', '0.05\xa0—\xa00.15', -1, -1, '0.3\xa0—\xa00.8', -1, '0.76\xa0—\xa04.53', '1.56\xa0—\xa014.75', '0.3\xa0—\xa00.8', -1, '0.00012', '0.026', '0.13\xa0—\xa00.35', -1, '0.4\xa0—\xa00.9', '1.5\xa0—\xa03.47']"
DARK_CHOCOLATE_27870.html,"[-1, -1, -1, -1, -1, -1, -1, -1, -1, '0.058\xa0—\xa00.145', -1, -1, -1, -1, '5.698\xa0—\xa05.72', '0.108\xa0—\xa00.19', '1.728\xa0—\xa07.277', '9.5\xa0—\xa013.03', '7.66\xa0—\xa010.8', '8.4\xa0—\xa012.454', -1, -1, -1, -1, '0.124\xa0—\xa00.15', '0.97\xa0—\xa02.5', '1.66\xa0—\xa04.468', -1, '0.496\xa0—\xa00.546', -1, '0.17\xa0—\xa00.4', '0.176\xa0—\xa00.241', -1, -1, -1, -1, -1, '510\xa0—\xa01660', '240\xa0—\xa0410', -1, '940\xa0—\xa02140', -1, '100\xa0—\xa01600', '300\xa0—\xa0570', '240\xa0—\xa0510', '2580\xa0—\xa05210', -1, -1, -1, -1, -1, -1, -1, -1, -1, -1, -1, -1, -1, -1, -1, -1, -1, -1, '0.041\xa0—\xa00.102', -1, -1, '0.015\xa0—\xa00.1', -1, -1, -1, -1, -1, '0.2\xa0—\xa02.1', '1', '9', '0.046\xa0—\xa00.064', -1, -1, -1, -1, '2.137\xa0—\xa02.85', '0.151\xa0—\xa00.184', '0.097\xa0—\xa01.046', -1, -1, -1, '0.144', '1.329\xa0—\xa02.544', '0.336\xa0—\xa00.539', '0.027\xa0—\xa00.042', '0.59\xa0—\xa00.802', '0.094\xa0—\xa01.434', -1, '0.342\xa0—\xa00.345', -1, -1, -1, -1, -1, '1.702\xa0—\xa02.359', -1, -1, '0.728\xa0—\xa01.177', '0.146\xa0—\xa00.191', '0.392\xa0—\xa00.435', -1, '0.152\xa0—\xa00.172', '6.135\xa0—\xa07.983', -1, '0.038\xa0—\xa00.111', '0.076\xa0—\xa00.139', '0\xa0—\xa00.045', -1, -1, '0.174\xa0—\xa00.333', -1, -1, '0.085\xa0—\xa00.099', -1, -1, -1, '0.566\xa0—\xa01.398', '0.184\xa0—\xa00.325', '0.162\xa0—\xa00.215', '1.034\xa0—\xa05.67', '0.046\xa0—\xa00.23', '1.238\xa0—\xa01.972', -1, '4.23\xa0—\xa028.379', -1, -1, -1, -1, -1, -1, -1, -1]"
KUROMOJI_TEA_(Lindera_umbellata_branches)_7326.html,"[-1, -1, -1, -1, -1, -1, -1]"
GREEN_TEA_7320.html,"[-1, '0.1', '0.1\xa0—\xa01.72', '0.1', '0.1\xa0—\xa02.87', '0\xa0—\xa00.1', -1, '0.0005', -1, '4.12', '0.6', '0.7', '0\xa0—\xa00.00128', '<0.0005', '0.0005', -1, -1, '0\xa0—\xa00.00506', '0\xa0—\xa00.00317', '0\xa0—\xa00.01639', -1, '0\xa0—\xa00.00306', 'trace\xa0—\xa01', 'trace', 'trace', '0.8', '0.9', 'trace', 'trace', 'trace', -1, '23.5', '7.9', '1.9', '2.8', '1', '0.00121\xa0—\xa01', '5.8', -1, -1, '0.3', '0.65', -1, -1, '2.6', '<0.0005', '0.1', '0\xa0—\xa00.00389', '0.1', -1, -1, -1, '6\xa0—\xa013', '13', '0.1\xa0—\xa022', -1, '0.1\xa0—\xa0118', '0.3\xa0—\xa048.5', '17', '12', '1.94', '0.2\xa0—\xa046', -1, -1, '0.3', '0.2\xa0—\xa04', '0.7', -1, -1, '0.1\xa0—\xa00.87', -1, '0.17\xa0—\xa05.6', -1, '0.6', '1.23', '0.5', '0.2\xa0—\xa013.8', '0\xa0—\xa01.4', '0.0017\xa0—\xa050', 'trace\xa0—\xa00.01669', '0.00172\xa0—\xa00.04917', -1, '0.45\xa0—\xa010', -1, '0.4\xa0—\xa030', '0.1\xa0—\xa016', '0.1\xa0—\xa07.5', '1\xa0—\xa01.4', '0.2\xa0—\xa00.4', '0.4', -1, '0.15\xa0—\xa02.7', '0.1\xa0—\xa00.4', '0.9', -1, -1, '0.88', -1, -1, -1, -1, '2.16', -1, '3.95', '0\xa0—\xa010', '0.1', -1, -1, '2.74', '0.1', -1, -1, -1, -1, -1, '0.1\xa0—\xa01.2', -1, -1, '0.06', -1, -1, '2.41', '0.13', '0.00057\xa0—\xa00.0015', '0.1\xa0—\xa07.4', -1, -1, -1, -1, -1, -1, '0.1\xa0—\xa04.02', '0.4\xa0—\xa01.32', '4.58', -1, -1, -1, -1, -1, -1, -1, -1, -1, '0.6\xa0—\xa00.64', -1, -1, '0.1\xa0—\xa00.3', '0.006', -1, '0.1\xa0—\xa01', '0.002', '0.083', '0.00061\xa0—\xa00.5', '0.2\xa0—\xa00.9', -1, '0.7\xa0—\xa07.5', -1, '0.35', -1, '0.2\xa0—\xa01.3', '0.1', '0.1\xa0—\xa01', -1, -1, '1', '0.009\xa0—\xa00.03', '0.0159\xa0—\xa01.3', '0.3\xa0—\xa06.4', '0.4\xa0—\xa01.4', '3.15', -1, '0.3', '0.2\xa0—\xa00.3', -1, -1, -1, -1, '5.3', -1, -1, '0.65\xa0—\xa02.64', -1, -1, '0.2\xa0—\xa00.6', '0.1\xa0—\xa00.7', '0.7\xa0—\xa02.2', '0.1\xa0—\xa01.26', -1, '6.64', '3.23', -1, -1, -1, -1, -1, '0.00301\xa0—\xa00.00324', -1, -1, -1, '0.3', '0\xa0—\xa00.00156', '0\xa0—\xa00.02787', '0.1', '0.1', -1, -1, '0.00148\xa0—\xa02.4', '0\xa0—\xa00.00878', -1, -1, -1, '0.75', '3.21', '0.5\xa0—\xa01.1', '0.1\xa0—\xa00.5', '0.1', '0.1', '0.06\xa0—\xa00.2', '0.05', '0.1\xa0—\xa01.4', '0.1\xa0—\xa01.23', -1, '0.2', '0.1\xa0—\xa00.5', '0.2\xa0—\xa00.4', '0.1\xa0—\xa00.3', -1, -1, -1, '0.3\xa0—\xa03', -1, '210\xa0—\xa0457', '1.5', -1, -1, '0.4\xa0—\xa02.3', -1, '0.2\xa0—\xa02.2', '0.3', '1.2\xa0—\xa09.7', '0.1', -1, -1, -1, -1, -1, -1, -1, '0.04', -1, '0.1', -1, -1, -1, -1, '0.1\xa0—\xa00.7', '0.2', -1, -1, -1, -1, -1, -1, -1, -1, -1, -1, -1, -1, -1, '3.1', '0.1\xa0—\xa00.3', '0.1\xa0—\xa01.3', -1, -1, '0.1', -1, '0.2', -1, -1, -1, -1, -1, -1, -1, -1, -1, 'trace\xa0—\xa017', '0.00459\xa0—\xa00.08064', 'trace', '0.0032\xa0—\xa07.5', '0.00319\xa0—\xa00.03456', 'trace', -1, -1, '1.4', '0.1\xa0—\xa017.12', '0.4\xa0—\xa03.3', '0.05', '0.3', '6.1', '0.1\xa0—\xa01.3', -1, '0.23', '0.0012\xa0—\xa06.7', '0.00121\xa0—\xa00.02844', 'trace', '0.4\xa0—\xa03', -1, -1, -1, '0.2\xa0—\xa01.7', '0.0011']"
QIMEN_BLACK_TEA_7311.html,"[-1, -1, -1, -1]"
COCOA_BEANS_(P._kudriavzevii_fermented_and_dried)_27812.html,"[-1, -1, -1, -1, -1, -1, -1, -1, -1, -1, -1, -1, -1, -1, -1, -1, -1, -1, -1, -1, -1, -1, -1, -1, -1]"
COCOA_BEANS_(fermented_w_o_inoculum_and_dried)_27814.html,"[-1, -1, -1, -1, -1, -1, -1, -1, -1, -1, -1, -1, -1, -1, -1, -1, -1, -1, -1, -1, -1, -1, -1, -1]"
COCOA_BUTTER_27850.html,"['0.2\xa0—\xa04.2', '1\xa0—\xa05', -1, -1, -1, -1, -1, -1, -1, -1, -1, -1, -1, -1, -1, -1, -1, -1, -1, -1, -1, -1, -1, -1, -1, -1, -1, -1, -1, -1, -1, -1, -1, -1, -1, -1, -1, -1, -1, -1, -1, -1, -1, -1, -1, -1, -1, -1, -1, -1, -1, -1, -1, -1, -1, -1, -1, -1, -1, -1, -1, -1, -1, -1, -1, -1, -1, -1, -1, -1, -1, -1, -1, -1, -1, -1, -1, -1, -1, -1, -1, -1, -1, -1, -1, -1, -1, -1, -1, -1, -1, -1, -1, -1, -1, -1, -1, -1, -1, -1, -1, -1, -1, -1, -1, -1, -1, -1, -1, -1, -1, -1, -1, -1, -1, -1, -1, -1, -1, -1, -1, -1, -1]"
WHITE_TEA_KOMBUCHA_(fermented_for_6_days)_39401.html,"['3180\xa0\xa03180', '150\xa0\xa0150', -1, -1, -1, -1, -1, -1, -1, -1, -1, -1, '2190\xa0\xa02190', -1, '140\xa0\xa0140', '3370\xa0\xa03370', -1, -1, -1, -1, '260\xa0\xa0260', '140\xa0\xa0140', '330\xa0\xa0330', -1, -1, -1, -1, -1, -1, -1, -1, -1, -1, -1, '1370\xa0\xa01370', '37640\xa0\xa037640', '750\xa0\xa0750']"
GYOKURO_TEA_(GREEN_TEA)_7322.html,"[-1, -1, -1, -1, -1, -1, -1, -1, -1, -1, -1, -1, -1, -1, -1, -1, -1, -1, -1, 'trace', -1, 'trace', -1, -1, 'trace', -1, -1, -1, -1, -1, -1, -1, 'trace', -1, -1, -1, -1, 'trace', -1, -1, -1, -1, -1, -1, -1, 'trace', -1, 'trace', -1, -1, -1, -1, -1, -1, -1, -1, -1, -1, -1, -1, -1, '0.011', -1, -1, -1, 'trace', -1, -1, -1, -1, -1, 'trace', -1, -1, -1, -1, -1, -1, -1, -1, -1, -1, 'trace', 'trace', -1, -1, -1, -1, 'trace']"
CHRYSANTHEMUM_KOMBUCHA_(fermented_for_6_days)_39404.html,"['2680\xa0\xa02680', '150\xa0\xa0150', -1, -1, -1, -1, -1, -1, -1, -1, -1, '1580\xa0\xa01580', '70\xa0\xa070', -1, '1390\xa0\xa01390', '240\xa0\xa0240', -1, -1, -1, -1, '90\xa0\xa090', '240\xa0\xa0240', '260\xa0\xa0260', -1, -1, -1, -1, -1, -1, -1, -1, -1, -1, -1, -1, '2830\xa0\xa02830', '20430\xa0\xa020430', '1760\xa0\xa01760']"
GREEN_TEA_(roasted)_7360.html,"[-1, '8.1', '12.2', -1, '5.4', '0.9', -1, -1, '3.6', '21.6', -1, -1, -1, -1, -1, '1.8', -1, -1, -1, -1, -1, -1, -1, -1, -1, -1, -1, -1, -1, -1, -1, -1, -1, -1, -1, -1, -1, -1, -1, -1, -1, -1, -1, -1, -1, -1, -1, -1, -1, '17.6', -1, -1, -1, -1, -1, -1, -1, -1, -1, -1, -1, -1, -1, '3.6', -1, -1, -1]"
OOLONG_TEA_7312.html,"[-1, -1, -1, -1, -1, -1, -1, -1, -1, -1, -1, -1, -1, -1, -1, -1, -1, -1, -1, -1, -1, -1, -1, -1, -1, -1, -1, -1, -1, -1, -1, -1, -1, -1, -1, -1, -1, -1, -1, -1, -1, -1, -1, -1, -1, -1, -1, -1, -1, -1, -1, -1, -1, -1, -1, -1, -1, -1, -1, -1, -1, -1, -1, -1, -1, -1, -1, -1, -1, -1, -1, -1, -1, -1, -1, -1, -1, -1, -1, -1, -1, -1, -1, -1, -1, -1, -1, -1, -1, -1, -1, -1, -1, -1, -1, -1, -1, -1]"
GREEN_TEA_(powder)_7323.html,[]
BLACK_TEA_7310.html,"[-1, -1, -1, -1, '0.96', -1, '2.92', -1, -1, -1, -1, -1, '1.37', -1, -1, -1, -1, -1, -1, -1, -1, '0.1\xa0—\xa01.8', -1, -1, -1, -1, -1, -1, -1, -1, 'trace\xa0—\xa011.524', 'trace\xa0—\xa01.0833', 'trace\xa0—\xa00.6915', -1, '0.03', -1, -1, -1, -1, -1, -1, -1, '0.6\xa0—\xa01.8', -1, -1, -1, -1, -1, -1, '0.3\xa0—\xa02.6', -1, '0.33', '0.6', -1, -1, -1, -1, -1, -1, -1, -1, -1, -1, '0.01\xa0—\xa01.8', 'trace\xa0—\xa09', '1\xa0—\xa015', -1, -1, '12\xa0—\xa089', '2\xa0—\xa07', '0.51\xa0—\xa04.6', -1, '0.09\xa0—\xa08', -1, '0.03', '0.33\xa0—\xa04.8', -1, -1, '2\xa0—\xa04.1', -1, -1, -1, '1\xa0—\xa07', -1, '0.94', '4.1', -1, '2.5\xa0—\xa02.85', '1.6\xa0—\xa011.9', -1, -1, -1, -1, -1, '0.72', -1, -1, -1, -1, '0.38\xa0—\xa010', -1, -1, '0.16\xa0—\xa00.45', -1, -1, '0.26\xa0—\xa02.01', -1, -1, -1, -1, -1, -1, -1, -1, -1, -1, '0.76', '2\xa0—\xa010', -1, '0.37\xa0—\xa018', '0.76\xa0—\xa01.98', '1\xa0—\xa029.53', '0.08088\xa0—\xa015.355', '0.3371\xa0—\xa014.173', '2.16\xa0—\xa03.51', '4.48', -1, '0.37', '0.46\xa0—\xa015', -1, -1, '0.89\xa0—\xa016', -1, 'trace\xa0—\xa02.7', 'trace\xa0—\xa01.031', 'trace\xa0—\xa01.114', -1, -1, '0.0006\xa0—\xa00.0178', '0.00032\xa0—\xa00.01158', '0.00021\xa0—\xa00.00624', -1, -1, -1, -1, -1, -1, -1, -1, '0.35', -1, -1, '0.2\xa0—\xa00.3', '0.004\xa0—\xa00.3', '0.001\xa0—\xa00.07', '0.1\xa0—\xa00.3', -1, '0.2\xa0—\xa01.6', '0.1\xa0—\xa01.4', -1, -1, -1, -1, -1, -1, -1, '0.24', -1, -1, -1, -1, '0.6\xa0—\xa057', '4.33\xa0—\xa05.66', '0.27\xa0—\xa025', -1, -1, -1, -1, -1, '0.1\xa0—\xa02.7', -1, '2.95', '0.051', -1, '1.78', -1, -1, -1, -1, -1, -1, '0.22', '0.032', '0.087', -1, '0.038\xa0—\xa00.15', '0.16', -1, -1, '0.45\xa0—\xa02.53', -1, '0.073', -1, -1, -1, -1, -1, -1, -1, -1, '0.1\xa0—\xa03.1', -1, -1, -1, -1, -1, -1, -1, -1, -1, -1, '0.57', -1, '0.65\xa0—\xa02', -1, -1, -1, -1, -1, '1.31\xa0—\xa03.12', -1, '0.84', '0.004\xa0—\xa00.04', -1, -1, '0.01\xa0—\xa00.2', -1, -1, -1, -1, -1, -1, -1, -1, -1, -1, -1, -1, -1, -1, -1, '0.13\xa0—\xa00.18', -1, '0.29', -1, -1, -1, -1, -1, -1, -1, -1, -1, -1, -1, -1, -1, '0.062', -1, -1, -1, '0.07', -1, '1.12', '0.33', -1, '0.3', -1, -1, -1, -1, -1, -1, -1, -1, -1, -1, -1, -1, -1, -1, -1, -1, -1, -1, -1, -1, -1, -1, -1, -1, -1, -1, '0.001\xa0—\xa00.21', '0.0011\xa0—\xa01.23', -1, -1, '0.17\xa0—\xa05.73', -1, -1, '2.12', '0.95', -1, -1, -1, -1, -1, -1, '0.44', -1, -1, '0.4', '5.3', -1, '1.4', -1, '1', -1, -1, '0.65\xa0—\xa04.4', -1, -1, -1, -1, -1, -1, -1, -1, -1, -1, '0.35\xa0—\xa012', -1, -1, -1, -1, -1, -1, -1, -1, -1, -1, '0.33', -1, -1, -1, -1, -1, -1, -1, -1, -1, -1, -1, '0.73', -1, -1, -1, -1, -1, '1.81', -1, -1, -1, '0.46', -1, -1, -1, -1, -1, -1, -1, -1, -1, -1, -1, '2.62', -1, '2.15', -1, -1, '0.43', -1, -1, -1, -1, -1, -1, -1, -1, -1, '3.6', -1, -1, -1, -1, -1, -1, -1, -1, -1, '1.3', '0.2\xa0—\xa02.8', -1, -1, -1, -1, -1, -1, '4.2', -1, -1, -1, -1, -1, -1, -1, -1, -1, -1, -1, -1, -1, -1, -1, -1, -1, -1, -1, -1, -1, -1, -1, -1, -1, -1, -1, -1, -1, '1.23', -1, '2.12', '0.4\xa0—\xa02.69', -1, -1, -1, -1, -1, -1, '3\xa0—\xa08', -1, -1, -1, '0.21', -1, -1, '4.98', -1, -1, -1, '1.06', -1, -1, -1, '2.45', -1, -1, -1, '0.05\xa0—\xa00.14', '0.07\xa0—\xa00.13', -1, -1, '4\xa0—\xa022', -1, -1, -1, '2.18\xa0—\xa08.9', -1, -1, -1, -1, -1, -1, -1, -1, -1, -1, -1, -1, -1, -1, -1, -1, -1, -1, -1, -1, -1, -1, -1, -1, -1, -1, -1, -1, '0.29\xa0—\xa02.43', '400', '50', '288', '20\xa0—\xa029', -1, -1, -1, -1, -1, -1, -1, -1, -1, -1, -1, -1, -1, '0.63', -1, -1, -1, -1, '0.45\xa0—\xa01.34', -1, '0.33\xa0—\xa03.4', -1, -1, -1, -1, -1, -1, -1, -1, -1, -1, -1, -1, -1, -1, -1, '0.19', -1, -1, -1, -1, -1, -1, -1, -1, -1, -1, '0.34\xa0—\xa00.65', '0.11\xa0—\xa00.24', -1, -1, -1, -1, -1, -1, '0.75', -1, -1, -1, -1, -1, -1, -1, -1, '0.05\xa0—\xa00.1', -1, -1, '16', '0.3', -1, -1, -1, -1, -1, -1, -1, -1, -1, -1, -1, -1, -1, -1, -1, -1, -1, -1, -1, -1, -1, '0.4\xa0—\xa015', -1, -1, -1, -1, -1, -1, -1, -1, -1, -1, -1, -1, -1, -1, '3.3\xa0—\xa020', 'trace\xa0—\xa02.896', 'trace\xa0—\xa00.4967', 'trace\xa0—\xa010.6', '0.04258\xa0—\xa01.44', 'trace\xa0—\xa00.285', -1, -1, -1, -1, '1.07', -1, -1, -1, -1, '2\xa0—\xa07', '0.17', -1, -1, '0.1', '0.17', -1, -1, -1, -1, -1, -1, -1, '0.56\xa0—\xa00.69', '0.0023\xa0—\xa01.14', '0.0023\xa0—\xa01.132', 'trace\xa0—\xa00.2865', '0.0013\xa0—\xa02.3', '0.00125\xa0—\xa00.3248', 'trace', -1, '1.8\xa0—\xa02', '3.3\xa0—\xa04.4', -1, -1, -1, '0.00085\xa0—\xa00.01004', '0.0011\xa0—\xa00.0097', -1, -1]"
MATE_(roasted)_24820.html,"[-1, -1, -1, -1, -1, -1, -1, -1, -1, -1, -1, -1, -1, -1, -1, -1, -1, -1, -1, -1, -1, -1, -1, -1, -1, -1, -1, -1, -1, -1, -1, -1, -1, -1, -1, -1, -1, -1, -1, -1, -1, -1, -1, -1, -1, -1, -1, -1, -1, -1, -1, -1, -1, -1, -1, -1, -1, -1, -1, -1, -1, -1, -1, -1, -1, -1, -1, -1, -1, -1, -1, -1, -1, -1, -1, -1, -1, -1, -1, -1, -1, -1, -1, -1, -1, -1, -1, -1, -1, -1, -1, -1, -1, -1, -1, -1, -1, -1, -1, -1, -1, -1, -1, -1, -1, -1, -1, -1, -1, -1, -1, -1, -1, -1, -1, -1, -1, -1, -1, -1, -1, -1, -1, -1, -1, -1, -1, -1, -1, -1, -1, -1, -1, -1, -1, -1, -1, -1, -1, -1, -1, -1, -1, -1, -1, -1, -1, -1, -1, -1, -1, -1, -1, -1, -1, -1, -1, -1, -1, -1, -1, -1, -1, -1, -1, -1, -1, -1]"
BLACK_TEA_KOMBUCHA_(fermented_for_6_days)_39403.html,"['1870\xa0\xa01870', '210\xa0\xa0210', -1, -1, -1, -1, -1, -1, -1, -1, -1, -1, '1360\xa0\xa01360', '140\xa0\xa0140', -1, '3960\xa0\xa03960', -1, -1, -1, -1, '370\xa0\xa0370', '380\xa0\xa0380', '60\xa0\xa060', -1, -1, -1, -1, -1, -1, -1, -1, -1, -1, -1, '460\xa0\xa0460', '40410\xa0\xa040410', '380\xa0\xa0380']"
MICROBIAL_FERMENTED_(DARK)_TEA_7340.html,"[-1, -1, -1, -1, -1, -1, -1, -1, -1, -1, -1, -1, -1, -1, -1, -1, -1, -1, -1, -1, -1, -1, -1, -1, -1, -1, -1, -1, -1, -1, -1, -1, -1, -1, -1, -1, -1, -1, -1, -1, -1, -1, -1, -1, -1, -1, -1, -1, -1, '1', -1, '1', '10', -1, '2', '8', '9', -1, -1, '3', -1, '2', '5', '2', -1, -1, '11', -1, -1, '10', '3', '3', -1, '6', -1, 'trace\xa0—\xa026', 'trace\xa0—\xa00.01578', 'trace\xa0—\xa00.00676', '23', '11', -1, '17', 'trace\xa0—\xa020', 'trace\xa0—\xa00.00842', 'trace\xa0—\xa00.01374', '1', -1, 'trace', 'trace', '2', 'trace', 'trace', -1, '3', '11', '16', -1, '5', -1, '3', '7', '4', '6', '16', '2', '6', '26', '5', '9', '1', '11', '5', '4', '2', '20', '6', '14', '6', '6', '4', '9', '1', -1, '2', '4', -1, -1, '7', '1', -1, '1', '1', -1, '2', '1', '2', '3', -1, '2', '2', '10', '1', '3', 'trace', -1, '2', '2', -1, -1, -1, '2', 'trace', '6', '14', '5', -1, '16', -1, -1, -1, '1', '7', '9', '6', -1, '0.0017\xa0—\xa014', '13', -1, '8', '1', '5', -1, 'trace', -1, -1, '1', '2', '2', -1, -1, '2', -1, '2', 'trace', -1, -1, -1, -1, '2', -1, '6', '1', '23', 'trace', -1, '1', -1, '16', '10', '30', -1, -1, -1, -1, -1, -1, '2', -1, -1, -1, -1, -1, -1, '2', 'trace', 'trace', -1, '1', -1, -1, -1, -1, -1, -1, -1, -1, '14', -1, -1, '20', '1', -1, -1, '0.0832\xa0—\xa067', '0.05823\xa0—\xa00.2428', '0.02496\xa0—\xa00.08531', '0.0766\xa0—\xa044', '0.04823\xa0—\xa00.1213', '0.02772\xa0—\xa00.07437', '2', -1, '2', '6', -1, '3', -1, '1', '0.0377\xa0—\xa026', '0.03766\xa0—\xa00.2659', 'trace', '0.0012\xa0—\xa018', 'trace', '0.00121\xa0—\xa00.0024']"
WHITE_TEA_7390.html,"['trace\xa0—\xa00.0642', 'trace\xa0—\xa00.04121', 'trace\xa0—\xa00.02503', '1.132\xa0—\xa09.855', '0.03396\xa0—\xa09.56', '0.2957\xa0—\xa05.221', 'trace\xa0—\xa00.066', 'trace\xa0—\xa00.0198', '0.00343\xa0—\xa00.04619', '0.0006\xa0—\xa00.0007', '0.00039\xa0—\xa00.00047', '0.00021\xa0—\xa00.00031', '0.0012\xa0—\xa00.0119', '0.346\xa0—\xa01.863', '0.1773\xa0—\xa01.863', 'trace\xa0—\xa00.2151', '0.1358\xa0—\xa00.774', '0.0421\xa0—\xa00.774', 'trace\xa0—\xa00.09998', '0.074\xa0—\xa00.852', '0.0271\xa0—\xa00.8521', 'trace\xa0—\xa00.04689', '0.0274\xa0—\xa00.119', '0.02738\xa0—\xa00.119', 'trace', '0.001\xa0—\xa00.0055', '0.0026\xa0—\xa00.0055']"
COCOA_LIQUOR_27820.html,"[-1, '0.2', '0.1', '0.1', '0.1', -1, -1, '0.03', -1, '0.01', -1, -1, -1, -1, -1, -1, -1, -1, -1, -1, -1, -1, -1, -1, -1, -1, -1, 'trace', '0.05', -1, -1, 'trace', 'trace', 'trace', -1, -1, -1, -1, '0.05', -1, -1, -1, -1, '0.1', -1, -1, -1, '0.1', -1, '1.3', '0.3', -1, -1, -1, '5\xa0—\xa040', -1, -1, -1, -1, -1, -1, -1, -1, -1, -1, -1, -1, -1, -1, -1, '0.7', -1, -1, -1, -1, -1, '0.2', '0.1', '0.1', -1, '0.1', -1, '0.2', -1, '1.8', '0.2', -1, '7800\xa0—\xa013700', -1, -1, -1, -1, -1, -1, -1, '0.2', '0.3', -1, -1, -1, -1, -1, -1, -1, -1, -1, -1, -1, -1, '5300\xa0—\xa08700', -1, -1, '2300\xa0—\xa04400', '8100\xa0—\xa016700', -1, -1, -1, -1, -1, -1, -1, -1, -1, -1, '0.2', -1, -1, -1, -1, '0.05', '1', -1, -1, -1, '0.1', '0.1', '0.5', '0.1', -1, '0.1', -1, -1, -1, -1, 'trace', -1, -1, -1, -1, 'trace', -1, -1, -1, -1, -1, -1, -1, -1, -1, -1, -1, -1, -1, -1, -1, -1, -1, -1, -1, -1, -1, -1, -1, -1, -1, -1, -1, -1, -1, -1, -1, -1, -1, -1, -1, -1, -1, -1, -1, -1, -1, -1, -1, -1, -1, -1, -1, -1, -1, -1, -1, -1, -1, -1, -1, -1, -1, -1, -1, -1, '0.0028\xa0—\xa01.3', -1, -1, -1, -1, '0.2', '0.1\xa0—\xa01.6', -1, -1, -1, -1, -1, -1, -1, -1, -1, -1, -1, -1, -1, -1, -1, -1, -1, -1, -1, -1, -1, -1, '0.0084\xa0—\xa010.5', -1, '0\xa0—\xa02.8', -1, -1, -1, 'trace', -1, -1, -1, -1, -1, -1, -1, -1, -1, -1, '0.7', -1, -1, -1, -1, '0.078\xa0—\xa010.1', '0.4', -1, -1, -1, -1, -1, -1, -1, -1, -1, -1, -1, -1, -1, -1, -1, -1, -1, -1, -1, -1, '0\xa0—\xa02.3', -1, -1, -1, 'trace', -1, -1, -1, -1, -1, '0.2', -1, -1, -1, -1, -1, -1, -1, -1, -1, '0.1', -1, -1, -1, -1, -1, -1, -1, -1, -1, -1]"
FERMENTED_COCOA_BEANS_27810.html,"['1.49', '0.19', -1, '0\xa0—\xa00.98', -1, '0.2\xa0—\xa011.29', -1, -1, -1, '0.27', -1, '0.58\xa0—\xa01.16', '0\xa0—\xa04.7', '0.2\xa0—\xa01.6', -1, '0.6\xa0—\xa013.18', '3\xa0—\xa07', '0.109\xa0—\xa02.075', '0.058\xa0—\xa014', -1, '0.00094', '3.48', '0.016\xa0—\xa05.05', '5\xa0—\xa017', '1.5\xa0—\xa03', '0\xa0—\xa01', -1, '0.00021', -1, '0.5\xa0—\xa01.4', '1100\xa0—\xa010000', '20\xa0—\xa090', '9.7\xa0—\xa0200', '0.57', '3.37', '9.33\xa0—\xa0190', -1, -1, -1, -1, -1, -1, -1, -1, -1, -1, '5.08', -1, -1, -1, -1, -1, -1, '0\xa0—\xa023', -1, -1, '0.3\xa0—\xa05.91', -1, -1, '0.1\xa0—\xa01', -1, '0.3\xa0—\xa07.11', '0.031', -1, '0.036', -1, -1, '1.1', -1, '2.82', '1.34', '0.69', '<0.1', '1.95', -1, '0.08', '0.017', '0.044', '0.056\xa0—\xa00.331', -1, -1, '0.227\xa0—\xa01.168', '0\xa0—\xa03', '0\xa0—\xa02', '0\xa0—\xa00.7', '0.1\xa0—\xa03.5', '0.019', '0.005', '0.0012', '0.15\xa0—\xa015.6', -1, '0.001', '<0.1', '0.00013', '0.0091', '0.19', '0.79', '0.69', -1, '0.0053', '0\xa0—\xa01.5', '8\xa0—\xa010', '0.0086', '0.017', -1]"
COCOA_BEANS_(ferment._w._2_yeast_strains_+_dried)_27813.html,"[-1, -1, -1, -1, -1, -1, -1, -1, -1, -1, -1, -1, -1]"
DARJEELING_TEA_(BLACK_TEA)_(brewed)_7317.html,"[-1, -1, -1, -1, -1, -1, -1, -1, -1, -1, -1, -1, -1, -1, -1, -1, -1, -1, -1, -1, -1, -1, -1, -1, -1, -1, -1, -1, -1, -1, -1, -1, -1, -1, -1, -1, -1, -1]"
CHAMOMILE_TEA_(Matricaria_chamomilla)_7327.html,"[-1, -1, -1, -1, -1, -1, -1, -1, -1]"
PURPLE_GREEN_TEA_7325.html,"['0.78', '1.66', '1.4', '2.63', '0.33', '0.23', '0.19', '1.48', '0.5', '0.07', '0.14', '0.23', '0.23', '1.89', '6.69', '0.87', '2.88', '1.63', '0.66', '0.52', '0.76', '1', '0.19', '0.11', '6.05', '0.27', '3.23', '0.25', '0.66', '1', '0.28', '0.08', '0.07', '0.23', '0.56', '1.46', '3.74', '2.53', '0.23', '7.28', '2.13', '0.46', '0.61', '1.61', '2.92', '2.11', '1.43', '0.87', '0.67', '0.06', '0.02', '1.67', '3.56', '0.43']"
COCOA_BEANS_(S._cerevisiae_fermented_and_dried)_27811.html,"[-1, -1, -1, -1, -1, -1, -1, -1, -1, -1, -1, -1, -1, -1, -1]"
OOLONG_TEA_(brewed)_7313.html,"[-1, -1, -1, -1, -1, -1, -1, -1, -1, -1, -1, -1, -1, -1, -1, -1, -1, -1, -1, -1, -1, -1, -1, -1, -1, -1, -1, -1, -1, -1, -1, -1, -1, -1, -1, -1, -1, -1, -1, -1, -1, -1, -1, -1, -1, -1, -1, -1, -1, -1, -1]"
RED_OOLONG_TEA_(brewed)_7314.html,"[-1, -1, -1, -1, -1, -1, -1, -1, -1, -1, -1, -1, -1, -1, -1, -1, -1, -1, -1, -1, -1, -1, -1, -1, -1, -1, -1, -1, -1, -1, -1, -1, -1, -1, -1, -1, -1, -1, -1, -1, -1, -1, -1, -1, -1, -1, -1, -1]"
MILK_CHOCOLATE_27860.html,"[-1, -1, -1, -1, -1, -1, '2\xa0—\xa011', -1, -1, -1, -1, -1, -1, -1, -1, -1, -1, -1, -1, -1, -1, -1, -1, -1, -1, -1, -1, -1, -1, -1, -1, -1, -1, -1, -1, -1, -1, -1, -1, -1, -1, -1, -1, -1, -1, -1, -1, -1, -1, -1, -1, -1, -1, -1, -1, -1, -1, -1, -1, -1, -1, -1, -1, -1, -1, -1, -1, -1, -1, -1, -1, -1, -1, -1, -1, -1, -1, -1, -1, -1, -1, -1, -1]"
PEPPERMINT_TEA_(Mentha_x_piperita)_7328.html,"[-1, -1, -1, -1, -1]"
COLOMBIAN_COFFEE_(green)_7201.html,"['0.53\xa0\xa00.53', '0.03', '0.175', '0.775', '0.02', '0.01', '0.104', '0.075', '0.02', '0.075', '0.075', '0.008', '0.28', '0.035', -1, '0.01', '0.045', '0.02', '0.105', '0.63', '0.445', '0.01', '0.09', -1, -1, '<5', '0.1']"
GREEN_MATE_24810.html,"[-1, -1, -1, -1, -1, -1, -1, -1, -1, -1, -1, -1, -1, -1, -1, -1, -1, -1, -1, -1, -1, -1, -1, -1, -1, -1, -1, -1, -1, -1, -1, -1, -1, -1, -1, -1, -1, -1, -1, -1, -1, -1, -1, -1, -1, -1, -1, -1, -1, -1, -1, -1, -1, -1, -1, -1, -1, -1, -1, -1, -1, -1, -1, -1, -1, -1, -1, -1, -1, -1, -1, -1, -1, -1, -1, -1, -1, -1, -1, -1, -1, -1, -1, -1, -1, -1, -1, -1, -1, -1, -1, -1, -1, -1, -1, -1, -1, -1, -1, -1, -1, -1, -1, -1, -1, -1, -1, -1, -1, -1, -1, -1, -1, -1, -1, -1, -1, -1, -1, -1, -1, -1, -1, -1, -1, -1, -1, -1, -1, -1, -1, -1, -1, -1, -1, -1, -1, -1, -1, -1, -1, -1, -1, -1, -1, -1, -1, -1, -1, -1, -1, -1, -1, -1, -1, -1, -1, -1, -1, -1, -1, -1, -1, -1, -1, -1, -1, -1, -1, -1, -1, -1, -1, -1, -1]"
PARTIALLY_FERMENTED_TEA_7330.html,"['0\xa0—\xa00.9', '0\xa0—\xa02', '0\xa0—\xa00.2', '0\xa0—\xa05', -1, '0\xa0—\xa00.5', -1, '0\xa0—\xa00.3', '0.00181\xa0—\xa00.09402', '0.00213\xa0—\xa00.01054', '0\xa0—\xa00.2', '0\xa0—\xa01.2', -1, 'trace', '0.1\xa0—\xa00.5', '0\xa0—\xa01.2', '0\xa0—\xa00.2', '0\xa0—\xa00.1', '0\xa0—\xa00.7', '0\xa0—\xa00.5', '1.5\xa0—\xa015', '0.3\xa0—\xa03', '0\xa0—\xa00.4', -1, '0\xa0—\xa0164', '0\xa0—\xa034', -1, -1, '0\xa0—\xa02.1', -1, '0\xa0—\xa01.3', -1, '0\xa0—\xa00.1', '0\xa0—\xa04.8', '2.8\xa0—\xa05.3', '0.2\xa0—\xa01', '0\xa0—\xa00.2', '1.5\xa0—\xa03.8', '0\xa0—\xa00.3', '0.0534\xa0—\xa01.071', '0.0064\xa0—\xa00.1392', '0.04696\xa0—\xa00.9318', '1.9\xa0—\xa013.8', -1, '0.6\xa0—\xa049', '0.5\xa0—\xa017', -1, 'trace\xa0—\xa00.0036', '0\xa0—\xa00.00179', 'trace\xa0—\xa00.0018', '0.0006\xa0—\xa00.0009', '0.00035\xa0—\xa00.00049', '0.00028\xa0—\xa00.00041', '0\xa0—\xa00.4', '0\xa0—\xa00.6', '6\xa0—\xa013', '0\xa0—\xa00.5', '0.3\xa0—\xa01.7', '0\xa0—\xa01.5', -1, '0\xa0—\xa00.9', -1, -1, -1, '0\xa0—\xa00.7', '0\xa0—\xa00.4', '0\xa0—\xa00.9', -1, '1\xa0—\xa014', -1, '0.2\xa0—\xa08', '0\xa0—\xa01.7', -1, -1, -1, -1, -1, -1, -1, '0.6\xa0—\xa03.4', -1, '0.1\xa0—\xa00.2', '0.0017\xa0—\xa00.006', '0.2\xa0—\xa00.9', -1, '0\xa0—\xa00.1', -1, -1, -1, -1, -1, -1, '0\xa0—\xa00.1', -1, '0\xa0—\xa00.1', '19\xa0—\xa026', '0\xa0—\xa00.8', '0.1\xa0—\xa00.2', '0\xa0—\xa00.2', -1, -1, '0.1', -1, -1, '0\xa0—\xa01.4', '0.08\xa0—\xa01.7', '0.2\xa0—\xa00.24', '0\xa0—\xa00.1', -1, '0.3\xa0—\xa04.9', -1, -1, -1, -1, '0\xa0—\xa02.8', -1, -1, '0\xa0—\xa00.5', '2\xa0—\xa010', '0.2\xa0—\xa00.8', -1, '0\xa0—\xa00.2', -1, -1, -1, '0.1\xa0—\xa00.2', -1, -1, -1, -1, '0.013\xa0—\xa02', '0.01297\xa0—\xa00.303', 'trace\xa0—\xa00.1065', '0.0135\xa0—\xa03.3', '0.01044\xa0—\xa00.5583', 'trace\xa0—\xa00.5186', -1, -1, -1, '0.0145\xa0—\xa00.1176', '0.01448\xa0—\xa00.1038', 'trace\xa0—\xa00.01377', '0.0336\xa0—\xa04.7', '0.03356\xa0—\xa00.6836', 'trace', -1, -1, '0.0024\xa0—\xa00.0097', '0.0016\xa0—\xa00.0093']"
PURPLE_BLACK_TEA_7315.html,"['0.12', '0.45', '1.97', '3.72', '0.69', '0.39', '0.06', '0.32', '0.69', '0.11', '2.65', '0.51', '0.18', '0.56', '8.76', '1.67', '8.23', '1.24', '0.8', '1.09', '1.32', '0.74', '0.52', '0.34', '4.49', '0.85', '1.46', '0.32', '4.03', '0.62', '0.27', '0.03', '0.04', '0.39', '1.62', '2.98', '2.43', '0.57', '0.21', '2.35', '1.67', '1.22', '0.54', '3.53', '0.83', '2.51', '1.54', '1.53', '2.32', '0.48', '0.17', '3.82', '9.2', '0.73']"
