,PC1,PC2,PC3
NOBIRU (Allium grayi Regal),0.6879689006209421,0.11142911991358417,2.513396731859902
BRUSSELS SPROUTS (Brassica oleracea var gemmifera),0.6605438289677151,-0.3735328785497136,1.3529137112236849
LEEK (Allium porrum L.) (raw),0.5419672561733275,-0.5182161492395081,-0.4578794207259933
LEEK (Allium porrum L.) (heated),0.3388968726115073,-0.1502166383161785,0.4591178704685702
CELERY LEAVES and or STALKS,0.6719340043320585,-0.41437253599364593,0.3555892347164267
KOHLRABI,0.6727425723601848,-0.39145184889164003,1.553077795274978
CHILI PEPPER PERICARP (C. chinense×C. frutescens),0.6512183266605123,-0.3608003694349542,1.504723298895371
CAULIFLOWER (raw),-0.21178664106633102,-0.3739648832301032,1.3920372212196255
BROCCOLI (raw),0.46170181885570905,-0.37738367278483637,1.3003131539772776
KALE,0.22498607759378772,-0.45526788723941675,2.295517462029037
SHALLOT (Allium cepa L. aggregatum),0.590264499952888,-0.4212102286530708,0.7715883127479709
CHILI PEPPER PLACENTA (C. annuum),0.6535850849806881,-0.3662608098656832,1.5094279134577
BEETROOT (raw),0.28404389233085936,-0.37048954866897943,1.1508567943601213
CAPSICUM CHINENSE,0.6879760950924182,-0.3964455206878292,0.7071662309771108
CHIVE (Allium schoenoprasum L.),0.5436826134000614,-0.5026968192007387,0.37004389036185936
"GARLIC (BAKED, FRIED)",0.6947967974221293,-0.35117897486268396,1.6979701876422038
CHILI PEPPER PLACENTA (C. chinense),0.6518569952331714,-0.36206749833535556,1.5045055880068812
BEANS (heated),-0.45762984791818134,-0.6252695450121464,-3.0146341002124806
CHINESE CABBAGE,0.6512026631741694,-0.38199282550094954,1.216116148127096
CHILI PEPPER (capsicum frutescens),0.5855597490738561,-0.8362605534699533,-0.6304281637766429
"PAPRIKA, BELL SWEET PEPPER(capsicum annuum) uncat.",0.012733742650542761,-0.6909781891518461,-3.995939288790432
BEANS (raw),-0.07262537043189653,-0.3412777918442233,-0.1979052078338591
CABBAGE (raw),0.27323952730380446,-0.4943753428034801,-0.3601180117622708
ONION (Allium cepa L.) (cooked),0.6504146935469608,-0.3541619374513345,1.5173050173847442
CHILI PEPPER PLACENTA (C. baccatum),0.6506333076264753,-0.36105461937906436,1.4887970519071554
GARLIC (Allium sativum L.),0.8517993172352675,-0.4033963283823078,2.390372074617898
CHILI PEPPER PERICARP (C. baccatum),0.650672354479123,-0.3606694232180257,1.4925919545902804
BEETROOT (cooked),0.6998324919827298,-0.3832854053405258,1.1919478474656615
JERUSALEM ARTICHOKE (Helianthus tuberosus),0.652412181893671,-0.3568922420739609,1.5305632600263641
CARROT (Daucus carota L.),0.5161749045880428,-0.3967517192938822,1.784995988597638
ONION (Allium cepa L.) (roasted),1.6090397453204535,-0.7386293474644069,-4.011209820998045
CAUCAS (Allium victoralis L.),0.5735145673782766,-0.38267009456115914,1.2573463551957365
ASPARAGUS (cooked),0.6470587895889418,-0.3530340145487003,1.9273679525815985
NIRA (Allium tuberosum Rottl.),0.6554028737186386,-0.34155824023689796,1.9052999133429032
CHILI PEPPER PERICARP (C. chinense),0.6511788870899269,-0.3614318546279802,1.5008282354935722
GARLIC ESSENTIAL OIL,0.7007491245054063,-0.09583341385809833,1.8870802749073285
CHILI PEPPER PLACENTA (C. chinense×C. frutescens),0.6522272793110827,-0.3634607628810621,1.5062954244847815
CABBAGE (cooked),0.4279730916588044,-0.3606379407373889,1.4228128567632619
"GREEN PAPRIKA, BELL SWEET PEPPER (capsicum annuum)",0.6546343697729817,-0.36003491218416733,1.5454564461867557
ONION (Allium cepa L.),0.2393241817896116,-0.6806594022997093,-1.1267544934410196
SCALLION (Allium fistulosum L. var. caespitosum),0.6935843972544071,-0.4204792973405099,1.829367077627901
CAULIFLOWER (cooked),0.6621617411499368,-0.366475727268668,1.4708344868701206
WELSH ONION (Allium fistulosum L. var. maichuon),0.699985902084803,-0.4305404738545331,1.8768985024211857
CASSAVA (Manihot esculenta Crantz),0.20252278702751456,-0.47940370110160363,-0.40494708537884944
ASPARAGUS (raw),2.307406262910575,-0.5348356685018035,-3.7758832364400976
BROCCOLI (cooked),0.6503787453486304,-0.36577511642994254,1.393591607671826
"AUBERGINE, EGGPLANT (Solanum melongena L.)",0.6473281248507728,-0.37246639558648975,1.3881466505626194
TURNIP,0.6488754211190099,-0.37828586259942365,1.1771160377812002
GLOBE ARTICHOKE (Cynara scolymus L.),0.6504092191249844,-0.35500398350201584,1.5174014433682552
CHILI PEPPER PERICARP (C. annuum),0.6512248220519024,-0.36241103062020324,1.4992991273604217
"RED PAPRIKA, BELL SWEET PEPPER (capsicum annuum)",0.6573755213122485,-0.36400703223207015,1.562952449319885
BLACK TEA,-8.846553607575263,-10.339006337326934,-252.74489594083968
SENCHA TEA (GREEN TEA),1.3923575284899348,-1.3819609884499773,-8.345193052052068
RED OOLONG TEA (brewed),0.6435257879119267,-0.40229554625752284,0.4910780933302445
GREEN TEA (roasted),1.2179423047450901,-0.43988263007982353,0.23561285695675188
PURPLE BLACK TEA,0.24904447753598188,-0.38079792257065126,0.7283530741252257
CHRYSANTHEMUM KOMBUCHA (fermented for,0.6519589419573117,-0.3003179172584188,1.4340362947472596
WHITE TEA KOMBUCHA (fermented for,0.6508551983203739,0.47448605892883505,1.390265758581489
COCOA BEANS (fermented w o inoculum and dried),0.6818495235421616,-0.3755686558199111,1.2374585113947831
BLACK TEA KOMBUCHA (fermented for,0.652583228851914,0.6160204255301834,1.3279834870106604
GREEN TEA (powder),0.6504146876416402,-0.3541619201838742,1.5173049144324822
MICROBIAL FERMENTED (DARK) TEA,1.4573780361305064,-0.5568429196947707,-0.40561045817340635
MILK CHOCOLATE,1.5394054764197906,-0.4914869107044472,-0.39106005718704456
DARK CHOCOLATE,0.7572670816733702,-0.47065962834995656,-0.5915554484632983
CHAMOMILE TEA (Matricaria chamomilla),0.6524799578200147,-0.3531429219303763,1.5301942186029012
PARTIALLY FERMENTED TEA,0.6929007016127108,-0.4340584176461793,0.5631587805533831
GREEN TEA KOMBUCHA (fermented for,0.650286192851812,-0.04730092925951926,1.4067723790296225
BLACK TEA (brewed),0.3591421921391433,-0.44122741295360113,-0.8647126095970418
GREEN MATE,0.63064618366676,-0.49122508968657597,-2.4005421304363352
PURPLE GREEN TEA,0.4871026544374791,-0.39891366046658405,0.37617905780126015
GREEN TEA,2.2852888688280943,-0.7947520337956152,-6.988026435489729
QIMEN BLACK TEA,0.6504145001998239,-0.35416339743978925,1.5173034725255155
OOLONG TEA (brewed),0.73767328677815,-0.40502832988189147,0.5845375325307673
PEPPERMINT TEA (Mentha x piperita),0.6525328961560852,-0.3576640350382616,1.5326149044513335
HONEYSUCKLE KOMBUCHA (fermented for,0.6512548688408861,-0.3308446649821507,1.467612162898501
GYOKURO TEA (GREEN TEA),1.3540716082966442,-0.8394825393493043,-1.5698635510351597
COCOA BEANS (P. kudriavzevii fermented and dried),0.6664755156792195,-0.3757000174261811,1.1219880861687537
ROOIBOS TEA (Aspalathus linearis),-2.4664948622577434,-0.5460676580490008,-6.420184504620512
DARJEELING TEA (BLACK TEA),0.6356567054911878,-0.38000092372488276,0.8862795846581333
COLOMBIAN COFFEE (green),0.8035776348495085,-0.3518020784732588,1.621833462835092
COCOA BEANS (ferment. w.,0.676049604739514,-0.36638050047868215,1.282245865076374
DARJEELING TEA (BLACK TEA) (brewed),0.6454223013293848,-0.40964056037873847,0.3285831880004493
MINT KOMBUCHA (fermented for,0.6505481672038582,-0.33439912295168595,1.4180497898407065
KUROMOJI TEA (Lindera umbellata branches),0.6504145007822173,-0.354162467122343,1.5173035900500353
KUROMOJI TEA (Lindera umbellata leaves),0.6504145730023624,-0.354162775958862,1.517304080170134
WHITE TEA,0.653565491730224,-0.35807644152595997,1.528662291828653
FERMENTED COCOA BEANS,0.16432060754548697,-0.36957163028726847,-0.0901206814372145
COCOA POWDER,-1.157454436385896,-0.8769805881157136,-6.697510167271308
COCOA BEANS (S. cerevisiae fermented and dried),0.6760493266750345,-0.36664711755943685,1.2825394718496828
COCOA BUTTER,-5.788190165041072,-1.4440686621535233,-5.944133523107768
MATE (roasted),0.9529938696273418,-0.4580037301373024,-3.304359468766095
MATCHA (GREEN TEA),0.6815806444546415,-0.4069459590601412,0.8772024551004132
ROASTED COCOA BEANS,1.1393462678105086,-0.6466394710899543,-3.7289589730635813
OOLONG TEA,0.7120817294296873,-0.47874836006716576,-1.3043723281877542
COCOA LIQUOR,-7.512706380833792,-2.801415898333624,-23.864290940725017
COFFEE,-665.5872911434077,0.6247607241636329,12.609888815256332
"FILBERT, HAZELNUT (roasted)",-0.8723774459228332,0.7666959874410042,-10.970096668011376
MACADAMIA NUT (Macadamia integrifolia) (raw),0.6519410786194824,-0.347717366887562,1.61694408484763
CASHEW NUT (roasted),0.6768004640909814,-0.32216216533827474,2.828660511727458
COCONUT (roasted),-1.6286487679302186,-0.2765478147263365,3.5749930789777564
CHINESE CHESTNUT (Castanea molissima) (roasted),-0.8037197618338338,-0.41614343994305153,1.1715906974856816
WALNUT KERNEL (Juglans regia L.),-0.9258324351830808,-0.5677014420925203,-1.5308619608330116
COCONUT MEAT,0.7099995138896593,-0.3645638166075698,1.9910590621579576
PECAN (raw),0.26640556392613757,-0.46304616084043565,-1.4461793591746723
COCONUT OIL,0.6638470023774704,-0.273563554010369,1.9104320325284487
ITALIAN CHESTNUT (Castanea sativa Mill.) (raw),0.6504142632407716,-0.35416136202859,1.5173022990538045
CANDLENUT (Aleurites moluccana),0.6564254276722968,-0.36247034520647164,1.5576695835438605
MACADAMIA NUT (Macadamia integrifolia) (roasted),0.6363669255871656,-0.383384983990398,1.0926920928832116
WALNUT STEM BARK (Juglans regia L.),0.6504120067093436,-0.35415806701717545,1.5172874851752454
WALNUT KERNEL OIL (Juglans regia L.),0.3127540918528214,-0.2989322905307315,0.6229192157713027
"FILBERT, HAZELNUT (raw)",1.2276759031263063,-0.35433697820380433,1.2615506607616604
ALMOND HULL (mission),0.5874286729965705,-0.36130690397849474,1.4165120149536818
PEANUT (roasted),-3.408781231049778,-2.436643969087767,-31.162456768292266
PISTACHIO NUT (Pistacia vera) (raw),0.6652502722016882,-0.35201338428862505,1.5415212064388113
CHESTNUT FLOWER,0.5445277198901297,-0.29314688500397906,1.6365541815499902
COCONUT MILK,0.6500640360906325,-0.3588290938089701,1.4900013413145585
ITALIAN CHESTNUT (Castanea sativa Mill.) (roasted),0.5250498512243247,-0.4178798651390535,0.18082772067335248
CHINESE CHESTNUT (Castanea molissima) (raw),0.6504142632407716,-0.35416136202859,1.5173022990538045
MANCHURIAN WALNUT (Juglans mandshurica Maxim.),0.6584493541804266,-0.3653443563928917,1.571643861867595
PECAN (roasted),0.4249256120058349,-0.3615233627381811,1.4393805694870396
PEANUT (raw),0.5961797328280145,-0.3507948451316027,0.9134731116702475
ALMOND HULL (nonpareil),0.5874286729965705,-0.36130690397849474,1.4165120149536818
ALMOND (roasted) (Prunus amygdalus),-1.1735715768468578,-0.3251641939633821,2.1615306972031325
WALNUT ROOT BARK (Juglans regia L.),0.6504128662337922,-0.3541595837991014,1.5172931425776808
PISTACHIO NUT (Pistacia vera) (roasted),0.8006148753602577,-0.39312929748163733,0.967747855200083
GREEN WALNUT HUSK (dried unripe)(Juglans regia L.),0.6583654238053185,-0.3671969969710683,1.490794178872771
CHINESE CHESTNUT (Castanea molissima) (boiled),-0.12725476195467522,-0.42122017831036473,0.9296798654723339
PEANUT OIL,0.4076439495862368,-0.48987654374815764,-1.2861548355421724
ALMOND OIL (Amygdalus communis),0.611425270815035,-0.3863496627068929,1.1007711199990253
BRAZIL NUT (Bertholletia excelsa),0.4029092980168425,-0.4158494147548974,0.6570233872184117
PEANUT BUTTER,1.1858244684021475,-0.44274881309730296,0.8059819656626138
CASHEW NUT (raw),0.660881641241641,-0.3281077724939216,2.3648633426873253
WALNUT PELLICLE (Juglans regia L.),0.6641772076511802,-0.3768768142467351,1.5637389116926532
ITALIAN CHESTNUT (Castanea sativa Mill.) (boiled),0.6504142632407716,-0.35416136202859,1.5173022990538045
CHICKEN BREAST (raw),0.6514907640915487,-0.35570533824495315,1.5251309308815022
"MORTADELLA (briefly cooked, stored",0.5464522343944768,-0.36203692152935213,0.9794509140912865
XUANWEI HAM,0.6504146876416402,-0.3541619201838742,1.5173049144324822
CHICKEN BREAST (cooked) (Leghorn breed),0.7274204490048153,-0.3819936050021631,1.6582220155876926
LAMB and MUTTON FAT (heated),0.8265725886283221,-0.6839335428171288,-2.567465473601829
"PORK, CURED (boiled, cooked)",0.8286634969180718,-0.5860594581492142,-4.910158515502022
CHICKEN SKIN (raw),0.6516991600231133,-0.3561002782726074,1.5266893851026344
BEEF (canned),-0.8528383119828681,-0.6105834198689643,-4.215331229334195
CHICKEN (roasted),0.9429608720462077,-0.5540862327303875,-0.9076036900377533
PORK LIVER,2.849469689083358,-0.9489484796189502,-11.508840531930813
CHICKEN BREAST (raw) (Leghorn breed),0.68417342718643,-0.37314383388224526,1.6091012524185055
CHICKEN BREAST (raw) (Ross,0.6891438503687282,-0.3742900130075437,1.6150055150216753
MUTTON (cooked),0.6548394442277066,-0.35178989120218856,1.621512941129486
CHICKEN (fried),-0.8765891659025784,-1.3552681682128922,-19.142985529675546
CHICKEN BREAST (cooked) (Hubbard Red JA breed),0.7182180559287779,-0.37751501469107884,1.6332748983786778
"BEEF (grilled, roasted)",-10.02891494365984,-2.045942990171798,-37.228665893489506
BEEF (fried),1.6151489983027183,-0.4748412124973525,-0.9815968000088341
"PORK, CURED (smoked)",-0.5208713630937276,-0.2548690412044179,0.3875456891516113
CHICKEN SKIN (sugar-smoked),0.6337382411456581,-0.3775577548011071,1.7856862750000893
STEWED BEEF JUICE,0.39878126381847423,-0.3825806475439225,1.167801082007119
CHICKEN BREAST (cooked) (Ross,0.7326801730812954,-0.37565356200098243,1.6227649510272253
LAMB (raw),0.6575507617497746,-0.3559016971594446,1.7405602589288385
"PORK, CURED (raw)",0.43875082704527835,-0.3837436175966587,-0.3323157896877048
BEEF (raw),0.557761240883608,-0.4090777124015377,0.4169427235310794
"BEEF (boiled, cooked)",-18.64846431485297,-6.56502091143509,-179.58983118093744
CHICKEN EGG (boiled),-1.743987851659486,-0.4781406045817824,-5.03922000853412
"PORK, CURED (fried)",-3.8736979058057366,-0.933905967497124,-6.971749278046256
"PORK, UNCURED (smoked)",0.014735810355682617,-0.36801315751547414,1.828289554161822
JINHUA HAM,0.22431783363775382,-0.0687074551344705,2.7000572101038154
"PORK, UNCURED (boiled, cooked)",-1.9835435940078479,-0.90446488916572,-17.1311234457271
CHICKEN BREAST (raw) (Naked Neck breed),0.6836292647003727,-0.3763885208713185,1.6255208071800442
"PORK, UNCURED (grilled, roasted)",0.6640525354317368,-0.37840879553012974,1.6198457086546987
CHICKEN (cooked),-1.9847286512255335,-1.3662704306854707,-18.34767000309634
LAMB (roasted),0.3963163963926562,-0.42430611637307314,0.40441129866623926
CHICKEN SKIN (baked),0.6554852213938448,-0.3614011487316444,1.5542476918724701
MUTTON (raw),0.6697161191139521,-0.30867631955193536,2.723387548847618
"MORTADELLA (traditionally cooked, fresh)",0.6268349128461185,-0.3493868272322422,1.3084690203316203
CHICKEN BREAST (baked),0.6781311421404208,-0.3930856669791701,1.7168006644423075
BEEF FAT (heated),0.1284033646118844,0.01305396661680905,-10.42302614221931
CHICKEN BREAST (sugar-smoked),0.6711138443882542,-0.38289184636793033,1.6686053687710027
PORK FAT (bacon),-1.754266836444751,-0.6276162469327956,-5.979169416236823
GUINEA HEN,0.6647991373489013,-0.35564468890461653,1.5633281708181208
ALLIGATOR MEAT - tail,0.6274301527528283,-0.3982421314500655,0.370157893395075
CHICKEN EGG (scrambled),0.49288836760806964,-0.4335338712470249,-0.14256025474694034
MUTTON (boiled),0.2572677837357214,-0.42990261344514163,-3.701900013452543
CHICKEN BREAST (raw) (Hubbard Red JA breed),0.6799596139425201,-0.3710254632785,1.6000755426977968
LAMB and MUTTON LIVER,0.12046357441928413,-0.4324384584757268,0.10197867486320407
CHICKEN (raw),0.7630025507885813,-0.4552516513441841,-0.359271777438324
CHICKEN BREAST (cooked) (Naked Neck breed),0.7452033391001374,-0.3780878466782728,1.634465632373469
"PORK, UNCURED (raw)",0.6180707385983683,-0.37334247645791807,1.1795300300505676
BEEF LIVER (fried),0.5288818729857163,-0.3813209061804113,1.0951485744057616
PORK LOIN (dry aged for,0.6700964437333282,-0.3736840467016953,1.4208035771797982
"MORTADELLA (briefly cooked, fresh)",0.6538465548510888,-0.3389777791201985,1.4159778762658755
CHICKEN FAT,-0.6202649490625625,-0.7804317194238862,-9.988588692201322
"PORK, UNCURED (fried and seasoned)",-0.5331053106308695,-0.3016030385528164,2.7233546142940175
"MORTADELLA (traditionally cooked, stored",0.6500560906232282,-0.34751139729503094,1.2713578824484568
TOMATO PASTE,-0.39442011831043466,-0.578791484908392,-2.682319973694653
PARSLEY ROOT,0.6558440030995286,-0.3619632387722673,1.5537411859169157
LAMB'S LETTUCE (Valerianella locusta),1.2326675975565218,-0.36126597332850624,0.12248275358371874
SOY PROTEIN (hydrolyzed),1.0887366573042865,-0.41659845905658377,0.22632779465733235
DEFATTED SOYBEAN,-0.29401329118174596,-0.4025121861004762,1.1851753369791873
POTATO (French fried),-10.438279600354559,-3.175185309074883,-59.17012871006625
SOUTHERNPEA (Vinga unguiculata L.),0.10640169655665685,-0.2964114913791665,0.8483067847753676
SPINACH (Spinacia oleracea L.) (cooked),0.701701666432768,-0.538558342794775,-1.0047786820263958
TOMATO JUICE,-1.0849592174307614,-0.45371115310911236,-2.8401825782028896
HORSERADISH (Armoracia lapathifolia),0.670844055374801,-0.39127257839404544,1.5493225547476974
SOYA-BEAN OIL,0.6350457411358871,-0.38664135605603356,1.2017628654299852
UDO (Aralia cordata Thunb.),0.6504145336983961,-0.354164362942406,1.517303742042349
PARSNIP ROOT (raw),0.426418855494186,-0.36911555870419654,1.3614965311719678
RHUBARB,-0.6700690215269536,-0.4454730154403846,0.6956253808470705
SOYBEAN,-3.778148545374284,-0.8965387809654086,-15.325521800526603
RADISH (fermented),0.6533611114685807,-0.38517118364514985,1.4776545651530562
SWEET POTATO (Ipomoea batatas) (heated),0.7046111804171246,-0.28600991654203256,0.5986240213638135
TOMATO FRESH,-2.4606173707561827,-1.1144425141818535,-12.624290795239162
CUCUMBER (Cucumis sativus L.),0.5735113892561585,-0.4096747124261029,1.1468879871883009
SOYBEAN (heated),0.3326926328386736,-0.45639966758945033,-0.1708050353920748
GREEN SOYBEAN (edamame),0.731993530893174,-0.3631023916408489,1.4003703838444088
CELERY ROOT (Apium graveolens L. var. rapaceum),0.39391878960685606,-0.392800432637748,1.4170655543214274
SPINACH (Spinacia oleracea L.) (dried),0.021190716969836296,-0.28767845276123877,1.487606413179153
OKRA (Hibiscus esculentus L.),3.2111849464338746,-0.47303708483460694,-3.456672994216803
"WAX GOURD, WINTER MELON (Benincasa hispada Cogn)",0.6510903396998038,-0.3540895598380838,1.5180167750650553
POTATO (baked),-6.000284162531716,-2.0450815650767926,-25.62558709775374
PARSLEY SEED OIL,0.661016625138926,-0.35712226079474585,1.6023247793110222
PEAS (Pisum sativum L.),-0.5802885934973404,-0.49382308465833746,-2.6935800237181033
"RUTABAGA, SWEDE (Brass. napus var. napobrass. L.)",0.6628844075257674,-0.39788984742131556,0.8571823208717988
WASABI (Wasabi japonica) (Japanese horseradish),0.6722139362030873,-0.38135974788788196,1.662043728655956
PALM OIL (elaeis oleifera),0.6504138231834816,-0.3541638791633237,1.5172986458640347
CELERY SEED OIL,0.6907304688196645,2.0421890919649144,1.3079475905898408
ENDIVE (Cichorium endivia L.),-0.22051300510311805,-0.6953649642911541,-3.6486054057141253
WATER SPINACH LEAF (ipomoea aquatica Forsk.),0.6569587109454349,-0.408139012675451,1.0983171813683654
GARDEN CRESS (Lepidium sativum L.),0.6517321420730583,-0.36034417013230235,1.5249876545490217
WATER SPINACH STEM (ipomoea aquatica Forsk.),0.6570878293453718,-0.4064369986800302,1.1498669400370896
WATER YAM (Dioscorea alata),0.4938797346634028,-0.2786478881551242,1.646418966773896
PUMPKIN (Cucurbita pepo L.),0.7256119878488102,-0.3915815438763622,1.0848421085826414
RADISH (raw),-0.4781183697778855,-0.4233904806595714,1.6399100853989028
PARSLEY LEAVES,0.6357073338855083,-0.39706408908785046,1.6462414780650612
LETTUCE (Lactuca sativa L.),-0.1211558985585834,-0.3829244064426032,1.0970859984597705
LENTILS,0.6709171229484596,-0.3535463701577105,1.526920963392967
PARSNIP ROOT (cooked),0.650414624672068,-0.3541647532225622,1.5173038609385112
BABY SPINACH (Spinacia oleracea L.) (raw),0.6598754547724723,-0.3811971901224509,1.5798609840637812
CHAYOTE (Sechium edule L.),0.5771907382183525,-0.43233751031706424,0.4031811970958904
PALM OIL (elaeis guineensis),0.6504138231834816,-0.3541638791633237,1.5172986458640347
CHICORY ROOT (roasted),0.5262372983384471,-0.3893199267456261,1.7955143328445857
SAUERKRAUT,0.6441368855978123,-0.36956124849137384,1.228263914868577
SHIBAZUKE (fermented sour vegetables),0.6503737085858263,-0.35480941442371927,1.5175253615047282
POTATO (cooked or boiled),0.6677109933182833,-0.22616373585577298,-1.5204912255583185
WATERCRESS (Nasturtium officinale R.Br.),0.5571159093204314,-0.4549203957473711,-2.0339867210927522
POTATO (raw),0.29504684714624035,-0.33186347789642573,0.6526731922047401
BRANDY DE JEREZ (Spanish brandy),0.6565292443760558,-0.37128896136601425,1.363781781279919
APRICOT BRANDY,0.649306137254751,-0.3572815338070265,1.486674858991749
PLUM BRANDY,-0.16780828514844973,0.668264116259352,-0.15323709739991795
EAU DE VIE DE CIDRE (Apple Brandy),0.6520873255342801,-0.2285445739957894,1.3190494698207613
"EAU DE VIE DE FIGUE (Fig Brandy, Tunisian)",0.6535093716173132,-0.2874918839897766,1.5017866876869383
BAIJIU (Chixiang Aroma),0.6504146876416402,-0.3541619201838742,1.5173049144324822
BOURBON WHISKY,0.3661717089943586,0.3560974265403564,0.612661736081177
TEQUILA (Agave tequilana),0.6389086147041866,-0.4993001594927063,-2.316565405257772
EAU DE VIE DE COING,0.39252984534779894,-0.39740333480610346,0.8233077615779505
MULBERRY SPIRIT (Mouro),0.6511041894367403,-0.22421594419103422,1.4672702069205785
IRISH WHISKY,0.6503429103519703,-0.19220239534903283,1.6003564000173731
"PISCO (Peruvian brandy, aromatic)",0.6666060912345919,-0.34307990603724736,1.5338659535959465
BRANDY (by-product from Spanish Holandas brandy),0.6485785480499725,-0.3538344138419511,1.515463717984429
EAU DE VIE,0.8273005422435763,-0.39200901348542705,-0.8657450501513552
GERMAN BRANDY,0.6145893510196292,-0.221006149265877,1.386399675788548
ARMAGNAC (French brandy),0.6519591424925748,-0.14179437430834677,0.9435878096977839
OUZO,0.652447240976118,-0.3560206720900447,1.5165341276155204
BAIJIU (Fenjui),0.6419620673925003,-0.35211715627398843,1.5320320571048291
SCOTCH BLENDED WHISKY,1.0021978464505044,-0.36594617720511996,-2.539205414703807
"BRANDY DE JEREZ (Solera Reserva, Spanish brandy)",0.6562228391108729,-0.3555343595658788,1.7577538370304329
MALT WHISKY,0.33031349322323966,0.3964059540637488,-5.2836713080059114
PASTIS,0.6504220854239908,-0.3540029038387931,1.5171460657351927
"BRANDY DE JEREZ(Sol. Gran Reserva, Spanish brandy)",0.6562930143724082,-0.3430724452986666,2.099290093552739
GRAPPA,0.15765853095962135,2.767239899441934,1.2867174327357456
"BRANDY DE JEREZ (Solera, Spanish brandy)",0.6671985382108678,-0.5697579365075857,0.1959192911821035
"GUOJING BAIJIU (sesame-flavor, aged)",0.37631729051287965,-0.41387356656057783,2.0218285939604694
SCOTCH WHISKY,0.6387186213926767,-0.24114872163881768,1.3363928687007596
APPLE BRANDY (unkn. type),0.6381128167507271,-0.19302057405422493,0.9787573973644056
RUM Category III (total volatiles,0.6439608465264979,-0.35217231797844145,1.6201206907903052
CELERY BRANDY,0.6585388307212361,-0.4379833256210921,-0.13040598601026832
CANADIAN WHISKY,0.6214972100663292,-0.2856119193850955,1.5225370631985682
RASPBERRY BRANDY,0.6513690397973098,-0.3655723958825099,1.4788687064387787
PEAR BRANDY,0.6269033917479212,-0.38173740620693924,-0.18467255582374037
JAPANESE WHISKY,0.09528020522067783,-0.5079721128684791,-1.5515191295158948
COGNAC (French brandy),-0.9624206335982478,-0.556223601152865,-35.09346516433061
"GUOJING BAIJIU (sesame-flavor, non-aged)",0.38269602337699327,-0.42825891510264785,2.3884215797605224
ARRACK,0.6482745391255954,-0.34060912038364494,1.291511317362805
BRANDY (unknown type),0.6509616459617795,-0.29739901265391816,1.142835661406457
MEZCAL (Agave salmiana),0.7535694711400263,-0.36568458865267633,1.2709537199640308
RUM Category unknown,-0.7069660267218603,-1.54082248972911,-45.03710454431371
APPLE BRANDY (''Alquitara'' distilled),0.6551939415387203,-0.17596921348493097,1.4258857321710066
RUM Category I (total volatiles >,0.6513250908854998,-0.3063040785516616,1.4763201457246136
"GRAPE BRANDY, OTHER TYPES",0.20438692011469126,-0.41376262666771074,-5.693654619869941
HOLANDAS (Spanish brandy),0.6494756334455419,-0.35380450067066105,1.5123465231316628
BAIJIU (Wuliangye),0.6431479698380178,-0.24298080455400473,1.6493076563316669
BLUEBERRY BRANDY,0.6504146772452211,-0.3541623494513641,1.517304711452508
WEINBRAND (German brandy),0.614157309101669,-0.3976041079786299,-0.962368279252383
"PISCO (Peruvian brandy, non-aromatic)",0.663372115700982,-0.3430869941471132,1.5346355924837458
RUM Category II (total volatiles,0.27650848828473185,-0.2724006832613373,5.8304397507875745
CHERRY BRANDY,0.6512135439754425,-0.3551115267877539,1.5680152541237993
AWAMORI (Japanese liquor),0.6507198181622891,-0.3538889595191983,1.5144072467862575
BAIJIU (Guotai),0.4900436339750159,-0.3340928835431155,1.5772003873204243
RAKI,0.5891061095392958,-0.15946281747447894,0.012859223215065175
BLACKBERRY BRANDY,0.6505587949440158,-0.3553121632096916,1.5069908612599547
PISCO (Chilean brandy),0.6516693111620875,-0.2282542209849252,1.4775568773941037
ARBUTUS DISTILLATE (Portuguese brandy),0.5925941788325847,-0.203547542557463,0.6397897140485616
FINNISH WHISKY,0.2769717214104756,-0.4853715478300634,-0.5896637607560703
GIN,0.6523644348713552,-0.35695062754075124,1.530530020605548
CHEDDAR CHEESE (age,0.6795499823451816,-0.4107792351458409,1.6291273399013129
BUTTER,-1.6673086287501664,-0.38323772255938043,-4.666658114452158
BRIE,0.6533574297211306,-0.3029614638979733,1.6153574074294426
PARMESAN CHEESE,-1.984826962307116,-0.34132334686163696,-3.5444364409869715
MILK RAW (cow),0.657417960550229,-0.3322179316883586,1.5598726692154146
RUSSIAN CHEESES,0.613937222294419,-0.23339846640587397,0.37900695686712016
MAASDAM CHEESE,0.6533402432303499,-0.3539932803211725,1.5113750205832626
MONTBELIARDE CHEESE,-0.04543032956090824,-0.39897829217137254,0.7084333105692263
SHEEP CHEESE,0.6565139259818281,-0.18162808284755574,1.8529493417134113
PARMIGIANO REGGIANO CHEESE,0.7055718624942238,-0.36502742121123305,1.4832004625899273
MILK PASTEURIZED (cow),0.6507420784375738,-0.3543081564095876,1.5175861742601509
"CREAM CHEESE (cholesterol-removed, fresh)",0.6523713182301373,-0.35798461514627744,1.5279933231444387
ROMANO CHEESE,0.6370219637096559,-0.23388453403209772,2.6833811363307767
FETA,0.46502291192926,-0.3339909168017405,1.3856440186853587
GRUYERE CHEESE,0.6554212851509003,-0.35907671035073485,1.5164085798994378
AFUEGA'l PITU,0.48224724270494435,-0.3801952820452607,1.0028671802158748
EMMENTAL CHEESE (half-ripe),0.6350301289888778,-0.3228156103933048,1.5008716564746254
CREAM,0.7859155831841448,-0.46777746165978623,-0.37170866575258776
SWISS CHEESES,0.09982189827614839,-0.5797398947901593,-2.091865373784797
TILSIT CHEESE,0.12626801280051042,-0.02631023825256369,1.064134673457568
GOAT'S MILK,0.6847409320414141,-0.365166115278498,1.420705488172921
EDAM CHEESE,0.6508840531355182,-0.35743704085776606,1.417146849484279
HOLSTEIN CHEESE,0.6535451530121472,-0.37099139014739274,1.409947574701073
CREAM CHEESE (fresh),0.6504235513115957,-0.35523070087708136,1.5167267133498175
MANCHEGO CHEESE,0.42360183072911073,-0.3936446495531211,1.3001695962997204
WATER BUFFALO MILK,0.6516194612872829,-0.3646462768763434,1.5004992457272128
COTTAGE CHEESE,0.6442460021425588,-0.3545455097853068,1.5153884459038194
GRUYERE de COMTE CHEESE,-1.6103182691692268,0.0433334817132282,-8.760145125150245
YOGURT,0.2264271563090858,-0.5152087742548381,-1.8896692906354122
PROOSDIJ CHEESE,0.6533655590627412,-0.3543687054419063,1.5033942094974522
MILK UHT TREATED (cow),0.6504147716565633,-0.3539294021716532,1.5172956950817855
CREAM CHEESE (4 weeks old),0.6504193011766065,-0.3552069266894421,1.5166767045929834
BUTTER (heated),1.9499431946292234,0.23756074210060835,6.226252361222284
SOUR CREAM (light),0.720854516342725,-0.387354158785259,1.1646396131116834
PROVOLONE CHEESE,0.7012133473312248,-0.3479996829928565,1.1337767426033465
MILK RETORT STERILIZED (cow),0.6504148814429404,-0.35362706636215324,1.517283712201824
GHEE,0.5103700425807307,-0.3726952421098307,1.323008966233161
BLUE CHEESES,0.20497014380086184,-0.8180802328963156,-2.559894665160686
SOUR CREAM (fat free),0.7202249046151558,-0.3908807937947807,1.1210556513734953
LIMBURGER CHEESE,0.4120632085102316,-0.3563292163279405,1.0919782591518365
CHHANA,0.650971318359801,-0.3577162639883066,1.509278509560672
"CHEESES, OTHER",-0.6538430750464498,-5.829949664970993,-12.412896611799646
SOUR CREAM (full fat),0.7202625388943337,-0.3909529576226926,1.1216731220810094
OSCYPEK (smoked sheep cheese),0.6222728360596557,-0.35194065371048155,1.5323274529965625
GOAT CHEESE,0.6714652637563437,-0.2217149404374154,1.986928069014233
DOMIATI CHEESE,0.8324720530395189,-0.5966063646203148,2.1464890058571116
SKIM MILK POWDER (cow),0.7212383189959995,0.09031933029008428,0.33844188251460006
SOUR CREAM (reduced fat),0.6681174438464742,-0.3793265952105989,1.3032378942374694
KEFIR,0.594927689720233,-0.3932932326042831,0.8094604779350493
MOZZARELLA CHEESE,0.6544056063561032,-0.36813651463595976,1.4856885111198326
CHEDDAR CHEESE,-0.9845395826008847,-0.7225306063317419,-7.731314027581652
CAMEMBERT,0.13985348640364567,-0.8470252042437161,-2.8189347670103344
BUTTERMILK,0.5988831080513407,-0.37223078739797305,1.1988677091610649
"CREAM CHEESE (cholesterol-removed,",0.6523670680951481,-0.35796084095863806,1.527943314387604
MILK (cow),-0.9000786695878368,-0.7512893451775665,-6.038756316766374
GOUDA CHEESE,0.6554275452791797,-0.3568777366552057,1.5167510816865277
SHEEP'S MILK,0.6838872796355218,-0.3483349896633799,1.4162597257499712
EMMENTAL CHEESE (ripe),-0.16047590165291256,-0.6462341396824223,-1.993437608203171
CASEIN HYDROLYSATE (Bacillus subtitles),0.6504146876416402,-0.3541619201838742,1.5173049144324822
MILK EHP TREATED (cow),0.6504147126735588,-0.35409218376956825,1.5173021479345945
OLIVE OIL,-3.0742359832901123,-0.6381417537139696,-9.193499399825296
LOGANBERRY JUICE (Rubus ursinus var. loganobaccus),0.6541863650287317,-0.4437629669897921,-0.3707936233321542
GUAVA FRUIT (Psidium guajava L.),0.05811507684317404,-0.2578636853932795,-4.014187940509554
MUSK MELON (Cucumis melo L.),-0.6326962164177158,-1.9521720405544762,-4.75110094089664
PLUM JUICE (Prunus domestica cultivars),0.6510826216304114,-0.3496300643510291,1.5748385099373476
STRAWBERRY GUAVA LEAF OIL (Psidium cattleianum S.),0.6524142808112112,-0.3563822564744267,1.5305812653793687
BINJAI (Mangifera caesia Jack),0.6040956449399472,-0.4432940132266001,0.03469568153769309
KUINI (Mangifera odorata Griff.),0.6373691063031525,-0.39878675610931497,0.8935254281405918
PASSION FRUIT JUICE (purple) (P. EDULIS SIMS),0.6516576240443773,-0.27376479496639683,0.3435845204957923
MAMMEE APPLE (Mammea americana L.),0.6504118912580952,-0.3541698108525272,1.5172803597079731
WATER APPLE (Syzygium aqueum Alston),0.645957596670417,-0.35866736218351164,1.5089748000098389
MANGO ALPHONSO,0.6510416246775715,-0.3548633869191414,1.5214818286211462
BAMBANGAN (Mangifera panjang Kostermans),0.6504319540315717,-0.37685657000541334,1.156603065694767
KARAKA (Corynocarpus laevigatus J.R. et G. Forst.),0.42253478137795764,-0.3562458604327078,1.5090353448177956
LOQUAT (Eriobotrya japonica Lindl.),0.6795197487655895,-0.21568082357492496,1.6792182484272455
JAPANESE PLUM (Prunus salicina Lindl cultivars),0.42752964248182146,-0.42022162668287455,0.452222046485271
GUAVA ESSENCE,0.647307085793909,-0.2878439601666138,1.5583192572406463
PULASAN (Nephelium ramboutan-ake (Labill.) Leenh.),0.6105675282527603,-0.31344791328006083,0.7828127518373612
BOG BLUEBERRY JUICE (Vaccinium uliginosum L.),0.650423494125802,-0.35304280075019273,1.5444257768548162
MANGO (peel) (Mangifera indica L.),0.6503265671290765,-0.3557420717656842,1.5460526830245898
POMEGRANATE juice (Punica granatum L.),0.5635192956612658,-0.39838081852898327,0.8901690795479252
STRAWBERRY FRUIT (var. Festival),0.5601112899510216,-0.41716275864219254,0.8439981922757386
PLUM (fresh) (Prunus domestica cultivars),0.5348781605163506,-0.5639894811203906,-3.512827215071584
"BARTLETT PEAR (Williams pear, Bon Chretien)",0.4647368466510587,-0.481533180456747,1.6858850043235347
LITCHI JUICE,0.6604435668961255,-0.3657732240839018,1.5102751611749687
PRICKLY PEAR (Opuntia ficus indica),0.41361778962871004,-0.3434754265220072,0.04717188678093098
SPINELESS MONKEY ORANGE (Strychnos madagasc.),0.6553513306744477,-0.4230738552769534,2.6064065922537214
PAPAYA (red maradol),0.6554611870722552,-0.35625928999796475,1.543182580083651
MANGO (canned juice) (Mangifera indica L.),0.6964364995633929,-0.36968823754750135,1.0254801801868185
OLIVE POMACE (dried),0.6271138571486377,-0.2840020421572667,1.395941141143458
BLACKBERRY (leaves),0.654418076601383,-0.3562420555642509,1.5022973178999093
WAX JAMBU (Syzygium samarangense Merr. & Perry),0.6086236688904988,-0.3858722469076655,0.9149962143365736
FEYOA PEEL,0.6506974996572,-0.24832080062878947,1.251314809042018
BLACKBERRY (fresh),0.41118231061033006,-0.4513420208773296,-0.3360896526020163
WATER MELON (Citrullus vulgaris),0.6719482227827515,-0.4177270257205475,1.3079327276384662
"HOG PLUM (thermosonicated juice, S. mombins L.)",0.6504145921815683,-0.3541617662884388,1.517304395916948
WOOD APPLE (Feronia limonia),0.6593206007830901,-0.3369520191936494,1.7012161412309659
"QUINCE, MARMELO (Cydonia oblonga Mill.)",0.4350248935175998,-0.8815273320863914,-4.380857514307122
AMERICAN CRANBERRY JUICE (V. macrocarpon Ait.),0.32635198689822664,-0.43553549674923325,0.6028115599113137
"LINGONBERRY, COWBERRY (Vaccinium vitis idaea L.)",0.6550814624799607,-0.3897587243662734,1.2688054171840466
GUAVA PEEL,0.645835593075382,-0.3221411127502794,2.2783303108271395
PASSION FRUIT JUICE (yellow) (P. F. FLAVICARPA),-0.35674870779848433,-0.5227963734237026,-5.212285361264282
MARULA (Sclerocarya birrea subsp. caffra),0.650570647651509,-0.3959873758774534,1.2264617375220175
STARFRUIT (Averrhoa carambola L.),-1.3453877291842038,-1.4592569877282036,-18.527765154076967
"SWEETSOP, SUGAR APPLE (Annona squamosa L.)",0.7119384996028737,-0.35849382279934866,1.457223762458862
PASSION FRUIT JUICE (Hybrid) (P. EDULIS),0.963533964358809,-0.2870217823109589,0.8742398329965342
WILD BLUEBERRY (Vaccinium angustifolium),0.6608651924066801,-0.35169074757735747,1.5089764487785642
UMEZUKE and UMEBOSHI (Prunus mume Sieb. et Zucc.),-0.6273000401932629,-0.37446987376621327,1.2935225000022716
PRUNE (dried plum),0.5948045477729416,-0.29499485754712323,0.37672818522639034
MURUCI (Byrsonima crassifolia),0.6543371258753452,0.7023727670073969,0.9834049242654143
"TAPEREBA, CAJA FRUIT (Spondias lutea L.)",0.6439689178878905,-0.42799177276346806,0.27787991359686015
RED COFFEE BERRY (C. canephora var. robusta),0.6504295393571398,-0.3541234859948913,1.5175358737486526
PRUNUS SIMONII,0.6505621670180741,-0.35353579575398886,1.5268208699881949
PAWPAW (Asimina triloba Dunal.),0.6396816078378311,-0.3847779630404162,1.3005774931304508
RABBITEYE BLUEBERRY (Vaccinium ashei Raede),0.6496079746881424,-0.31432484951699613,0.50367212592298
STRAWBERRY FRUIT,-0.3627362221721536,-0.416292556887851,-6.2047256121846175
STRAWBERRY JAM,0.16231276891041344,-0.29331657766888863,0.9298119908231657
"HOG PLUM (pasteurised juice, Spondias mombins L.)",0.6504145921815683,-0.3541617662884388,1.517304395916948
STRAWBERRY JUICE,0.35916421772204493,-0.34851809455734867,1.3853527631764222
MONODORA TENUIFOLIA,0.650411738514754,-0.3543679115206716,1.5172905107630252
PASSION FRUIT (yellow) (P.F. FLAVICARPA),0.9421333640500802,-2.1617734622217655,-27.483447199638963
RASPBERRY (leaves),0.6544185921259836,-0.3562386133335093,1.502277410084767
STRAWBERRY FRUIT (var. Frontera),0.5601112899510216,-0.41716275864219254,0.8439981922757386
EXTRA-VIRGIN OLIVE OIL,0.6522512492027863,-0.35666876135837955,1.5294761905671668
EUROPEAN CRANBERRY JUICE (Vaccinium oxycoccus L.),0.6497337139571183,-0.35316484846630586,1.514363046486699
TAMARIND (Tamarindus indica L.),-1.0081903181029568,-0.42985143404817827,0.2749129992867152
PINEAPPLE (Ananas comosus),0.6657982673428745,-1.4449490391940532,-7.186612062984191
PEPINO FRUIT (Solanum muricatum),0.9508190037325585,-0.21627649019541484,1.574344057188039
"PASSIFLORA VITIFOLIA HBK, GRANADILLA (pulp)",0.6566835391749964,-0.3436583314312151,1.7177414629352228
"CRANBERRY (sweetened and dried, craisin)",0.603815807060667,-0.4059302226603583,0.6727122247081756
"PEAR, OTHER TYPES",0.6171986832087127,-0.35825089994256787,1.457260995223087
BLACK OLIVE,0.6474379862509624,-0.36105312295542824,1.4190389103410939
PEACH (Prunus persica L.),0.49154169559474853,-0.3735493390556756,-1.7459558908461128
MULBERRY (Morus species),0.6409903137562333,-0.40726110477107413,0.7924719151376388
STRAWBERRY GUAVA (Psidium cattleianum Sabine),0.47234956833920483,1.4737463214206037,0.11668220646513985
EXTRA-VIRGIN OLIVE OIL (Iranian phishomi),0.6710479956640991,-0.37825994870526625,1.6302253231543697
YELLOW GUAVA (P.cattleianum Sab.var.lucidum Hort.),0.02726517889030901,-0.39280123599574435,1.1819273586257084
OMIJA FRUIT (Schisandra chinensis Baillon),0.6943912516306864,-0.3539640889441552,1.5551876120703754
PLUM KERNEL OIL (Prunus domestica L.),0.6087517307953594,-0.3942704475235916,0.7359471905760762
STRAWBERRY FRUIT (var. Albion),0.5601112899510216,-0.41716275864219254,0.8439981922757386
"MOUNTAIN PAPAYA (C. candamarcensis, C. pubescens)",0.5457720019248853,-0.39267271431981277,1.5001884008661024
RASPBERRY (Rubus idaeus L.),0.5298194824841675,-0.4329752008457777,-0.5091211984002801
RAMBUTAN (Nephelium lappaceum L.),0.5280287475845871,-0.5069275179636679,-0.35979048641691747
"MANGO (over-ripe purée, heated) (var. maha-chanok)",0.6504147914585594,-0.3541619631868126,1.5173057107933463
SAPODILLA FRUIT (Achras sapota L.),0.6509601533315712,-0.3615375944744445,1.4735705173702776
PAPAYA (Carica papaya L.),-0.2143581330927135,-0.338758036288183,-3.235186836651708
BACHANG (Mangifera foetida Lour.),0.7483831004168177,-0.40240925047046044,0.654145924475576
NECTARINE,0.1438566000502614,-0.42071281743629513,-0.5408804097571176
"ROSE APPLE (Syzygium jambos A., Eugenia jambos L.)",0.48872153899422704,-0.4766437778320208,-0.9099399623388793
BILBERRY JUICE (Vaccinium myrtillus L.),0.6571937219565271,-0.3750577325623384,1.3357637720279707
RED COFFEE BERRY (C. arabica var. Leroy),0.650414731838682,-0.3541637203704638,1.5172561370003423
"OLIVE OIL (Turkey, Izmir)",0.6715096112652758,-0.3883967687022382,1.6235037474714449
"HOG PLUM (raw juice, Spondias mombins L.)",0.6504145921815683,-0.3541617662884388,1.517304395916948
PASSION FRUIT (purple) (P. EDULIS SIMS),0.8248464912708391,-1.0591226334271113,-4.896069914703854
"MANGO (over-ripe purée, heated) (var. keaw)",0.6507190479464909,-0.3560286917486046,1.5600933863851616
"KIWIFRUIT (Actinidia chinensis, syn. A. deliciosa)",-0.4733720995383014,-0.4738935680591342,0.32111432592505923
BOYSENBERRY (hybrid),0.6540517493359763,-0.35927932415247316,1.5292014739720459
SOURSOP (Annona muricata L.),0.6466328116514442,-0.7116694206735337,-0.904902463670723
MANGOSTEEN (Garcinia mangostana L.),0.6984656688846205,-0.3901428013488979,1.1933162570202438
MANGO (over-ripe purée) (var. keaw),0.6504148978644513,-0.35416209377960395,1.5173068817420758
"HOG PLUM (fruit pulp, Spondias mombins L.)",0.7920242094899675,-0.5319428599428156,2.554213307009792
RED CURRANTS JUICE (Ribes rubrum L.),0.6504192646420223,-0.3541457367066954,1.5173692037344568
MANGO (over-ripe purée) (var. sam-pee),0.6504289863663385,-0.35410757517284736,1.5181390869414981
PLUMCOT (Prunus armenica x Prunus salicina),0.6797732371683383,-0.4173492268149092,0.5587276096234353
HIGH-BUSH BLUEBERRY JUICE (V. corymbosum L.),0.6458294925925935,-0.3651794725208353,1.546565224731891
MANGO (fresh pulp) (Mangifera indica L.),-0.44077248107526884,-0.7826532058107589,-3.200829755411945
GREEN OLIVE,0.5903243586412416,-0.44550768879270986,0.26787795323852004
NONI (Morinda citrifolia L.),0.6307675367948125,-0.3681301819155525,1.479877805219195
MANGO (over-ripe purée) (var. maha-chanok),0.6504147121957741,-0.35416192580340755,1.517305107168782
PRUNUS MUME SIEB. et ZUCC. (salted and pickled),0.6436558168950469,0.19322105627580502,1.6127413738541934
RED COFFEE BERRY (C. arabica var. catimore),0.6504148956924626,-0.35415968233302353,1.5173125161807135
BLACK RASPBERRY (leaves),0.6544186479727586,-0.356238438487372,1.502277899314016
MALAY APPLE (Syzygium malaccense Merr. & Perry),0.4422463888162273,-0.3811724976889646,1.0914067744376958
SCORODOCARPUS borneensis Becc (wood garlic),0.6563689111419957,0.04008255775009062,1.5198873402813209
SEA BUCKTHORN (Hippophaë rhamnoides L.),0.6538873786214161,-0.35004071333696796,1.7558266729188219
MABOLO (diospyros blancoi),0.6560881469617844,-0.3573130002903989,1.656440244345064
LITCHI FRUIT,0.2275303089304634,-0.4470376679566202,-0.03757129744064546
"MANGO (over-ripe purée, heated) (var. sam-pee)",0.6504265568214584,-0.35411594233188165,1.5180089959842045
MANGO TOTAPURI,0.6505232814117944,-0.3540726096777617,1.5180804643929335
BLACKBERRY (heated),0.6652768931136386,-0.41384637411015623,0.4136681060375317
NARANJILLA FRUIT (Solanum quitoense Lam.),0.5644160469656192,-0.4447816845993952,-0.02315446653790424
FEYOA FRUIT (Feijoa sellowiana),0.7853888969317598,-0.4233670119234252,0.29281811187732754
"PASSIFLORA MOLLISSIMA, CURUBA (pulp)",0.7592925695128019,-0.38599064143692235,1.8153342623062665
ALBACORE (cooked),0.6503314454786935,-0.3546376158962969,1.5172062841305545
GREEN ALGAE (acetabularia ryukyuensis),0.6538090593361171,-0.36229415056909003,1.5315679944719969
CUTTLEFISH,1.4038718615914327,-0.3677559873157247,1.177302488932366
RED ALGAE (ceratodictyon spongiosum),0.6504098544989514,-0.3541699091044374,1.517263014799008
RED ALGAE (laurencia subopposita),0.65845145735133,-0.36534734511251776,1.5716576786959355
"KELP (Laminaria japonica, brown algae)",0.6625283069761776,-0.3666569720574171,1.7134142980116274
ALBACORE (canned),0.6502892332175276,-0.3548116337929134,1.5171807474848245
KUSAYA (dried),0.6707082598819015,-0.35792869234236196,1.5110707623632174
RED ALGAE (liagora caenomyce),0.6504104413308791,-0.3541927328569509,1.5172732433573974
BROWN ALGAE (ectocarpus siliculosus),0.6504109641934566,-0.35419335529488444,1.5172765736290175
KELP (Laminaria diabolica),0.650411559868134,-0.35415730865979,1.517282899166708
"KELP (Laminaria angustata, brown algae)",0.7003155400506184,-0.328890544470423,2.285826368545747
KRILL,-0.38499374871200814,-1.0624978224301866,-7.003177049225585
RED ALGAE (spyridia filamentosa),0.643192004598275,-0.3842066326342589,0.8202831875722343
BROWN ALGAE (hydroclathrus clathratus),0.6504083397475854,-0.3542014115652238,1.517258574146804
BROWN ALGAE (ascophyllum nodosum),0.6524231180859398,-0.3627415711524481,1.4937616312735056
AYU (raw),0.6244860252896586,-0.38572539305603626,0.9021390371434481
BROWN ALGAE (sargassum sagamianum),0.650411255560652,-0.3541937660785726,1.5172785525699601
"SHRIMPS, PRAWN (cooked fermented)",0.429162060374318,-0.3427167772968256,1.8932605545286105
"CRAYFISH BYPRODUCT (hydrolysate, P. clarkii)",0.5735189460783782,-0.3817024982357364,1.068770624479378
RED ALGAE (ahnfeltia paradoxa),0.6487015599304169,-0.3620820728991258,1.3704641048193018
TILAPA,0.6504142192167988,-0.35415380514329653,1.51730161636864
"SHRIMPS, PRAWN (Red, Aristeomorpha foliacea)",0.6531395175804744,-0.35790103115570826,1.5354169896056356
HERRING (smoked),0.5975769941513961,-0.33243956897243826,1.7061520295207673
TUNA (raw),0.6504119819090779,-0.35421313949840255,1.516961431500106
GREEN ALGAE OIL (ulva pertusa),-0.445637745730696,-0.44245484578561095,-0.09212339577194084
RED ALGAE (corallina officinalis),0.6504070025231528,-0.35422691354675145,1.5172461378955455
MUSSEL,0.6738214996438474,-0.34074364796651435,1.962246464247159
BROWN ALGAE (eisenia bicyclus),0.6577914272285326,-0.35516028535515237,1.892308640196534
GREEN ALGAE (cladophora rudolphiana),0.6538967844579895,-0.3588832746870111,1.5385300777876247
BASS (raw),0.6508469097516428,-0.35601626493363625,1.5143941424796168
BROWN ALGAE (sargassum nigrifolium),0.6548240831397891,-0.357201787687456,1.5263589359095753
BROWN ALGAE (scytosiphon lomentaria),0.6523913475848386,-0.35685375907187916,1.5306439171107733
"SHRIMPS, PRAWN (Endeavour, Metapenaeus endeavouri)",0.650609318351557,-0.3544289995390051,1.5185986340877076
RED ALGEA (porphyra tenera),0.6522503009302497,-0.37191482526642905,1.3978653590054535
RED ALGAE (asparagopsis taxiformis),0.7202813424192782,-0.5424917810100945,1.4806052958024125
GREEN ALGEA (boodlea coacta),0.652351499333379,-0.3601702636629699,1.5225470916367818
CLAM,-0.09933659510113109,-0.5134566811949478,-2.5114415503167176
SARDINE (smoked),0.4990000907871098,-0.3818296535680678,0.9946868376032255
HERRING (cooked),0.6164881221804955,-0.3594674795339488,1.4718173796797518
SCALLOP,0.8556871183833974,-0.34284415449124517,-0.34904851097289863
RED ALGAE (carpopeltis angusta),0.6504078168850079,-0.35420078912729025,1.5172552438751838
SARDINE (Sardinops melanostica) (Fresh),0.505362695789978,-0.35571587560346873,0.9725100099119784
COD (smoked),1.0064352781789776,-0.3496616380594414,1.610121160536091
TUNA (canned),0.3715141045778897,-0.34874646066154785,1.0463220695909425
PANGASIUS,0.6504143556944202,-0.35416178179195856,1.517302774314601
BREAM (raw),0.6347984548844603,-0.37905949366813696,1.0934430875060002
CRAYFISH BYPRODUCT (P. clarkii),0.6000834987757091,-0.37644321582963935,1.1472057315723054
SARDINE (raw),0.6674169885519261,-0.3728576322005303,1.2064090195540387
GREEN ALGAE (bryopsis maxima),0.6504090087362617,-0.35423316751855927,1.5172414727921233
"ANCHOITA (Engraulis anchoita) (raw, frozen)",0.6487462546773011,-0.3678979315921122,1.347602038605406
GREEN ALGAE (cladophoropsis vaucheriaeformis),0.6524278439005187,-0.3569217178172095,1.5308037815978066
RED ALGAE (chondria californica),0.652537684912351,-0.3668342765200826,1.5168095880870243
"LOBSTER (Moreton Bay bug, Thenus orientalis)",0.6504536137836235,-0.35421533605490024,1.5175636583635268
BROWN ALGAE (ishige okamura),0.6523208269416724,-0.36012214827036104,1.522052823252173
"CRUCIFIX CRAB (carapace soft meat, C. feriatus)",0.7456400882542579,-0.3751831889670799,1.871897896358461
HERRING (salted),0.5317064302817083,-0.34074475558096007,1.605222383256523
"LOBSTER (Balmain bug, Ibacus peronii)",0.6504207982219781,-0.3541690946772755,1.517348863924977
FISH OIL,0.2539122464013128,-0.26640918348781245,-0.8272788718801691
BROWN ALGAE (sargassum thunbergii),0.6504081726117857,-0.3542026786280609,1.5172565419306756
"SHRIMPS, PRAWN (cooked)",0.41788869115787536,-1.748584910122555,-3.1404470402556717
CAVIAR,0.768805089263263,-0.27620455390415083,-0.2712146396423285
MACKEREL (raw),0.4183110290017035,-0.3633611287517039,0.5524281642498791
COD (raw),0.4832190753203134,-0.26959103550159574,0.8240063524417753
WHITE FISH (raw),0.5401154794583277,-0.2933083846604643,0.5067687094859721
GREEN ALGAE (enteromorpha linza),0.6503301953292556,-0.357459557630744,1.5088668812216932
GREEN ALGEA (ulva pertusa),0.6981017341259692,-0.29614748098063215,1.8687168931053206
RED ALGAE (hypnea charoides),0.6445370979582092,-0.38955460616502113,0.8226011381778053
"BLUE CRAB (by-products, C. sapidus)",0.3842316181005204,-0.4136969449007012,0.5954843112060664
TROUT (raw),-0.6266661175440614,-4.66226717301702,0.5773665938901902
"CRUCIFIX CRAB (leg meat, C. feriatus)",0.6639079351243167,-0.36638176693715035,1.6081994720378165
"SHRIMPS, PRAWN (fermented)",0.2440355982656854,-0.33114629905976684,1.6879354823697221
"SHRIMPS, PRAWN (Royal red, Hymenopenaeus sibogae)",0.6507205359000808,-0.3545816163133659,1.519337902462122
TROUT (smoked),0.6483387380955954,-0.4287359646096455,0.18135365944212967
"CRUCIFIX CRAB (body meat, C. feriatus)",0.6580693523417247,-0.3608893801701187,1.5808339545030068
RED ALGAE (hypnea roman),0.6497442042323867,-0.35812272248507676,1.501743191251488
GREEN ALGEA (ulva prolifera),0.6572654429163806,-0.39932091715240287,0.9168506456338882
EEL (roasted),0.6666510087342682,-0.3659832088234753,1.2670066288116109
"SHRIMPS, PRAWN (Carid, Plesionika sp.)",0.6507483402872117,-0.35461977050695587,1.5195227195557253
MULLET (salted),0.6517162806700415,-0.35921695774072065,1.503756812037312
SALMON (smoked),0.511628006566984,-0.350988764122285,1.8387700449292466
GREEN ALGAE (enteromorpha clathrata),0.6536506080394581,-0.35714097303264664,1.5166248326701872
"BARRAMUNDI (lates calcarifer) (wild, grilled)",0.6099636579488645,-0.3396361194570764,1.6952206903429796
GREEN ALGAE (halimeda opuntia),0.6557893295564646,-0.364835986382144,1.5414486285907822
"SHRIMPS, PRAWN (raw)",1.014083572105709,-0.48383964937241836,-0.17251416783352372
RED ALGAE (chondrus verrucosa),0.6449821301857568,-0.36870672814087696,1.290808336807372
PURPLE SEA URCHIN GONADS (Paracentrotus Lividus),0.6804651818563484,-0.3984961430208766,1.7287956263947941
MACKEREL (smoked),1.0819378744991557,-0.3511728785614098,1.5713468360286313
WHITE FISH (oxidized),0.5908960774328367,-0.381253383824348,1.0826747173660254
TRASSI (cooked),-1.9853734696395264,-0.7717901846071206,-5.224000596172445
SMELT (raw),0.6542111486169382,-0.35876354674900096,1.5583913854134863
CARP (raw),0.6523203997066765,-0.3567716499923359,1.530344023672591
GREEN ALGEA (codium intricatum),0.6524332451620504,-0.35691148771604175,1.5308428290866727
MARLIN (raw),0.6504129883718008,-0.35416586699523567,1.517262174322898
EMEREAL SHINER (raw),0.6635969875561941,-0.3548044387267822,1.5757117133916405
MULLET (raw),0.6477410433460177,-0.37141775972679186,1.66168417541444
SARDINE (dried),1.421103569592532,-0.38610558047500215,0.8874212121023537
BROWN ALGAE (colpomenia sinuosa),0.6524025583392687,-0.3568921075827311,1.5305165393502216
ANCHOVY (canned),0.8771570518842363,-0.36474340770282354,1.6030081349057124
"BLUE CRAB (fresh meat, C. sapidus)",0.41333250241482455,-0.4158329680381842,0.5037564568005483
"SHRIMPS, PRAWN (Metapenaeus macleayi)",0.6505676117708603,-0.35437176824861993,1.5183214084473025
LEAN FISH (raw),0.534627711797614,-0.39984860816862466,0.8610930650420472
SWORDFISH (smoked),0.7993971037976304,-0.3933898419993177,0.7624982196104042
BROWN ALGAE (dictyopteris divaricata),0.6503622877057369,-0.3542380232276951,1.5160649359292526
ALBACORE (raw),0.6503242305116226,-0.3543545819743196,1.5172216388039812
"BARRAMUNDI (lates calcarifer) (grilled, farmed)",0.3777305150989772,-0.3505052113054367,1.7609819031181333
HERRING (raw),0.9427739469415072,-0.4001957572699638,1.475790505372893
FATTY FISH (cooked),0.6584043873383428,-0.3518126340268273,1.6698957779327606
SQUID (non-categorised),0.5122818589182564,-0.6371863826310991,-2.241510313644401
RED ALGAE (gracilaria verrucosa),0.6504104413308791,-0.3541927328569509,1.5172732433573974
RED ALGAE (coeloseira pacifica),0.6498902727856768,-0.35463590780366105,1.5028264514270402
"SHRIMPS, PRAWN (roasted)",0.2996082526876541,-0.5268617705103444,-0.46629542097932897
RED ALGAE (vidalia obtusiloba),0.650407877950741,-0.35420031936964735,1.5172559765656823
ANCHOVY (dried),0.6490818077596338,-0.3663163881920606,1.474927898106895
ANCHOVY (colatura di alici) (fermented fish sauce),0.6483843624531921,-0.353878235040762,1.5205907224984998
RED ALGAE (hyena nidulans),0.6504065363199815,-0.3542055235687119,1.5172452087314938
GREEN ALGEA (ulva linza),0.658882515972842,-0.3849288763344428,1.2428376937621333
GREEN ALGAE (monostroma nitidum),0.6643334430080989,-0.37552012277238117,1.3805839807630542
SALMON (raw),0.4710802879767718,-0.34239812575249573,-1.415368372962967
GREYLING (raw),0.6353671653205291,-0.3545966237324323,1.4979253217597184
RED ALGAE (gigartha mamillosa),0.6504076156861678,-0.35420311624242296,1.5172532722760108
RED ALGAE (carpopeltis cornea),0.6504064714722066,-0.35420290644254665,1.5172452242127379
BLUE-GREEN ALGAE (aoko),0.6218228986384795,0.403376469523722,0.9573746122513629
FATTY FISH (smoked),2.1698388003913283,-0.6477791650002548,-3.3983320766937664
OYSTERS,0.719861737253742,-0.3620660450699197,0.4901777503534245
KELP (Laminaria ochotensis),0.650411559868134,-0.35415730865979,1.517282899166708
"SHRIMPS, PRAWN (Red spot king,Penaeus longistylus)",0.650525905190164,-0.3543145369582348,1.5180441828068971
BROWN ALGAE (cutleria multifida),0.6544083977593701,-0.3596678411565131,1.5440028774294197
HADDOCK (stored),0.6504146876416402,-0.3541619201838742,1.5173049144324822
LEAN FISH (processed),0.890272098057195,-0.409187073801739,1.1795766351001988
FATTY FISH (raw),0.6888314266792177,-0.4039513497872122,1.756842043613697
GREEN ALGAE (halicornye wrightii),0.6538098513832599,-0.3622988686510643,1.531555163900709
SALMON (cooked),0.5578919361679073,-0.3700544491774645,1.2616287865458402
HADDOCK (raw),0.9088245857996157,-0.36332394689854486,1.6003526188964952
GREEN ALGAE (caulerpa racemosa),0.6504098994968429,-0.3542041746974153,1.517145804523067
RED ALGAE (beckerella subrostata),0.6504092879198664,-0.3541953687083762,1.5172647914458024
SIBERIAN WHITE FISH (raw),0.6623256739421707,-0.35395927627178114,1.4870007099962126
RED ALGAE (chondrus elatus),0.6483534994343461,-0.35732589123433406,1.437245101656201
TAGETES RIOJANA FERRARO OIL,0.6522995722945725,-0.35678420954909346,1.5298029713124037
AMBRETTE SEED ESSENTIAL OIL(Abelmoschus moschatus),0.7420510639448741,-0.1767429668790778,7.464372747464984
"PISTACIA ATLANTICA, FRUIT OIL",0.6983124277554306,0.6283988988921179,1.8646511792013867
GOLDENROD HONEY (Solidago species),0.6504146876416402,-0.3541619201838742,1.5173049144324822
"ROSELLE LEAF, GREEN CULTIVAR (postflowering stage)",0.6532918300955433,-0.3580611403862191,1.5362894297160927
C. ERECTUS ROOT EXTRACT,0.6232022916234784,-0.36109560823434056,1.8097094642145262
CHESTNUT TREE SMOKE,0.6468735772571597,-0.3611999993031974,1.5622845249546888
CHERRY TREE SMOKE,0.6600220414356363,-0.3699290358294625,1.6159177031122285
RED ADLER TREE SMOKE,0.6350606261753281,-0.3731619744145427,1.6579436740627729
ABELMOSCHUS MOSCHATUS MEDIK SEED,0.6647904713755203,0.9238763445639564,1.4171048751327497
BIRCH TREE SMOKE,0.6612397229561839,-0.37381356134281446,1.639288585826639
TAGETES PATULA OIL,0.6503278080268201,-0.3540789995422427,1.5167023952190128
KASHIWA OAK (Q. dentata),0.6552080850903979,-0.36002050572778693,1.5581814458389802
STECHAS LAVENDER HONEY (Lavandula stoechas),0.6230889396273616,-0.3536692791182977,1.5217750816722067
TAGETES TENUIFOLIA OIL,0.6503092791543587,-0.3540533569927799,1.5165778867318715
KUMAZASA (Sasa albo-marginata),1.5364387165613422,-0.1500312196914833,0.4059576842423234
"MISO (soy bean, rice or fish)",0.4981613863264786,-0.45176471494150355,-2.31170659484648
LEATHERWOOD HONEY (Eucryphia lucida),0.6939015073474264,-0.4056791877459312,1.9807119000536686
RED OAK SMOKE,0.6629250267808663,-0.3717705231326958,1.627330245980436
HOP CONES or PELLETS (Humulus lupulus),-0.43981452373437646,8.117785158423748,-0.5693820325844281
RAPE HONEY (Brassica napus L.),0.7584224235644177,-0.4414083316701813,0.3975236170439394
RAPESEED ROASTED,0.7405252311679204,-0.36478990681442447,1.2020750907131796
MARMELEIRO & MORRAO DE CANDEIA HONEY (Croton sp.),0.4404852055571317,-0.36530026892438344,1.7342077705316927
"MISO (koji, aspergillus oryzae)",0.8033899194931882,-0.3665922359597937,1.3155744841747012
CEDARWOOD OIL (J. ashei),0.6544456192447234,-0.356756927869907,1.5437275625263291
SOY SAUCE (non-categorised),1.871578235069252,-0.49924018859198266,-0.5737484272912983
CHESTNUT HONEY (Castanea sativa L.),0.5455445972056622,-0.5043355250596694,-0.19751481841485813
EUCALYPTUS ESSENTIAL OIL (E. grandis×E. urophylla),0.6524011774796915,-0.35693269683874745,1.5305016288928064
TURPENTINE (Pistacia terebinthus) TWIG OIL,0.7419369380457624,1.5362910158442096,2.2317782572623504
ACACIA HONEY (several species),0.7184071836985794,-0.39043650456797063,1.4947268494348058
DANDELION HONEY (Taraxacum officinale Web.),0.8488378768651282,-0.39114357176703624,1.723177216824485
"RAW PUMPKIN SEED OIL (cold-pressed, fresh)",0.5348787737953256,-0.3619021173045075,1.495603309954639
BLACK SOYBEAN SAUCE,1.871578235069252,-0.49924018859198266,-0.5737484272912983
CEDARWOOD OIL (J. occidentalis var. australis),0.6544456192447234,-0.356756927869907,1.5437275625263291
"ROSELLE LEAF, RED CULTIVAR (flowering stage)",0.654804508225637,-0.3600839580440961,1.5460526328245863
CEDARWOOD OIL (J. pinchotii),0.6524392048365811,-0.3539965367009035,1.5303234005281003
TAGETES ERECTA OIL,0.6504166992165551,-0.3540856120647858,1.5173177102073339
"ROSELLE SEEDS, GREEN CULTIVAR (mature)",0.652941459944822,-0.35759086522454975,1.5340202693113534
WHEY PROTEIN,0.6504146876416402,-0.3541619201838742,1.5173049144324822
SUGAR MOLASSES,1.0931876954986253,-0.4363400920063166,0.2565151385393214
WHEY PROTEIN ISOLATE,0.5175642715696913,-0.3681703773195402,1.3184951038499686
EUROPEAN OAK (Q. robur),0.7198213405840264,-0.3625377335544817,1.5607656091041877
"ROSELLE CALYCES, RED CULTIVAR (mature)",0.652788746306246,-0.3573873815370464,1.5330333471275586
SOYBEAN PASTE,0.6504146876416402,-0.3541619201838742,1.5173049144324822
ANNATTO oil-soluble extract,0.8077694740532613,-0.3478018401503272,1.9126020254204512
"ROSELLE CALYCES, GREEN CULTIVAR (mature)",0.6528412881698707,-0.35745692641781757,1.5333667412480279
SAGE HONEY (Salvia officinalis L.),0.6896396675373692,-0.25545329870995404,1.54768120393572
PINE   FIR HONEY,0.6324040277814689,-0.3491899483159162,1.7452975366240846
RHODODENDRON HONEY,0.6505765570061462,-0.3537826427325632,1.522464898295934
THYME HONEY (Thymus vulgaris),0.15555376442555352,1.0176883695485561,2.0213352743007054
"PISTACIA ATLANTICA, BUD OIL",0.672253386632925,0.42215017938766886,1.6546794297331409
LONGAN HONEY (Euphoria longana),0.7108663367589491,-0.46492339429198143,-0.2586887826525097
"ROSELLE LEAF, GREEN CULTIVAR (pre-flowering stage)",0.6501355017762465,-0.35378854612183286,1.5155029691472752
JAPANESE SOY SAUCE (Tamari),0.516601641617027,-0.3570614773339067,1.5363324045272237
BURSARIA HONEY (Bursaria spinosa),0.7135492243004026,-0.36144880496990184,1.5111746790823128
CLOVER HONEY (Trifolium repens),0.7188006919907635,-0.4298128519888028,1.2342435664745446
AMERICAN OAK (mixture of,0.7770399997975841,-0.3584574080396206,1.5823917315262566
KONARA OAK (Q. serrata),0.622714747605305,-0.3598443729289035,1.524654761441076
"ROSELLE LEAF, GREEN CULTIVAR (flowering stage)",0.6534642616318844,-0.3582908628874841,1.5373960745328172
PISTACHIO (Pistacia vera) GUM OIL,0.6880551075487724,-0.2893463486751991,1.8123369550044799
WILLOW HONEY (Salix species),0.6874301985730624,-0.40688100900303986,1.6913518740978088
"PISTACIA PALAESTINA, FRUIT OIL",0.6686834196021362,-0.16543246596184433,1.6592719906734643
DOUGLAS-FIR HEARTWOOD SMOKE,0.6604027021675367,-0.36560600830487305,1.5884571277709825
MASTIC (Pistacia lentiscus L.) FRUIT OIL,0.7406008430716304,3.255026324175393,2.029482918192271
PISTACHIO (Pistacia vera) HULL OIL,0.7749012474537739,1.351612949313284,1.54667768820847
YEAST EXTRACT (saccharomyces cerevisiae),-11.652503160154048,-0.970957482592975,-16.80091959115804
CEDARWOOD OIL (J. occidentalis var. occidentalis),0.6544456192447234,-0.356756927869907,1.5437275625263291
BUCKWHEAT HONEY (Fagopyrum esculentum),0.6714593832283591,-0.3925079801324313,1.3715419752998055
FRENCH OAK (Q. sessiliflora Sallisb.),0.7782453279802549,-0.3537766927400709,1.5670298915105254
POTATO CHIPS (American),-1.4106922852615575,-0.5377769453159671,-1.758827924973256
TURPENTINE (Pistacia terebinthus) FLOWER OIL,0.6815811661135582,0.9356196708477978,1.7205422042132945
CANE SUGAR,0.30239536418759005,-0.3533284030073971,1.6562083203403026
SULLA HONEY (Hedysarium coronarium L.),0.5986031631829818,-0.26763419024270346,1.4286728971892257
TURPENTINE (Pistacia terebinthus) FRUIT OIL,0.6659937488992177,-0.008298020836199927,1.630979725026594
C. ERECTUS LEAVE EXTRACT,0.661091137894642,-0.37319260958969014,1.546431959853118
THISTLE HONEY (Carduus nutans),1.0098835245454352,-0.3705270908421385,1.7276654077705946
CEDARWOOD OIL (J. erythrocarpa),0.6544456192447234,-0.356756927869907,1.5437275625263291
PURPLE MILK THISTLE HONEY (Silybum marianum),0.6741598785582069,-0.37964279853327426,1.626306949979935
SUKIYAKI,1.7736467130272837,-0.37569027026202567,1.2264114254723566
CEDARWOOD OIL (J. scopulorum),0.6544456192447234,-0.356756927869907,1.5437275625263291
C. LANCIFOLIUS FRUIT EXTRACT,0.6579351734152342,-0.36498496172401246,1.5483212626913756
HONEY OF LEPTOSPERMUM SPECIES (Manuka and Kanuka),0.6747249233633817,-0.3814329105017349,1.7586312218132358
CEDARWOOD OIL (J. californica),0.6544456192447234,-0.356756927869907,1.5437275625263291
BANKSIA HONEY (several species),0.6814399490493107,-0.3645157995003324,1.3926655728089419
CEDARWOOD OIL (J. virginiana),0.6504146876416402,-0.3541619201838742,1.5173049144324822
MASTIC (Pistacia lentiscus L.) GALL OIL,0.6976149484452602,1.1653107516559515,1.840524869459185
MASTIC (Pistacia lentiscus L.) LEAF OIL,0.8961306405687736,8.7075267705694,2.47650266766582
CEDARWOOD OIL (J. osteosperma),0.6544456192447234,-0.356756927869907,1.5437275625263291
LUCERNE HONEY (Medigo sativa),0.7054175862927191,-0.35725794914957765,1.4800484395119626
PISTACHIO (Pistacia vera) LEAF OIL,0.7035298418481245,0.3358684373827423,1.920280520879714
LODGEPOLE PINE WOOD SMOKE,0.6634974702813897,-0.38223112751920735,1.6995523594414585
WALNUT TREE SMOKE,0.6605420236471229,-0.3676709766565219,1.6001072822023337
SIBERIAN GINSENG FRUIT (E. Senticosus),0.6635253878781187,-0.37093996611837715,1.607516601093315
PORTUGUESE CHESTNUT (Castanea sitiva Mill.),0.7198930727095771,-0.3545477173256691,1.5577516067715358
CEDARWOOD OIL (J. deppeana),0.6544456192447234,-0.356756927869907,1.5437275625263291
FINE LAVENDER HONEY (Lavendula angustifolia),0.6402056413184118,-0.3608108230820943,1.4398481278994537
MAPLE SYRUP (Acer saccharum),0.7560348425913418,-0.3544889595570502,1.5060657225139125
BLUE GUM HONEY (Eucalyptus leucoxylon),0.6466874146953554,-0.35287243201201074,1.4927149361945373
MASTIC (Pistacia lentiscus var. chia) TWIG OIL,0.7007190837385465,2.226101321710987,1.8220398279619108
ROSEMARY HONEY (Rosmarinus officinalis),0.6553884156191424,-0.39042933200940144,1.4715590877928528
SESAME SEED (roasted),0.5055761861374579,-0.5029394447893708,-1.7919416813479774
SOY MISO (dark),0.6495657337045418,-0.3541220622233515,1.517972811733541
MULTIFLORAL HONEY or UNDEFINED HONEY,1.593496228972192,1.686794922453887,-8.313778531719116
TURPENTINE (Pistacia terebinthus) LEAF OIL,0.8110503108109661,3.013837447530394,2.884676250202163
"SHOYU (koji, aspergillus oryzae)",-2.087883419463203,-0.8554506245981621,-6.589539689629597
NAMPLA (standard),0.6496592015845992,-0.35404857452485583,1.518606870982578
"PISTACIA ATLANTICA, LEAF OIL",0.6930205685258694,0.20367382768963074,1.8537023558106678
PISTACHIO (Pistacia vera) FRUIT OIL,0.6615071678117155,-0.29907929799326466,1.5741777898177252
FISH MISO (without koji),0.6458392556641219,-0.35457856474143606,1.4951315047127538
NAMPLA (premium),0.6502893025126528,-0.353893634270103,1.5184049502904513
SAVORY HONEY (Satureja subspicata Bartl. ex Vis.),0.6683905274220745,-0.38479042370257316,1.4743779053882546
ANNATTO water-soluble extract,0.6650642598967295,-0.3520952329323206,1.5528411260718376
REDWOOD TREE SMOKE,0.6525591161177517,-0.36172169678392185,1.5642210832636472
JAPANESE SOY SAUCE (Koikuchi),0.5459380528594237,-0.3575959005675453,1.5327658428410609
HICKORY TREE SMOKE,0.7040468546139732,-0.38789873465108543,1.7200939912349937
PORTUGUESE OAK (Q. pyrenaica Willd),0.7276960444248368,-0.35523934484962216,1.5471597472823515
MASTIC (Pistacia lentiscus L.) GUM OIL,0.7240148684026503,1.3560292669123368,1.9992666454065289
HOP OIL (Humulus lupulus),0.6277967583181044,419.7449887337426,-15.057105194654024
"PISTACIA PALAESTINA, LEAF OIL",0.6643485311605436,0.009143211250120551,1.6156155073264575
PANELA WATER,0.6346170436476452,-0.3540760063634723,1.519315674140723
SUNFLOWER HONEY (Helianthus annuus L.),0.7304617290386071,-0.39024853947185817,1.5775617544731542
"RAW PUMPKIN SEED OIL (cold-pressed, old)",0.5348813982411967,-0.36189406103416827,1.4956213094368518
MOLTIKA HONEY (Moltkia petraea (Tratt.) Griseb.),0.6685859376711063,-0.3647227009982913,1.6905723451429548
HONEYDEW HONEY (Cucumis melo L.),0.4956791359743801,-0.36917747275721724,1.4157972085205799
CEDARWOOD OIL (J. monosperma),0.6544456192447234,-0.356756927869907,1.5437275625263291
"tom yam (lemongrass, galangal, kaffir lime leaf)",0.654404103247307,-0.35964378642595346,1.5439518375500072
HAZE HONEY (Rhus succedanea),0.603839547819323,-0.3677945032083471,1.3805218822778025
SOY SAUCE (light),0.6487883150703098,-0.35410815535263,1.517535518490346
"ROSELLE LEAF, RED CULTIVAR (post-flowering stage)",0.6534678277322183,-0.3582990913905576,1.537447315043493
WHEY PROTEIN HYDROLYSATE,0.5715868194097335,-0.39667290658064697,0.8009400288693344
COFFEE HONEY (Coffea species),0.669305415482716,-0.36925323234308977,1.67458734947741
BUCHU OIL,0.7347743948226783,-0.5298244042981494,1.9802751279047068
DOUGLAS-FIR SAPWOOD SMOKE,0.6670914613033748,-0.369402154722537,1.6103085722029942
WHITE OAK SMOKE,0.6516227578552264,-0.36595542435980183,1.5912249275963632
MANUKA HONEY (Leptospermum scoparium Forst.),0.6454098868725542,-0.3958366760253293,1.1870669998642271
ASPEN TREE SMOKE,0.6634941394735204,-0.3672003827465016,1.5965692498111628
JAPANESE SOY SAUCE (Sai-Shikomi),0.6147968149543263,-0.3554617547471182,1.491109256105677
CORNFLOWER HONEY (Centaurea cyanus L.),0.812293079390669,-0.3716912756546925,1.7385015418007712
TEMPEH,0.47479195545459296,-0.32938938522835154,1.4091937290723648
SIBERIAN GINSENG SEED OIL (E. Senticosus),0.6622545838195946,-0.37015781078003607,1.5915737912579415
FISH MISO (with koji),0.6395709718876451,-0.35407885483034124,1.5143278784096041
APPLE TREE SMOKE,0.6567891588065106,-0.372488298500707,1.6367462203093472
ORANGE BLOSSOM HONEY (Citrus sinensis L.),0.4715838285082292,-0.2276859645199634,1.2463365004166458
"ROSELLE LEAF, RED CULTIVAR (pre-flowering stage)",0.6556248764833434,-0.3611799565775671,1.5513384408732287
HOP OIL (Humulus lupulus cv. Whitbreads Golding),0.47645156336518246,0.3063472564837212,1.2850443488443024
SOY MISO (light),0.6502913552794679,-0.3541713817426752,1.5163791453915905
CARAWAY HONEY,0.6481483072029754,-0.3914913085568959,1.0388680962487187
SOY SAUCE (aroma type Baijiu),0.6758026404635781,-0.3557441478042411,1.5407250715738803
"PISTACIA PALAESTINA, GALL OIL",0.6618959869784731,-0.23452810320779496,1.602598438490016
FIR HONEYDEW HONEY (Abies alba Mill.),0.6748265694106147,-0.36233141347166464,1.7958586102666556
ASPHODEL HONEY (Asphodelus microcarpus species),0.6781111983311991,-0.3979705019950322,1.4611862877155344
HARD MAPLE SMOKE,0.6499695673651708,-0.3700217688407518,1.6177814499103544
NATTO (bacillus subtiles),0.5908739222665527,-0.34420412238276155,1.8580837720363008
RAPESEED OIL,0.6032938476295371,-0.3674802156395429,1.120432249798619
YELLOW BOX HONEY (Eucalyptus melliodora),0.6311191040500395,-0.4434571312515333,-0.051259989990514225
STRAWBERRY TREE HONEY (Arbutus unedo L.),0.654588386612966,-0.3418211474836837,1.9282902101481894
EASTERN CEDAR TREE SMOKE,0.6489407245094009,-0.3708242059239838,1.627594844727756
CASHEW HONEY (Anacardium occidentale),0.44675432893886907,-0.36290291145555187,1.5543343043820081
JAPANESE SOY SAUCE (Shiro),0.6501251555952435,-0.354153786892471,1.5186191708518593
SOY SAUCE (dark),0.6394030161209516,-0.35393049692127593,1.5185495153281527
CARROT SEED,0.6541701069136022,-0.35998908135023056,1.545525219004542
NUOC-MAM,0.6490138457275301,-0.35409394487432494,1.5181779918668354
ABELMOSCHUS ESCULENTUS (L.) MOENCH SEED,0.6662301186960788,0.9176402980775801,0.9229938574703198
HEATHER HONEY (Calluna vulgaris   Erica arborea),0.4868356365353668,-0.4433896542887676,1.9060852108366717
OYSTER SAUCE,0.6502448324424841,-0.35411972452591906,1.5179090648906794
LODGEPOLE PINE BARK SMOKE,0.6737123166122072,-0.37926792420371847,1.6738011358768585
TAGETES MINUTA OIL,0.6560821154818534,-0.3619074845581977,1.5555602189364572
JAPANESE SOY SAUCE (Usukuchi),0.6415127033739708,-0.35516124095915047,1.5222535660788048
C. LANCIFOLIUS ROOT EXTRACT,0.6398283058649921,-0.357802420057951,1.6709752036961159
ASSA-PEIXE HONEY (Vernonia ferruginea Less.),0.44750796289119804,-0.36326745992175435,1.3813178595555369
"ROSELLE SEEDS, RED CULTIVAR (mature)",0.6528861105895067,-0.35751752604912274,1.5336680508345155
MIZUNARA (Q. mongolica var. grosseserrata),0.6622399224873234,-0.3578071703262315,1.7031147096405264
LINDEN or LIME TREE HONEY (Tilia cordata),0.728824712862085,-0.25193337596732673,1.1623701829137
C. ERECTUS FRUIT EXTRACT,0.6580334971964478,-0.36543955252648047,1.5505514685305735
MASTIC (Pistacia lentiscus L.) AERIAL PARTS OIL,0.7577559015911891,1.3514917767705394,2.3583518688856175
MASTIC (Pistacia lentiscus var. chia) GUM OIL,0.6590981728172375,0.12602031143910786,1.5643229596569135
PHACELIA HONEY (Phacelia tanacetifolia Benth.),0.6578863867641503,-0.3882849917679444,1.5706751819913751
"PISTACIA ATLANTICA, OLEORESIN ESS. OIL",0.6810146154889084,-0.28262709917795403,1.760305930126671
CITRUS SPECIES HONEY,0.8485269841293193,-0.3938418898950443,1.7706407132075863
RAPESEED RAW,0.6512953164728954,-0.3620081876120946,1.3682423614163557
C. LANCIFOLIUS LEAVE EXTRACT,0.6582375161135302,-0.3697506724404081,1.502726021382223
PARBOILED RICE (cooked),0.6253773110548444,-0.3635467451596533,1.4037920593334086
ORANGE MAIZE FLOUR (variety Pool,0.6584459257837274,-0.3591414617871271,1.5638681491846176
TACO SHELL,0.6106177547587355,-0.3502712197609308,1.6055867884089297
WINTER TRITICALE GRAIN (cv. Panteon),0.6502490344088375,-0.35541865645645104,1.4906272597971402
PROVITAMIN A MAIZE FLOUR,0.5024499390750997,-0.42517981175385905,1.1791297027509628
WHEATEN BREAD (hard red winter wheat),1.1195572273865273,-0.35708759804816753,0.34657566634599696
TORTILLA FLOUR,0.6504816342418023,-0.3522911548088833,1.5458060561803089
WHEAT GRASS,0.6504146876416402,-0.3541619201838742,1.5173049144324822
"WHITE RICE (long grain, milled, raw)",0.6534781012509914,-0.3582516622778363,1.537350191902817
WORT,1.1826237795750774,1.262371879894661,-1.087741887492129
CORN TORTILLAS,0.43363333996436126,-0.3502281555076391,1.4911926542618144
WHEAT GRASS BREAD,0.6137240589009622,-0.3516987027850299,1.5826137034195658
MAIZE (Mp708 genotype),0.6525429279986797,-0.356788271773011,1.542122268819341
WHEATEN BREAD BROWN,0.04622826273568983,-0.41869983611967937,-2.6509044940143474
CHOCOLATE MALT,1.192504019430802,-0.40150928039324196,0.7708882004162543
YELLOW MAIZE FLOUR,0.5024499390750997,-0.42517981175385905,1.1791297027509628
"BROWN RICE (long grain, cooked)",0.7388304415962645,-0.365877654685237,1.546302427095891
DENT CORN OIL,0.3049058553864948,1.9530571308213551,1.836391146594271
OAT FLAKES (toasted),0.747714390785579,-0.3827388643290191,1.1841623985350334
BASMATI RICE (raw),0.6569658805804331,-0.36292829951627564,1.5602163939687042
DONUT,0.5981776033700753,-0.3615528102545465,1.3802292385664412
POPCORN,0.6845612788463746,-0.45530574827785647,-0.5140834511324625
WHEAT FLOUR (mix of English soft wheats),0.660786389155019,-0.36799412856678687,1.5916925401556516
YELLOW MAIZE PORRIDGE,0.4756663117317365,-0.38206915432337535,1.4953516381634044
AMARANTH (A. spinosus),0.6093684237847198,-0.3649337214193421,1.4284760049962235
TIANYOU (traditional fermented wheat),0.6636144695046575,-0.37325875184127744,1.6090625596327628
DEFATTED RICE BRAN (insoluble dietary fibre),0.6577165221020318,-0.3603396031931025,1.6330480489066213
MAIZE (Tx601 genotype),0.6511232480888582,-0.3544989235939462,1.5496086688256747
RICE (unprocessed),-1.2755281583868472,-0.4912997523940009,-3.931158209600973
BARLEY (roasted),-0.26385804683657,-0.5465245852581302,-2.42140495126894
SWEET CORN,0.8300028306091547,-0.4287621457807364,0.5249546131619541
RYE CRISPBREAD,0.6506553173299556,-0.3549407840717667,1.5183047548294293
OAT GROATS (toasted),-2.198284962740281,-0.7290139388060094,-4.61725514165144
OATMEAL (cooked),-0.23832124366401225,-0.49151181840980823,-1.291663126645336
BREAD and BREAD PREFERMENT,0.5283811280899738,-0.3896487039309562,1.0989303595608044
WHEATEN BREAD CRUST,3.432459651990898,-0.621768501042936,-7.179748948409777
"WHITE RICE (long grain, milled, cooked)",0.652789630422185,-0.3573699626147963,1.532908319439092
WHEATEN BREAD CRUMB,0.6508242165739624,-0.29881183298128977,0.9818170629112135
DEFATTED RICE BRAN,0.6559887131494737,-0.363071160965678,1.5290804358837629
AMARANTH (A. retroflexus),0.5279932612474836,-0.3812340368509142,1.123673438482865
SCENTED RICE (unprocessed),0.3722104751809711,-0.4998051747306274,-0.8231407392945406
WHITE MAIZE FLOUR,0.5024499390750997,-0.42517981175385905,1.1791297027509628
BASMATI RICE (cooked),0.6543873949784147,-0.36303060994646846,1.5014705238049213
CORN (Zea mays),0.6436019011403531,-0.35537139923042854,1.504068331593613
OATMEAL,0.49858817379457476,-0.42599976152872987,0.1507741783270095
BUCKWHEAT,0.005983120515153507,-0.527623239910087,-2.358411445631135
MALT,-4.387929267060131,-0.7977497861354008,-5.2182270429560225
QUALITY PROTEIN MAIZE FLOUR,0.5024499390750997,-0.42517981175385905,1.1791297027509628
RICE CAKE,0.28761022185857543,-0.336661437089657,1.7402483562187312
SOONG-NEUNG (extract of cooked and roasted rice),0.7412517250735553,-0.3560766817774727,1.477512713393556
RYE BREAD,0.8249393182837486,-0.4462090680398181,0.2856615979803869
WILD RICE (Zizania aquatica),1.4879838909883845,-0.5624081001753931,-2.051058734018458
WHEATEN BREAD (hard white winter wheat),1.1195572273865273,-0.35708759804816753,0.34657566634599696
OAT GROATS,0.2307163736714972,-0.6975101395492308,-3.8989500713753618
MALTED BARLEY (roasted),0.6751881460042316,-0.3745323551551131,1.1135629167251129
WHITE MAIZE PORRIDGE,0.4756663117317365,-0.38206915432337535,1.4953516381634044
SPELT,0.6573078154214601,-0.36356675902716434,1.563504163968108
EMMER,0.6597018111594285,-0.3668358970874846,1.5795454983443882
RICE BRAN,-0.21849708383286595,-0.5852992451454698,-2.465881233479265
TRADITIONAL RICE (cooked),-0.8379551836931355,-0.28471268081117856,-3.771013742167625
OAT FLAKES,0.6722754770045218,-0.36256584775332495,1.510810064452297
EINKORN,0.6603079627746933,-0.36768787634510475,1.5836754627176468
WHEATEN BREAD WHITE,1.6335402948874864,-0.561281605718419,-2.710152789705834
AMARANTH (A. hybridus),0.609341411720846,-0.3647485993897126,1.4281067065885018
AMARANTH (A. cruentus),0.6093683389978819,-0.3649337418774727,1.4284753838510307
"BROWN RICE (long grain, raw)",0.6573669988890581,-0.3633055383473249,1.5625086819703389
WINTER TRITICALE GRAIN (cv. Fredro),0.6506393406632667,-0.35725560049849836,1.4315692552208878
QUALITY PROTEIN MAIZE PORRIDGE,0.4756663117317365,-0.38206915432337535,1.4953516381634044
WHEATEN BREAD BAQUETTES CRUST,0.5936590473972336,-0.3839216215430848,0.989587221175173
WINTER TRITICALE GRAIN (cv. Borwo),0.6506393406632667,-0.35725560049849836,1.4315692552208878
BARLEY (unprocessed),0.44691690298954656,-0.33006485860976664,1.6356578322996338
DEFATTED RICE BRAN (soluble dietary fibre),0.6515062464637484,-0.35578866348250177,1.5200960249308324
PROVITAMIN A MAIZE PORRIDGE,0.4756663117317365,-0.38206915432337535,1.4953516381634044
TORTILLA CHIPS,0.4227968544087314,-0.3479123991219502,1.6707748924462675
JASMINE RICE (raw),0.6579491404624915,-0.3643679171645132,1.5669209661882995
CRISPBREAD,4.400756571987085,-0.4803834606718783,-1.5753775260434584
BREAD DOUGH,0.6855469832776371,-0.3016673214042053,1.2523265145597144
PEATED MALT,1.2520017173209574,-0.4133448258321322,0.4092370177131527
OATMEAL (fresh extrusion product),0.6196975488836474,-0.37595853686981134,1.206329515788709
HARD RED SPRING,0.6559678213157558,-0.3616762100359175,1.5546659921837176
JASMINE RICE (cooked),0.655036422428594,-0.36397725012285326,1.505877331616012
AMARANTH (A. palmeri),0.6095204143721243,-0.367880007027182,1.4281027240556152
"WHEAT (soft whole-grain, lightly milled)",0.6444713629325481,-0.3446693868344844,1.4956530420928078
SCENTED RICE (cooked),0.3095266426878825,-0.4572747768725797,-1.8097139480925102
AMARANTH (A. hypochondriacus),0.5976153829740934,-0.3497295456315542,1.4099125788890623
CAVONE LEMON PEEL OIL,0.6610619499462349,-0.16756370552971148,1.590781438180783
SATSUMA MANDARIN PEEL OIL (Citrus unshiu),0.6793825255869693,-0.12171795963109105,1.6763773876003718
JACKFRUIT (Artocarpus heterophyllus Lam.),0.5947271305931519,-0.3867200884617905,0.7088058053645375
APPLE FRESH (Golden Reinders),0.6519881776766505,-0.3555916897219827,1.5762490400683642
CLOUDBERRY (Rubus chamaemorus L.),-0.47341188583169724,-0.351696130954214,1.927894860249062
BUDDHA HAND JUICE,0.6505032381413571,-0.35379537938000544,1.5179347317671354
POMELO WHITE JUICE (citr grandis Osbeck) PO51,0.6526965550478984,-0.35225699210847683,1.5355555742353832
SICILIAN LEMON PEEL (C. × limon (L.) Burm. fil.),0.6656882483730402,0.013310664143124781,1.6149156064609587
CALAMANSI FRUIT TAIWAN (citrus x microcarpa),0.6962466673458254,-0.3587127802618864,1.5428123596644339
CASHEW APPLE (fresh),0.606392564118669,-0.4028836601743217,-0.209461603330097
BLOOD-OF-MOMBUCA ORANGE PEEL (C. sinensis var. S.),0.6570011731859329,-0.2957224670820851,1.566638811883761
BITTER ORANGE PEEL OIL,0.728904572340849,-0.3193759789609252,1.7983048883473636
IYO-KAN PEEL OIL (Citrus iyo Hort. ex Tanaka),0.6796384817777844,1.0307726302695908,1.6643541306059424
PERSIAN LIME JUICE,0.6504410277972138,-0.3541317623358012,1.5174975344515378
SOUR CHERRY (Prunus cerasus L.),0.42627321273798513,-0.34632390659384776,-0.06755397460233224
BUDDHA HAND FRUIT (citrus medica v. sarcodactylis),0.6779590241157576,-0.35675207969929523,1.5276881116094605
"AMBARELLA FRUIT (unripe, Spondias cytherea S.)",0.6393530350238298,-0.35970496786214096,1.399276108739446
APPLE FRESH (Braeburn),0.6515259691061113,-0.25745968660813123,1.5578432545993035
LEMON PEEL OIL (Citrus limon Burm. f.),0.7585885551681385,0.16692623125054815,2.5821072906317926
OVAL KUMQUAT PEEL (F. margarita (Lour.) Swingle),0.6551233423530661,-0.2633945292813849,1.5487292681127987
APPLE FRESH (Jonagold),0.5652310940496797,-0.30801192051254167,0.7220458335111299
CASHEW APPLE JUICE,0.6598483027537624,-0.29751422707850844,-0.3526408777113185
"LIME JUICE (Citrus aurantifolia, Citrus latifolia)",0.5339882523447744,-0.3605592787014245,1.390199226402247
ARCTIC BRAMBLE (Rubus arcticus L.),0.7665884186929113,-0.36064846143562196,1.9946788953219245
APPLE FRESH (Granny Smith),0.6552187938040221,-0.3996471569959526,0.9876840876641153
APPLE FRESH (Red Delicious),0.636902440689349,-0.19715735534916443,0.08243036105790179
KABOSU OIL (Citrus spaerocarpa),0.6604453554438129,0.008822396990347271,1.4844551878400452
VITIS ROTUNDIFOLIA,0.3641222956167713,-0.32597180789530444,-0.18713810643698867
KABUSU PEEL OIL (Citrus aurantium f. kabusu),0.6524013549520009,-0.3608770354847326,1.4446780816416298
APPLE PROCESSED (cooked),0.7390305749347826,-0.1388512248658485,1.3848488521718447
DRAGON FRUIT (Hylocereus costaricensis),0.6523350595635019,-0.3566946107466766,1.5336446069847844
ORLANDO TANGELO (dancy mand duncan+grapefr hybrid),0.650415073617176,-0.354158323504321,1.517274635490583
ROUND KUMQUAT PEEL (F. japônica (Thumb.) Swingle),0.6578656765037614,-0.28054927137335234,1.5702953598629188
ORANGE JUICE (Citrus sinensis L. Osbeck),0.5700064534943089,-0.7017227459162291,-6.386319371495808
VALENCIA ORANGE PEEL (C. sinensis L. Osbeck var.V),0.6553147790804071,-0.2755961046952314,1.5510289925504352
CHINESE QUINCE PEEL,0.6843643556121769,-0.4065160720386081,1.8563910849053324
BUDDHA HAND PEEL OIL (citrus medica v. s.),0.6701846821076411,-0.27199577389042345,1.5951645144050375
DIAMANTE LEMON PEEL OIL (citrus medica L.),0.6650054396561504,-0.17940496460685582,1.621239922352268
YUZU OIL (Citrus junos Sieb. ex Tanaka),0.8139163427764433,0.21723998318869875,6.878911311688476
BLACK CURRANTS - BERRIES,0.5512662644950926,-0.49279708201721667,-1.2737148310444648
CROWBERRY (Empetrum nigrum coll.),0.3937491194119332,-0.3863916311873461,0.8812178741408451
AVOCADO (Persea americana Mill.),-0.29783164930553263,-0.4795767791235422,-0.3276422904860522
VITIS VINIFERA L. (Cabernet Sauv. thinning grapes),0.6802745982326931,-0.4037297177899779,1.6509419629748616
"BELI, BAEL (Aegle marmelos Correa)",0.29432626376366183,-0.4653309883580068,-0.035304743523024
MEYER LEMON PEEL OIL (citrus meyerii Y.),0.6600736756305209,-0.19242766044174567,1.5747475831792928
PERSIAN LIME OIL,0.6700973066911964,-0.2523614864744704,1.6636651034209764
DATE (Phoenix dactylifera L.),0.5732093394303814,-0.5024503479447376,-1.6964503365835837
BERGAMOT OIL (Citrus aurantium bergamia),0.6674245353358124,-0.1815476944976544,1.6521240335542162
MANDARIN OIL (Citrus reticulata),0.6137589651454661,-0.22076074970274973,1.8983343900844978
BITTER ORANGE PEEL OIL (Sudachi),0.6620588245003097,-0.31542996109523685,1.5985151330146286
TAHITI ACID LIME PEEL (C. ×latifolia Tan. ex Y.T.),0.6707770781979184,0.15029647117175038,1.6490572151921121
SUDACHI OIL (Citrus sudachi Hort. ex Shirai),0.5068900637558614,-0.12719174840782602,1.5010748603529591
ACEROLA (Malpighia),0.5632550081076776,-0.3362425170179009,-0.22778089419800424
SATSUMA MANDARIN JUICE (Citrus unshiu),0.6503825440586039,-0.35485596095616734,1.5173141184946422
APPLE FRESH UNRIPE (Ruixue),0.6535506701817401,-0.36827858432078553,1.4241458394928215
ELDER FLOWER,0.5028863503573635,-0.38965403127237835,0.6283640411942477
BITTER ORANGE PEEL OIL (Natsu-daidai),0.6568006945072378,-0.314264830917557,1.5623266158678524
BACURI (Platonia insignis),0.6420330472989082,-0.3553671704035191,1.4072953976956188
"CUSTARD APPLE, ATEMOYA (Annona atemoya)",0.6548683938973697,-0.5199957025418095,1.2217578395920938
LIME OIL (coldpressed),0.6940898206639458,0.5314550602053228,2.0184602461419137
ELDERBERRY FRUIT,0.6452120149583664,-0.38052344623307915,1.1564747147043204
CAPE GOOSEBERRY (Physalis peruviana L.),0.4385570641635643,-0.47908079179414076,-0.9779540176281146
ORANGE OIL (Citrus sinensis L. Osbeck),-2.36162663984368,-0.2905559640401855,-1.3940590001386528
CALAMANSI PHILIPPINE FRUIT (citrus x microcarpa),0.7119615962542788,-0.36133540375683737,1.5614854033152512
MANDARIN OIL (Citrus nobilis),0.5893613126156685,-0.09726769571248381,1.3171030201249945
AUSTRALIAN FINGER LIME PEEL (cv. Durham’s Emerald),0.6630507158656749,-0.3145061043131685,1.6101810537473393
BITTER ORANGE PEEL OIL (Iyokan),0.6602777798391355,-0.313294731819191,1.5876735139732658
APPLE FRESH (Jonathan),0.5995522381410167,-0.2795722754132055,1.4395437896686556
APPLE FRESH (Golden Delicious),0.6526593331621336,-0.40910469329603366,0.4902139018184014
KAFFIR LIME JUICE,0.6511084297704872,-0.34924663232799963,1.522008726917261
SWANGI PEEL OIL (Citrus hystrix DC),0.6729041827630716,-0.19088736316013458,1.6814839601677376
PONKAN PEEL OIL (Citrus reticulair Blanco),0.6802516535293147,0.007628285931757043,1.609957871634663
POMELO PEEL OIL (Citrus grandis Osbeck),0.6625610320063833,-0.25830185018944685,1.6004070592554658
BITTER ORANGE PEEL OIL (Daidai),0.6555710706826968,-0.31672200662884165,1.5541665535389255
KINOKUNI MANDARIN JUICE (Citrus kinokuni),0.6504169944548785,-0.3541391397328668,1.5177512364937666
VITIS LABRUSCA L.,0.6017845696736434,-0.5517971414836277,-3.2146785381834997
DANCY MANDARIN JUICE,0.6504146923624118,-0.3541555533244651,1.517289282895101
TANGERINE MANDARIN JUICE,0.6058527119742435,-0.3715142656662803,1.2320281520758594
LEMON JUICE (Citrus limon Burm. f.),0.6240773398821666,-0.36098347998193797,1.485840593948911
GRAPEFRUIT OIL (Citrus paradisi),0.633366966698363,-0.3804922167349966,-0.15294682815479477
APPLE FRESH (Ruixue),0.6410177300335649,0.25481414911502154,0.7337521770062049
BABACO FRUIT (Carica pentagona Heilborn),-0.034749231801414884,-0.5262425792135498,-1.4496771289570145
BUDDHA HAND PEEL (citrus medica v. sarcodactylis),0.6801601217092844,-0.3606767848252144,1.5323930709072868
CUPUACU (Theobroma grandiflorum Spreng.),0.6256995066308951,-0.4273996106404984,0.5846332433141329
FINGERED CITRON PEEL OIL (Citrus medica L.),0.6504146876416402,-0.3541619201838742,1.5173049144324822
"AMBARELLA FRUIT (ripe, Spondias cytherea S.)",0.6520698662490112,-0.3699409292057839,1.2612956052876054
APPLE JAM,0.6501062639901138,-0.36624712412087396,1.3129117213124681
BITTER ORANGE JUICE (Citrus aurantium ssp. amara),0.6503544037097565,-0.35404614970664905,1.517290715877647
CALIFORNIA PEPPER (Schinus molle L.),0.6550137077908985,-0.3616597061828602,1.4586637870398431
CHINESE QUINCE FRUIT,0.10113905165832009,-0.530473382601059,-1.2294196606244332
SWEET CHERRY (Prunus avium L.),0.05069848974801494,-0.3522366069974938,0.06803122464345918
MEYER LEMON LEAF OIL,0.6614240116194667,-0.32636979809281585,1.5971413555944545
DAIDAI PEEL OIL(C.aurantium L.cyathifera Y.Tanaka),0.662074578290599,-0.30340076653230513,1.6187482243078342
GRAPEFRUIT JUICE (Citrus paradisi),0.5844989358246693,-0.6035294414985272,-1.148924090881268
PERSIAN LIME PEEL (C. limettioides Tanaka),0.6617163939040352,-0.06747028719274262,1.5868631348788582
KAFFIR LIME LEAF OIL (Citrus hystrix DC.),0.6721445629466583,-0.28117371622810805,1.6724852435851962
FIG (fresh),0.6490630256612793,-0.35598508785839167,1.5316218508419615
LIMA ORANGE PEEL (C. sinensis L. Osbeck var. Lima),0.6552107606877596,-0.24757263976298602,1.5494874322206778
ELDERBERRY JUICE,-0.3747229403089965,0.08646057656165147,-0.7253505047114639
RAISIN,0.904718800748596,-0.41874865935180494,0.7015668357524458
"DALIEB, PALMYRA PALM FRUIT (Borassus aethiopum L.)",0.6502874411623966,-0.3647859134352037,1.230772772887437
BULLOCK'S HEART (Annona reticulata L.),0.7080088106236438,-0.27171628206132326,1.4260090069534554
BUDDHA HAND HYDROLATE (citrus medica v. sarcod.),0.6504142456449762,-0.3541638643913016,1.5173017299237976
KINOKUNI MANDARIN OIL (Citrus kinokuni),0.6777914390468989,-0.33152431912310193,1.6849379750715079
APPLE FRESH (Pink Lady),0.6506927466525534,-0.35221545713567215,1.52205054341998
APPLE PROCESSED (juice),0.508438390656693,-0.14272731284119858,-1.7148552567948936
BAIA ORANGE PEEL (C. sinensis L. Osbeck var. Baia),0.6569911466511407,-0.2830756021542705,1.5667109834105966
APPLE FRESH (McIntosh),0.4162390848153738,-0.21220893280446868,0.472157070469985
GABIROBA (Campomanesia xanthocarpa),0.49268932892971523,-0.10153394491158287,1.0062410909616186
FIG (dried),0.6566287183176021,-0.39127403581235143,1.0708078926543423
APPLE FRESH (Cox's Orange Pippin),0.42321533168799036,-0.3563512877106781,1.5036879001319285
CHERIMOYA (Annona cherimolia Mill.),-0.28538083353372184,-0.7364604727971391,-6.95274827729406
CHEMPEDAK (Artocarpus polyphema Pers.),0.6063930300239999,-0.372372637702641,1.2370946614575713
POMELO PINK JUICE (citr grandis Osbeck) PO52,0.3335307321569505,-0.34890022408871674,1.6802164705537481
KUMQUAT PEEL OIL,0.6767440368420301,0.6625264513151603,1.656523782161268
OTHER VITIS SPECIES,0.4637044976876841,-0.47339101698750297,-0.0029263677288479755
DWARF QUINCE (Chaenomeles japonica),0.22268748136222516,-0.21878389256075265,1.2876169149518206
APPLE FRESH (Fuji),0.5714848128467536,0.08183896174618284,0.37057920438080455
AUSTRALIAN FINGER LIME PEEL (cv. Alstonville),0.6604564438951712,-0.2536664567696325,1.5927189104416368
ITALIAN TANGERINE PEEL (C. deliciosa Ten.),0.6577879228774295,-0.290450032706526,1.5694268430635816
BLACK CHOKE BERRY JUICE(Aronia melanocarpa Ell.),0.6531561072717339,-0.3942824184178418,1.5464945224439137
CALAMONDIN JUICE (Citrus mitis Blanco),0.6504166820203529,-0.3541504398745891,1.5173216235725957
DRAGON FRUIT (Hylocereus undatus),0.6522688842799084,-0.3565879159553122,1.5337326736874397
KUMQUAT OIL (Citrus Fortunella species),0.8724025417253134,0.7025250633065397,0.5688165389918555
AUSTRALIAN FINGER LIME PEEL (cv. Judy's Everb.),0.659201329669913,-0.27938512597038206,1.580892609724123
APPLE FRESH (Elstar),0.6816507498313747,-0.36857295701344506,1.412296791529147
SWEET ORANGE PEEL OIL (C. sinesis),0.6781645642771671,-0.22678221072045254,1.7218082638065715
BLACK CURRANTS - BUDS,0.7416409967792211,0.16391180997600222,0.9305038001263471
"CERIMAN, PINANONA (Monstera deliciosa Liebm.)",0.6590581330006496,-0.44321952900923717,0.28244570765204857
KAFFIR LIME PEEL OIL,0.6905633352266142,-0.09309257611859674,1.8186730296401221
MICROCITRUS SPECIES OIL,0.6942585390911359,0.0686565053784441,1.2222901635908998
BITTER ORANGE PEEL OIL (Kabusu),0.6608894354873948,-0.33259795316479057,1.5920753797940566
APPLE FRESH (Cox's Orange),0.6563887164809339,-0.38134382438706615,1.2223970689009878
LIME OIL (distilled),0.716632235951131,-0.17441552880214842,2.0376618102793853
APPLE FRESH (Royal Gala),0.6376440699324475,-0.3486564040404435,1.4460557170566748
MANDARIN OIL (Citrus deliciosa Tenore),0.684713178205641,-0.2839364633168834,1.8182373099921056
APPLE FRESH (generic),-1.7109898220943338,1.7074216584816888,-10.248020053191869
TANGERINE MANDARIN PEEL OIL,0.6786328516711922,-0.24823557939878121,1.722702118096205
APPLE FRESH UNRIPE (Fuiji),0.6554547821956629,-0.21112097910488584,1.0964031044125782
CALAMANSI PHILIPPINE ESS OIL (citrus microcarpa B),0.6652111760062942,-0.3181825920167748,1.6217658951726355
"ASIAN PEAR (Pyrus serotina, Pyrus pyrifolia)",0.40185807834314924,-0.41016136631334804,0.8818499526780385
DURIAN (Durio zibethinus),0.05679315320945994,-2.635629996176381,-7.041022349599374
CHINESE QUINCE FLESH,0.6503820974960327,-0.35403249055640434,1.514143464535058
MANDARIN JUICE (Citrus reticulata),0.6345341033016058,-0.3750773691856423,1.3527513427977131
BLACK PEPPER FRUIT (cv. Clonada),0.6620790194601393,-0.36094458714168765,1.5245395255965084
HORSE MINT OIL (Mentha longifolia),0.7614315105021923,0.2750708565296037,1.6840605733742648
BLACK PEPPER LEAF (cv. Guajarina),0.6504134722730639,-0.35422031712003027,1.517297983661341
CURCUMA AMADA ROBX.,0.650413859374609,-0.3542930563185192,1.5173039967762574
"WHITE SESAME SEED OIL (cold-pressed, old)",0.5548897168583937,-0.323990407139391,0.8916521558991632
MYRTLE BERRY,0.6686966549748727,-0.23305074848377536,1.65725130029211
TEMOE LAWAK (Curcuma xanthorrhiza Roxb.),0.6763301804534769,0.0525691439351627,1.6910311627379504
OCIMUM BASILICUM VARIETIES,0.6851392988398308,0.29241869923369695,1.8627449893766945
Heated LICORICE (Glycyrrhiza uralensis),0.8124684498288383,-0.29874710403614707,2.762420992992812
MOROCCAN CAMOMILE OIL (Chamaemelum mixtum L.),0.6906931964516667,-0.06341206249256037,1.8327587515672568
BROWN MUSTARD OIL (Brassica juncea),0.6793011518465406,-0.3198642080091247,1.534630762706446
CURCUMA AERUGINOSA ROXB.,0.6906656572323063,1.006491988933809,1.7565446258265982
ORIGANUM (Spanish) (Coridothymus cap.(L.) Rchb.),0.7054774622508886,0.43198077928267165,1.0855247544392919
ASAFOETIDA OIL,0.7261703916306139,0.23428765190010442,4.142484184500885
GERMAN CAMOMILE OIL (Matricaria chamomilla L.),0.7014970145419477,0.6181886223944598,1.453542044930278
LOVAGE ROOT,0.37478255209514033,-0.31156844000470735,-0.670285236193064
CALAMUS (ASIAN ORIGIN),0.6248857615478443,-0.2087472620233299,1.8128893801530128
VEGETABLE FENNEL OIL (F. var. azoricum (Miller)),0.6567965415999678,-0.35730185634689166,1.5631681069089705
"GOLD FLAXSEED OIL (cold-pressed, old)",0.24746009438711478,-0.17557150865490492,0.6458703420313617
SWEET GRASS OIL (Hierochloe odorata),0.5951740946546621,-0.3945743254823121,1.1262207717245811
EAU DE COLOGNE MINT OIL (M. piperita var. citrate),0.6504146876416402,-0.3541619201838742,1.5173049144324822
Heated LICORICE (Glycyrrhiza echinata L.),0.6361911164917093,-0.404427850204439,0.4141839914969373
"TURMERIC, WILD (Curcuma aromatica Salisb.)",0.687208538664903,0.6425217037474481,1.7446764639067591
STAR ANISE (Illicium anisatum),0.6643737381150863,-0.3181760408595673,1.6169562575397256
SWEET FENNEL OIL (F. var. dulce (Miller)),0.6659229405729026,-0.36100905240482484,1.6273444571884874
ROSEMARY (Rosmarinus officinalis L.),0.6991319364952187,0.03252931988934233,1.8747538831669521
SAGE (Salvia officinalis L.),0.6808992165507703,0.18196341172077285,1.53537655450408
SPEARMINT OIL (Mentha spicata L.),0.7448731005816479,-0.19188206951659834,1.9245663934953217
CLOVE LEAF,0.6517152508641375,-0.3577899300430619,1.515190862171648
"WHITE POPPY SEED OIL (cold-pressed, old)",0.1364417977460889,-0.48543565721659937,0.09891532279062348
CATNIP GIANT HYSSOP (Agastache nepetoides K.),0.6523950734949476,-0.35609718293281745,1.5261521914900997
CALAMUS (EUROPEAN ORIGIN),0.7419944216947286,3.0471555617986787,2.132856842859385
SMALLER GALANGA (Alpinia officinarum Hance),0.6734576571735941,0.1665600309800875,1.551548597656168
BLACK PEPPER LEAF (cv. Equador),0.6767832646475694,-0.3910704078359834,1.6974237969028516
VINEGAR (industrial from Ulugbey Karasi red wine),0.6503482025077345,-0.35391172809042226,1.5208360861807975
BLACK PEPPER FRUIT (cv. Cingapura),0.6705202252941659,-0.37488303532577166,1.564759199724433
INDIAN DILL HERB (Anethum sowa Roxb.),0.6504031301783355,-0.35418278780584,1.5172071705747776
BERGAMOT MINT OIL (Mentha citrata Ehrh),0.6552235010611109,-0.3160511233765809,1.564003735830634
SATUREJA THYMBRA L.,0.6662294493087195,-0.24947992237441702,1.6296158302467847
CARAWAY ROOT,0.670145422858471,-0.21014128318022512,1.663476861754119
CARAWAY HERB,0.6645004778281719,-0.11011743168964243,1.6079354276114552
CALAMINTHA NEPETA OIL,0.6763823722515728,-0.24567620391276151,1.7202002963366319
GENTIAN ROOT,0.6666893301234114,-0.377260765408644,1.6300514223437637
BLACK PEPPER (Piper nigrum L.) (non-categorised),0.7440099712642042,2.8281727416105626,1.7590802305056574
BITTER FENNEL TEA,0.6504064147072307,-0.35415866894389453,1.5173478356845982
ANISE OIL,0.6759403881414877,-0.3722006669984644,1.7042055573746815
CLOVE STEM,0.6581217509565253,-0.1649524212794796,1.5645244564677694
WHITE MUSTARD SEEDS ROASTED (Sinapis alba L.),0.6463295171350792,-0.3751204020512854,1.101364157610563
"VINEGAR (aged in oak casks, from Brandy de Jerez)",0.6630662966786205,-0.3820028204051554,1.3404679311051066
CLARY SAGE (Salvia sclarea L.),-0.879663431134257,1.9262154647482654,1.63091267731921
BLACK PEPPER LEAF (cv. Iaçará),0.6639421123777437,-0.3630259977575861,1.606248797399503
GINGER (Zingiber cassumunar Roxb.),0.706896105777372,-0.24677696083830045,1.9131305858222933
WHITE MUSTARD SEEDS (Sinapis alba L),0.7231445147070767,-0.3760958970928671,1.2030874976768486
HEAT-PROCESSES LICORICE (Succus Liquiritiae),0.548591267671412,-0.35272088368573884,1.5363076667279307
TARRAGON LEAVES,0.6503578614937852,-0.3663124541112665,1.3352143646409032
LOVAGE SEED,0.6681334477754065,-0.2620453900769832,1.6306574888447924
NUTMEG (Myristica fragrans Houttuyn),0.7085731758259589,-0.10020931633057371,1.9572559687757811
PENNYROYAL OIL (Mentha pulegium L.),0.7942270847313238,-0.3359329755825272,1.877019428550432
TURMERIC (Curcuma longa L.= C. domestica Val.),0.6744640473797523,-0.31017794659933234,1.6530274235598004
CUMIN SEED (Cuminum cyminum L.),0.6658624148448727,-0.08665838238408109,1.6188354549654727
"BLACK CUMIN OIL (cold-pressed, old)",0.6266169511488044,-0.37113630863818753,1.566529967626161
CALAMUS (NORTH AMERICAN ORIGIN),0.6737275324572443,-0.3138076012235973,1.6930918446834275
VINEGAR (traditional from Ulugbey Karasi red wine),0.6503482025077345,-0.35391172809042226,1.5208360861807975
CYMBOPOGON CITRATUS OIL,0.681118975189748,0.10562123456947638,1.7347179532876502
CARDAMOM (Ellettaria cardamomum Maton.),0.7755531197836556,0.5190151204279564,1.7752471978382809
APPLE MINT OIL (Mentha suaveolens),0.7256415608532097,0.35987927571804046,2.094800014678851
GINGER (Zingiber officinale Roscoe),0.7397954391190107,1.861299918240375,2.489341825342061
ZEDOARY (Curcuma zedoaria Rosc.),0.6604916551541642,-0.36825510923570187,1.5858592193137746
"CINNAMOMUM, OTHER TYPES",0.6663680324838351,-0.12299707339264636,1.6577856180563004
BLACK PEPPER FRUIT (cv. Bragantina),0.6643498869062584,-0.3642758893076215,1.524394213957587
PIPER BETLE L. CULTIVARS,0.6599121486483449,-0.36055857479173203,1.4978671269829371
"BROWN FLAXSEED OIL (cold-pressed, old)",0.7060819385187415,-0.28406500408402263,1.231941949943769
CARAWAY SEED,0.66601437719241,-0.3281473411917981,1.6298664358925796
"MILK THISTLE OIL (cold-pressed, fresh)",0.5707500367069454,-0.41972145553909906,1.41370571312823
WILD MARJORAM (origanum vulgare L. ssp. virens),0.6504139589808333,-0.35417359208967686,1.5173001439394662
WILD MARJORAM (origanum vulgare L ssp glandulosum),0.6504142000831691,-0.3541715790490643,1.5173017515736877
KOREAN MINT (Agastache rugosa Kuntze),0.6523953326433234,-0.35609914742838633,1.5261543899842178
BLACK PEPPER FRUIT (cv. Guajarina),0.6681894693206079,-0.36959345102405916,1.56564684060269
CASSIA LEAF (Cinnamomum cassia Blume),0.7851470576620276,-0.41378133136079326,1.6468421571367104
BLACK PEPPER LEAF (cv. Bragantina),0.6664353121101751,-0.3712267322844255,1.6064013068462084
INDIAN DILL ROOT (Anethum sowa Roxb.),0.6512214160874262,-0.35529532288398363,1.5230206757581004
CHOCO MINT OIL (Mentha piperita f. citrate),0.6504146876416402,-0.3541619201838742,1.5173049144324822
INDIAN DILL SEED (Anethum sowa Roxb.),0.6538471917217692,-0.3573275668222718,1.5398885944797174
Heated LICORICE (Glycyrrhiza inflata L.),0.6611333874705854,-0.3658506273565286,1.5006092124940034
BITTER FENNEL FRUIT SEED,0.6506093623092702,-0.35195580372614504,1.5216252093868978
BLACK PEPPER FRUIT (cv. Uthriankota),0.66370989764374,-0.3544272392013558,1.6060813445053348
WILD MARJORAM (origanum vulgare L. ssp. hirtum),0.6503992462788848,-0.3542209269957397,1.5172037751911844
CINNAMON ROOT BARK (Cinnamomum zeylanicum Blume),0.6592860319733764,-0.3242254569312211,1.5807525332547676
WHITE PEPPER WHOLE CORNS (Piper nigrum L.),0.42690023349934036,-0.34329781226391703,1.6462654431200854
CURRY FRUIT OIL (Bergera koenigii L),0.6613815311573107,-0.1596586115661739,1.5983233129572951
BLACK PEPPER OIL (Piper nigrum L.),0.6980210089254337,2.917065954264395,1.110648663349425
CORNMINT OIL (Mentha arvensis),0.736190309023744,1.6308672845495504,1.8435954406760597
CURCUMA DOMESTICA L.,0.6524045211028207,-0.3568996023169957,1.5305301699746152
CURCUMA WENYUJIN,0.6543790521658627,-0.3920867887847568,1.5451066047850683
INDIAN CRESS ABSOLUTE (Tropaelum majus L.),0.6632476640380888,-0.35901968301824955,1.6067584827332797
SPANISH SAGE (Salvia lavandulaefolia Vahl.),0.6708921659824695,0.1749675944694606,1.6599983966076841
BLACK MUSTARD (Brassica nigra),0.6451778682792707,-0.363486102249652,1.3246642751897069
Raw LICORICE (Glycyrrhiza glabra L.),0.6537833463658677,-0.41049035016761765,1.077397254475332
SUMMER SAVORY (Satureja hortensis L.),0.6663709283100583,-0.2444609422277883,1.626769999521197
WHITE SESAME SEED OIL (roasted),-1.1639260558780185,-0.4799292553891765,-0.9112347156055152
WILD MARJORAM (Origanum vulgare L.),0.654426310058157,-0.35811082027439434,1.5292970136413842
SWEET MARJORAM (Origanum majorana L.),0.6507416510793139,-0.35185802626335794,1.5195394493438552
WHITE PEPPER (Piper nigrum L.),0.31513421739187186,2.003380976596549,1.7913911694500677
SLENDER MINT OIL (Mentha diemenica),0.6644400765543224,-0.31598896400693754,1.6201398051815643
LEMON BALM (Melissa officinalis L.),0.6456379285122529,0.31772168482626156,0.566405791162106
BOURBON VANILLA (Vanilla planifolia Andrews),0.33307970524408165,-0.8042854538870748,-8.203038365863183
CHEKUR (Alpinia sessilis = Kaempferia galanga),0.6831035343951372,-0.3685885575567295,1.7697276182793642
ANISE FRUITS,0.6509817078387865,-0.3598011621527136,1.413091673254985
QUASSIA AMARA,0.6645829054392564,-0.3745754355794514,1.609108891852539
THYMUS ZYGIS L.,0.6762716685826057,-0.25491460591704673,1.7025731203434173
OCIMUM SANCTUM L.,0.6458910780722324,0.5443375752785907,1.4464126364090757
CINNAMON BARK (Cinnamomum zeylanicum Blume),0.6794011725930236,-0.4011359744545743,0.565538758832014
PIMENTO LEAF,0.6613320105006817,0.32333765076977233,1.5681503762583613
"UNROASTED ARGAN OIL (cold-pressed, fresh)",0.7071610501580955,-0.40481314321753176,1.2155064112817557
ANISE HYSSOP (Agastache foeniculum (Pursh) Kuntze),0.6694438638883289,-0.2414474475116199,1.6482882422552967
"BLACK SESAME SEED OIL (cold-pressed, fresh)",0.6756984518738403,-0.3758904634623504,1.5524038395616777
"VINEGAR (aged w o wood cont, from Brandy de Jerez)",0.6611223168360862,-0.3752055291369629,1.4313870390145245
ASHANTI PEPPER (Piper guineense Schum and Thom),0.6954803907735512,0.39454940347327244,1.8481570242970726
BROWN MUSTARD VEGETABLE (Brassica juncea),0.5864968389538541,-0.3899173984485323,1.2684186229900583
ANGELICA SEED OIL,0.6591401079822746,-0.22868733282548706,1.5798889335780817
TAHITI VANILLA (Vanilla tahitensis Moore),-0.008431528315139748,-0.5771528379234023,1.267870419228286
CAPERS (Capparis spinoza),-0.09995680021031009,-0.18603361540604363,-3.979580995507687
LAUREL (Laurus nobilis L.),0.7487947344205439,3.2961760504351227,1.2721887659914901
"BLACK SESAME SEED OIL (cold-pressed, old)",0.6714604726790496,-0.37980151853700816,1.4531201389753632
MYRTLE LEAF,0.6661491131546914,-0.05620122129199596,1.649401741849703
ANISE (Pimpinella anisum L.),0.5604681418713541,-0.36077205038161764,1.4938336318325762
LOVAGE LEAF,0.5343265651292606,-0.31715694490480045,0.7411803898771964
"PINEAPPLE MINT OIL (Mentha suaveolens ""Variegata""",0.6504146876416402,-0.3541619201838742,1.5173049144324822
SCOTCH SPEARMINT OIL (Mentha cardiaca Ger.),0.8360860389645364,-0.5501173680334496,-1.3116145011426439
DILL HERB (Anethum graveolens L.),0.5966550182620861,-0.3873110127057737,1.014194761052215
TARRAGON OIL,0.6649276606531048,-0.2939404953037074,1.6363695468305501
CURCUMA HEYNEANA VAL.,0.690409786339823,0.7776897396666732,1.7632896069732542
DILL SEED (Anethum graveolens L.),0.654533884339723,-0.35611397593264255,1.5451236666801853
EUCALYPTUS OIL (Eucalyptus globulus Labill),0.7122969773777971,-0.1875079322465809,1.8829302252021294
"BLACK POPPY SEED OIL (cold-pressed, old)",0.650405695255527,-0.3541620430598016,1.5172540294401389
"MENTHA OILS, OTHER",0.6668696729457275,-0.39601104169456613,1.3728255288900244
"GINGER, OTHER TYPES",0.40921359557570486,2.4186006506860758,1.0457648785538147
MACE (Myristica fragrans Houttuyn),0.6741402394322301,-0.23405907826618302,1.6983981092370246
WATER MINT OIL (Mentha aquatica),0.7044341652992512,0.70470863940206,1.908359284774836
CURCUMA PIERREANA GAGNEP. (rhizome oil),0.6508625243516507,-0.3888605832736282,1.515486038779035
LEMON BALM (Melissa officin. L subsp alt Arcang),0.6504112437625609,-0.354198794446352,1.5172712769498735
PEPPERMINT OIL (Mentha piperita),0.4056759427246023,-0.13641602904147582,1.6733824070397965
BROWN MUSTARD SEEDS (Brassica juncea),0.6525918706487309,-0.3640830893885668,1.4380972573090873
STAR ANISE (Illicium verum),0.6662715805088875,-0.2753433507915083,1.6289267634137463
BLACK PEPPER LEAF (cv. Cingapura),0.6621031519308929,-0.3750815322240958,1.5422371644479598
WINTER SAVORY (Satureja montana L.),0.6682341980931815,-0.04891708474610041,1.6365490666374627
BLACK PEPPER LEAF (cv. Kottanadan),0.6765309310848376,-0.3838789740372414,1.6948809248617898
PIMENTO BERRY,0.6815971483743392,1.2095212844769827,1.6202177829377629
FENNEL WASTE (Foeniculum vulgare Mill.),0.6741635563963644,-0.3903211047976391,1.660745978843392
"ROASTED ARGAN OIL (cold-pressed, old)",1.8634797740977642,-0.4263725042790215,0.8595488575145692
DILL ROOT (Anethum graveolens L.),0.6547853468854177,-0.35572372213302295,1.5480017720354373
WILD MARJORAM (origanum vulgare L. ssp. vulgare),0.6649346222258831,-0.16358632058819172,1.6162758498890193
CASSIA BARK (Cinnamomum cassia Blume),0.6504146340073522,-0.35416185516814136,1.5173045997546881
BROWN MUSTARD SEEDS ROASTED (Brassica juncea),0.40728086536402347,-0.3070875035570388,2.840086520595453
CORIANDER SEED (Coriandrum sativum L.),0.7386514742909338,-0.3260036718971921,0.39661004575678455
"MILK THISTLE OIL (cold-pressed, old)",0.4944093758735687,-0.43413117152168224,1.1250467067376058
SAFFRON (Crocus sativus L.),0.5684288461027979,-0.4132617916904755,0.9802848870164088
JUNIPER BERRY (alcoholic extract),0.6584951955244247,-0.3622904714150312,1.5758188294228783
"GOLD FLAXSEED OIL (cold-pressed, fresh)",0.47322815425749715,-0.16565185948293662,0.771616028094035
CURRY LEAF OIL (Bergera koenigii L.),0.32986302510230314,4.6659397337245085,2.7078921481187423
WORMWOOD OIL (Artemisia absinthium L.),0.891242608325642,8.271949320657177,4.3013606790097425
BLACK PEPPER FRUIT (cv. Equador),0.6561900975623772,-0.36349589217676215,1.552957383005076
CLOVE BUD,0.6617871710500032,0.10591653004075761,1.4558864961613531
ROMAN CAMOMILE OIL (Anthemis nobilis L.),-0.05493508679173435,2.9630592916558993,2.963821176106017
ASIAN MINT OIL (Mentha asiatica Borriss.),0.6667753589364948,-0.1886711218608437,1.617808639192283
BITTER FENNEL OIL (F. var. vulgare (Miller)),0.577753130499579,-0.3171808220024909,1.6426572746169652
"BROWN FLAXSEED OIL (cold-pressed, fresh)",0.3939262775193573,-0.14132667323556317,1.2427809122011417
CORIANDER LEAF (=CILANTRO) (Coriandrum sativum L.),0.7595514424579366,-0.3501459696243793,2.305985293317591
CHERVIL (Anthriscus cerefolium L.),0.6625238112717007,-0.3940505993262934,1.3817790434559958
"BLACK POPPY SEED OIL (cold-pressed, fresh)",0.5047319535463864,-0.40257228963550984,1.0997095587351966
FENUGREEK (Trigonella foenum-graecum L.),0.6329337757874092,-0.4009592052718989,0.7993299077849296
DILL BLOSSOM (Anethum graveolens L.),0.6598479427159845,-0.3668898541353415,1.5836940913226452
JUNIPER BERRY,0.65240246764668,-0.35707430651591426,1.5305203206184368
Heated LICORICE (Glycyrrhiza glabra L.),5.173757145739549,-0.5682169987719566,-0.1810757341277929
CURCUMA PIERREANA GAGNEP. (stem and leaf oil),0.6504085256814895,-0.35421963232541703,1.5172543561916474
CINNAMON LEAF (Cinnamomum zeylanicum Blume),0.6633065956686978,-0.2599306498700048,1.6039127544488485
RED SAGE (Texas sage) (S. coccinea Juss. ex Murr.),0.6586892326762607,-0.3517334611244823,1.5772610842303485
"WHITE SESAME SEED OIL (cold-pressed, fresh)",0.509914718806829,-0.33440991065797426,0.8751202157601642
WHITE PEPPER OIL (Piper nigrum L.),0.6942510915822151,1.0891164478262982,1.7891333529697115
"HEMP OIL (cold-pressed, fresh)",0.6298885972145768,-0.33117536944215736,1.0020326731932343
BLACK PEPPER LEAF (cv. Clonada),0.6594933115464772,-0.35676878501034454,1.5719133612078586
DRAGONHEAD (Dracocephalum moldavica L.),0.6504145601786678,-0.3541638630758034,1.5173040742444914
"OCIMUM, OTHER TYPES",0.6504139552763463,-0.3542030903652395,1.517301139474072
ANGELICA ROOT OIL,0.699412182874893,0.1887553569401826,1.8979445731884337
"UNROASTED ARGAN OIL (cold-pressed, old)",0.7074751978156711,-0.40543889457992865,1.2169400295123496
GREATER GALANGA (Laos) (Alpinia galanga Willd.),0.658474418267213,-0.36464814857517885,1.5858734962640446
THYMUS VULGARIS L.,0.7314207516630982,0.2642249977261962,1.9533116217115958
BLACK PEPPER LEAF (cv. Uthirankota),0.6565394775014499,-0.3599989722805171,1.559642155001696
"THYMUS, OTHER TYPES",0.7312593830378192,0.7802596725897624,1.7013492543435462
"ETHIOPIAN PEPPER, GUINEA PEPPER (X. aethiopica)",0.6756013315745403,-0.1049737073451717,1.7048365866560262
"HEMP OIL (cold-pressed, old)",0.35264483856979995,-0.34010260650257923,0.9259463650038531
"BLACK CUMIN OIL (cold-pressed, fresh)",0.6642202565217841,-0.36956205706622275,1.5948220086383038
CURCUMA CAESIA ROXB.,0.6528779563943158,-0.3531317507855165,1.5345455765405926
CALABASH NUTMEG (Monodora myristica Dunal),0.6977913708568241,1.2468870698324557,1.8417665835313597
MEADOWSWEET FLOWER OIL (Filipéndula ulmária),0.6485312591102004,-0.3585837313464862,1.5611322656917799
CYMBOPOGON FLEXUOSUS OIL,0.6661918881749902,-0.2804585030321147,1.6239808510860414
GINGER MINT (Mentha gentilis),0.6979584945869163,-0.33245696078749093,1.6249135921263245
"WHITE POPPY SEED OIL (cold-pressed, fresh)",0.12864547860602502,-0.49429388980975053,0.0742736134810733
XYLOPIA PARVIFLORA (A. RICH) BENTH.,0.6741090647912887,-0.06980669617521403,1.7032536588763334
"ROASTED ARGAN OIL (cold-pressed, fresh)",1.8696861020021824,-0.42453926245409335,1.0004029450544936
BURGUNDY TRUFFLE (Tuber uncinatum),0.7229374450614326,-0.37379746196875613,1.3584485385810028
"MUSHROOM, OTHER VARIETIES",-1.3239290070390468,-0.7081374995693805,-5.807130585294116
AGARICUS (= Psalliota) varieties,0.648704816123787,-0.38262647854150816,1.2936617641342179
BOLETUS EDULIS (dried),-0.9970887487282478,-0.48629426519813296,-0.6037827744657509
CHAMPIGNON (Agaricus bisporus),0.6538829608082517,-0.36672178624440926,1.3888731441222835
MATSUTAKE (Tricholoma matsutake),0.6827334746925564,-0.5268168770157625,1.402634936259432
BLACK TRUFFLE (Tuber melanosporum),-0.12259222506880786,-0.4617515358288835,-1.878141259403682
BAGNOLI or LORRAINE TRUFFLE (Tuber mesentericum),0.6592548440542,-0.3978094067631401,1.3906370812184636
MUSCATEL TRUFFLE (Tuber brumale var. Moschatum),0.400200784056985,-0.40105322389687825,1.3715536045702534
TUBER panniferum,0.6491427131458314,-0.3719820318122777,1.2557738077399887
SHIITAKE (Lentinus edodes Sing.),0.6877198151711653,-0.40313569999248033,0.8271202593798319
TUBER excavatum,0.6515551500129825,-0.36523337414764245,1.5115408791112301
HEBELOMA SACCHARIOLENS,0.6524962967247644,-0.3572887351547229,1.522782267281731
KALAHARI TRUFFLE (Tuber oligospermum),0.6505743448546211,-0.3571495065288791,1.5173571381291822
DESERT TRUFFLE (Terfeziaceae),0.6740522265479348,-0.3164035342074891,1.6867516604930386
WHITE ALBA TRUFFLE (Tuber magnatum pico),0.544320882432157,0.02845693336448672,1.0838318525072335
SUMMER TRUFFLE (Tuber aestivum),0.5607867699769049,-0.3867229004676329,1.1531235235051673
WINTER TRUFFLE (Tuber brumale),0.5628096416931365,-0.3833559610119253,1.4453975465683213
BIANCHETTE TRUFFLE (Tuber borchii),0.4792906306054203,-0.1121288893450537,1.2778398180088115
RED WINE (Nebbiolo),0.6543909665090364,-0.3594956435587739,1.5418131813836875
DRY WHITE WINE (BLENDED),0.6504254862982959,-0.35417412337687126,1.5173528102608855
"WHITE WINE (Verdejo, retail stored)",0.6477893434417317,-0.3012466274069163,1.1212832281253418
RED WINE (non-categorised),-0.7408491447898751,-2.0177011323703464,-43.561705189338305
SAKE (Sokujo-brewed),0.6612790068753128,-0.3387066583753868,1.6057884814465428
MUST (Leon Millot),0.6130207467745417,-0.2341668408199319,1.4603315870818774
WHITE WINE (Albariño - O Rosal),0.6505132211732096,-0.32637659555728527,1.5136228080880383
CASHEW APPLE WINE,0.4922100821618262,-0.19517882048399338,1.2172753092039361
WHITE WINE (Riesling),0.831897490965291,-0.30047370340153146,0.9962683017331889
RED WINE (Dornfelder),0.46778269129483785,-0.3944709438879539,0.58638092903188
DRY WHITE WINE (Chardonnay),0.6583082879267733,-0.1838018652028008,1.110342731609982
RED WINE (Tinta Negra Mole),0.8897672564836634,-0.40903102121877294,1.351590932030597
RED WINE (Barbera + Croatina),0.6543885680715329,-0.35895516738094585,1.538544688889907
"RED WINE (Leon Millot, S. cerevisiae+Z. bailii)",0.60340802502646,-0.27542015550090665,1.4686985774084258
WHITE WINE (non-categorised),1.2031593105974518,-7.807423413367648,-193.9753080545867
CHINESE RICE WINE (Guyelongshan Huadiao),0.6294796509095845,-0.3536567615656181,1.4675845129852467
FINNISH LAGER BEER,0.6526060031665571,-0.3537598300960778,1.519985293120007
CIDER (APPLE WINE),0.6004320268904655,-0.3158041575902448,-4.988319592484195
"WHITE WINE (Verdejo, cellar stored)",0.6477893434417317,-0.3012466274069163,1.1212832281253418
RED WINE (Cabernet Sauvignon-based),0.8598512508177297,-0.739076320823646,-2.0488368916903026
BANTU BEER,0.3042590974095585,-0.35733657592074664,0.21903738128977238
AMONTILLADO SHERRY WINE,0.659480287115002,-0.39977523701515644,0.688561230190655
WHEAT BEER (Belgian),0.6504147489888781,-0.35398771478639773,1.5172979932400588
WHITE WINE (Ehrenfelser),0.6483281700146936,-0.28547942772172324,1.0690484422302424
"RED WINE (Leon Millot, Z. bailii fermented)",0.6543213985927668,-0.37157699709683173,1.6207802271850358
RED WINE (Monastrell),0.6102241068853365,0.06170237331635038,0.8221369852174165
WHITE WINE (Gewürtztraminer),0.6753338344036381,-0.35419558086591685,1.5165175318243995
WHITE WINE (Ruländer),0.8341977961167338,-0.3684519696562831,1.4707270279850295
KIWI WINE (W. anomalus),0.6557930030483294,-0.35362302932278145,1.5173125918165815
STRAWBERRY WINE,0.7612078560234612,-0.29129158348723394,1.1659439314962188
GUAVA WINE,0.6252174674969665,-0.2340484406528197,0.21301100182654895
SPARKLING WINE,0.8898810361683622,-0.28930117335013134,-2.028987025579401
GUGIJAJU (KOREAN RICE WINE),0.6433399176148001,-0.3775333710117658,2.3282435401333013
RED WINE (Noble muscadine),0.20198896331590985,-0.41024961120286774,0.5419658519928743
RED WINE (Aglianico del Vulture),0.6492909102256067,-0.35442461942497033,1.51027933248266
"RED WINE (Cabernet Sauvignon, RO concentrated)",0.6689742854136446,-0.3828054995914375,1.4825533330786602
"RED WINE (Leon Millot, S. cerevic.+M. pulcherrimo)",0.6029292989887325,-0.2901313447965004,1.4496444064791658
WHITE WINE (Lugana),0.6404832043075472,-0.3008290159415087,0.7665653366422008
KIWI WINE (S. cerevisiae),0.6546160665023719,-0.35367144751497215,1.5165185863362354
DRY WHITE WINE (Sauvignon Blanc),-0.02354761258195314,-0.34635626865694097,1.4236709734907302
RED WINE (Tannat),0.6543909665090364,-0.3594956435587739,1.5418131813836875
DRY WHITE WINE (Chardonnay w o malolactic ferment),0.6514079322071863,-0.35738006006786194,1.5157560546749713
POMEGRANATE wine (Punica granatum L.),0.6509519096988687,-0.3535621778025701,1.5073558995339968
MUST (Ulugbey Karasi),0.6504061899970677,-0.3541492825922204,1.5172478999672652
"RED WINE (Cabernet Sauvignon, NF concentrated)",0.6689734557300137,-0.382784720490672,1.4825546743297982
DRY WHITE WINE (Chenin blanc),0.65040024987536,-0.3542957906894226,1.5180184758634812
RED WINE (Barbera),0.6543909665090364,-0.3594956435587739,1.5418131813836875
AUSTRIAN BEER,0.6504082338913304,-0.3643722413251172,1.517714905405903
RED WINE (Vidadillo),0.5802523935110708,-0.45200807983164093,-3.72250811836593
DRY WHITE WINE (Verdehlo),0.6504227866341319,-0.3541710725786219,1.517340836303785
MUST (Riesling),0.6504143417492187,-0.35416140313476846,1.5173025129155202
FINO SHERRY WINE,0.6532259409056173,-0.36873247455201863,1.2514207860298427
MUST (Chardonnay),0.6504143417492187,-0.35416140313476846,1.5173025129155202
PORT WINE,-0.5099408538629083,0.17353152196692131,-4.154857495448119
DRY WHITE WINE (Viognier),0.6504155875296949,-0.35416293711662394,1.5173089057515157
"RED WINE (Leon Millot, S. cerevisiae fermented)",0.6072135475996094,-0.28021894016182525,1.4953165501483503
"WHITE WINE (Albillo, H. vineae+S. cerevisiae)",0.6514635172808275,-0.26865049088102094,1.4526278132943662
RED WINE (Ulugbey Karasi),0.6503482025077345,-0.35391172809042226,1.5208360861807975
DRY WHITE WINE (Muscat of Alexandria),0.65040024987536,-0.3542957906894226,1.5180184758634812
CHERRY BEER (Belgian),0.6504147176336231,-0.35407675310066355,1.5173015307384086
PALE ALE CRAFT BEER,0.6581840562920205,-0.3668996152254398,1.5865999825162167
KIWI WINE (S. cerevisiae and W. anomalus),0.6503425659969817,-0.35367688933574565,1.516809426438519
ROSÉ WINE,0.061889816099504176,-0.6963856315570474,-10.324733269451059
LAGER BEER (Belgian),0.6504147380827024,-0.354018684634838,1.5172992236742675
WHITE WINE (Verdicchio),0.6404832043075472,-0.3008290159415087,0.7665653366422008
WHITE WINE (Bacchus),0.6483281700146936,-0.28547942772172324,1.0690484422302424
WHITE WINE (Scheurebe),0.6483281700146936,-0.28547942772172324,1.0690484422302424
SHERRY (non-categorised),1.205044828760934,-2.008648111584131,-30.663400982155608
AMERICAN BEER (premium),0.6504121244003613,-0.35755611608736776,1.517437519199508
BILBERRY WINE,0.7248502889481663,-0.29080736539571567,1.1422073498649505
RED WINE (Bordeaux),0.6524266797103743,-0.3577943127464716,1.499958962810135
TRAPIST BEER (Belgian),0.6504147108172632,-0.35409610925593876,1.5173022997597894
YOUNG DRY WHITE WINE,0.6504157366618096,-0.3541030144113639,1.5183168598293262
DRY WHITE WINE (Thompson Seedless),0.65040024987536,-0.3542957906894226,1.5180184758634812
WHITE WINE (Semillon),0.6562128418314725,-0.17623610586585164,1.1122887978398164
WHITE WINE (Silvaner),0.8341977961167338,-0.3684519696562831,1.4707270279850295
MEASILJU (KOREAN RICE WINE),0.7958928380975991,-0.2991081481149345,2.507200016018753
RED WINE (Pinot noir),0.5763742352684916,-0.3726742797986476,1.3706562159877622
WHITE WINE (Albariño - O Condado),0.6504947890806239,-0.3361894116916544,1.5143987449746472
RED WINE (Merlot),0.6543909665090364,-0.3594956435587739,1.5418131813836875
BEER (non-categorised),-1.7715852368497904,-3.6376848782854267,-28.324552909914132
"RED WINE (Monastrell, ultrasound treated)",0.6084602658477676,0.05512563955676386,0.9515007163468667
OLOROSO SHERRY WINE,0.6533593928772661,-0.3718532540786174,1.188590858815228
PASSION FRUIT WINE,0.6542512105698068,-0.3433972800704284,1.5327249621265302
PALE ALE CRAFT BEER (low alcoholic),0.6541673030151844,-0.3612824104686053,1.559164241096966
KUKWHAJU (KOREAN RICE WINE),0.6745518036997691,-0.46595908167576655,1.726313811567669
"WHITE WINE (Albillo, S. cerevisiae fermented)",0.6514635172808275,-0.26865049088102094,1.4526278132943662
RED WINE (Sagrantino di Montefalco),0.6543909665090364,-0.3594956435587739,1.5418131813836875
WHITE WINE (Kerner),0.6483281700146936,-0.28547942772172324,1.0690484422302424
BOTRYTISED WINE,0.017824303391401643,-0.6467626799861438,-6.467503284512591
SPECIAL WINE,0.17473296146751902,0.4282547634840938,-21.89525820340919
"WHITE WINE (Verdejo, before bottling)",0.6489123218370736,-0.3011527406950862,1.1179156986389178
WHITE WINE (Müller-Thurgau),0.6485865362035889,-0.24837923039718868,1.060623470941594
RED WINE (Shiraz),0.6504149298294081,-0.3541599720077903,1.5173065533556975
WHITE WINE (Pinot blanc),0.8341977961167338,-0.3684519696562831,1.4707270279850295
SAKE (Yamahai-brewed),0.7245167583405495,-0.33037758081589835,2.0566499640009006
LITCHI WINE,0.6570834916711323,-0.3606472832875658,1.3640910032172229
RED WINE (Sangiovese),0.6543909665090364,-0.3594956435587739,1.5418131813836875
PLUM WINE,0.5625112987145063,-0.406810772622457,0.3599996625245987
AMERICAN BEER,0.6504036227268574,-0.3541131135508707,1.5173152036095612
CHINESE RICE WINE QU,0.6499363114555422,-0.3537757373838043,1.519202559136092
"RED WINE (Leon Millot, M. pulcherrima fermented)",0.6562158260728306,-0.3694422903351287,1.6336864273637395
RED WINE (Grenache),0.6504224031753554,-0.35374168754126684,1.5393079531166187
MUST (Müller-Thurgau),0.6504143417492187,-0.35416140313476846,1.5173025129155202
RED WINE (Cabernet Sauvignon),0.672949700375422,-0.3881185147745815,1.507062710966184
YOUNG RED WINE,0.6504157366618096,-0.3541030144113639,1.5183168598293262
