Rep1,Rep2,ClusterPairs
1.0929356879701084,0.9872048084369998,"Rep1: WINE, Rep2: BEER"
1.1849655038731202,0.992417918242478,"Rep1: BAIJIU (CHINESE LIQUOR), Rep2: BEER"
1.153217904556253,0.9340531181522448,"Rep1: BAIJIU (CHINESE LIQUOR), Rep2: WINE"
1.1140274270527366,0.9798567234709313,"Rep1: GRAPE BRANDY, Rep2: BEER"
1.0781706713161987,0.9172713716524209,"Rep1: GRAPE BRANDY, Rep2: WINE"
1.1167556160161691,0.9011270268322951,"Rep1: GRAPE BRANDY, Rep2: BAIJIU (CHINESE LIQUOR)"
1.081612526581537,0.9875393934612215,"Rep1: WHISKY, Rep2: BEER"
1.0686433925644854,0.9226355026343072,"Rep1: WHISKY, Rep2: WINE"
1.1540070528523885,0.8609318900556372,"Rep1: WHISKY, Rep2: BAIJIU (CHINESE LIQUOR)"
1.0453603816494748,0.8319858677037688,"Rep1: WHISKY, Rep2: GRAPE BRANDY"
1.1316311743080043,0.9912759247306295,"Rep1: CHEESE, VARIOUS TYPES, Rep2: BEER"
1.1106208757345792,0.963360725778736,"Rep1: CHEESE, VARIOUS TYPES, Rep2: WINE"
1.1547493178538497,0.9344690902221717,"Rep1: CHEESE, VARIOUS TYPES, Rep2: BAIJIU (CHINESE LIQUOR)"
1.1320757075414674,0.9282742114262054,"Rep1: CHEESE, VARIOUS TYPES, Rep2: GRAPE BRANDY"
1.128923314337945,0.905114648253826,"Rep1: CHEESE, VARIOUS TYPES, Rep2: WHISKY"
1.141386703965414,0.9559808950227814,"Rep1: MILK and MILK PRODUCTS, Rep2: BEER"
1.1267479842533195,0.9735211632743537,"Rep1: MILK and MILK PRODUCTS, Rep2: WINE"
1.1603909568889388,0.9339362900829389,"Rep1: MILK and MILK PRODUCTS, Rep2: BAIJIU (CHINESE LIQUOR)"
1.1385983158086006,0.9546511231093918,"Rep1: MILK and MILK PRODUCTS, Rep2: GRAPE BRANDY"
1.1089138988075644,0.9370114380471862,"Rep1: MILK and MILK PRODUCTS, Rep2: WHISKY"
1.069511927456979,0.9216676777806402,"Rep1: MILK and MILK PRODUCTS, Rep2: CHEESE, VARIOUS TYPES"
1.1305972531165593,0.9873600982089573,"Rep1: COCOA category, Rep2: BEER"
1.1248167155206756,0.9535407690113333,"Rep1: COCOA category, Rep2: WINE"
1.1478406807386663,0.8833908260346958,"Rep1: COCOA category, Rep2: BAIJIU (CHINESE LIQUOR)"
1.1109446804998782,0.9293659664557364,"Rep1: COCOA category, Rep2: GRAPE BRANDY"
1.0963398405982572,0.89225125848413,"Rep1: COCOA category, Rep2: WHISKY"
1.1235929332134795,0.937446996865029,"Rep1: COCOA category, Rep2: CHEESE, VARIOUS TYPES"
1.0704578104282882,0.9392816726150425,"Rep1: COCOA category, Rep2: MILK and MILK PRODUCTS"
1.1488606210477028,0.9844541714466183,"Rep1: TEA, Rep2: BEER"
1.1122985556965228,0.9610134000297688,"Rep1: TEA, Rep2: WINE"
1.1136092868046688,0.9346659268325922,"Rep1: TEA, Rep2: BAIJIU (CHINESE LIQUOR)"
1.1339535549361253,0.9609052832563738,"Rep1: TEA, Rep2: GRAPE BRANDY"
1.1381171647422221,0.9515964827206139,"Rep1: TEA, Rep2: WHISKY"
1.143454253037092,0.9670807212482329,"Rep1: TEA, Rep2: CHEESE, VARIOUS TYPES"
1.1179059845442212,0.9638685012944209,"Rep1: TEA, Rep2: MILK and MILK PRODUCTS"
1.0542669950416823,0.9412386198095816,"Rep1: TEA, Rep2: COCOA category"
1.1729176172801132,0.9987346688436443,"Rep1: BROWN ALGAE, Rep2: BEER"
1.1725718215402643,0.9925045484212587,"Rep1: BROWN ALGAE, Rep2: WINE"
1.1706856626538025,0.9859903387811816,"Rep1: BROWN ALGAE, Rep2: BAIJIU (CHINESE LIQUOR)"
1.1813799440218826,0.9899195530694326,"Rep1: BROWN ALGAE, Rep2: GRAPE BRANDY"
1.2085305896106746,0.982531128843232,"Rep1: BROWN ALGAE, Rep2: WHISKY"
1.1877571558198414,0.9747466621112528,"Rep1: BROWN ALGAE, Rep2: CHEESE, VARIOUS TYPES"
1.1575129744067427,0.9867163135715931,"Rep1: BROWN ALGAE, Rep2: MILK and MILK PRODUCTS"
1.0996735831174007,0.9854965951281593,"Rep1: BROWN ALGAE, Rep2: COCOA category"
1.1148586235300275,0.9848955941174692,"Rep1: BROWN ALGAE, Rep2: TEA"
1.1472426749216462,0.9945106180674838,"Rep1: CRAB, Rep2: BEER"
1.1405411814115722,0.9738858532392375,"Rep1: CRAB, Rep2: WINE"
1.1436679013429112,0.9195346804693838,"Rep1: CRAB, Rep2: BAIJIU (CHINESE LIQUOR)"
1.1534150755884713,0.959502125316177,"Rep1: CRAB, Rep2: GRAPE BRANDY"
1.1975753793816781,0.9331658314798134,"Rep1: CRAB, Rep2: WHISKY"
1.1127934168840932,0.9303927254050863,"Rep1: CRAB, Rep2: CHEESE, VARIOUS TYPES"
1.1293095164060984,0.9161313581562675,"Rep1: CRAB, Rep2: MILK and MILK PRODUCTS"
1.1082715625522561,0.8995521818102478,"Rep1: CRAB, Rep2: COCOA category"
1.132251802699761,0.9363438255969503,"Rep1: CRAB, Rep2: TEA"
1.0609005846735677,0.9839907685506443,"Rep1: CRAB, Rep2: BROWN ALGAE"
1.1508490562421558,0.99475442837675,"Rep1: FISH, Rep2: BEER"
1.121190249523935,0.9854673512072804,"Rep1: FISH, Rep2: WINE"
1.145508647547191,0.960694284950041,"Rep1: FISH, Rep2: BAIJIU (CHINESE LIQUOR)"
1.1381677484511954,0.9748519256184792,"Rep1: FISH, Rep2: GRAPE BRANDY"
1.143145471387016,0.9654407287548529,"Rep1: FISH, Rep2: WHISKY"
1.1015219920833847,0.9576606784606279,"Rep1: FISH, Rep2: CHEESE, VARIOUS TYPES"
1.1038331282087004,0.9532425839439823,"Rep1: FISH, Rep2: MILK and MILK PRODUCTS"
1.11936933199021,0.9693040056403164,"Rep1: FISH, Rep2: COCOA category"
1.1366236317440286,0.9730305075148465,"Rep1: FISH, Rep2: TEA"
1.123979221490328,0.9864049687045439,"Rep1: FISH, Rep2: BROWN ALGAE"
1.0206393992302736,0.9455065744473155,"Rep1: FISH, Rep2: CRAB"
1.1706359282487475,0.9994623034227568,"Rep1: GREEN ALGAE, Rep2: BEER"
1.154825311800678,0.9941007649523481,"Rep1: GREEN ALGAE, Rep2: WINE"
1.1764561441854366,0.9927935437873597,"Rep1: GREEN ALGAE, Rep2: BAIJIU (CHINESE LIQUOR)"
1.169501387365643,0.9903955055303058,"Rep1: GREEN ALGAE, Rep2: GRAPE BRANDY"
1.208712170688363,0.97776113998561,"Rep1: GREEN ALGAE, Rep2: WHISKY"
1.1574169656772482,0.9722880625037243,"Rep1: GREEN ALGAE, Rep2: CHEESE, VARIOUS TYPES"
1.1514675898422475,0.9840340553890428,"Rep1: GREEN ALGAE, Rep2: MILK and MILK PRODUCTS"
1.1307483961034845,0.9845858586229177,"Rep1: GREEN ALGAE, Rep2: COCOA category"
1.0853574826555081,0.9780989957821886,"Rep1: GREEN ALGAE, Rep2: TEA"
0.8669317418951799,0.8736853012262201,"Rep1: GREEN ALGAE, Rep2: BROWN ALGAE"
1.0735956054310711,0.9768908965308676,"Rep1: GREEN ALGAE, Rep2: CRAB"
1.119642457144197,0.9809799451851138,"Rep1: GREEN ALGAE, Rep2: FISH"
1.179466890691871,0.9996819129109791,"Rep1: RED ALGAE, Rep2: BEER"
1.1045606858113552,0.9955804451236117,"Rep1: RED ALGAE, Rep2: WINE"
1.1792288907474857,0.9983381917761339,"Rep1: RED ALGAE, Rep2: BAIJIU (CHINESE LIQUOR)"
1.1803339059186109,0.9933917138969894,"Rep1: RED ALGAE, Rep2: GRAPE BRANDY"
1.2176627598655145,0.9865904788844626,"Rep1: RED ALGAE, Rep2: WHISKY"
1.1604047542741303,0.970882830565768,"Rep1: RED ALGAE, Rep2: CHEESE, VARIOUS TYPES"
1.161456557780289,0.9940223884037634,"Rep1: RED ALGAE, Rep2: MILK and MILK PRODUCTS"
1.135048545165385,0.993274252224851,"Rep1: RED ALGAE, Rep2: COCOA category"
1.1115999857454026,0.9888587926590947,"Rep1: RED ALGAE, Rep2: TEA"
0.8805845605075983,0.8393762235876413,"Rep1: RED ALGAE, Rep2: BROWN ALGAE"
1.0628737821256726,0.9911075118074101,"Rep1: RED ALGAE, Rep2: CRAB"
1.1190646252793706,0.989153594312021,"Rep1: RED ALGAE, Rep2: FISH"
0.853883872867569,0.7708195143204741,"Rep1: RED ALGAE, Rep2: GREEN ALGAE"
1.153071261855912,0.9951981965743485,"Rep1: SHRIMPS (PRAWN), Rep2: BEER"
1.1085572180746561,0.9869184270922599,"Rep1: SHRIMPS (PRAWN), Rep2: WINE"
1.1633648414685993,0.9554669659286198,"Rep1: SHRIMPS (PRAWN), Rep2: BAIJIU (CHINESE LIQUOR)"
1.1351282377430518,0.9763685104088687,"Rep1: SHRIMPS (PRAWN), Rep2: GRAPE BRANDY"
1.1564023465841957,0.9608686945344019,"Rep1: SHRIMPS (PRAWN), Rep2: WHISKY"
1.121789992086341,0.9667733318791862,"Rep1: SHRIMPS (PRAWN), Rep2: CHEESE, VARIOUS TYPES"
1.131694853707819,0.9647922824699379,"Rep1: SHRIMPS (PRAWN), Rep2: MILK and MILK PRODUCTS"
1.13173848185282,0.9453149483348496,"Rep1: SHRIMPS (PRAWN), Rep2: COCOA category"
1.1225066752646404,0.9720618462113475,"Rep1: SHRIMPS (PRAWN), Rep2: TEA"
1.09407899700552,0.9921931132600924,"Rep1: SHRIMPS (PRAWN), Rep2: BROWN ALGAE"
0.8949256423104014,0.913405150253566,"Rep1: SHRIMPS (PRAWN), Rep2: CRAB"
1.0104144550093173,0.9768239517573084,"Rep1: SHRIMPS (PRAWN), Rep2: FISH"
1.0837329577550714,0.990662787268914,"Rep1: SHRIMPS (PRAWN), Rep2: GREEN ALGAE"
1.0533304767268492,0.9945392958671689,"Rep1: SHRIMPS (PRAWN), Rep2: RED ALGAE"
1.133217472248324,0.9948787924143403,"Rep1: BEEF, Rep2: BEER"
1.1174309395207291,0.9763744478334673,"Rep1: BEEF, Rep2: WINE"
1.1291163557835133,0.9346597719486299,"Rep1: BEEF, Rep2: BAIJIU (CHINESE LIQUOR)"
1.1309403858946119,0.9575762762032192,"Rep1: BEEF, Rep2: GRAPE BRANDY"
1.135249744599243,0.9397882307337853,"Rep1: BEEF, Rep2: WHISKY"
1.091240400124138,0.931794572571398,"Rep1: BEEF, Rep2: CHEESE, VARIOUS TYPES"
1.0597600849109001,0.9148884896856386,"Rep1: BEEF, Rep2: MILK and MILK PRODUCTS"
1.0845779779481766,0.9277922881457601,"Rep1: BEEF, Rep2: COCOA category"
1.1288352187833293,0.9589484897049706,"Rep1: BEEF, Rep2: TEA"
1.1532174967878226,0.9880187634078506,"Rep1: BEEF, Rep2: BROWN ALGAE"
1.0561360091799896,0.8818039616373976,"Rep1: BEEF, Rep2: CRAB"
1.0354329637575963,0.956612534007952,"Rep1: BEEF, Rep2: FISH"
1.168600030197864,0.9858326456544305,"Rep1: BEEF, Rep2: GREEN ALGAE"
1.1508465433620259,0.9967717275864542,"Rep1: BEEF, Rep2: RED ALGAE"
1.0697831498176176,0.9537565059995874,"Rep1: BEEF, Rep2: SHRIMPS (PRAWN)"
1.162482954511194,0.9986307088670877,"Rep1: CHICKEN, Rep2: BEER"
1.116972590921894,0.9874567356874864,"Rep1: CHICKEN, Rep2: WINE"
1.1625463848751725,0.9667035799329904,"Rep1: CHICKEN, Rep2: BAIJIU (CHINESE LIQUOR)"
1.1405283681228262,0.9759909647235253,"Rep1: CHICKEN, Rep2: GRAPE BRANDY"
1.1578297062274248,0.9598223497983505,"Rep1: CHICKEN, Rep2: WHISKY"
1.1038723095195058,0.9466007813399161,"Rep1: CHICKEN, Rep2: CHEESE, VARIOUS TYPES"
1.0764404068032627,0.9397412725022299,"Rep1: CHICKEN, Rep2: MILK and MILK PRODUCTS"
1.0983851560254119,0.9609712589166329,"Rep1: CHICKEN, Rep2: COCOA category"
1.1294794957420498,0.9708289259772465,"Rep1: CHICKEN, Rep2: TEA"
1.1860370802660356,0.9618772221481512,"Rep1: CHICKEN, Rep2: BROWN ALGAE"
1.0162959845297406,0.93469554298209,"Rep1: CHICKEN, Rep2: CRAB"
1.0299649676253584,0.9650678081602383,"Rep1: CHICKEN, Rep2: FISH"
1.1834311233520847,0.9443773657043699,"Rep1: CHICKEN, Rep2: GREEN ALGAE"
1.1832812302239712,0.9601652680546477,"Rep1: CHICKEN, Rep2: RED ALGAE"
1.0338239184772304,0.976798653528032,"Rep1: CHICKEN, Rep2: SHRIMPS (PRAWN)"
0.9951066787344383,0.9401046577354917,"Rep1: CHICKEN, Rep2: BEEF"
1.1705898965471793,0.9882844753876651,"Rep1: EGG, Rep2: BEER"
1.1165712062355373,0.9926684737125048,"Rep1: EGG, Rep2: WINE"
1.1533757790328545,0.9752644203044348,"Rep1: EGG, Rep2: BAIJIU (CHINESE LIQUOR)"
1.1461896595551069,0.990827250358062,"Rep1: EGG, Rep2: GRAPE BRANDY"
1.1470435300185606,0.9777880846826953,"Rep1: EGG, Rep2: WHISKY"
1.074612275061177,0.9700936375293985,"Rep1: EGG, Rep2: CHEESE, VARIOUS TYPES"
1.0488624271995775,0.959452247899957,"Rep1: EGG, Rep2: MILK and MILK PRODUCTS"
1.0743795629050938,0.9703227279845114,"Rep1: EGG, Rep2: COCOA category"
1.1032422551289809,0.9806562314105388,"Rep1: EGG, Rep2: TEA"
1.1575389848590742,0.987185920460292,"Rep1: EGG, Rep2: BROWN ALGAE"
1.0566472644142884,0.9171672022977156,"Rep1: EGG, Rep2: CRAB"
1.0204982626519723,0.9764694561525984,"Rep1: EGG, Rep2: FISH"
1.1442414236623695,0.9855502962760656,"Rep1: EGG, Rep2: GREEN ALGAE"
1.1656161136270289,0.9917238820404247,"Rep1: EGG, Rep2: RED ALGAE"
1.0447013288117166,0.975053139469394,"Rep1: EGG, Rep2: SHRIMPS (PRAWN)"
1.0122383344537909,0.9474319236543185,"Rep1: EGG, Rep2: BEEF"
0.8604090322098814,0.9558442035440896,"Rep1: EGG, Rep2: CHICKEN"
1.1776788922738306,0.997722970372386,"Rep1: LAMB and MUTTON, Rep2: BEER"
1.125615545272062,0.9799128992853973,"Rep1: LAMB and MUTTON, Rep2: WINE"
1.1683144973378485,0.9403026360357235,"Rep1: LAMB and MUTTON, Rep2: BAIJIU (CHINESE LIQUOR)"
1.1608794613202718,0.9733229420942955,"Rep1: LAMB and MUTTON, Rep2: GRAPE BRANDY"
1.1498372240534707,0.9306377683181345,"Rep1: LAMB and MUTTON, Rep2: WHISKY"
1.0881862139757779,0.9238384171261094,"Rep1: LAMB and MUTTON, Rep2: CHEESE, VARIOUS TYPES"
1.0526539169875482,0.9512163613988781,"Rep1: LAMB and MUTTON, Rep2: MILK and MILK PRODUCTS"
1.1190409503792418,0.9473416254530452,"Rep1: LAMB and MUTTON, Rep2: COCOA category"
1.145692051437409,0.9657666098885608,"Rep1: LAMB and MUTTON, Rep2: TEA"
1.1611629219866821,0.9854017690024724,"Rep1: LAMB and MUTTON, Rep2: BROWN ALGAE"
1.0610920131935102,0.9535105448814213,"Rep1: LAMB and MUTTON, Rep2: CRAB"
1.0296841191210413,0.9709227506282636,"Rep1: LAMB and MUTTON, Rep2: FISH"
1.176109935446503,0.9766523033922968,"Rep1: LAMB and MUTTON, Rep2: GREEN ALGAE"
1.1777151501491916,0.9831040532117522,"Rep1: LAMB and MUTTON, Rep2: RED ALGAE"
1.0447004140011864,0.970876553376403,"Rep1: LAMB and MUTTON, Rep2: SHRIMPS (PRAWN)"
0.9634064244872326,0.9450843499569854,"Rep1: LAMB and MUTTON, Rep2: BEEF"
0.9747021974752065,0.961777882928713,"Rep1: LAMB and MUTTON, Rep2: CHICKEN"
0.9892800820615012,0.9790721520304869,"Rep1: LAMB and MUTTON, Rep2: EGG"
1.1595372136343882,0.996381227089602,"Rep1: PORK, Rep2: BEER"
1.1109513102570974,0.9767257961835225,"Rep1: PORK, Rep2: WINE"
1.1527147553482564,0.932288045735381,"Rep1: PORK, Rep2: BAIJIU (CHINESE LIQUOR)"
1.1272916045546777,0.9569413400468031,"Rep1: PORK, Rep2: GRAPE BRANDY"
1.146838061300133,0.9272309602351728,"Rep1: PORK, Rep2: WHISKY"
1.0967808427856953,0.935062505721789,"Rep1: PORK, Rep2: CHEESE, VARIOUS TYPES"
1.0832266389103937,0.9319557157869487,"Rep1: PORK, Rep2: MILK and MILK PRODUCTS"
1.0942980271204061,0.9296755201519312,"Rep1: PORK, Rep2: COCOA category"
1.136954694972871,0.9578029141579176,"Rep1: PORK, Rep2: TEA"
1.1769751120179506,0.981408347054891,"Rep1: PORK, Rep2: BROWN ALGAE"
1.0218946480572262,0.8953039242401197,"Rep1: PORK, Rep2: CRAB"
1.0182766083285564,0.9568474317171559,"Rep1: PORK, Rep2: FISH"
1.187866846342585,0.9756938704357011,"Rep1: PORK, Rep2: GREEN ALGAE"
1.1817324964528417,0.9858839327554803,"Rep1: PORK, Rep2: RED ALGAE"
1.0168309742230133,0.9569371469970257,"Rep1: PORK, Rep2: SHRIMPS (PRAWN)"
0.9671347157410484,0.9135719401355269,"Rep1: PORK, Rep2: BEEF"
0.9463736132328638,0.9283559292067515,"Rep1: PORK, Rep2: CHICKEN"
0.9912774062934184,0.9516258146915078,"Rep1: PORK, Rep2: EGG"
0.952298511133585,0.9456478247865562,"Rep1: PORK, Rep2: LAMB and MUTTON"
1.1906344720344182,0.9877944259213481,"Rep1: CINNAMOMUM SPECIES, Rep2: BEER"
1.1384772387054318,0.9794563430292456,"Rep1: CINNAMOMUM SPECIES, Rep2: WINE"
1.1411219676825828,0.969802932789073,"Rep1: CINNAMOMUM SPECIES, Rep2: BAIJIU (CHINESE LIQUOR)"
1.119185930626935,0.9789572394196884,"Rep1: CINNAMOMUM SPECIES, Rep2: GRAPE BRANDY"
1.1562756292045602,0.9748903874905079,"Rep1: CINNAMOMUM SPECIES, Rep2: WHISKY"
1.163972379645435,0.9865806480003011,"Rep1: CINNAMOMUM SPECIES, Rep2: CHEESE, VARIOUS TYPES"
1.1468080708300126,0.9893287439289444,"Rep1: CINNAMOMUM SPECIES, Rep2: MILK and MILK PRODUCTS"
1.1044545435792439,0.9667815667509304,"Rep1: CINNAMOMUM SPECIES, Rep2: COCOA category"
1.0611261906679799,0.956514876098611,"Rep1: CINNAMOMUM SPECIES, Rep2: TEA"
1.1170361737881074,0.9934964314049988,"Rep1: CINNAMOMUM SPECIES, Rep2: BROWN ALGAE"
1.0682712244751393,0.9786999021166896,"Rep1: CINNAMOMUM SPECIES, Rep2: CRAB"
1.1445814349028782,0.9867161981374495,"Rep1: CINNAMOMUM SPECIES, Rep2: FISH"
1.1319459379366559,0.993857883633138,"Rep1: CINNAMOMUM SPECIES, Rep2: GREEN ALGAE"
1.123770555919964,0.9957820657666231,"Rep1: CINNAMOMUM SPECIES, Rep2: RED ALGAE"
1.1376312880396078,0.9907519921403706,"Rep1: CINNAMOMUM SPECIES, Rep2: SHRIMPS (PRAWN)"
1.1693915876736758,0.9914096495701084,"Rep1: CINNAMOMUM SPECIES, Rep2: BEEF"
1.1145509501639375,0.9916306885639076,"Rep1: CINNAMOMUM SPECIES, Rep2: CHICKEN"
1.1172000431876687,0.996026572351063,"Rep1: CINNAMOMUM SPECIES, Rep2: EGG"
1.1523631734653887,0.9850962262701882,"Rep1: CINNAMOMUM SPECIES, Rep2: LAMB and MUTTON"
1.1228027103915335,0.9826274079194756,"Rep1: CINNAMOMUM SPECIES, Rep2: PORK"
1.208823167719091,0.9888830389428124,"Rep1: CURCUMA SPECIES, Rep2: BEER"
1.1484844269652748,0.9917804253561564,"Rep1: CURCUMA SPECIES, Rep2: WINE"
1.134479040635144,0.9881665993566714,"Rep1: CURCUMA SPECIES, Rep2: BAIJIU (CHINESE LIQUOR)"
1.1696877333544307,0.9925972388936316,"Rep1: CURCUMA SPECIES, Rep2: GRAPE BRANDY"
1.1973033461855065,0.9982880111562844,"Rep1: CURCUMA SPECIES, Rep2: WHISKY"
1.1629564022935415,0.991801260273151,"Rep1: CURCUMA SPECIES, Rep2: CHEESE, VARIOUS TYPES"
1.1507926550958507,0.9948927132780991,"Rep1: CURCUMA SPECIES, Rep2: MILK and MILK PRODUCTS"
1.1289811085919503,0.9887801171775027,"Rep1: CURCUMA SPECIES, Rep2: COCOA category"
1.092278028233191,0.9705327346676554,"Rep1: CURCUMA SPECIES, Rep2: TEA"
1.084453021415256,0.9947120494711587,"Rep1: CURCUMA SPECIES, Rep2: BROWN ALGAE"
1.0397639766605469,0.9863184389307184,"Rep1: CURCUMA SPECIES, Rep2: CRAB"
1.140216186643658,0.9924266516731066,"Rep1: CURCUMA SPECIES, Rep2: FISH"
1.081255455369262,0.9928043126349223,"Rep1: CURCUMA SPECIES, Rep2: GREEN ALGAE"
1.0669598234199855,0.9931741672767866,"Rep1: CURCUMA SPECIES, Rep2: RED ALGAE"
1.1163998746211152,0.9959287223260108,"Rep1: CURCUMA SPECIES, Rep2: SHRIMPS (PRAWN)"
1.147638052866538,0.9967609482597032,"Rep1: CURCUMA SPECIES, Rep2: BEEF"
1.1469717364232201,0.9927425727043672,"Rep1: CURCUMA SPECIES, Rep2: CHICKEN"
1.1342457606304677,0.9969554964588973,"Rep1: CURCUMA SPECIES, Rep2: EGG"
1.1462794437287644,0.9952809393618578,"Rep1: CURCUMA SPECIES, Rep2: LAMB and MUTTON"
1.133974312354381,0.9921615633643407,"Rep1: CURCUMA SPECIES, Rep2: PORK"
0.9944219198502756,0.897991747053685,"Rep1: CURCUMA SPECIES, Rep2: CINNAMOMUM SPECIES"
1.185879225134983,0.9949590306956133,"Rep1: DILL (Anethum species), Rep2: BEER"
1.132980960665143,0.9876733458538751,"Rep1: DILL (Anethum species), Rep2: WINE"
1.1849182420965276,0.9839531468778377,"Rep1: DILL (Anethum species), Rep2: BAIJIU (CHINESE LIQUOR)"
1.1703671011444285,0.9870233608403397,"Rep1: DILL (Anethum species), Rep2: GRAPE BRANDY"
1.1983691340908653,0.9835345562554704,"Rep1: DILL (Anethum species), Rep2: WHISKY"
1.1531496418625833,0.9804390084126626,"Rep1: DILL (Anethum species), Rep2: CHEESE, VARIOUS TYPES"
1.124171152723681,0.9789237374043014,"Rep1: DILL (Anethum species), Rep2: MILK and MILK PRODUCTS"
1.1664723389869804,0.9813206576551765,"Rep1: DILL (Anethum species), Rep2: COCOA category"
1.0807201321489153,0.9669076789662866,"Rep1: DILL (Anethum species), Rep2: TEA"
1.110343828258299,0.9889357835048197,"Rep1: DILL (Anethum species), Rep2: BROWN ALGAE"
1.120189268779665,0.9697378789024373,"Rep1: DILL (Anethum species), Rep2: CRAB"
1.118689417912622,0.980530589405261,"Rep1: DILL (Anethum species), Rep2: FISH"
1.0621866136526392,0.9706316327453701,"Rep1: DILL (Anethum species), Rep2: GREEN ALGAE"
1.0956720433548413,0.9837355720734153,"Rep1: DILL (Anethum species), Rep2: RED ALGAE"
1.1090962639342954,0.99154774481977,"Rep1: DILL (Anethum species), Rep2: SHRIMPS (PRAWN)"
1.1454340958462808,0.9811478021527978,"Rep1: DILL (Anethum species), Rep2: BEEF"
1.1256781479508657,0.9680257895297946,"Rep1: DILL (Anethum species), Rep2: CHICKEN"
1.1124517343012303,0.9855696982278525,"Rep1: DILL (Anethum species), Rep2: EGG"
1.1299450048073385,0.9778562413190226,"Rep1: DILL (Anethum species), Rep2: LAMB and MUTTON"
1.1407708632735252,0.9706965228409743,"Rep1: DILL (Anethum species), Rep2: PORK"
1.049362765862448,0.9199563502536886,"Rep1: DILL (Anethum species), Rep2: CINNAMOMUM SPECIES"
1.0361212681232317,0.9042862141197896,"Rep1: DILL (Anethum species), Rep2: CURCUMA SPECIES"
1.1598984387714908,0.9848394656026136,"Rep1: FENNEL (Foeniculum vulg., ssp. capillaceum; var.), Rep2: BEER"
1.1252841560784255,0.9864915271916044,"Rep1: FENNEL (Foeniculum vulg., ssp. capillaceum; var.), Rep2: WINE"
1.1227239667765199,0.990003284928371,"Rep1: FENNEL (Foeniculum vulg., ssp. capillaceum; var.), Rep2: BAIJIU (CHINESE LIQUOR)"
1.1376334569077247,0.9874638530774998,"Rep1: FENNEL (Foeniculum vulg., ssp. capillaceum; var.), Rep2: GRAPE BRANDY"
1.1583094345694478,0.9919350867845884,"Rep1: FENNEL (Foeniculum vulg., ssp. capillaceum; var.), Rep2: WHISKY"
1.1485194754283319,0.9950253162383543,"Rep1: FENNEL (Foeniculum vulg., ssp. capillaceum; var.), Rep2: CHEESE, VARIOUS TYPES"
1.1205095701848453,0.9946407565118802,"Rep1: FENNEL (Foeniculum vulg., ssp. capillaceum; var.), Rep2: MILK and MILK PRODUCTS"
1.0969213846097947,0.9859752244188843,"Rep1: FENNEL (Foeniculum vulg., ssp. capillaceum; var.), Rep2: COCOA category"
1.0623645984453525,0.9665488419663589,"Rep1: FENNEL (Foeniculum vulg., ssp. capillaceum; var.), Rep2: TEA"
1.08265286213718,0.9987640469595739,"Rep1: FENNEL (Foeniculum vulg., ssp. capillaceum; var.), Rep2: BROWN ALGAE"
1.093976817123895,0.986408183910943,"Rep1: FENNEL (Foeniculum vulg., ssp. capillaceum; var.), Rep2: CRAB"
1.1285050266394179,0.9923852567405166,"Rep1: FENNEL (Foeniculum vulg., ssp. capillaceum; var.), Rep2: FISH"
1.0985521149459538,0.9994858733220802,"Rep1: FENNEL (Foeniculum vulg., ssp. capillaceum; var.), Rep2: GREEN ALGAE"
1.1039827864482488,0.9992474142915265,"Rep1: FENNEL (Foeniculum vulg., ssp. capillaceum; var.), Rep2: RED ALGAE"
1.1449577886529336,0.9964924606174873,"Rep1: FENNEL (Foeniculum vulg., ssp. capillaceum; var.), Rep2: SHRIMPS (PRAWN)"
1.1010082515026172,0.9967420402564459,"Rep1: FENNEL (Foeniculum vulg., ssp. capillaceum; var.), Rep2: BEEF"
1.1354182947197777,0.995177571570368,"Rep1: FENNEL (Foeniculum vulg., ssp. capillaceum; var.), Rep2: CHICKEN"
1.1128026163149545,0.9971194539487525,"Rep1: FENNEL (Foeniculum vulg., ssp. capillaceum; var.), Rep2: EGG"
1.13473534272837,0.9961054246049443,"Rep1: FENNEL (Foeniculum vulg., ssp. capillaceum; var.), Rep2: LAMB and MUTTON"
1.1263342184801886,0.9912068465333281,"Rep1: FENNEL (Foeniculum vulg., ssp. capillaceum; var.), Rep2: PORK"
1.040889922812193,0.8927625777437652,"Rep1: FENNEL (Foeniculum vulg., ssp. capillaceum; var.), Rep2: CINNAMOMUM SPECIES"
1.0574716092642586,0.8698995331263195,"Rep1: FENNEL (Foeniculum vulg., ssp. capillaceum; var.), Rep2: CURCUMA SPECIES"
0.9779289865040927,0.8653749591676939,"Rep1: FENNEL (Foeniculum vulg., ssp. capillaceum; var.), Rep2: DILL (Anethum species)"
1.2005854848657636,0.9891460019823606,"Rep1: LICORICE (Glycyrrhiza species), Rep2: BEER"
1.1615459916784798,0.9650171553175917,"Rep1: LICORICE (Glycyrrhiza species), Rep2: WINE"
1.0936514552025969,0.8990565474547003,"Rep1: LICORICE (Glycyrrhiza species), Rep2: BAIJIU (CHINESE LIQUOR)"
1.1331081327927277,0.9555560292694071,"Rep1: LICORICE (Glycyrrhiza species), Rep2: GRAPE BRANDY"
1.1763743482696045,0.9266952870376662,"Rep1: LICORICE (Glycyrrhiza species), Rep2: WHISKY"
1.1750992173118584,0.9517655280640855,"Rep1: LICORICE (Glycyrrhiza species), Rep2: CHEESE, VARIOUS TYPES"
1.1209792093612239,0.9395008570174568,"Rep1: LICORICE (Glycyrrhiza species), Rep2: MILK and MILK PRODUCTS"
1.0890728487750292,0.9176817870174725,"Rep1: LICORICE (Glycyrrhiza species), Rep2: COCOA category"
1.0348547565693471,0.9366661980319216,"Rep1: LICORICE (Glycyrrhiza species), Rep2: TEA"
1.110982714058081,0.9835243209559018,"Rep1: LICORICE (Glycyrrhiza species), Rep2: BROWN ALGAE"
1.0883721502393156,0.9353495063900339,"Rep1: LICORICE (Glycyrrhiza species), Rep2: CRAB"
1.1072099045977133,0.961057376651615,"Rep1: LICORICE (Glycyrrhiza species), Rep2: FISH"
1.1003955193738648,0.9859464807657999,"Rep1: LICORICE (Glycyrrhiza species), Rep2: GREEN ALGAE"
1.0982731379850386,0.9926671474587765,"Rep1: LICORICE (Glycyrrhiza species), Rep2: RED ALGAE"
1.1220281674250074,0.9571809015139697,"Rep1: LICORICE (Glycyrrhiza species), Rep2: SHRIMPS (PRAWN)"
1.107470748953631,0.9358897808948733,"Rep1: LICORICE (Glycyrrhiza species), Rep2: BEEF"
1.1134524335406664,0.9607748785804696,"Rep1: LICORICE (Glycyrrhiza species), Rep2: CHICKEN"
1.1196725440141262,0.9796950679243339,"Rep1: LICORICE (Glycyrrhiza species), Rep2: EGG"
1.092194374696833,0.9445397084258306,"Rep1: LICORICE (Glycyrrhiza species), Rep2: LAMB and MUTTON"
1.0834077101491129,0.9417874877133546,"Rep1: LICORICE (Glycyrrhiza species), Rep2: PORK"
1.0426352439236972,0.9477827372773204,"Rep1: LICORICE (Glycyrrhiza species), Rep2: CINNAMOMUM SPECIES"
1.0652144565399722,0.976856537901746,"Rep1: LICORICE (Glycyrrhiza species), Rep2: CURCUMA SPECIES"
1.0566847765828147,0.9625330752453087,"Rep1: LICORICE (Glycyrrhiza species), Rep2: DILL (Anethum species)"
1.0700401422196069,0.9658134029437561,"Rep1: LICORICE (Glycyrrhiza species), Rep2: FENNEL (Foeniculum vulg., ssp. capillaceum; var.)"
1.1949047004064244,0.9904724135333127,"Rep1: MENTHA OILS, Rep2: BEER"
1.1400198664737595,0.9823249501832517,"Rep1: MENTHA OILS, Rep2: WINE"
1.1684890856078762,0.9452866385367343,"Rep1: MENTHA OILS, Rep2: BAIJIU (CHINESE LIQUOR)"
1.1375654095848677,0.9790039716759589,"Rep1: MENTHA OILS, Rep2: GRAPE BRANDY"
1.1652072065385461,0.9819142306053964,"Rep1: MENTHA OILS, Rep2: WHISKY"
1.15925320621075,0.9846677731004999,"Rep1: MENTHA OILS, Rep2: CHEESE, VARIOUS TYPES"
1.123216274682238,0.9855936592468272,"Rep1: MENTHA OILS, Rep2: MILK and MILK PRODUCTS"
1.1103443586373123,0.977347872704611,"Rep1: MENTHA OILS, Rep2: COCOA category"
1.0659011299440897,0.9507113457174114,"Rep1: MENTHA OILS, Rep2: TEA"
1.1198640670605067,0.9931482471885745,"Rep1: MENTHA OILS, Rep2: BROWN ALGAE"
1.1316887964084574,0.9723750499906207,"Rep1: MENTHA OILS, Rep2: CRAB"
1.139414290121054,0.9835465431338047,"Rep1: MENTHA OILS, Rep2: FISH"
1.0885547320960631,0.9950228863465364,"Rep1: MENTHA OILS, Rep2: GREEN ALGAE"
1.1277237544775882,0.9972125525308513,"Rep1: MENTHA OILS, Rep2: RED ALGAE"
1.1297418364572793,0.9905696815864394,"Rep1: MENTHA OILS, Rep2: SHRIMPS (PRAWN)"
1.1606481619570084,0.9828928928847068,"Rep1: MENTHA OILS, Rep2: BEEF"
1.15611471916447,0.9876831886360413,"Rep1: MENTHA OILS, Rep2: CHICKEN"
1.1329305515311838,0.9926199898745809,"Rep1: MENTHA OILS, Rep2: EGG"
1.125070471853837,0.9887234323114298,"Rep1: MENTHA OILS, Rep2: LAMB and MUTTON"
1.1529662739736561,0.9816077396628327,"Rep1: MENTHA OILS, Rep2: PORK"
1.0004484609105941,0.9168539220234656,"Rep1: MENTHA OILS, Rep2: CINNAMOMUM SPECIES"
1.0589290796389357,0.9155722175614324,"Rep1: MENTHA OILS, Rep2: CURCUMA SPECIES"
0.9527569281108427,0.9185837587200313,"Rep1: MENTHA OILS, Rep2: DILL (Anethum species)"
0.9648332289144012,0.9098553302321195,"Rep1: MENTHA OILS, Rep2: FENNEL (Foeniculum vulg., ssp. capillaceum; var.)"
1.0825236321727478,0.9598141082572992,"Rep1: MENTHA OILS, Rep2: LICORICE (Glycyrrhiza species)"
1.1745209233334497,0.9904343019855757,"Rep1: MUSTARD (Brassica species), Rep2: BEER"
1.122959915435281,0.9806497474048235,"Rep1: MUSTARD (Brassica species), Rep2: WINE"
1.1099657331082295,0.9458049947059093,"Rep1: MUSTARD (Brassica species), Rep2: BAIJIU (CHINESE LIQUOR)"
1.1330463197850624,0.971907780081314,"Rep1: MUSTARD (Brassica species), Rep2: GRAPE BRANDY"
1.176584650790416,0.9661325534278609,"Rep1: MUSTARD (Brassica species), Rep2: WHISKY"
1.1385083569228291,0.9744863369489869,"Rep1: MUSTARD (Brassica species), Rep2: CHEESE, VARIOUS TYPES"
1.1246738979330424,0.9587386446164818,"Rep1: MUSTARD (Brassica species), Rep2: MILK and MILK PRODUCTS"
1.1009869218001627,0.9521752127928972,"Rep1: MUSTARD (Brassica species), Rep2: COCOA category"
1.0841056035387837,0.9693427333789474,"Rep1: MUSTARD (Brassica species), Rep2: TEA"
1.0817275849218408,0.9919272348538203,"Rep1: MUSTARD (Brassica species), Rep2: BROWN ALGAE"
1.069865946886345,0.9538783445783957,"Rep1: MUSTARD (Brassica species), Rep2: CRAB"
1.0902629766345784,0.974897818958392,"Rep1: MUSTARD (Brassica species), Rep2: FISH"
1.0829846226257167,0.9857671225033284,"Rep1: MUSTARD (Brassica species), Rep2: GREEN ALGAE"
1.0959815917016755,0.9932886254846894,"Rep1: MUSTARD (Brassica species), Rep2: RED ALGAE"
1.0882805273585363,0.9739908757841514,"Rep1: MUSTARD (Brassica species), Rep2: SHRIMPS (PRAWN)"
1.0840980345228186,0.9580465725400934,"Rep1: MUSTARD (Brassica species), Rep2: BEEF"
1.0714843546828476,0.9773870269706123,"Rep1: MUSTARD (Brassica species), Rep2: CHICKEN"
1.0576010330501804,0.9819941493166571,"Rep1: MUSTARD (Brassica species), Rep2: EGG"
1.0646793298198929,0.9676858379791655,"Rep1: MUSTARD (Brassica species), Rep2: LAMB and MUTTON"
1.0985089685544174,0.9679770718571538,"Rep1: MUSTARD (Brassica species), Rep2: PORK"
1.0401097614985169,0.9870280972533785,"Rep1: MUSTARD (Brassica species), Rep2: CINNAMOMUM SPECIES"
1.0715649714262312,0.9896779369731865,"Rep1: MUSTARD (Brassica species), Rep2: CURCUMA SPECIES"
0.984880147433733,0.9854788231533624,"Rep1: MUSTARD (Brassica species), Rep2: DILL (Anethum species)"
1.0206315993043404,0.9878737135834559,"Rep1: MUSTARD (Brassica species), Rep2: FENNEL (Foeniculum vulg., ssp. capillaceum; var.)"
1.0723732711492746,0.9382434471080489,"Rep1: MUSTARD (Brassica species), Rep2: LICORICE (Glycyrrhiza species)"
1.0145534541284358,0.9878370936487284,"Rep1: MUSTARD (Brassica species), Rep2: MENTHA OILS"
1.1776176096895876,0.9870258874840805,"Rep1: PEPPER (Piper nigrum L.), Rep2: BEER"
1.1076988687001,0.9893735539470251,"Rep1: PEPPER (Piper nigrum L.), Rep2: WINE"
1.1339697942611442,0.9804833067443379,"Rep1: PEPPER (Piper nigrum L.), Rep2: BAIJIU (CHINESE LIQUOR)"
1.1190285265350077,0.988087435583871,"Rep1: PEPPER (Piper nigrum L.), Rep2: GRAPE BRANDY"
1.182667696861009,0.9911452529919714,"Rep1: PEPPER (Piper nigrum L.), Rep2: WHISKY"
1.1595604356103348,0.987378842743413,"Rep1: PEPPER (Piper nigrum L.), Rep2: CHEESE, VARIOUS TYPES"
1.1462064794725844,0.9899465752942286,"Rep1: PEPPER (Piper nigrum L.), Rep2: MILK and MILK PRODUCTS"
1.0917466179048914,0.9849810683586354,"Rep1: PEPPER (Piper nigrum L.), Rep2: COCOA category"
1.0528591870429944,0.9721131514236168,"Rep1: PEPPER (Piper nigrum L.), Rep2: TEA"
1.107935075778159,0.9918259977536453,"Rep1: PEPPER (Piper nigrum L.), Rep2: BROWN ALGAE"
1.0856303610548,0.9849968373963335,"Rep1: PEPPER (Piper nigrum L.), Rep2: CRAB"
1.1198901767454217,0.9903949085459256,"Rep1: PEPPER (Piper nigrum L.), Rep2: FISH"
1.1068860553046154,0.9945941887175463,"Rep1: PEPPER (Piper nigrum L.), Rep2: GREEN ALGAE"
1.0963977484315492,0.9940941534153895,"Rep1: PEPPER (Piper nigrum L.), Rep2: RED ALGAE"
1.0837295684870434,0.9926647100606385,"Rep1: PEPPER (Piper nigrum L.), Rep2: SHRIMPS (PRAWN)"
1.1388192979005938,0.9913034714367557,"Rep1: PEPPER (Piper nigrum L.), Rep2: BEEF"
1.0998081491293996,0.9934462420799445,"Rep1: PEPPER (Piper nigrum L.), Rep2: CHICKEN"
1.1026189182933475,0.9947121913858614,"Rep1: PEPPER (Piper nigrum L.), Rep2: EGG"
1.1515867844087588,0.9906612750751762,"Rep1: PEPPER (Piper nigrum L.), Rep2: LAMB and MUTTON"
1.0850906573957495,0.9901357419375604,"Rep1: PEPPER (Piper nigrum L.), Rep2: PORK"
1.0078281554470576,0.9318551140583232,"Rep1: PEPPER (Piper nigrum L.), Rep2: CINNAMOMUM SPECIES"
1.0338171253822048,0.9107432108939262,"Rep1: PEPPER (Piper nigrum L.), Rep2: CURCUMA SPECIES"
1.0111251641232644,0.9428879944707029,"Rep1: PEPPER (Piper nigrum L.), Rep2: DILL (Anethum species)"
1.036515496329162,0.9405458512233739,"Rep1: PEPPER (Piper nigrum L.), Rep2: FENNEL (Foeniculum vulg., ssp. capillaceum; var.)"
1.0787323627316436,0.968517937219908,"Rep1: PEPPER (Piper nigrum L.), Rep2: LICORICE (Glycyrrhiza species)"
1.0316593907817988,0.9239602963308929,"Rep1: PEPPER (Piper nigrum L.), Rep2: MENTHA OILS"
0.9753586470168101,0.9889802972522964,"Rep1: PEPPER (Piper nigrum L.), Rep2: MUSTARD (Brassica species)"
1.1751544210072618,0.9921045440799184,"Rep1: SESAME SEED OIL, Rep2: BEER"
1.125076658608596,0.9717864339230051,"Rep1: SESAME SEED OIL, Rep2: WINE"
1.0960342515834376,0.9449917037624868,"Rep1: SESAME SEED OIL, Rep2: BAIJIU (CHINESE LIQUOR)"
1.141611146196026,0.9504863949592272,"Rep1: SESAME SEED OIL, Rep2: GRAPE BRANDY"
1.1537739104268618,0.9364294141110696,"Rep1: SESAME SEED OIL, Rep2: WHISKY"
1.1127847561263509,0.9289324835078959,"Rep1: SESAME SEED OIL, Rep2: CHEESE, VARIOUS TYPES"
1.0965373726215715,0.9411685988892118,"Rep1: SESAME SEED OIL, Rep2: MILK and MILK PRODUCTS"
1.0893752809882058,0.9399875411529947,"Rep1: SESAME SEED OIL, Rep2: COCOA category"
1.0689312495154448,0.9581508328236957,"Rep1: SESAME SEED OIL, Rep2: TEA"
1.1614069797731528,0.9651911493486122,"Rep1: SESAME SEED OIL, Rep2: BROWN ALGAE"
1.106253043767414,0.9167650152924286,"Rep1: SESAME SEED OIL, Rep2: CRAB"
1.0882354508900656,0.9582737523941965,"Rep1: SESAME SEED OIL, Rep2: FISH"
1.1655960778027712,0.9571820006340628,"Rep1: SESAME SEED OIL, Rep2: GREEN ALGAE"
1.1860017226907364,0.9699654082911673,"Rep1: SESAME SEED OIL, Rep2: RED ALGAE"
1.1380121453084795,0.9670705866253244,"Rep1: SESAME SEED OIL, Rep2: SHRIMPS (PRAWN)"
1.1126285804932858,0.9410582411402139,"Rep1: SESAME SEED OIL, Rep2: BEEF"
1.073088899953099,0.9111747862818059,"Rep1: SESAME SEED OIL, Rep2: CHICKEN"
1.014005385670343,0.959639032780012,"Rep1: SESAME SEED OIL, Rep2: EGG"
1.1075299415377668,0.9725873497897902,"Rep1: SESAME SEED OIL, Rep2: LAMB and MUTTON"
1.0904803949635884,0.9121186139467048,"Rep1: SESAME SEED OIL, Rep2: PORK"
1.0628800773355476,0.9760898500175634,"Rep1: SESAME SEED OIL, Rep2: CINNAMOMUM SPECIES"
1.1029489047210896,0.9860279458499159,"Rep1: SESAME SEED OIL, Rep2: CURCUMA SPECIES"
1.0853157323695832,0.9628248514287333,"Rep1: SESAME SEED OIL, Rep2: DILL (Anethum species)"
1.0211596128666038,0.9805532395059958,"Rep1: SESAME SEED OIL, Rep2: FENNEL (Foeniculum vulg., ssp. capillaceum; var.)"
1.0928354236813171,0.9498060326278274,"Rep1: SESAME SEED OIL, Rep2: LICORICE (Glycyrrhiza species)"
0.9903294051253265,0.977347672407833,"Rep1: SESAME SEED OIL, Rep2: MENTHA OILS"
0.9646597295642926,0.9693599995892941,"Rep1: SESAME SEED OIL, Rep2: MUSTARD (Brassica species)"
1.0482132083414828,0.9829708787642042,"Rep1: SESAME SEED OIL, Rep2: PEPPER (Piper nigrum L.)"
1.1806995526363828,0.9917420590515355,"Rep1: ALLIUM SPECIES, Rep2: BEER"
1.1319782972516157,0.9848157644296783,"Rep1: ALLIUM SPECIES, Rep2: WINE"
1.1579934212417957,0.9714620396136522,"Rep1: ALLIUM SPECIES, Rep2: BAIJIU (CHINESE LIQUOR)"
1.1628241176604235,0.9737103638520123,"Rep1: ALLIUM SPECIES, Rep2: GRAPE BRANDY"
1.193197631923185,0.9730339031549285,"Rep1: ALLIUM SPECIES, Rep2: WHISKY"
1.132459263887674,0.9731687965357148,"Rep1: ALLIUM SPECIES, Rep2: CHEESE, VARIOUS TYPES"
1.1377817443960805,0.9682684374391916,"Rep1: ALLIUM SPECIES, Rep2: MILK and MILK PRODUCTS"
1.1680662593487623,0.9755676520276565,"Rep1: ALLIUM SPECIES, Rep2: COCOA category"
1.1270555446926425,0.9811826575455413,"Rep1: ALLIUM SPECIES, Rep2: TEA"
1.1048542225092297,0.992821467522169,"Rep1: ALLIUM SPECIES, Rep2: BROWN ALGAE"
1.0793582403429098,0.955319324387708,"Rep1: ALLIUM SPECIES, Rep2: CRAB"
1.1035916446778142,0.9811713550666187,"Rep1: ALLIUM SPECIES, Rep2: FISH"
1.0861872551634408,0.985890113537091,"Rep1: ALLIUM SPECIES, Rep2: GREEN ALGAE"
1.0887167098746557,0.9926848304936445,"Rep1: ALLIUM SPECIES, Rep2: RED ALGAE"
1.0704637757841136,0.9816586201349579,"Rep1: ALLIUM SPECIES, Rep2: SHRIMPS (PRAWN)"
1.0927535963083674,0.9662404060346533,"Rep1: ALLIUM SPECIES, Rep2: BEEF"
1.0854702783571315,0.9778355647765135,"Rep1: ALLIUM SPECIES, Rep2: CHICKEN"
1.0635428501209505,0.9809047007786442,"Rep1: ALLIUM SPECIES, Rep2: EGG"
1.076663679692389,0.9828935146402231,"Rep1: ALLIUM SPECIES, Rep2: LAMB and MUTTON"
1.0770190740477428,0.9723776350055423,"Rep1: ALLIUM SPECIES, Rep2: PORK"
1.094551139458595,0.993566464905964,"Rep1: ALLIUM SPECIES, Rep2: CINNAMOMUM SPECIES"
1.0608325415974407,0.994321742845059,"Rep1: ALLIUM SPECIES, Rep2: CURCUMA SPECIES"
0.9644651315380918,0.9894535407625076,"Rep1: ALLIUM SPECIES, Rep2: DILL (Anethum species)"
1.0659200125924566,0.9963267867895471,"Rep1: ALLIUM SPECIES, Rep2: FENNEL (Foeniculum vulg., ssp. capillaceum; var.)"
1.0596559786293827,0.9772015527300769,"Rep1: ALLIUM SPECIES, Rep2: LICORICE (Glycyrrhiza species)"
1.0949317414542075,0.9913104449660145,"Rep1: ALLIUM SPECIES, Rep2: MENTHA OILS"
1.035104992006712,0.9783305554703116,"Rep1: ALLIUM SPECIES, Rep2: MUSTARD (Brassica species)"
1.0437822839555826,0.9928164379280582,"Rep1: ALLIUM SPECIES, Rep2: PEPPER (Piper nigrum L.)"
1.0924580277440752,0.9766903981151455,"Rep1: ALLIUM SPECIES, Rep2: SESAME SEED OIL"
1.1761034724700923,0.9838180035213041,"Rep1: CAPSICUM SPECIES, Rep2: BEER"
1.130577359297764,0.9886741913568423,"Rep1: CAPSICUM SPECIES, Rep2: WINE"
1.123240589471842,0.9868004026011711,"Rep1: CAPSICUM SPECIES, Rep2: BAIJIU (CHINESE LIQUOR)"
1.1409412805194628,0.9901314071526679,"Rep1: CAPSICUM SPECIES, Rep2: GRAPE BRANDY"
1.184242705617045,0.9890527905612181,"Rep1: CAPSICUM SPECIES, Rep2: WHISKY"
1.1387514648302588,0.9924182218974772,"Rep1: CAPSICUM SPECIES, Rep2: CHEESE, VARIOUS TYPES"
1.1288395547463155,0.9897150469333656,"Rep1: CAPSICUM SPECIES, Rep2: MILK and MILK PRODUCTS"
1.1231415018954392,0.985908438935144,"Rep1: CAPSICUM SPECIES, Rep2: COCOA category"
1.097801190894451,0.9868878114082305,"Rep1: CAPSICUM SPECIES, Rep2: TEA"
1.1003355290851426,0.9970356468103245,"Rep1: CAPSICUM SPECIES, Rep2: BROWN ALGAE"
1.0149915324747385,0.9877389920229391,"Rep1: CAPSICUM SPECIES, Rep2: CRAB"
1.1174246261418674,0.9901129916128213,"Rep1: CAPSICUM SPECIES, Rep2: FISH"
1.0755938911992646,0.9963903646076243,"Rep1: CAPSICUM SPECIES, Rep2: GREEN ALGAE"
1.052566523372414,0.9983512991208296,"Rep1: CAPSICUM SPECIES, Rep2: RED ALGAE"
1.042605352790557,0.9950821447974756,"Rep1: CAPSICUM SPECIES, Rep2: SHRIMPS (PRAWN)"
1.133714478477542,0.9912986694841115,"Rep1: CAPSICUM SPECIES, Rep2: BEEF"
1.0885126193609396,0.994979927083714,"Rep1: CAPSICUM SPECIES, Rep2: CHICKEN"
1.075751484659918,0.9903644456711455,"Rep1: CAPSICUM SPECIES, Rep2: EGG"
1.1441072317343597,0.9935887610821559,"Rep1: CAPSICUM SPECIES, Rep2: LAMB and MUTTON"
1.1005691149307222,0.9924348924503048,"Rep1: CAPSICUM SPECIES, Rep2: PORK"
0.980281142307019,0.9890664095374182,"Rep1: CAPSICUM SPECIES, Rep2: CINNAMOMUM SPECIES"
0.9923471099885792,0.9900946722968844,"Rep1: CAPSICUM SPECIES, Rep2: CURCUMA SPECIES"
1.0106938219878348,0.9905152246536484,"Rep1: CAPSICUM SPECIES, Rep2: DILL (Anethum species)"
1.0520167197886163,0.9907944231079507,"Rep1: CAPSICUM SPECIES, Rep2: FENNEL (Foeniculum vulg., ssp. capillaceum; var.)"
1.0583808036633104,0.9909881963192887,"Rep1: CAPSICUM SPECIES, Rep2: LICORICE (Glycyrrhiza species)"
1.0477316004040242,0.983708012598768,"Rep1: CAPSICUM SPECIES, Rep2: MENTHA OILS"
1.033408307564599,0.9952079171567885,"Rep1: CAPSICUM SPECIES, Rep2: MUSTARD (Brassica species)"
0.8969409878298877,0.9857567425588404,"Rep1: CAPSICUM SPECIES, Rep2: PEPPER (Piper nigrum L.)"
1.1223891069064245,0.9922220033444343,"Rep1: CAPSICUM SPECIES, Rep2: SESAME SEED OIL"
1.0079830706685355,0.9963400374044636,"Rep1: CAPSICUM SPECIES, Rep2: ALLIUM SPECIES"
1.1534105893799935,0.990896502674259,"Rep1: SOYBEAN (Glycine max. L. merr.), Rep2: BEER"
1.1407910105213845,0.966025229165095,"Rep1: SOYBEAN (Glycine max. L. merr.), Rep2: WINE"
1.1287366762418976,0.9082836432416873,"Rep1: SOYBEAN (Glycine max. L. merr.), Rep2: BAIJIU (CHINESE LIQUOR)"
1.1188452710061387,0.9364818576476303,"Rep1: SOYBEAN (Glycine max. L. merr.), Rep2: GRAPE BRANDY"
1.1468893348971576,0.9140786301728308,"Rep1: SOYBEAN (Glycine max. L. merr.), Rep2: WHISKY"
1.1122189245455416,0.9299691893748385,"Rep1: SOYBEAN (Glycine max. L. merr.), Rep2: CHEESE, VARIOUS TYPES"
1.0510254561763503,0.9262338733326918,"Rep1: SOYBEAN (Glycine max. L. merr.), Rep2: MILK and MILK PRODUCTS"
1.0403152773231061,0.9073034530657256,"Rep1: SOYBEAN (Glycine max. L. merr.), Rep2: COCOA category"
1.1002631726892393,0.9417220099938164,"Rep1: SOYBEAN (Glycine max. L. merr.), Rep2: TEA"
1.10270736451035,0.9862089128658228,"Rep1: SOYBEAN (Glycine max. L. merr.), Rep2: BROWN ALGAE"
1.101353644381054,0.8772073948827409,"Rep1: SOYBEAN (Glycine max. L. merr.), Rep2: CRAB"
1.0932710073856522,0.9506308216210047,"Rep1: SOYBEAN (Glycine max. L. merr.), Rep2: FISH"
1.0898417768045243,0.9891172904513046,"Rep1: SOYBEAN (Glycine max. L. merr.), Rep2: GREEN ALGAE"
1.1182231286017943,0.9969526694022143,"Rep1: SOYBEAN (Glycine max. L. merr.), Rep2: RED ALGAE"
1.1079133158075367,0.9452314437116938,"Rep1: SOYBEAN (Glycine max. L. merr.), Rep2: SHRIMPS (PRAWN)"
1.0297410704625738,0.9059114374116922,"Rep1: SOYBEAN (Glycine max. L. merr.), Rep2: BEEF"
1.0836744466450325,0.9428885841686888,"Rep1: SOYBEAN (Glycine max. L. merr.), Rep2: CHICKEN"
1.0490189313012432,0.9577837342599254,"Rep1: SOYBEAN (Glycine max. L. merr.), Rep2: EGG"
1.0797091139474813,0.9468837587155841,"Rep1: SOYBEAN (Glycine max. L. merr.), Rep2: LAMB and MUTTON"
1.087253132189688,0.9100042824569543,"Rep1: SOYBEAN (Glycine max. L. merr.), Rep2: PORK"
1.1363621816307856,0.9726253110203419,"Rep1: SOYBEAN (Glycine max. L. merr.), Rep2: CINNAMOMUM SPECIES"
1.137003638856551,0.9883854887282371,"Rep1: SOYBEAN (Glycine max. L. merr.), Rep2: CURCUMA SPECIES"
1.0734643235681278,0.9726892466271341,"Rep1: SOYBEAN (Glycine max. L. merr.), Rep2: DILL (Anethum species)"
1.096844747572996,0.983830895780184,"Rep1: SOYBEAN (Glycine max. L. merr.), Rep2: FENNEL (Foeniculum vulg., ssp. capillaceum; var.)"
1.1006710581466892,0.9201250619894975,"Rep1: SOYBEAN (Glycine max. L. merr.), Rep2: LICORICE (Glycyrrhiza species)"
1.124906948213887,0.9686692261775504,"Rep1: SOYBEAN (Glycine max. L. merr.), Rep2: MENTHA OILS"
1.0464073960987772,0.9595150742209836,"Rep1: SOYBEAN (Glycine max. L. merr.), Rep2: MUSTARD (Brassica species)"
1.12684473333321,0.9843989194377868,"Rep1: SOYBEAN (Glycine max. L. merr.), Rep2: PEPPER (Piper nigrum L.)"
1.0161055897851532,0.9055664706715502,"Rep1: SOYBEAN (Glycine max. L. merr.), Rep2: SESAME SEED OIL"
1.099252777844022,0.9679174876141884,"Rep1: SOYBEAN (Glycine max. L. merr.), Rep2: ALLIUM SPECIES"
1.108084013540505,0.9873835807761542,"Rep1: SOYBEAN (Glycine max. L. merr.), Rep2: CAPSICUM SPECIES"
1.175229879974719,0.9916352787615736,"Rep1: MUSHROOM, Rep2: BEER"
1.1393807934125713,0.968016737009468,"Rep1: MUSHROOM, Rep2: WINE"
1.1157463005118282,0.920978966072513,"Rep1: MUSHROOM, Rep2: BAIJIU (CHINESE LIQUOR)"
1.148917301461666,0.9480403309566654,"Rep1: MUSHROOM, Rep2: GRAPE BRANDY"
1.1604532388547606,0.9255656936277928,"Rep1: MUSHROOM, Rep2: WHISKY"
1.1202424942408853,0.9445365928107037,"Rep1: MUSHROOM, Rep2: CHEESE, VARIOUS TYPES"
1.1396401461043315,0.9488790079864236,"Rep1: MUSHROOM, Rep2: MILK and MILK PRODUCTS"
1.1134252477008078,0.9309847194524347,"Rep1: MUSHROOM, Rep2: COCOA category"
1.1016470223864392,0.9544291843473035,"Rep1: MUSHROOM, Rep2: TEA"
1.0709263530284026,0.9849184390462465,"Rep1: MUSHROOM, Rep2: BROWN ALGAE"
1.0911195598358125,0.925492419637158,"Rep1: MUSHROOM, Rep2: CRAB"
1.113148475093383,0.9666804028611495,"Rep1: MUSHROOM, Rep2: FISH"
1.0669178313733414,0.9833199993853468,"Rep1: MUSHROOM, Rep2: GREEN ALGAE"
1.07100623606803,0.9909911665435928,"Rep1: MUSHROOM, Rep2: RED ALGAE"
1.0804987095632175,0.9635112260155223,"Rep1: MUSHROOM, Rep2: SHRIMPS (PRAWN)"
1.1386635348595193,0.9380685314697863,"Rep1: MUSHROOM, Rep2: BEEF"
1.1389247496781079,0.9579193327424548,"Rep1: MUSHROOM, Rep2: CHICKEN"
1.1211282663966016,0.9747589025677174,"Rep1: MUSHROOM, Rep2: EGG"
1.1185850284195933,0.9538605129728891,"Rep1: MUSHROOM, Rep2: LAMB and MUTTON"
1.1264532287758757,0.9402661712185231,"Rep1: MUSHROOM, Rep2: PORK"
1.0850990338442377,0.9752224999625864,"Rep1: MUSHROOM, Rep2: CINNAMOMUM SPECIES"
1.0788869107699006,0.9888580643238574,"Rep1: MUSHROOM, Rep2: CURCUMA SPECIES"
1.0755682925682721,0.9761914931663751,"Rep1: MUSHROOM, Rep2: DILL (Anethum species)"
1.0829664664579366,0.9894018767057632,"Rep1: MUSHROOM, Rep2: FENNEL (Foeniculum vulg., ssp. capillaceum; var.)"
1.060603470072428,0.9360913304107731,"Rep1: MUSHROOM, Rep2: LICORICE (Glycyrrhiza species)"
1.1098173297973941,0.9713803254292933,"Rep1: MUSHROOM, Rep2: MENTHA OILS"
1.0666718452634372,0.9653384476518786,"Rep1: MUSHROOM, Rep2: MUSTARD (Brassica species)"
1.0815092636521104,0.9840595623614732,"Rep1: MUSHROOM, Rep2: PEPPER (Piper nigrum L.)"
1.145452708457996,0.9332126432051909,"Rep1: MUSHROOM, Rep2: SESAME SEED OIL"
1.065920416450587,0.9720285126900978,"Rep1: MUSHROOM, Rep2: ALLIUM SPECIES"
1.0520328646134973,0.9916141514949984,"Rep1: MUSHROOM, Rep2: CAPSICUM SPECIES"
1.117343121150718,0.916654116351531,"Rep1: MUSHROOM, Rep2: SOYBEAN (Glycine max. L. merr.)"
1.165888612466887,0.9788382472922196,"Rep1: TRUFFLE, Rep2: BEER"
1.1396129080118593,0.973836989619353,"Rep1: TRUFFLE, Rep2: WINE"
1.161983628243225,0.9514355715571495,"Rep1: TRUFFLE, Rep2: BAIJIU (CHINESE LIQUOR)"
1.1591829638179503,0.9449668280742582,"Rep1: TRUFFLE, Rep2: GRAPE BRANDY"
1.1866825270721135,0.9486489160183794,"Rep1: TRUFFLE, Rep2: WHISKY"
1.1331551959493478,0.9341341948957258,"Rep1: TRUFFLE, Rep2: CHEESE, VARIOUS TYPES"
1.1529282921255763,0.9371831568271173,"Rep1: TRUFFLE, Rep2: MILK and MILK PRODUCTS"
1.139607652642112,0.9549225709413943,"Rep1: TRUFFLE, Rep2: COCOA category"
1.1347577426403095,0.9756144335992037,"Rep1: TRUFFLE, Rep2: TEA"
1.087282351401349,0.9913295471815853,"Rep1: TRUFFLE, Rep2: BROWN ALGAE"
1.0702826346551333,0.9423582592244589,"Rep1: TRUFFLE, Rep2: CRAB"
1.119048554706598,0.9608437437127428,"Rep1: TRUFFLE, Rep2: FISH"
1.107055552221124,0.9934459623340914,"Rep1: TRUFFLE, Rep2: GREEN ALGAE"
1.1003448288438455,0.9989951815529641,"Rep1: TRUFFLE, Rep2: RED ALGAE"
1.0956665899234759,0.9671695754455047,"Rep1: TRUFFLE, Rep2: SHRIMPS (PRAWN)"
1.131585419884046,0.9377701943554062,"Rep1: TRUFFLE, Rep2: BEEF"
1.150161565676049,0.9715978695946899,"Rep1: TRUFFLE, Rep2: CHICKEN"
1.1482970746259276,0.9656664418382821,"Rep1: TRUFFLE, Rep2: EGG"
1.0828221829411855,0.9706325959534167,"Rep1: TRUFFLE, Rep2: LAMB and MUTTON"
1.1068620250502756,0.9496660438267358,"Rep1: TRUFFLE, Rep2: PORK"
1.1162321515032914,0.9918309872092662,"Rep1: TRUFFLE, Rep2: CINNAMOMUM SPECIES"
1.0562548415563204,0.9973519017389852,"Rep1: TRUFFLE, Rep2: CURCUMA SPECIES"
1.0940322540954246,0.9899566328404087,"Rep1: TRUFFLE, Rep2: DILL (Anethum species)"
1.066880910565437,0.9957253912535031,"Rep1: TRUFFLE, Rep2: FENNEL (Foeniculum vulg., ssp. capillaceum; var.)"
1.123330078429198,0.9550208596163732,"Rep1: TRUFFLE, Rep2: LICORICE (Glycyrrhiza species)"
1.1444150366584027,0.9818783239002372,"Rep1: TRUFFLE, Rep2: MENTHA OILS"
1.0456214629371068,0.9646789329426819,"Rep1: TRUFFLE, Rep2: MUSTARD (Brassica species)"
1.0737176155918884,0.9953051341246605,"Rep1: TRUFFLE, Rep2: PEPPER (Piper nigrum L.)"
1.1726710596418346,0.9450638405669215,"Rep1: TRUFFLE, Rep2: SESAME SEED OIL"
1.0821154334821856,0.9731598150233165,"Rep1: TRUFFLE, Rep2: ALLIUM SPECIES"
1.073964528101795,0.9927034481565788,"Rep1: TRUFFLE, Rep2: CAPSICUM SPECIES"
1.1414477504038925,0.9378926343253285,"Rep1: TRUFFLE, Rep2: SOYBEAN (Glycine max. L. merr.)"
1.0432991000409826,0.9483398374298132,"Rep1: TRUFFLE, Rep2: MUSHROOM"
1.1516937292172498,0.994285868847918,"Rep1: APPLE FRESH (Malus species), Rep2: BEER"
1.1140742924407034,0.9527458385496956,"Rep1: APPLE FRESH (Malus species), Rep2: WINE"
1.1212641209380156,0.9277581861945798,"Rep1: APPLE FRESH (Malus species), Rep2: BAIJIU (CHINESE LIQUOR)"
1.1220082739858956,0.9253432863276744,"Rep1: APPLE FRESH (Malus species), Rep2: GRAPE BRANDY"
1.150018858690892,0.9325508763175036,"Rep1: APPLE FRESH (Malus species), Rep2: WHISKY"
1.1263330387415096,0.9498456751158246,"Rep1: APPLE FRESH (Malus species), Rep2: CHEESE, VARIOUS TYPES"
1.1242047008924505,0.9583821849850023,"Rep1: APPLE FRESH (Malus species), Rep2: MILK and MILK PRODUCTS"
1.1356801180530876,0.9647172421899671,"Rep1: APPLE FRESH (Malus species), Rep2: COCOA category"
1.123072914396376,0.9698882131511942,"Rep1: APPLE FRESH (Malus species), Rep2: TEA"
1.1953520447972859,0.9907062586367774,"Rep1: APPLE FRESH (Malus species), Rep2: BROWN ALGAE"
1.1105126375654333,0.962377330474142,"Rep1: APPLE FRESH (Malus species), Rep2: CRAB"
1.0986721484143167,0.9749384514870344,"Rep1: APPLE FRESH (Malus species), Rep2: FISH"
1.150947884222304,0.9951436370293515,"Rep1: APPLE FRESH (Malus species), Rep2: GREEN ALGAE"
1.1585732201495231,0.9992891007393477,"Rep1: APPLE FRESH (Malus species), Rep2: RED ALGAE"
1.1067566317081448,0.9873732593045814,"Rep1: APPLE FRESH (Malus species), Rep2: SHRIMPS (PRAWN)"
1.1210076634436144,0.9588526576149674,"Rep1: APPLE FRESH (Malus species), Rep2: BEEF"
1.1020663527084154,0.9681235239150554,"Rep1: APPLE FRESH (Malus species), Rep2: CHICKEN"
1.0929723025673395,0.984014953216972,"Rep1: APPLE FRESH (Malus species), Rep2: EGG"
1.1417636660361012,0.9822408255662508,"Rep1: APPLE FRESH (Malus species), Rep2: LAMB and MUTTON"
1.1171968604312752,0.9650335970998684,"Rep1: APPLE FRESH (Malus species), Rep2: PORK"
1.131750841537522,0.9889169025273404,"Rep1: APPLE FRESH (Malus species), Rep2: CINNAMOMUM SPECIES"
1.164727224657771,0.9939774629414975,"Rep1: APPLE FRESH (Malus species), Rep2: CURCUMA SPECIES"
1.1225732534311528,0.9847189995088134,"Rep1: APPLE FRESH (Malus species), Rep2: DILL (Anethum species)"
1.1332729663886392,0.9881426524626928,"Rep1: APPLE FRESH (Malus species), Rep2: FENNEL (Foeniculum vulg., ssp. capillaceum; var.)"
1.1468995140370104,0.9662613441302668,"Rep1: APPLE FRESH (Malus species), Rep2: LICORICE (Glycyrrhiza species)"
1.1343119137979483,0.9832408280212162,"Rep1: APPLE FRESH (Malus species), Rep2: MENTHA OILS"
1.1426772395297602,0.982641022639463,"Rep1: APPLE FRESH (Malus species), Rep2: MUSTARD (Brassica species)"
1.087932035428173,0.9906574494698412,"Rep1: APPLE FRESH (Malus species), Rep2: PEPPER (Piper nigrum L.)"
1.1326766942228768,0.9526716887003264,"Rep1: APPLE FRESH (Malus species), Rep2: SESAME SEED OIL"
1.1260378350247984,0.9799372758141016,"Rep1: APPLE FRESH (Malus species), Rep2: ALLIUM SPECIES"
1.1032444227464033,0.986153723974518,"Rep1: APPLE FRESH (Malus species), Rep2: CAPSICUM SPECIES"
1.144522628030089,0.9370580538342653,"Rep1: APPLE FRESH (Malus species), Rep2: SOYBEAN (Glycine max. L. merr.)"
1.130236216429014,0.9623348214031756,"Rep1: APPLE FRESH (Malus species), Rep2: MUSHROOM"
1.1417071443735722,0.9590852534097942,"Rep1: APPLE FRESH (Malus species), Rep2: TRUFFLE"
1.1838830333931263,0.9864479665220183,"Rep1: CITRUS FRUITS, Rep2: BEER"
1.1258032945762317,0.9745378646076384,"Rep1: CITRUS FRUITS, Rep2: WINE"
1.1350462757156028,0.9680981669153063,"Rep1: CITRUS FRUITS, Rep2: BAIJIU (CHINESE LIQUOR)"
1.1261593192835198,0.9698743055722558,"Rep1: CITRUS FRUITS, Rep2: GRAPE BRANDY"
1.172273188592437,0.9790427090885683,"Rep1: CITRUS FRUITS, Rep2: WHISKY"
1.1463304883074035,0.9781988444790093,"Rep1: CITRUS FRUITS, Rep2: CHEESE, VARIOUS TYPES"
1.1219892492227295,0.9739158395849311,"Rep1: CITRUS FRUITS, Rep2: MILK and MILK PRODUCTS"
1.1312246565554478,0.9769747766895615,"Rep1: CITRUS FRUITS, Rep2: COCOA category"
1.0783496501720904,0.9509091254285952,"Rep1: CITRUS FRUITS, Rep2: TEA"
1.1357116407085017,0.9930655190332482,"Rep1: CITRUS FRUITS, Rep2: BROWN ALGAE"
1.0889726778536757,0.9738503805985553,"Rep1: CITRUS FRUITS, Rep2: CRAB"
1.1248781692555012,0.9807719169415178,"Rep1: CITRUS FRUITS, Rep2: FISH"
1.1268124038818514,0.9932152847891152,"Rep1: CITRUS FRUITS, Rep2: GREEN ALGAE"
1.1329748799469783,0.9970889884643733,"Rep1: CITRUS FRUITS, Rep2: RED ALGAE"
1.1193970018775432,0.9916550672055348,"Rep1: CITRUS FRUITS, Rep2: SHRIMPS (PRAWN)"
1.141924171747298,0.9753790510538776,"Rep1: CITRUS FRUITS, Rep2: BEEF"
1.1274404255965482,0.9778562951117048,"Rep1: CITRUS FRUITS, Rep2: CHICKEN"
1.094468592190223,0.9895091474012321,"Rep1: CITRUS FRUITS, Rep2: EGG"
1.1431130475729807,0.9864583324792767,"Rep1: CITRUS FRUITS, Rep2: LAMB and MUTTON"
1.12093637360872,0.9730948599580225,"Rep1: CITRUS FRUITS, Rep2: PORK"
1.0148844864141993,0.9127173200257563,"Rep1: CITRUS FRUITS, Rep2: CINNAMOMUM SPECIES"
1.0650643133973519,0.9065466094054685,"Rep1: CITRUS FRUITS, Rep2: CURCUMA SPECIES"
1.0550591822100948,0.9054361873069952,"Rep1: CITRUS FRUITS, Rep2: DILL (Anethum species)"
1.0204755799316412,0.8999832634554985,"Rep1: CITRUS FRUITS, Rep2: FENNEL (Foeniculum vulg., ssp. capillaceum; var.)"
1.0728624364140404,0.9598745815241662,"Rep1: CITRUS FRUITS, Rep2: LICORICE (Glycyrrhiza species)"
0.9703485284214346,0.9014949762676279,"Rep1: CITRUS FRUITS, Rep2: MENTHA OILS"
1.0737879436748794,0.9822375791513354,"Rep1: CITRUS FRUITS, Rep2: MUSTARD (Brassica species)"
1.0296092308721867,0.9158549259602223,"Rep1: CITRUS FRUITS, Rep2: PEPPER (Piper nigrum L.)"
1.0043058276640016,0.9673908503760963,"Rep1: CITRUS FRUITS, Rep2: SESAME SEED OIL"
1.0871563930032666,0.9863632184794359,"Rep1: CITRUS FRUITS, Rep2: ALLIUM SPECIES"
1.0352496772363136,0.9869311016574506,"Rep1: CITRUS FRUITS, Rep2: CAPSICUM SPECIES"
1.1241281122990037,0.9646469985011233,"Rep1: CITRUS FRUITS, Rep2: SOYBEAN (Glycine max. L. merr.)"
1.1152330673801336,0.973801422847659,"Rep1: CITRUS FRUITS, Rep2: MUSHROOM"
1.1381928272108193,0.9855341052697144,"Rep1: CITRUS FRUITS, Rep2: TRUFFLE"
1.080644625727065,0.9703959458584142,"Rep1: CITRUS FRUITS, Rep2: APPLE FRESH (Malus species)"
1.1865346676441813,0.9854553388695315,"Rep1: GUAVA and FEYOA, Rep2: BEER"
1.127110726005967,0.9461693070513113,"Rep1: GUAVA and FEYOA, Rep2: WINE"
1.0776988782650443,0.9332571402428219,"Rep1: GUAVA and FEYOA, Rep2: BAIJIU (CHINESE LIQUOR)"
1.1149107793272022,0.9248177534612274,"Rep1: GUAVA and FEYOA, Rep2: GRAPE BRANDY"
1.1683373083581723,0.9284465165381766,"Rep1: GUAVA and FEYOA, Rep2: WHISKY"
1.1525885173472026,0.9494889167574854,"Rep1: GUAVA and FEYOA, Rep2: CHEESE, VARIOUS TYPES"
1.1248480909349245,0.9546865123109274,"Rep1: GUAVA and FEYOA, Rep2: MILK and MILK PRODUCTS"
1.0727452905343053,0.9411356428744919,"Rep1: GUAVA and FEYOA, Rep2: COCOA category"
1.0927641716872143,0.9362051963184606,"Rep1: GUAVA and FEYOA, Rep2: TEA"
1.121335658699479,0.9873788699832278,"Rep1: GUAVA and FEYOA, Rep2: BROWN ALGAE"
1.102015086181656,0.9356169800729823,"Rep1: GUAVA and FEYOA, Rep2: CRAB"
1.1487877295515634,0.9738255691338751,"Rep1: GUAVA and FEYOA, Rep2: FISH"
1.1143554453471858,0.9858741022038431,"Rep1: GUAVA and FEYOA, Rep2: GREEN ALGAE"
1.117374847326942,0.9937763326296276,"Rep1: GUAVA and FEYOA, Rep2: RED ALGAE"
1.1283896978132548,0.9794218655743167,"Rep1: GUAVA and FEYOA, Rep2: SHRIMPS (PRAWN)"
1.1358591630126424,0.9538268046210503,"Rep1: GUAVA and FEYOA, Rep2: BEEF"
1.140582374984559,0.9664838652466959,"Rep1: GUAVA and FEYOA, Rep2: CHICKEN"
1.130690028511249,0.9814200437684407,"Rep1: GUAVA and FEYOA, Rep2: EGG"
1.148066268466033,0.9770771875430091,"Rep1: GUAVA and FEYOA, Rep2: LAMB and MUTTON"
1.1442811273632911,0.9588968492368976,"Rep1: GUAVA and FEYOA, Rep2: PORK"
1.059156095402605,0.9217319878829403,"Rep1: GUAVA and FEYOA, Rep2: CINNAMOMUM SPECIES"
1.0582045625598673,0.9366153967189281,"Rep1: GUAVA and FEYOA, Rep2: CURCUMA SPECIES"
1.0945099749613136,0.9370438098987522,"Rep1: GUAVA and FEYOA, Rep2: DILL (Anethum species)"
1.0402066583212641,0.9420045645712835,"Rep1: GUAVA and FEYOA, Rep2: FENNEL (Foeniculum vulg., ssp. capillaceum; var.)"
1.0769119425711227,0.945996191424832,"Rep1: GUAVA and FEYOA, Rep2: LICORICE (Glycyrrhiza species)"
1.0711371317790999,0.9234160191902978,"Rep1: GUAVA and FEYOA, Rep2: MENTHA OILS"
1.0909431994711107,0.9751301021248822,"Rep1: GUAVA and FEYOA, Rep2: MUSTARD (Brassica species)"
1.0550138300549,0.9266332841850018,"Rep1: GUAVA and FEYOA, Rep2: PEPPER (Piper nigrum L.)"
1.0997773821731855,0.9574541667502332,"Rep1: GUAVA and FEYOA, Rep2: SESAME SEED OIL"
1.10564281158409,0.9742303287332958,"Rep1: GUAVA and FEYOA, Rep2: ALLIUM SPECIES"
1.0656388278331863,0.9789438439933438,"Rep1: GUAVA and FEYOA, Rep2: CAPSICUM SPECIES"
1.0901469427763941,0.9375076063702864,"Rep1: GUAVA and FEYOA, Rep2: SOYBEAN (Glycine max. L. merr.)"
1.1006339833514815,0.9491989508292297,"Rep1: GUAVA and FEYOA, Rep2: MUSHROOM"
1.1170936907118518,0.9666916356770038,"Rep1: GUAVA and FEYOA, Rep2: TRUFFLE"
1.0970735708085935,0.9262371217084087,"Rep1: GUAVA and FEYOA, Rep2: APPLE FRESH (Malus species)"
1.0469187720556383,0.9166748400484042,"Rep1: GUAVA and FEYOA, Rep2: CITRUS FRUITS"
1.1946176218079239,0.9943011387927534,"Rep1: MANGIFERA SPECIES, Rep2: BEER"
1.1215895757803187,0.970537750088581,"Rep1: MANGIFERA SPECIES, Rep2: WINE"
1.1195361694751298,0.9615059056976315,"Rep1: MANGIFERA SPECIES, Rep2: BAIJIU (CHINESE LIQUOR)"
1.119299329853557,0.9582587245130714,"Rep1: MANGIFERA SPECIES, Rep2: GRAPE BRANDY"
1.180304417831558,0.9586491336853482,"Rep1: MANGIFERA SPECIES, Rep2: WHISKY"
1.1261463375826242,0.9649426917196932,"Rep1: MANGIFERA SPECIES, Rep2: CHEESE, VARIOUS TYPES"
1.1119965740042086,0.9728065605537379,"Rep1: MANGIFERA SPECIES, Rep2: MILK and MILK PRODUCTS"
1.1035859811227855,0.9642444318019736,"Rep1: MANGIFERA SPECIES, Rep2: COCOA category"
1.0981656697887578,0.9642216537358212,"Rep1: MANGIFERA SPECIES, Rep2: TEA"
1.1364560389916585,0.975645466683023,"Rep1: MANGIFERA SPECIES, Rep2: BROWN ALGAE"
1.0950961296432369,0.9661213830869986,"Rep1: MANGIFERA SPECIES, Rep2: CRAB"
1.106651549320117,0.9800119546928451,"Rep1: MANGIFERA SPECIES, Rep2: FISH"
1.133568309866812,0.9608791274984692,"Rep1: MANGIFERA SPECIES, Rep2: GREEN ALGAE"
1.1387747935793235,0.9688826592179063,"Rep1: MANGIFERA SPECIES, Rep2: RED ALGAE"
1.0833240616317,0.9878722065264373,"Rep1: MANGIFERA SPECIES, Rep2: SHRIMPS (PRAWN)"
1.1041763676647207,0.976905298043712,"Rep1: MANGIFERA SPECIES, Rep2: BEEF"
1.0946265146858234,0.9587742683938035,"Rep1: MANGIFERA SPECIES, Rep2: CHICKEN"
1.082944510415522,0.984568472898734,"Rep1: MANGIFERA SPECIES, Rep2: EGG"
1.0767975764497388,0.980422211958672,"Rep1: MANGIFERA SPECIES, Rep2: LAMB and MUTTON"
1.090706322470179,0.9703086164053424,"Rep1: MANGIFERA SPECIES, Rep2: PORK"
1.054855229228189,0.9570156438016136,"Rep1: MANGIFERA SPECIES, Rep2: CINNAMOMUM SPECIES"
1.088875509397658,0.9501741946188831,"Rep1: MANGIFERA SPECIES, Rep2: CURCUMA SPECIES"
1.0924405258922512,0.937787313724736,"Rep1: MANGIFERA SPECIES, Rep2: DILL (Anethum species)"
1.0861866631340633,0.9462306256190554,"Rep1: MANGIFERA SPECIES, Rep2: FENNEL (Foeniculum vulg., ssp. capillaceum; var.)"
1.0740859701291035,0.9693200665476875,"Rep1: MANGIFERA SPECIES, Rep2: LICORICE (Glycyrrhiza species)"
1.0564785144813755,0.955661626926824,"Rep1: MANGIFERA SPECIES, Rep2: MENTHA OILS"
1.0765964983890604,0.9821933774054606,"Rep1: MANGIFERA SPECIES, Rep2: MUSTARD (Brassica species)"
1.0423678317708107,0.9626482855637148,"Rep1: MANGIFERA SPECIES, Rep2: PEPPER (Piper nigrum L.)"
1.0996238240594578,0.9537502362774455,"Rep1: MANGIFERA SPECIES, Rep2: SESAME SEED OIL"
1.0891390430836445,0.9859095325680298,"Rep1: MANGIFERA SPECIES, Rep2: ALLIUM SPECIES"
1.0453180699888043,0.9895976003436516,"Rep1: MANGIFERA SPECIES, Rep2: CAPSICUM SPECIES"
1.0961594243857955,0.9700783070472879,"Rep1: MANGIFERA SPECIES, Rep2: SOYBEAN (Glycine max. L. merr.)"
1.1007672588749466,0.9721094917517628,"Rep1: MANGIFERA SPECIES, Rep2: MUSHROOM"
1.107527126874827,0.9803491565971966,"Rep1: MANGIFERA SPECIES, Rep2: TRUFFLE"
1.0619473665200652,0.9616701529029683,"Rep1: MANGIFERA SPECIES, Rep2: APPLE FRESH (Malus species)"
1.0275936008012896,0.9442239201459739,"Rep1: MANGIFERA SPECIES, Rep2: CITRUS FRUITS"
1.0319393905998455,0.9289818737095532,"Rep1: MANGIFERA SPECIES, Rep2: GUAVA and FEYOA"
1.1632158644956758,0.9924664636497113,"Rep1: OLIVE (Olea europaea), Rep2: BEER"
1.0951258969243371,0.9698016799739939,"Rep1: OLIVE (Olea europaea), Rep2: WINE"
1.1570905807956477,0.9515523904944784,"Rep1: OLIVE (Olea europaea), Rep2: BAIJIU (CHINESE LIQUOR)"
1.1110126004299747,0.9462429444476091,"Rep1: OLIVE (Olea europaea), Rep2: GRAPE BRANDY"
1.1333402109783193,0.9425821571686409,"Rep1: OLIVE (Olea europaea), Rep2: WHISKY"
1.0770614738044892,0.9415110011421463,"Rep1: OLIVE (Olea europaea), Rep2: CHEESE, VARIOUS TYPES"
1.070687269886618,0.9538734372107404,"Rep1: OLIVE (Olea europaea), Rep2: MILK and MILK PRODUCTS"
1.0964325610258272,0.9588619141557655,"Rep1: OLIVE (Olea europaea), Rep2: COCOA category"
1.092021791313008,0.9603018763242277,"Rep1: OLIVE (Olea europaea), Rep2: TEA"
1.1253589660387575,0.9708837819644598,"Rep1: OLIVE (Olea europaea), Rep2: BROWN ALGAE"
1.113419747103667,0.9513825387311103,"Rep1: OLIVE (Olea europaea), Rep2: CRAB"
1.0830983385356185,0.969458807457842,"Rep1: OLIVE (Olea europaea), Rep2: FISH"
1.0868076247816016,0.9743725433034912,"Rep1: OLIVE (Olea europaea), Rep2: GREEN ALGAE"
1.1376118223832388,0.9814524792261078,"Rep1: OLIVE (Olea europaea), Rep2: RED ALGAE"
1.1154246404494559,0.9786279181307337,"Rep1: OLIVE (Olea europaea), Rep2: SHRIMPS (PRAWN)"
1.0854517001638935,0.9482592197894909,"Rep1: OLIVE (Olea europaea), Rep2: BEEF"
1.0827193422619905,0.9407638595106168,"Rep1: OLIVE (Olea europaea), Rep2: CHICKEN"
1.0318652388652143,0.9740446492224072,"Rep1: OLIVE (Olea europaea), Rep2: EGG"
1.0811764301065225,0.9725687345648292,"Rep1: OLIVE (Olea europaea), Rep2: LAMB and MUTTON"
1.0810346131981667,0.9460162076843842,"Rep1: OLIVE (Olea europaea), Rep2: PORK"
1.1120005279387466,0.9790896453281333,"Rep1: OLIVE (Olea europaea), Rep2: CINNAMOMUM SPECIES"
1.1330203503249259,0.9805937631028052,"Rep1: OLIVE (Olea europaea), Rep2: CURCUMA SPECIES"
1.0749574064745608,0.9680312034051979,"Rep1: OLIVE (Olea europaea), Rep2: DILL (Anethum species)"
1.0508169778870255,0.9799977644583933,"Rep1: OLIVE (Olea europaea), Rep2: FENNEL (Foeniculum vulg., ssp. capillaceum; var.)"
1.115724269351948,0.9564717410023169,"Rep1: OLIVE (Olea europaea), Rep2: LICORICE (Glycyrrhiza species)"
1.0398487782449422,0.9706040995650477,"Rep1: OLIVE (Olea europaea), Rep2: MENTHA OILS"
1.081374426202476,0.9806507992960644,"Rep1: OLIVE (Olea europaea), Rep2: MUSTARD (Brassica species)"
1.0821931284328516,0.9765137016847724,"Rep1: OLIVE (Olea europaea), Rep2: PEPPER (Piper nigrum L.)"
0.965430837413844,0.9012722265154282,"Rep1: OLIVE (Olea europaea), Rep2: SESAME SEED OIL"
1.0696526377999378,0.9810744976583696,"Rep1: OLIVE (Olea europaea), Rep2: ALLIUM SPECIES"
1.1203051029152238,0.9882643173760509,"Rep1: OLIVE (Olea europaea), Rep2: CAPSICUM SPECIES"
1.045003051063416,0.9395164237999638,"Rep1: OLIVE (Olea europaea), Rep2: SOYBEAN (Glycine max. L. merr.)"
1.1210758067901108,0.9578356497408466,"Rep1: OLIVE (Olea europaea), Rep2: MUSHROOM"
1.1413975839662878,0.956810676686765,"Rep1: OLIVE (Olea europaea), Rep2: TRUFFLE"
1.1043780507931804,0.9449057899457451,"Rep1: OLIVE (Olea europaea), Rep2: APPLE FRESH (Malus species)"
1.0273719149540026,0.9616767587539431,"Rep1: OLIVE (Olea europaea), Rep2: CITRUS FRUITS"
1.1034292627669207,0.934569061377421,"Rep1: OLIVE (Olea europaea), Rep2: GUAVA and FEYOA"
1.1194837086950573,0.9504925387339306,"Rep1: OLIVE (Olea europaea), Rep2: MANGIFERA SPECIES"
1.1759022827061043,0.9929495478347499,"Rep1: PASSION FRUIT (PASSIFLORA SPECIES), Rep2: BEER"
1.110212543969174,0.9523456066544681,"Rep1: PASSION FRUIT (PASSIFLORA SPECIES), Rep2: WINE"
1.1182906493979874,0.9300346115464085,"Rep1: PASSION FRUIT (PASSIFLORA SPECIES), Rep2: BAIJIU (CHINESE LIQUOR)"
1.1052706271050174,0.9295073769238937,"Rep1: PASSION FRUIT (PASSIFLORA SPECIES), Rep2: GRAPE BRANDY"
1.1707179697158694,0.92213042626089,"Rep1: PASSION FRUIT (PASSIFLORA SPECIES), Rep2: WHISKY"
1.1334587763558592,0.9487151426858305,"Rep1: PASSION FRUIT (PASSIFLORA SPECIES), Rep2: CHEESE, VARIOUS TYPES"
1.1246716466257305,0.9605461716091629,"Rep1: PASSION FRUIT (PASSIFLORA SPECIES), Rep2: MILK and MILK PRODUCTS"
1.1065317818029197,0.9375812576339774,"Rep1: PASSION FRUIT (PASSIFLORA SPECIES), Rep2: COCOA category"
1.0762076573931112,0.9404804647264197,"Rep1: PASSION FRUIT (PASSIFLORA SPECIES), Rep2: TEA"
1.1209275792224038,0.9915704280611556,"Rep1: PASSION FRUIT (PASSIFLORA SPECIES), Rep2: BROWN ALGAE"
1.0732725750626635,0.9464997756805644,"Rep1: PASSION FRUIT (PASSIFLORA SPECIES), Rep2: CRAB"
1.118360618713017,0.9822235945622818,"Rep1: PASSION FRUIT (PASSIFLORA SPECIES), Rep2: FISH"
1.1063345603911996,0.9900707941413681,"Rep1: PASSION FRUIT (PASSIFLORA SPECIES), Rep2: GREEN ALGAE"
1.1077303510151957,0.9948459157821318,"Rep1: PASSION FRUIT (PASSIFLORA SPECIES), Rep2: RED ALGAE"
1.071475543850269,0.9794741672479714,"Rep1: PASSION FRUIT (PASSIFLORA SPECIES), Rep2: SHRIMPS (PRAWN)"
1.1413703389800867,0.9588797073100358,"Rep1: PASSION FRUIT (PASSIFLORA SPECIES), Rep2: BEEF"
1.1326460153884204,0.97682567294725,"Rep1: PASSION FRUIT (PASSIFLORA SPECIES), Rep2: CHICKEN"
1.1107191424450653,0.985239630914534,"Rep1: PASSION FRUIT (PASSIFLORA SPECIES), Rep2: EGG"
1.1307401684834946,0.9739281405399672,"Rep1: PASSION FRUIT (PASSIFLORA SPECIES), Rep2: LAMB and MUTTON"
1.1064173796917958,0.9608800587685222,"Rep1: PASSION FRUIT (PASSIFLORA SPECIES), Rep2: PORK"
1.0350429431507706,0.9610694794447235,"Rep1: PASSION FRUIT (PASSIFLORA SPECIES), Rep2: CINNAMOMUM SPECIES"
1.0549822262582556,0.9712630407764818,"Rep1: PASSION FRUIT (PASSIFLORA SPECIES), Rep2: CURCUMA SPECIES"
1.0784413934098038,0.959736914195658,"Rep1: PASSION FRUIT (PASSIFLORA SPECIES), Rep2: DILL (Anethum species)"
1.0450472086051323,0.965228800014969,"Rep1: PASSION FRUIT (PASSIFLORA SPECIES), Rep2: FENNEL (Foeniculum vulg., ssp. capillaceum; var.)"
1.0660189431502007,0.9503289427010793,"Rep1: PASSION FRUIT (PASSIFLORA SPECIES), Rep2: LICORICE (Glycyrrhiza species)"
1.0578170746069853,0.9572290456197633,"Rep1: PASSION FRUIT (PASSIFLORA SPECIES), Rep2: MENTHA OILS"
1.0662746225126052,0.9808643408282918,"Rep1: PASSION FRUIT (PASSIFLORA SPECIES), Rep2: MUSTARD (Brassica species)"
1.0090810177878289,0.9743243914616524,"Rep1: PASSION FRUIT (PASSIFLORA SPECIES), Rep2: PEPPER (Piper nigrum L.)"
1.0719597135544938,0.966978004871042,"Rep1: PASSION FRUIT (PASSIFLORA SPECIES), Rep2: SESAME SEED OIL"
1.1014388759461555,0.9823914399512408,"Rep1: PASSION FRUIT (PASSIFLORA SPECIES), Rep2: ALLIUM SPECIES"
1.0012817724305105,0.9846039595377231,"Rep1: PASSION FRUIT (PASSIFLORA SPECIES), Rep2: CAPSICUM SPECIES"
1.111501672089113,0.9490341708334414,"Rep1: PASSION FRUIT (PASSIFLORA SPECIES), Rep2: SOYBEAN (Glycine max. L. merr.)"
1.068055998867651,0.953608325691446,"Rep1: PASSION FRUIT (PASSIFLORA SPECIES), Rep2: MUSHROOM"
1.0893294873450037,0.974424666126101,"Rep1: PASSION FRUIT (PASSIFLORA SPECIES), Rep2: TRUFFLE"
1.0603534220115054,0.9240384379442714,"Rep1: PASSION FRUIT (PASSIFLORA SPECIES), Rep2: APPLE FRESH (Malus species)"
1.0101113347507549,0.9456901557970032,"Rep1: PASSION FRUIT (PASSIFLORA SPECIES), Rep2: CITRUS FRUITS"
0.9746641006386172,0.8954429129074455,"Rep1: PASSION FRUIT (PASSIFLORA SPECIES), Rep2: GUAVA and FEYOA"
0.9982440272367538,0.9341973847106577,"Rep1: PASSION FRUIT (PASSIFLORA SPECIES), Rep2: MANGIFERA SPECIES"
1.086990592987947,0.9493598705006325,"Rep1: PASSION FRUIT (PASSIFLORA SPECIES), Rep2: OLIVE (Olea europaea)"
1.1656122842850725,0.9893847384765141,"Rep1: PLUM (Prunus species), Rep2: BEER"
1.1087353783714526,0.9490774081077484,"Rep1: PLUM (Prunus species), Rep2: WINE"
1.127614814029516,0.9169542246690907,"Rep1: PLUM (Prunus species), Rep2: BAIJIU (CHINESE LIQUOR)"
1.0970055409979793,0.9294921001566341,"Rep1: PLUM (Prunus species), Rep2: GRAPE BRANDY"
1.1630194618228773,0.9323437678927385,"Rep1: PLUM (Prunus species), Rep2: WHISKY"
1.1347253780795445,0.9522593767717734,"Rep1: PLUM (Prunus species), Rep2: CHEESE, VARIOUS TYPES"
1.1343033348552405,0.9470814330139641,"Rep1: PLUM (Prunus species), Rep2: MILK and MILK PRODUCTS"
1.1315810431675395,0.933543228969249,"Rep1: PLUM (Prunus species), Rep2: COCOA category"
1.1036983526863913,0.932434228735751,"Rep1: PLUM (Prunus species), Rep2: TEA"
1.136037781557665,0.9807207703508944,"Rep1: PLUM (Prunus species), Rep2: BROWN ALGAE"
1.084880638816923,0.9258893360667295,"Rep1: PLUM (Prunus species), Rep2: CRAB"
1.112377445142777,0.9682657089992198,"Rep1: PLUM (Prunus species), Rep2: FISH"
1.136390897764949,0.9714999425814759,"Rep1: PLUM (Prunus species), Rep2: GREEN ALGAE"
1.1449601599539614,0.9864009214888222,"Rep1: PLUM (Prunus species), Rep2: RED ALGAE"
1.058136059398818,0.9766918656047721,"Rep1: PLUM (Prunus species), Rep2: SHRIMPS (PRAWN)"
1.1399474656867803,0.9483725789325441,"Rep1: PLUM (Prunus species), Rep2: BEEF"
1.127318329735946,0.9563865678556158,"Rep1: PLUM (Prunus species), Rep2: CHICKEN"
1.1371575620795482,0.9789740240565644,"Rep1: PLUM (Prunus species), Rep2: EGG"
1.1053207889122023,0.9643839953970912,"Rep1: PLUM (Prunus species), Rep2: LAMB and MUTTON"
1.0651106216823631,0.9463564068325465,"Rep1: PLUM (Prunus species), Rep2: PORK"
1.0232908923677146,0.9549711429556251,"Rep1: PLUM (Prunus species), Rep2: CINNAMOMUM SPECIES"
1.0744454602953928,0.9784497612442208,"Rep1: PLUM (Prunus species), Rep2: CURCUMA SPECIES"
1.0764744446873529,0.9625330917500186,"Rep1: PLUM (Prunus species), Rep2: DILL (Anethum species)"
1.0728519882198055,0.9762452734819703,"Rep1: PLUM (Prunus species), Rep2: FENNEL (Foeniculum vulg., ssp. capillaceum; var.)"
1.0870548569066352,0.9303110119416476,"Rep1: PLUM (Prunus species), Rep2: LICORICE (Glycyrrhiza species)"
1.0746855511529263,0.9635121037905672,"Rep1: PLUM (Prunus species), Rep2: MENTHA OILS"
1.0671799850752461,0.9620389423333352,"Rep1: PLUM (Prunus species), Rep2: MUSTARD (Brassica species)"
1.0521571539563066,0.9789559698446526,"Rep1: PLUM (Prunus species), Rep2: PEPPER (Piper nigrum L.)"
1.082774021000485,0.9470172033028048,"Rep1: PLUM (Prunus species), Rep2: SESAME SEED OIL"
1.088726125208989,0.9724972324797186,"Rep1: PLUM (Prunus species), Rep2: ALLIUM SPECIES"
1.0499959260433303,0.9870297499753024,"Rep1: PLUM (Prunus species), Rep2: CAPSICUM SPECIES"
1.1056738663477423,0.9268494489194092,"Rep1: PLUM (Prunus species), Rep2: SOYBEAN (Glycine max. L. merr.)"
1.0809482579648593,0.940974164663519,"Rep1: PLUM (Prunus species), Rep2: MUSHROOM"
1.07188078217704,0.9640623206490169,"Rep1: PLUM (Prunus species), Rep2: TRUFFLE"
1.0545136480976296,0.9253056765126039,"Rep1: PLUM (Prunus species), Rep2: APPLE FRESH (Malus species)"
1.0311949751931406,0.9505885572354108,"Rep1: PLUM (Prunus species), Rep2: CITRUS FRUITS"
1.0532686902414765,0.9097347501940887,"Rep1: PLUM (Prunus species), Rep2: GUAVA and FEYOA"
1.0392150022940543,0.949710104634727,"Rep1: PLUM (Prunus species), Rep2: MANGIFERA SPECIES"
1.0735694366864639,0.9457701388494323,"Rep1: PLUM (Prunus species), Rep2: OLIVE (Olea europaea)"
0.9813593241395395,0.9128251121225847,"Rep1: PLUM (Prunus species), Rep2: PASSION FRUIT (PASSIFLORA SPECIES)"
1.187085683771628,0.982343405301952,"Rep1: RASPBERRY, BLACKBERRY and BOYSENBERRY, Rep2: BEER"
1.12792154411204,0.9466263517607499,"Rep1: RASPBERRY, BLACKBERRY and BOYSENBERRY, Rep2: WINE"
1.1505758855522952,0.9251103686044753,"Rep1: RASPBERRY, BLACKBERRY and BOYSENBERRY, Rep2: BAIJIU (CHINESE LIQUOR)"
1.1161890031320376,0.9316752513827249,"Rep1: RASPBERRY, BLACKBERRY and BOYSENBERRY, Rep2: GRAPE BRANDY"
1.1514015543464888,0.9380280697770554,"Rep1: RASPBERRY, BLACKBERRY and BOYSENBERRY, Rep2: WHISKY"
1.17045444162257,0.9533777957810513,"Rep1: RASPBERRY, BLACKBERRY and BOYSENBERRY, Rep2: CHEESE, VARIOUS TYPES"
1.1483753702151418,0.9405540765079493,"Rep1: RASPBERRY, BLACKBERRY and BOYSENBERRY, Rep2: MILK and MILK PRODUCTS"
1.0996645773735862,0.942761122103024,"Rep1: RASPBERRY, BLACKBERRY and BOYSENBERRY, Rep2: COCOA category"
1.0925493820330465,0.9218952251538108,"Rep1: RASPBERRY, BLACKBERRY and BOYSENBERRY, Rep2: TEA"
1.1317688664340337,0.984639500403751,"Rep1: RASPBERRY, BLACKBERRY and BOYSENBERRY, Rep2: BROWN ALGAE"
1.1158590115252325,0.9410761262099748,"Rep1: RASPBERRY, BLACKBERRY and BOYSENBERRY, Rep2: CRAB"
1.1386381787592295,0.964144997440596,"Rep1: RASPBERRY, BLACKBERRY and BOYSENBERRY, Rep2: FISH"
1.1467236284794218,0.9866497463864382,"Rep1: RASPBERRY, BLACKBERRY and BOYSENBERRY, Rep2: GREEN ALGAE"
1.122159443550676,0.9961311994167916,"Rep1: RASPBERRY, BLACKBERRY and BOYSENBERRY, Rep2: RED ALGAE"
1.124183778385203,0.9777521640995985,"Rep1: RASPBERRY, BLACKBERRY and BOYSENBERRY, Rep2: SHRIMPS (PRAWN)"
1.1497490570202304,0.9460975405312491,"Rep1: RASPBERRY, BLACKBERRY and BOYSENBERRY, Rep2: BEEF"
1.1330265267708026,0.9624108222110476,"Rep1: RASPBERRY, BLACKBERRY and BOYSENBERRY, Rep2: CHICKEN"
1.1440958476411955,0.9829506360313679,"Rep1: RASPBERRY, BLACKBERRY and BOYSENBERRY, Rep2: EGG"
1.1514053287588994,0.9687085142559625,"Rep1: RASPBERRY, BLACKBERRY and BOYSENBERRY, Rep2: LAMB and MUTTON"
1.1424381980257183,0.9491694681637272,"Rep1: RASPBERRY, BLACKBERRY and BOYSENBERRY, Rep2: PORK"
1.050447326815033,0.9421968217392331,"Rep1: RASPBERRY, BLACKBERRY and BOYSENBERRY, Rep2: CINNAMOMUM SPECIES"
1.1163193779342275,0.9499965844912265,"Rep1: RASPBERRY, BLACKBERRY and BOYSENBERRY, Rep2: CURCUMA SPECIES"
1.131893204640729,0.9407302748236394,"Rep1: RASPBERRY, BLACKBERRY and BOYSENBERRY, Rep2: DILL (Anethum species)"
1.1244672420273656,0.9409514745315418,"Rep1: RASPBERRY, BLACKBERRY and BOYSENBERRY, Rep2: FENNEL (Foeniculum vulg., ssp. capillaceum; var.)"
1.0977149568154967,0.9294456338213166,"Rep1: RASPBERRY, BLACKBERRY and BOYSENBERRY, Rep2: LICORICE (Glycyrrhiza species)"
1.1311129286288306,0.9370375044927968,"Rep1: RASPBERRY, BLACKBERRY and BOYSENBERRY, Rep2: MENTHA OILS"
1.0931303969780968,0.967414942748068,"Rep1: RASPBERRY, BLACKBERRY and BOYSENBERRY, Rep2: MUSTARD (Brassica species)"
1.0082185711130482,0.9599420461580808,"Rep1: RASPBERRY, BLACKBERRY and BOYSENBERRY, Rep2: PEPPER (Piper nigrum L.)"
1.1556283302345023,0.9332581600694104,"Rep1: RASPBERRY, BLACKBERRY and BOYSENBERRY, Rep2: SESAME SEED OIL"
1.1222763434313727,0.9719293543193022,"Rep1: RASPBERRY, BLACKBERRY and BOYSENBERRY, Rep2: ALLIUM SPECIES"
1.0862992791823063,0.9867323676656767,"Rep1: RASPBERRY, BLACKBERRY and BOYSENBERRY, Rep2: CAPSICUM SPECIES"
1.12493509590883,0.9216897295675317,"Rep1: RASPBERRY, BLACKBERRY and BOYSENBERRY, Rep2: SOYBEAN (Glycine max. L. merr.)"
1.1034322402116408,0.9421541555926242,"Rep1: RASPBERRY, BLACKBERRY and BOYSENBERRY, Rep2: MUSHROOM"
1.0908982471242124,0.9641070948522038,"Rep1: RASPBERRY, BLACKBERRY and BOYSENBERRY, Rep2: TRUFFLE"
1.0590574226698086,0.9310002207733313,"Rep1: RASPBERRY, BLACKBERRY and BOYSENBERRY, Rep2: APPLE FRESH (Malus species)"
1.1127316641461518,0.9127732496660463,"Rep1: RASPBERRY, BLACKBERRY and BOYSENBERRY, Rep2: CITRUS FRUITS"
1.0780023922829283,0.8990752772716212,"Rep1: RASPBERRY, BLACKBERRY and BOYSENBERRY, Rep2: GUAVA and FEYOA"
1.092273608775165,0.9439515516882679,"Rep1: RASPBERRY, BLACKBERRY and BOYSENBERRY, Rep2: MANGIFERA SPECIES"
1.1272853607571518,0.9421790800678078,"Rep1: RASPBERRY, BLACKBERRY and BOYSENBERRY, Rep2: OLIVE (Olea europaea)"
1.054766169583679,0.9140719544322045,"Rep1: RASPBERRY, BLACKBERRY and BOYSENBERRY, Rep2: PASSION FRUIT (PASSIFLORA SPECIES)"
1.0665002172233617,0.9048606704045474,"Rep1: RASPBERRY, BLACKBERRY and BOYSENBERRY, Rep2: PLUM (Prunus species)"
1.1370555444180563,0.9865119023626617,"Rep1: VACCINIUM SPECIES, Rep2: BEER"
1.0961056878614819,0.9428540732760022,"Rep1: VACCINIUM SPECIES, Rep2: WINE"
1.1329332589272274,0.910908722034078,"Rep1: VACCINIUM SPECIES, Rep2: BAIJIU (CHINESE LIQUOR)"
1.0952690023136382,0.9180042210830086,"Rep1: VACCINIUM SPECIES, Rep2: GRAPE BRANDY"
1.1527718120568546,0.9172595749324723,"Rep1: VACCINIUM SPECIES, Rep2: WHISKY"
1.1444095009923831,0.9309370747707082,"Rep1: VACCINIUM SPECIES, Rep2: CHEESE, VARIOUS TYPES"
1.127914247533024,0.9329076648143242,"Rep1: VACCINIUM SPECIES, Rep2: MILK and MILK PRODUCTS"
1.1139204161071523,0.9262983349380929,"Rep1: VACCINIUM SPECIES, Rep2: COCOA category"
1.095264756435854,0.9170230535604904,"Rep1: VACCINIUM SPECIES, Rep2: TEA"
1.1176597551627967,0.9765763248282229,"Rep1: VACCINIUM SPECIES, Rep2: BROWN ALGAE"
1.0423198509322467,0.9174505792959478,"Rep1: VACCINIUM SPECIES, Rep2: CRAB"
1.1274278625140373,0.9533556447319745,"Rep1: VACCINIUM SPECIES, Rep2: FISH"
1.1053078026964953,0.9819556766658193,"Rep1: VACCINIUM SPECIES, Rep2: GREEN ALGAE"
1.0992666363538135,0.9905909097001431,"Rep1: VACCINIUM SPECIES, Rep2: RED ALGAE"
1.1107148311120234,0.9659471746765511,"Rep1: VACCINIUM SPECIES, Rep2: SHRIMPS (PRAWN)"
1.1321840467037678,0.9340085279957115,"Rep1: VACCINIUM SPECIES, Rep2: BEEF"
1.1307915470011658,0.953442737947143,"Rep1: VACCINIUM SPECIES, Rep2: CHICKEN"
1.1266638359887506,0.9767010668634072,"Rep1: VACCINIUM SPECIES, Rep2: EGG"
1.1402726671925831,0.9528424917504811,"Rep1: VACCINIUM SPECIES, Rep2: LAMB and MUTTON"
1.1212765466767307,0.9327435930618667,"Rep1: VACCINIUM SPECIES, Rep2: PORK"
1.0312075535882903,0.9208125506270072,"Rep1: VACCINIUM SPECIES, Rep2: CINNAMOMUM SPECIES"
1.074244536177827,0.9533389773299389,"Rep1: VACCINIUM SPECIES, Rep2: CURCUMA SPECIES"
1.0842260155554626,0.9407278905103351,"Rep1: VACCINIUM SPECIES, Rep2: DILL (Anethum species)"
1.0741383193340346,0.9465563002666358,"Rep1: VACCINIUM SPECIES, Rep2: FENNEL (Foeniculum vulg., ssp. capillaceum; var.)"
1.0409577459493333,0.9059428844569792,"Rep1: VACCINIUM SPECIES, Rep2: LICORICE (Glycyrrhiza species)"
1.0981353931844149,0.9359624371376621,"Rep1: VACCINIUM SPECIES, Rep2: MENTHA OILS"
1.051337870636552,0.956397973547928,"Rep1: VACCINIUM SPECIES, Rep2: MUSTARD (Brassica species)"
1.0455623345525449,0.9596466585545235,"Rep1: VACCINIUM SPECIES, Rep2: PEPPER (Piper nigrum L.)"
1.1266325285743057,0.9161663122164683,"Rep1: VACCINIUM SPECIES, Rep2: SESAME SEED OIL"
1.0915424212688465,0.9649989791652834,"Rep1: VACCINIUM SPECIES, Rep2: ALLIUM SPECIES"
1.0663217563655445,0.9811394554906602,"Rep1: VACCINIUM SPECIES, Rep2: CAPSICUM SPECIES"
1.1231126762191694,0.904204204658482,"Rep1: VACCINIUM SPECIES, Rep2: SOYBEAN (Glycine max. L. merr.)"
1.0832597201000242,0.9238957670245724,"Rep1: VACCINIUM SPECIES, Rep2: MUSHROOM"
1.0757980913588656,0.9457614640295329,"Rep1: VACCINIUM SPECIES, Rep2: TRUFFLE"
1.0682455311292447,0.9255130296507484,"Rep1: VACCINIUM SPECIES, Rep2: APPLE FRESH (Malus species)"
1.0654523360256098,0.9202067894616327,"Rep1: VACCINIUM SPECIES, Rep2: CITRUS FRUITS"
1.0588545809172463,0.8912466350096635,"Rep1: VACCINIUM SPECIES, Rep2: GUAVA and FEYOA"
1.067858004841421,0.9377432153935368,"Rep1: VACCINIUM SPECIES, Rep2: MANGIFERA SPECIES"
1.1073120337168543,0.9223520803198159,"Rep1: VACCINIUM SPECIES, Rep2: OLIVE (Olea europaea)"
1.0108223488202073,0.9130225368455943,"Rep1: VACCINIUM SPECIES, Rep2: PASSION FRUIT (PASSIFLORA SPECIES)"
1.0180532699276577,0.8846554640119001,"Rep1: VACCINIUM SPECIES, Rep2: PLUM (Prunus species)"
0.9756047037908113,0.8687429141234102,"Rep1: VACCINIUM SPECIES, Rep2: RASPBERRY, BLACKBERRY and BOYSENBERRY"
1.1840856077154325,0.9971452080783081,"Rep1: CHESTNUT (Castanea species), Rep2: BEER"
1.1360894807421797,0.9848363215558054,"Rep1: CHESTNUT (Castanea species), Rep2: WINE"
1.109748454495993,0.9770494715023661,"Rep1: CHESTNUT (Castanea species), Rep2: BAIJIU (CHINESE LIQUOR)"
1.1538978630064267,0.980700863114933,"Rep1: CHESTNUT (Castanea species), Rep2: GRAPE BRANDY"
1.1764836662069114,0.9685042628152113,"Rep1: CHESTNUT (Castanea species), Rep2: WHISKY"
1.1165810391498845,0.9662537267208613,"Rep1: CHESTNUT (Castanea species), Rep2: CHEESE, VARIOUS TYPES"
1.1262924611060021,0.9688155564155218,"Rep1: CHESTNUT (Castanea species), Rep2: MILK and MILK PRODUCTS"
1.0765449103935574,0.9715322168142819,"Rep1: CHESTNUT (Castanea species), Rep2: COCOA category"
1.0894921838945422,0.9740177517638811,"Rep1: CHESTNUT (Castanea species), Rep2: TEA"
1.127423514854876,0.9485180945519577,"Rep1: CHESTNUT (Castanea species), Rep2: BROWN ALGAE"
1.0336091898457247,0.9689989775518957,"Rep1: CHESTNUT (Castanea species), Rep2: CRAB"
1.0795833295415673,0.9832252561031508,"Rep1: CHESTNUT (Castanea species), Rep2: FISH"
1.1420817842259576,0.9568016355201928,"Rep1: CHESTNUT (Castanea species), Rep2: GREEN ALGAE"
1.1334653899694016,0.9638828059014507,"Rep1: CHESTNUT (Castanea species), Rep2: RED ALGAE"
1.0621310025412407,0.9872433163839539,"Rep1: CHESTNUT (Castanea species), Rep2: SHRIMPS (PRAWN)"
1.0972374537943705,0.9785558917341451,"Rep1: CHESTNUT (Castanea species), Rep2: BEEF"
1.01341089215184,0.9119706309497669,"Rep1: CHESTNUT (Castanea species), Rep2: CHICKEN"
1.0216740249191556,0.972459350247902,"Rep1: CHESTNUT (Castanea species), Rep2: EGG"
1.0695527401782852,0.9823340494568219,"Rep1: CHESTNUT (Castanea species), Rep2: LAMB and MUTTON"
1.0744665928395192,0.9570648894255256,"Rep1: CHESTNUT (Castanea species), Rep2: PORK"
0.9937247053506724,0.9764543310089732,"Rep1: CHESTNUT (Castanea species), Rep2: CINNAMOMUM SPECIES"
1.0725808078756767,0.9828640621835374,"Rep1: CHESTNUT (Castanea species), Rep2: CURCUMA SPECIES"
1.093050382668163,0.9669866653873564,"Rep1: CHESTNUT (Castanea species), Rep2: DILL (Anethum species)"
1.0734408194490115,0.9814368190981791,"Rep1: CHESTNUT (Castanea species), Rep2: FENNEL (Foeniculum vulg., ssp. capillaceum; var.)"
1.0798666524619045,0.9730661347286875,"Rep1: CHESTNUT (Castanea species), Rep2: LICORICE (Glycyrrhiza species)"
1.0602897824802218,0.9826069195713786,"Rep1: CHESTNUT (Castanea species), Rep2: MENTHA OILS"
1.0145512730634343,0.987054954516728,"Rep1: CHESTNUT (Castanea species), Rep2: MUSTARD (Brassica species)"
1.0946582669534215,0.9881017600435258,"Rep1: CHESTNUT (Castanea species), Rep2: PEPPER (Piper nigrum L.)"
0.9885394873376161,0.8858830345422978,"Rep1: CHESTNUT (Castanea species), Rep2: SESAME SEED OIL"
1.0767294462810266,0.9894556203877962,"Rep1: CHESTNUT (Castanea species), Rep2: ALLIUM SPECIES"
1.0155838143644822,0.9966974177776731,"Rep1: CHESTNUT (Castanea species), Rep2: CAPSICUM SPECIES"
1.0832798345384393,0.9685902111302063,"Rep1: CHESTNUT (Castanea species), Rep2: SOYBEAN (Glycine max. L. merr.)"
1.0827146826181264,0.9725223346919145,"Rep1: CHESTNUT (Castanea species), Rep2: MUSHROOM"
1.0895606030577654,0.9865473224310545,"Rep1: CHESTNUT (Castanea species), Rep2: TRUFFLE"
1.1299338584558645,0.9831049819805278,"Rep1: CHESTNUT (Castanea species), Rep2: APPLE FRESH (Malus species)"
1.0712497625800232,0.9742993903875803,"Rep1: CHESTNUT (Castanea species), Rep2: CITRUS FRUITS"
1.0887678483402332,0.972837516807569,"Rep1: CHESTNUT (Castanea species), Rep2: GUAVA and FEYOA"
1.0699128883392182,0.9308507936151998,"Rep1: CHESTNUT (Castanea species), Rep2: MANGIFERA SPECIES"
1.0804422025907297,0.9131277499576725,"Rep1: CHESTNUT (Castanea species), Rep2: OLIVE (Olea europaea)"
1.0465431598731658,0.9790711902015231,"Rep1: CHESTNUT (Castanea species), Rep2: PASSION FRUIT (PASSIFLORA SPECIES)"
1.037791564253042,0.9656435393215457,"Rep1: CHESTNUT (Castanea species), Rep2: PLUM (Prunus species)"
1.1237750586101276,0.9614334454685899,"Rep1: CHESTNUT (Castanea species), Rep2: RASPBERRY, BLACKBERRY and BOYSENBERRY"
1.084855384916046,0.954573377989415,"Rep1: CHESTNUT (Castanea species), Rep2: VACCINIUM SPECIES"
1.1936954618742965,0.9908190968127185,"Rep1: WALNUT (Juglans species), Rep2: BEER"
1.1423123597934166,0.9866361096194015,"Rep1: WALNUT (Juglans species), Rep2: WINE"
1.140648111932654,0.9803641688319135,"Rep1: WALNUT (Juglans species), Rep2: BAIJIU (CHINESE LIQUOR)"
1.1455144656135803,0.9765166915887753,"Rep1: WALNUT (Juglans species), Rep2: GRAPE BRANDY"
1.1512240635889763,0.9749497898637655,"Rep1: WALNUT (Juglans species), Rep2: WHISKY"
1.1655887861980463,0.9723742006924394,"Rep1: WALNUT (Juglans species), Rep2: CHEESE, VARIOUS TYPES"
1.135646777116035,0.9706685925177191,"Rep1: WALNUT (Juglans species), Rep2: MILK and MILK PRODUCTS"
1.1049911834459716,0.977038712909785,"Rep1: WALNUT (Juglans species), Rep2: COCOA category"
1.1355403418992664,0.9751920525718638,"Rep1: WALNUT (Juglans species), Rep2: TEA"
1.0812608748076655,0.9901427200634705,"Rep1: WALNUT (Juglans species), Rep2: BROWN ALGAE"
1.0989704957551054,0.9485728635036407,"Rep1: WALNUT (Juglans species), Rep2: CRAB"
1.1294149671685068,0.9803918957461176,"Rep1: WALNUT (Juglans species), Rep2: FISH"
1.0861166235900563,0.9876551077516255,"Rep1: WALNUT (Juglans species), Rep2: GREEN ALGAE"
1.1134496671786334,0.9933234700067626,"Rep1: WALNUT (Juglans species), Rep2: RED ALGAE"
1.1123055472278747,0.9874155806534767,"Rep1: WALNUT (Juglans species), Rep2: SHRIMPS (PRAWN)"
1.137212837119462,0.963085734482198,"Rep1: WALNUT (Juglans species), Rep2: BEEF"
1.1110305146196444,0.9689388217887219,"Rep1: WALNUT (Juglans species), Rep2: CHICKEN"
1.0817295922452899,0.9750412184470107,"Rep1: WALNUT (Juglans species), Rep2: EGG"
1.0981270034865078,0.9798867785960838,"Rep1: WALNUT (Juglans species), Rep2: LAMB and MUTTON"
1.1126705096334513,0.9618227626785872,"Rep1: WALNUT (Juglans species), Rep2: PORK"
1.0296622508052833,0.9814540280472018,"Rep1: WALNUT (Juglans species), Rep2: CINNAMOMUM SPECIES"
1.0834497547695465,0.9770348608354431,"Rep1: WALNUT (Juglans species), Rep2: CURCUMA SPECIES"
1.0793485322539764,0.9730236086245433,"Rep1: WALNUT (Juglans species), Rep2: DILL (Anethum species)"
1.0485540666356887,0.9736251887336648,"Rep1: WALNUT (Juglans species), Rep2: FENNEL (Foeniculum vulg., ssp. capillaceum; var.)"
1.0698042940876387,0.9780965241568522,"Rep1: WALNUT (Juglans species), Rep2: LICORICE (Glycyrrhiza species)"
1.063464068699153,0.9755034489694098,"Rep1: WALNUT (Juglans species), Rep2: MENTHA OILS"
1.02683475430569,0.9888419380304218,"Rep1: WALNUT (Juglans species), Rep2: MUSTARD (Brassica species)"
1.0981552318761802,0.9803587299243667,"Rep1: WALNUT (Juglans species), Rep2: PEPPER (Piper nigrum L.)"
1.0691865131220206,0.95730527533576,"Rep1: WALNUT (Juglans species), Rep2: SESAME SEED OIL"
1.0955131300008771,0.9867179256468492,"Rep1: WALNUT (Juglans species), Rep2: ALLIUM SPECIES"
1.0836181398630576,0.9933062587178176,"Rep1: WALNUT (Juglans species), Rep2: CAPSICUM SPECIES"
1.1095690707942447,0.9548874618082188,"Rep1: WALNUT (Juglans species), Rep2: SOYBEAN (Glycine max. L. merr.)"
1.0998999870858535,0.9768643897215805,"Rep1: WALNUT (Juglans species), Rep2: MUSHROOM"
1.0809921144364603,0.9796606046630875,"Rep1: WALNUT (Juglans species), Rep2: TRUFFLE"
1.156488571280777,0.97445042519501,"Rep1: WALNUT (Juglans species), Rep2: APPLE FRESH (Malus species)"
1.075792241973836,0.9686812581013845,"Rep1: WALNUT (Juglans species), Rep2: CITRUS FRUITS"
1.0830267118668442,0.964408289532658,"Rep1: WALNUT (Juglans species), Rep2: GUAVA and FEYOA"
1.0701424961985988,0.9756309788944645,"Rep1: WALNUT (Juglans species), Rep2: MANGIFERA SPECIES"
1.0884201318028888,0.9652657768304793,"Rep1: WALNUT (Juglans species), Rep2: OLIVE (Olea europaea)"
1.0746585655624834,0.9741809185052398,"Rep1: WALNUT (Juglans species), Rep2: PASSION FRUIT (PASSIFLORA SPECIES)"
0.98345807338633,0.9667793008389631,"Rep1: WALNUT (Juglans species), Rep2: PLUM (Prunus species)"
1.1203782634897068,0.9649141105599545,"Rep1: WALNUT (Juglans species), Rep2: RASPBERRY, BLACKBERRY and BOYSENBERRY"
1.0555896260377167,0.9572206523993646,"Rep1: WALNUT (Juglans species), Rep2: VACCINIUM SPECIES"
0.9512664620231198,0.9763177084833837,"Rep1: WALNUT (Juglans species), Rep2: CHESTNUT (Castanea species)"
1.192693563009086,0.9684431301602789,"Rep1: AMARANTH, Rep2: BEER"
1.1549246137523483,0.9631261688217161,"Rep1: AMARANTH, Rep2: WINE"
1.1734672122749361,0.9558833570117036,"Rep1: AMARANTH, Rep2: BAIJIU (CHINESE LIQUOR)"
1.157338812460713,0.9133896200127005,"Rep1: AMARANTH, Rep2: GRAPE BRANDY"
1.2000045945967686,0.9449835758546147,"Rep1: AMARANTH, Rep2: WHISKY"
1.1865218163952418,0.9023046282244481,"Rep1: AMARANTH, Rep2: CHEESE, VARIOUS TYPES"
1.186376284294538,0.9344277483152951,"Rep1: AMARANTH, Rep2: MILK and MILK PRODUCTS"
1.1936921993104492,0.9623603056394953,"Rep1: AMARANTH, Rep2: COCOA category"
1.1243027473350011,0.9789349670569778,"Rep1: AMARANTH, Rep2: TEA"
1.0658576082946578,0.996375087543944,"Rep1: AMARANTH, Rep2: BROWN ALGAE"
1.1129321260979306,0.9494638216337993,"Rep1: AMARANTH, Rep2: CRAB"
1.1306735564620267,0.9673542183594082,"Rep1: AMARANTH, Rep2: FISH"
1.0653434528145589,0.9973263097946564,"Rep1: AMARANTH, Rep2: GREEN ALGAE"
1.0475555151963827,0.999917328042328,"Rep1: AMARANTH, Rep2: RED ALGAE"
1.0708409435974628,0.9679943823862949,"Rep1: AMARANTH, Rep2: SHRIMPS (PRAWN)"
1.1962188588056033,0.9404560132831308,"Rep1: AMARANTH, Rep2: BEEF"
1.1806384436198656,0.9806563960725115,"Rep1: AMARANTH, Rep2: CHICKEN"
1.1718750263950206,0.9667137643534941,"Rep1: AMARANTH, Rep2: EGG"
1.1455509145472957,0.9794368911952658,"Rep1: AMARANTH, Rep2: LAMB and MUTTON"
1.1894595779949937,0.9487491368662873,"Rep1: AMARANTH, Rep2: PORK"
1.0626058032959644,0.9892942555031596,"Rep1: AMARANTH, Rep2: CINNAMOMUM SPECIES"
1.0642330056490796,0.987087244066614,"Rep1: AMARANTH, Rep2: CURCUMA SPECIES"
0.9697732983932932,0.9866758956853745,"Rep1: AMARANTH, Rep2: DILL (Anethum species)"
1.0937787624109636,0.9871220248056076,"Rep1: AMARANTH, Rep2: FENNEL (Foeniculum vulg., ssp. capillaceum; var.)"
1.1112859059618452,0.9783565822212511,"Rep1: AMARANTH, Rep2: LICORICE (Glycyrrhiza species)"
1.0464201991099469,0.9807103710574925,"Rep1: AMARANTH, Rep2: MENTHA OILS"
1.100550411647758,0.9813633551472029,"Rep1: AMARANTH, Rep2: MUSTARD (Brassica species)"
1.0698670676612947,0.9931660185926734,"Rep1: AMARANTH, Rep2: PEPPER (Piper nigrum L.)"
1.1671259564583385,0.9332250901056504,"Rep1: AMARANTH, Rep2: SESAME SEED OIL"
1.0861213849733276,0.9740192674981712,"Rep1: AMARANTH, Rep2: ALLIUM SPECIES"
1.0641023062752826,0.9870156545731668,"Rep1: AMARANTH, Rep2: CAPSICUM SPECIES"
1.1694376438715712,0.9399314760722031,"Rep1: AMARANTH, Rep2: SOYBEAN (Glycine max. L. merr.)"
1.079253553108221,0.9648797631643335,"Rep1: AMARANTH, Rep2: MUSHROOM"
1.0906803076939868,0.8739689808919253,"Rep1: AMARANTH, Rep2: TRUFFLE"
1.1179626425960891,0.9366829526928571,"Rep1: AMARANTH, Rep2: APPLE FRESH (Malus species)"
1.0892992935497467,0.9741572108622301,"Rep1: AMARANTH, Rep2: CITRUS FRUITS"
1.1102155761503958,0.9337662090655949,"Rep1: AMARANTH, Rep2: GUAVA and FEYOA"
1.0602813149266597,0.9620297551978728,"Rep1: AMARANTH, Rep2: MANGIFERA SPECIES"
1.155525455071918,0.9149285275700297,"Rep1: AMARANTH, Rep2: OLIVE (Olea europaea)"
1.056237086325541,0.9516870896818668,"Rep1: AMARANTH, Rep2: PASSION FRUIT (PASSIFLORA SPECIES)"
1.0845987002679356,0.9606981239660977,"Rep1: AMARANTH, Rep2: PLUM (Prunus species)"
1.0987977255809875,0.9636335059955806,"Rep1: AMARANTH, Rep2: RASPBERRY, BLACKBERRY and BOYSENBERRY"
1.0914589398842605,0.9320256344355394,"Rep1: AMARANTH, Rep2: VACCINIUM SPECIES"
1.1382796801346733,0.9813879441648184,"Rep1: AMARANTH, Rep2: CHESTNUT (Castanea species)"
1.1243677365100744,0.9679476692941409,"Rep1: AMARANTH, Rep2: WALNUT (Juglans species)"
1.1630581484366067,0.9938611998443967,"Rep1: MAIZE (Zea mays L.), Rep2: BEER"
1.1518077075098956,0.968943613714872,"Rep1: MAIZE (Zea mays L.), Rep2: WINE"
1.1794121050300568,0.9208387746329305,"Rep1: MAIZE (Zea mays L.), Rep2: BAIJIU (CHINESE LIQUOR)"
1.167981605074766,0.9570956978273426,"Rep1: MAIZE (Zea mays L.), Rep2: GRAPE BRANDY"
1.1602049440795066,0.934408784234606,"Rep1: MAIZE (Zea mays L.), Rep2: WHISKY"
1.128019354307652,0.9315384769311863,"Rep1: MAIZE (Zea mays L.), Rep2: CHEESE, VARIOUS TYPES"
1.1096425268005716,0.9293769520189495,"Rep1: MAIZE (Zea mays L.), Rep2: MILK and MILK PRODUCTS"
1.1015941736241157,0.9262541492988247,"Rep1: MAIZE (Zea mays L.), Rep2: COCOA category"
1.138305409413623,0.9442746368369188,"Rep1: MAIZE (Zea mays L.), Rep2: TEA"
1.1751675795010594,0.9820928508718929,"Rep1: MAIZE (Zea mays L.), Rep2: BROWN ALGAE"
1.1313216626421987,0.8936370571901907,"Rep1: MAIZE (Zea mays L.), Rep2: CRAB"
1.1302476247813098,0.9511811977497435,"Rep1: MAIZE (Zea mays L.), Rep2: FISH"
1.1607932679245392,0.9863439389913687,"Rep1: MAIZE (Zea mays L.), Rep2: GREEN ALGAE"
1.1755170581539978,0.9954594729435845,"Rep1: MAIZE (Zea mays L.), Rep2: RED ALGAE"
1.1283791346214633,0.9563769316070122,"Rep1: MAIZE (Zea mays L.), Rep2: SHRIMPS (PRAWN)"
1.108991998842843,0.923795067660078,"Rep1: MAIZE (Zea mays L.), Rep2: BEEF"
1.1048556138589392,0.9484677562193087,"Rep1: MAIZE (Zea mays L.), Rep2: CHICKEN"
1.0918638100910634,0.9618577111267568,"Rep1: MAIZE (Zea mays L.), Rep2: EGG"
1.1177093204017516,0.9395018057148089,"Rep1: MAIZE (Zea mays L.), Rep2: LAMB and MUTTON"
1.1011174769240981,0.9250529089508164,"Rep1: MAIZE (Zea mays L.), Rep2: PORK"
1.1569771970299871,0.9772891691668276,"Rep1: MAIZE (Zea mays L.), Rep2: CINNAMOMUM SPECIES"
1.1612503606702718,0.9870500847545174,"Rep1: MAIZE (Zea mays L.), Rep2: CURCUMA SPECIES"
1.1393107716395345,0.9742227930339554,"Rep1: MAIZE (Zea mays L.), Rep2: DILL (Anethum species)"
1.1353172367005375,0.9892631421246463,"Rep1: MAIZE (Zea mays L.), Rep2: FENNEL (Foeniculum vulg., ssp. capillaceum; var.)"
1.1572106301136778,0.9240860945488489,"Rep1: MAIZE (Zea mays L.), Rep2: LICORICE (Glycyrrhiza species)"
1.1401599304748733,0.9767519707669685,"Rep1: MAIZE (Zea mays L.), Rep2: MENTHA OILS"
1.0844981976035224,0.9574269720742173,"Rep1: MAIZE (Zea mays L.), Rep2: MUSTARD (Brassica species)"
1.1597004466282825,0.9816080354314504,"Rep1: MAIZE (Zea mays L.), Rep2: PEPPER (Piper nigrum L.)"
1.113470351538975,0.9097139222218322,"Rep1: MAIZE (Zea mays L.), Rep2: SESAME SEED OIL"
1.1455475996385855,0.9719195543283369,"Rep1: MAIZE (Zea mays L.), Rep2: ALLIUM SPECIES"
1.1375879637487398,0.988815344220943,"Rep1: MAIZE (Zea mays L.), Rep2: CAPSICUM SPECIES"
1.0951712468369148,0.9025686652126288,"Rep1: MAIZE (Zea mays L.), Rep2: SOYBEAN (Glycine max. L. merr.)"
1.1442449886319657,0.9357634751493794,"Rep1: MAIZE (Zea mays L.), Rep2: MUSHROOM"
1.133682343127411,0.9465717865157723,"Rep1: MAIZE (Zea mays L.), Rep2: TRUFFLE"
1.1499769651024558,0.9571322015152351,"Rep1: MAIZE (Zea mays L.), Rep2: APPLE FRESH (Malus species)"
1.1456078381319679,0.969859091703203,"Rep1: MAIZE (Zea mays L.), Rep2: CITRUS FRUITS"
1.1420476686126502,0.9494072294205506,"Rep1: MAIZE (Zea mays L.), Rep2: GUAVA and FEYOA"
1.1437141371917516,0.9662928585501229,"Rep1: MAIZE (Zea mays L.), Rep2: MANGIFERA SPECIES"
1.1037050086745792,0.9478914184446405,"Rep1: MAIZE (Zea mays L.), Rep2: OLIVE (Olea europaea)"
1.143012546262758,0.9577764279764865,"Rep1: MAIZE (Zea mays L.), Rep2: PASSION FRUIT (PASSIFLORA SPECIES)"
1.1605149705491584,0.9308134982237383,"Rep1: MAIZE (Zea mays L.), Rep2: PLUM (Prunus species)"
1.1975042873502475,0.9368442096084904,"Rep1: MAIZE (Zea mays L.), Rep2: RASPBERRY, BLACKBERRY and BOYSENBERRY"
1.1787173487833955,0.9045554740354359,"Rep1: MAIZE (Zea mays L.), Rep2: VACCINIUM SPECIES"
1.133090802457429,0.966247623774205,"Rep1: MAIZE (Zea mays L.), Rep2: CHESTNUT (Castanea species)"
1.1498582118736849,0.9592221404988801,"Rep1: MAIZE (Zea mays L.), Rep2: WALNUT (Juglans species)"
1.1977620181716702,0.9516884937732736,"Rep1: MAIZE (Zea mays L.), Rep2: AMARANTH"
1.1396635503650936,0.9977041385390414,"Rep1: OATS (Avena sativa L.), Rep2: BEER"
1.1604533213486525,0.9859697852227173,"Rep1: OATS (Avena sativa L.), Rep2: WINE"
1.1951500914193847,0.9424383919069638,"Rep1: OATS (Avena sativa L.), Rep2: BAIJIU (CHINESE LIQUOR)"
1.1700885618124226,0.9715262624290594,"Rep1: OATS (Avena sativa L.), Rep2: GRAPE BRANDY"
1.1513044660140952,0.9536745360189985,"Rep1: OATS (Avena sativa L.), Rep2: WHISKY"
1.1199874863703418,0.9561292202225368,"Rep1: OATS (Avena sativa L.), Rep2: CHEESE, VARIOUS TYPES"
1.0714081804306919,0.9423826512655799,"Rep1: OATS (Avena sativa L.), Rep2: MILK and MILK PRODUCTS"
1.080712619696439,0.941636827280222,"Rep1: OATS (Avena sativa L.), Rep2: COCOA category"
1.0979646096529811,0.9677031444518676,"Rep1: OATS (Avena sativa L.), Rep2: TEA"
1.1429627861675802,0.9918554316178684,"Rep1: OATS (Avena sativa L.), Rep2: BROWN ALGAE"
1.1149252588660328,0.9143635928955118,"Rep1: OATS (Avena sativa L.), Rep2: CRAB"
1.0943145740660805,0.9593496006027153,"Rep1: OATS (Avena sativa L.), Rep2: FISH"
1.14310470111446,0.9921410831168466,"Rep1: OATS (Avena sativa L.), Rep2: GREEN ALGAE"
1.1705721561503077,0.9989814661388096,"Rep1: OATS (Avena sativa L.), Rep2: RED ALGAE"
1.1197439603889916,0.9591129272673672,"Rep1: OATS (Avena sativa L.), Rep2: SHRIMPS (PRAWN)"
1.0735480867452762,0.9351292150635039,"Rep1: OATS (Avena sativa L.), Rep2: BEEF"
1.0852646000886983,0.9566913149542777,"Rep1: OATS (Avena sativa L.), Rep2: CHICKEN"
1.043571848962474,0.9700459627775936,"Rep1: OATS (Avena sativa L.), Rep2: EGG"
1.058658657305976,0.9606107230020526,"Rep1: OATS (Avena sativa L.), Rep2: LAMB and MUTTON"
1.0921670753334918,0.937145154717904,"Rep1: OATS (Avena sativa L.), Rep2: PORK"
1.153274130990972,0.9860463293828846,"Rep1: OATS (Avena sativa L.), Rep2: CINNAMOMUM SPECIES"
1.1773069623216523,0.9949152245969027,"Rep1: OATS (Avena sativa L.), Rep2: CURCUMA SPECIES"
1.109536063577441,0.9832627870639256,"Rep1: OATS (Avena sativa L.), Rep2: DILL (Anethum species)"
1.121960423097464,0.9894847930383097,"Rep1: OATS (Avena sativa L.), Rep2: FENNEL (Foeniculum vulg., ssp. capillaceum; var.)"
1.0990747159834422,0.9364216605959994,"Rep1: OATS (Avena sativa L.), Rep2: LICORICE (Glycyrrhiza species)"
1.138561937045514,0.9847281304299209,"Rep1: OATS (Avena sativa L.), Rep2: MENTHA OILS"
1.1184805531798974,0.959186532189116,"Rep1: OATS (Avena sativa L.), Rep2: MUSTARD (Brassica species)"
1.184179053311767,0.993683455562136,"Rep1: OATS (Avena sativa L.), Rep2: PEPPER (Piper nigrum L.)"
1.0930097257977198,0.9331715984202706,"Rep1: OATS (Avena sativa L.), Rep2: SESAME SEED OIL"
1.1057856706304712,0.9803727598365952,"Rep1: OATS (Avena sativa L.), Rep2: ALLIUM SPECIES"
1.17224580485195,0.9956657781347634,"Rep1: OATS (Avena sativa L.), Rep2: CAPSICUM SPECIES"
1.059519679503228,0.9047796200777631,"Rep1: OATS (Avena sativa L.), Rep2: SOYBEAN (Glycine max. L. merr.)"
1.1203363712090795,0.9504303859525711,"Rep1: OATS (Avena sativa L.), Rep2: MUSHROOM"
1.1304172647654567,0.9539054263207185,"Rep1: OATS (Avena sativa L.), Rep2: TRUFFLE"
1.1112216418606158,0.969065284728706,"Rep1: OATS (Avena sativa L.), Rep2: APPLE FRESH (Malus species)"
1.1531582942397929,0.9812738202974833,"Rep1: OATS (Avena sativa L.), Rep2: CITRUS FRUITS"
1.1299433499128184,0.9722169194273551,"Rep1: OATS (Avena sativa L.), Rep2: GUAVA and FEYOA"
1.1356794924205964,0.9837988236818721,"Rep1: OATS (Avena sativa L.), Rep2: MANGIFERA SPECIES"
1.0146527314063918,0.9697493266680932,"Rep1: OATS (Avena sativa L.), Rep2: OLIVE (Olea europaea)"
1.1518861155656408,0.9810490208071537,"Rep1: OATS (Avena sativa L.), Rep2: PASSION FRUIT (PASSIFLORA SPECIES)"
1.1551009386024174,0.9560407197514954,"Rep1: OATS (Avena sativa L.), Rep2: PLUM (Prunus species)"
1.1386703935863103,0.958390449275168,"Rep1: OATS (Avena sativa L.), Rep2: RASPBERRY, BLACKBERRY and BOYSENBERRY"
1.1170057667757733,0.9496013125195127,"Rep1: OATS (Avena sativa L.), Rep2: VACCINIUM SPECIES"
1.077339077909342,0.9769827662954329,"Rep1: OATS (Avena sativa L.), Rep2: CHESTNUT (Castanea species)"
1.108145391848416,0.9756156670973242,"Rep1: OATS (Avena sativa L.), Rep2: WALNUT (Juglans species)"
1.17080075207394,0.9647675440275343,"Rep1: OATS (Avena sativa L.), Rep2: AMARANTH"
1.0576855266281986,0.9296621822918384,"Rep1: OATS (Avena sativa L.), Rep2: MAIZE (Zea mays L.)"
1.1647405333155536,0.9973833980193586,"Rep1: RICE (Oryza sativa L.), Rep2: BEER"
1.1120596555808036,0.9810596717136925,"Rep1: RICE (Oryza sativa L.), Rep2: WINE"
1.11417807279194,0.9479918184799642,"Rep1: RICE (Oryza sativa L.), Rep2: BAIJIU (CHINESE LIQUOR)"
1.1467408316870626,0.963250284006216,"Rep1: RICE (Oryza sativa L.), Rep2: GRAPE BRANDY"
1.1607143465486465,0.9532776239524376,"Rep1: RICE (Oryza sativa L.), Rep2: WHISKY"
1.1356004017090904,0.9528150053002635,"Rep1: RICE (Oryza sativa L.), Rep2: CHEESE, VARIOUS TYPES"
1.1007561871772207,0.9450686281489773,"Rep1: RICE (Oryza sativa L.), Rep2: MILK and MILK PRODUCTS"
1.0854704067405823,0.9536017216584742,"Rep1: RICE (Oryza sativa L.), Rep2: COCOA category"
1.0849778063226423,0.9602070065635652,"Rep1: RICE (Oryza sativa L.), Rep2: TEA"
1.1466032217591209,0.9838250585249632,"Rep1: RICE (Oryza sativa L.), Rep2: BROWN ALGAE"
1.0818776939739345,0.9168489740737126,"Rep1: RICE (Oryza sativa L.), Rep2: CRAB"
1.0639327687575781,0.9633941804336212,"Rep1: RICE (Oryza sativa L.), Rep2: FISH"
1.165325607213114,0.9783287841203792,"Rep1: RICE (Oryza sativa L.), Rep2: GREEN ALGAE"
1.1641646656290356,0.9894861344561467,"Rep1: RICE (Oryza sativa L.), Rep2: RED ALGAE"
1.0721600222390522,0.9712841128422142,"Rep1: RICE (Oryza sativa L.), Rep2: SHRIMPS (PRAWN)"
1.050720192456556,0.9390097984060206,"Rep1: RICE (Oryza sativa L.), Rep2: BEEF"
1.0244155197240703,0.9452308594414529,"Rep1: RICE (Oryza sativa L.), Rep2: CHICKEN"
0.9994406771116496,0.9649797085880132,"Rep1: RICE (Oryza sativa L.), Rep2: EGG"
1.0528198480382505,0.9625370727263143,"Rep1: RICE (Oryza sativa L.), Rep2: LAMB and MUTTON"
1.026566780595312,0.9360505092749296,"Rep1: RICE (Oryza sativa L.), Rep2: PORK"
1.0895215223852144,0.9861869209833295,"Rep1: RICE (Oryza sativa L.), Rep2: CINNAMOMUM SPECIES"
1.1292295228433358,0.9907767746972248,"Rep1: RICE (Oryza sativa L.), Rep2: CURCUMA SPECIES"
1.1088528415882897,0.9770945801990608,"Rep1: RICE (Oryza sativa L.), Rep2: DILL (Anethum species)"
1.1264695274169068,0.9923659706431628,"Rep1: RICE (Oryza sativa L.), Rep2: FENNEL (Foeniculum vulg., ssp. capillaceum; var.)"
1.0505661759252787,0.9468929150004712,"Rep1: RICE (Oryza sativa L.), Rep2: LICORICE (Glycyrrhiza species)"
1.1366572867876175,0.9812459005790092,"Rep1: RICE (Oryza sativa L.), Rep2: MENTHA OILS"
1.0543766045610237,0.9717691224423802,"Rep1: RICE (Oryza sativa L.), Rep2: MUSTARD (Brassica species)"
1.0967109297486701,0.9862020563939072,"Rep1: RICE (Oryza sativa L.), Rep2: PEPPER (Piper nigrum L.)"
1.0288497442336861,0.928656961895443,"Rep1: RICE (Oryza sativa L.), Rep2: SESAME SEED OIL"
1.0860845192081128,0.9763446600065434,"Rep1: RICE (Oryza sativa L.), Rep2: ALLIUM SPECIES"
1.108843254638216,0.9920831556903031,"Rep1: RICE (Oryza sativa L.), Rep2: CAPSICUM SPECIES"
1.0603774110179849,0.9260621259387902,"Rep1: RICE (Oryza sativa L.), Rep2: SOYBEAN (Glycine max. L. merr.)"
1.1164773208819148,0.9477866175565328,"Rep1: RICE (Oryza sativa L.), Rep2: MUSHROOM"
1.1407669241652565,0.9571456865104935,"Rep1: RICE (Oryza sativa L.), Rep2: TRUFFLE"
1.127892146515342,0.9664295102363794,"Rep1: RICE (Oryza sativa L.), Rep2: APPLE FRESH (Malus species)"
1.109703559192155,0.9738047684174083,"Rep1: RICE (Oryza sativa L.), Rep2: CITRUS FRUITS"
1.12747443775735,0.9591914587372959,"Rep1: RICE (Oryza sativa L.), Rep2: GUAVA and FEYOA"
1.0772030841539133,0.9778077457971734,"Rep1: RICE (Oryza sativa L.), Rep2: MANGIFERA SPECIES"
1.0968262538582214,0.9574506768042699,"Rep1: RICE (Oryza sativa L.), Rep2: OLIVE (Olea europaea)"
1.096061626607405,0.9720959544052254,"Rep1: RICE (Oryza sativa L.), Rep2: PASSION FRUIT (PASSIFLORA SPECIES)"
1.1082411878269,0.9495146291002458,"Rep1: RICE (Oryza sativa L.), Rep2: PLUM (Prunus species)"
1.1416359146426471,0.9472753765014493,"Rep1: RICE (Oryza sativa L.), Rep2: RASPBERRY, BLACKBERRY and BOYSENBERRY"
1.1153029788125903,0.9382242174056539,"Rep1: RICE (Oryza sativa L.), Rep2: VACCINIUM SPECIES"
1.0408828398096177,0.9698507078817226,"Rep1: RICE (Oryza sativa L.), Rep2: CHESTNUT (Castanea species)"
1.092526942554591,0.9693370308321121,"Rep1: RICE (Oryza sativa L.), Rep2: WALNUT (Juglans species)"
1.1669021966587845,0.9697195256306085,"Rep1: RICE (Oryza sativa L.), Rep2: AMARANTH"
1.057961976332169,0.9309594408975866,"Rep1: RICE (Oryza sativa L.), Rep2: MAIZE (Zea mays L.)"
1.0390376814301587,0.9413134980334606,"Rep1: RICE (Oryza sativa L.), Rep2: OATS (Avena sativa L.)"
1.151580841100424,0.999718002726928,"Rep1: WHEAT, Rep2: BEER"
1.1270200462622877,0.9953011050870272,"Rep1: WHEAT, Rep2: WINE"
1.1596795648132263,0.9664256230319328,"Rep1: WHEAT, Rep2: BAIJIU (CHINESE LIQUOR)"
1.1597764872494278,0.9904263697125344,"Rep1: WHEAT, Rep2: GRAPE BRANDY"
1.1434554829268972,0.9822490024828603,"Rep1: WHEAT, Rep2: WHISKY"
1.1391218156543452,0.9752877795571212,"Rep1: WHEAT, Rep2: CHEESE, VARIOUS TYPES"
1.1199701621414855,0.9755246011333253,"Rep1: WHEAT, Rep2: MILK and MILK PRODUCTS"
1.1502198430261572,0.9832690205011628,"Rep1: WHEAT, Rep2: COCOA category"
1.1357434799191928,0.9847574973648839,"Rep1: WHEAT, Rep2: TEA"
1.1660497032826578,0.963019375163847,"Rep1: WHEAT, Rep2: BROWN ALGAE"
1.1690295425238104,0.9753114872321211,"Rep1: WHEAT, Rep2: CRAB"
1.1324606614317159,0.9824919040445728,"Rep1: WHEAT, Rep2: FISH"
1.1629097443380987,0.9700802824161671,"Rep1: WHEAT, Rep2: GREEN ALGAE"
1.1602016140156568,0.9763878418634374,"Rep1: WHEAT, Rep2: RED ALGAE"
1.1417836167091682,0.9900049246365558,"Rep1: WHEAT, Rep2: SHRIMPS (PRAWN)"
1.1406193171486236,0.9792719750696727,"Rep1: WHEAT, Rep2: BEEF"
1.140448791437602,0.9357119571371063,"Rep1: WHEAT, Rep2: CHICKEN"
1.1039711328320962,0.9772790718676767,"Rep1: WHEAT, Rep2: EGG"
1.1242519509033853,0.9888697872535744,"Rep1: WHEAT, Rep2: LAMB and MUTTON"
1.140147606606017,0.966357223542541,"Rep1: WHEAT, Rep2: PORK"
1.1431308729035834,0.9977267110979917,"Rep1: WHEAT, Rep2: CINNAMOMUM SPECIES"
1.1574742793537507,0.9974250540311759,"Rep1: WHEAT, Rep2: CURCUMA SPECIES"
1.1326624909110614,0.9876352116133919,"Rep1: WHEAT, Rep2: DILL (Anethum species)"
1.1386625442249847,0.9993073972211676,"Rep1: WHEAT, Rep2: FENNEL (Foeniculum vulg., ssp. capillaceum; var.)"
1.1526809916831338,0.9870677054290898,"Rep1: WHEAT, Rep2: LICORICE (Glycyrrhiza species)"
1.1502354079024433,0.9730166934295816,"Rep1: WHEAT, Rep2: MENTHA OILS"
1.1339362153103012,0.9910135659790497,"Rep1: WHEAT, Rep2: MUSTARD (Brassica species)"
1.1636389459444472,0.9968983381579228,"Rep1: WHEAT, Rep2: PEPPER (Piper nigrum L.)"
1.1263829851176617,0.9229587684174249,"Rep1: WHEAT, Rep2: SESAME SEED OIL"
1.1528075891538536,0.9930126715198994,"Rep1: WHEAT, Rep2: ALLIUM SPECIES"
1.1498281344312973,0.9982505722571174,"Rep1: WHEAT, Rep2: CAPSICUM SPECIES"
1.1198062168356586,0.9779442978787963,"Rep1: WHEAT, Rep2: SOYBEAN (Glycine max. L. merr.)"
1.1470917678659254,0.9843411338458293,"Rep1: WHEAT, Rep2: MUSHROOM"
1.15270945763935,0.9863788098906049,"Rep1: WHEAT, Rep2: TRUFFLE"
1.152304420083552,0.9888157554271165,"Rep1: WHEAT, Rep2: APPLE FRESH (Malus species)"
1.1622144047282421,0.9909288401419489,"Rep1: WHEAT, Rep2: CITRUS FRUITS"
1.1685936924446254,0.9897862635830813,"Rep1: WHEAT, Rep2: GUAVA and FEYOA"
1.1694323920499958,0.9644877825803229,"Rep1: WHEAT, Rep2: MANGIFERA SPECIES"
1.1197940578887005,0.9377829173047608,"Rep1: WHEAT, Rep2: OLIVE (Olea europaea)"
1.1564529043041536,0.9948319039689867,"Rep1: WHEAT, Rep2: PASSION FRUIT (PASSIFLORA SPECIES)"
1.1512353263340473,0.9877264478308582,"Rep1: WHEAT, Rep2: PLUM (Prunus species)"
1.166802448272456,0.9876660657439612,"Rep1: WHEAT, Rep2: RASPBERRY, BLACKBERRY and BOYSENBERRY"
1.16093585806418,0.9837544858320248,"Rep1: WHEAT, Rep2: VACCINIUM SPECIES"
1.1438179651348879,0.8466996235098853,"Rep1: WHEAT, Rep2: CHESTNUT (Castanea species)"
1.1425607267923554,0.9860151318259354,"Rep1: WHEAT, Rep2: WALNUT (Juglans species)"
1.1590858763339618,0.9886367181020511,"Rep1: WHEAT, Rep2: AMARANTH"
1.1220095308555174,0.9813322281445487,"Rep1: WHEAT, Rep2: MAIZE (Zea mays L.)"
1.0904012228753375,0.9817623219937921,"Rep1: WHEAT, Rep2: OATS (Avena sativa L.)"
1.1118174786200177,0.9779223643258975,"Rep1: WHEAT, Rep2: RICE (Oryza sativa L.)"
1.1178242563989556,0.9889025153358004,"Rep1: WHEATEN BREAD, Rep2: BEER"
1.1012898073044812,0.9490260287537796,"Rep1: WHEATEN BREAD, Rep2: WINE"
1.1788509530120983,0.8712075443051578,"Rep1: WHEATEN BREAD, Rep2: BAIJIU (CHINESE LIQUOR)"
1.1504491071413374,0.9099082042416096,"Rep1: WHEATEN BREAD, Rep2: GRAPE BRANDY"
1.1069138601779231,0.8778594056707093,"Rep1: WHEATEN BREAD, Rep2: WHISKY"
1.103707574524939,0.907071693393476,"Rep1: WHEATEN BREAD, Rep2: CHEESE, VARIOUS TYPES"
1.101269785169334,0.9003957452413381,"Rep1: WHEATEN BREAD, Rep2: MILK and MILK PRODUCTS"
1.1095534778334206,0.8794923671530372,"Rep1: WHEATEN BREAD, Rep2: COCOA category"
1.1244388978085647,0.9391389660410224,"Rep1: WHEATEN BREAD, Rep2: TEA"
1.1586100104580441,0.9817797717542442,"Rep1: WHEATEN BREAD, Rep2: BROWN ALGAE"
1.0995780970903155,0.8759400390220602,"Rep1: WHEATEN BREAD, Rep2: CRAB"
1.1127147950967158,0.9401379509396152,"Rep1: WHEATEN BREAD, Rep2: FISH"
1.1656538689147258,0.9906239418381609,"Rep1: WHEATEN BREAD, Rep2: GREEN ALGAE"
1.1782865666949047,0.998309345266037,"Rep1: WHEATEN BREAD, Rep2: RED ALGAE"
1.1184533183192584,0.9316098268204512,"Rep1: WHEATEN BREAD, Rep2: SHRIMPS (PRAWN)"
1.1005030320590832,0.8868734321868232,"Rep1: WHEATEN BREAD, Rep2: BEEF"
1.0560070864390794,0.9389045569460484,"Rep1: WHEATEN BREAD, Rep2: CHICKEN"
1.0656136118356099,0.9568480337171984,"Rep1: WHEATEN BREAD, Rep2: EGG"
1.0866182416590056,0.9328572747358183,"Rep1: WHEATEN BREAD, Rep2: LAMB and MUTTON"
1.1103722391760085,0.8984787235825739,"Rep1: WHEATEN BREAD, Rep2: PORK"
1.1164994452885393,0.9822754131451297,"Rep1: WHEATEN BREAD, Rep2: CINNAMOMUM SPECIES"
1.153425100278088,0.9986056370694487,"Rep1: WHEATEN BREAD, Rep2: CURCUMA SPECIES"
1.1172124538028934,0.9836926865554034,"Rep1: WHEATEN BREAD, Rep2: DILL (Anethum species)"
1.1125092317123038,0.997185878004139,"Rep1: WHEATEN BREAD, Rep2: FENNEL (Foeniculum vulg., ssp. capillaceum; var.)"
1.142288414080957,0.8880308120742503,"Rep1: WHEATEN BREAD, Rep2: LICORICE (Glycyrrhiza species)"
1.142936460050591,0.9799280225958197,"Rep1: WHEATEN BREAD, Rep2: MENTHA OILS"
1.0565180062081703,0.9294613031070202,"Rep1: WHEATEN BREAD, Rep2: MUSTARD (Brassica species)"
1.134249040374333,0.9917075670829852,"Rep1: WHEATEN BREAD, Rep2: PEPPER (Piper nigrum L.)"
1.0553814705347864,0.8991585908661508,"Rep1: WHEATEN BREAD, Rep2: SESAME SEED OIL"
1.1347353114937877,0.9598016232786492,"Rep1: WHEATEN BREAD, Rep2: ALLIUM SPECIES"
1.1395414990867383,0.9892717188856329,"Rep1: WHEATEN BREAD, Rep2: CAPSICUM SPECIES"
1.1169211646281554,0.8632497274351985,"Rep1: WHEATEN BREAD, Rep2: SOYBEAN (Glycine max. L. merr.)"
1.1400067942174585,0.9064701308123233,"Rep1: WHEATEN BREAD, Rep2: MUSHROOM"
1.114859776841922,0.9076180983282633,"Rep1: WHEATEN BREAD, Rep2: TRUFFLE"
1.1359846929689577,0.9336663898257699,"Rep1: WHEATEN BREAD, Rep2: APPLE FRESH (Malus species)"
1.149071876596016,0.972240478911447,"Rep1: WHEATEN BREAD, Rep2: CITRUS FRUITS"
1.155154568854896,0.9382516346115735,"Rep1: WHEATEN BREAD, Rep2: GUAVA and FEYOA"
1.1593733851386998,0.9636441090879551,"Rep1: WHEATEN BREAD, Rep2: MANGIFERA SPECIES"
1.083702767358622,0.9325987052594555,"Rep1: WHEATEN BREAD, Rep2: OLIVE (Olea europaea)"
1.1335063055505483,0.9426150858545929,"Rep1: WHEATEN BREAD, Rep2: PASSION FRUIT (PASSIFLORA SPECIES)"
1.1414862842721096,0.9218128726240499,"Rep1: WHEATEN BREAD, Rep2: PLUM (Prunus species)"
1.155088708509997,0.9196436432437004,"Rep1: WHEATEN BREAD, Rep2: RASPBERRY, BLACKBERRY and BOYSENBERRY"
1.1308630966626418,0.896442773895588,"Rep1: WHEATEN BREAD, Rep2: VACCINIUM SPECIES"
1.072372824540582,0.9639002343843586,"Rep1: WHEATEN BREAD, Rep2: CHESTNUT (Castanea species)"
1.0759174647325598,0.9622331021843143,"Rep1: WHEATEN BREAD, Rep2: WALNUT (Juglans species)"
1.1744007261428078,0.9139137085100129,"Rep1: WHEATEN BREAD, Rep2: AMARANTH"
1.051969458900359,0.8836492342385345,"Rep1: WHEATEN BREAD, Rep2: MAIZE (Zea mays L.)"
1.011604184041058,0.900998238697191,"Rep1: WHEATEN BREAD, Rep2: OATS (Avena sativa L.)"
1.0494759690966657,0.9201492251438778,"Rep1: WHEATEN BREAD, Rep2: RICE (Oryza sativa L.)"
1.0260404454285026,0.9745530456143366,"Rep1: WHEATEN BREAD, Rep2: WHEAT"
1.1834335973606345,1.0,"Rep1: CEDARWOOD OIL, Rep2: BEER"
1.1334632168550356,1.0,"Rep1: CEDARWOOD OIL, Rep2: WINE"
1.1297345565057206,0.9766861575597171,"Rep1: CEDARWOOD OIL, Rep2: BAIJIU (CHINESE LIQUOR)"
1.1175893656698446,1.0,"Rep1: CEDARWOOD OIL, Rep2: GRAPE BRANDY"
1.1307764560454523,1.0,"Rep1: CEDARWOOD OIL, Rep2: WHISKY"
1.1558420686639133,1.0,"Rep1: CEDARWOOD OIL, Rep2: CHEESE, VARIOUS TYPES"
1.1320212181082117,1.0,"Rep1: CEDARWOOD OIL, Rep2: MILK and MILK PRODUCTS"
1.1030012663488447,0.9996832543410884,"Rep1: CEDARWOOD OIL, Rep2: COCOA category"
1.100006890744532,0.9956523583528308,"Rep1: CEDARWOOD OIL, Rep2: TEA"
1.0839627568285755,1.0,"Rep1: CEDARWOOD OIL, Rep2: BROWN ALGAE"
1.0544891390578666,1.0,"Rep1: CEDARWOOD OIL, Rep2: CRAB"
1.1372818868536987,0.9970192837465561,"Rep1: CEDARWOOD OIL, Rep2: FISH"
1.0745443735482718,1.0,"Rep1: CEDARWOOD OIL, Rep2: GREEN ALGAE"
1.0821508077178825,1.0,"Rep1: CEDARWOOD OIL, Rep2: RED ALGAE"
1.1472761721794231,1.0,"Rep1: CEDARWOOD OIL, Rep2: SHRIMPS (PRAWN)"
1.1365044840984477,1.0,"Rep1: CEDARWOOD OIL, Rep2: BEEF"
1.1341852030205197,1.0,"Rep1: CEDARWOOD OIL, Rep2: CHICKEN"
1.1296037240782888,1.0,"Rep1: CEDARWOOD OIL, Rep2: EGG"
1.1668707722632023,1.0,"Rep1: CEDARWOOD OIL, Rep2: LAMB and MUTTON"
1.1268756214683566,1.0,"Rep1: CEDARWOOD OIL, Rep2: PORK"
0.9822907210723746,0.9963809680368865,"Rep1: CEDARWOOD OIL, Rep2: CINNAMOMUM SPECIES"
1.0143210698612672,1.0,"Rep1: CEDARWOOD OIL, Rep2: CURCUMA SPECIES"
1.070717034611757,1.0,"Rep1: CEDARWOOD OIL, Rep2: DILL (Anethum species)"
1.0022479306998646,1.0,"Rep1: CEDARWOOD OIL, Rep2: FENNEL (Foeniculum vulg., ssp. capillaceum; var.)"
1.0872535295068522,1.0,"Rep1: CEDARWOOD OIL, Rep2: LICORICE (Glycyrrhiza species)"
0.9540797132501573,0.9817798143769495,"Rep1: CEDARWOOD OIL, Rep2: MENTHA OILS"
1.0355241751645563,0.9972307988034168,"Rep1: CEDARWOOD OIL, Rep2: MUSTARD (Brassica species)"
1.0605123736925735,0.9985096478582693,"Rep1: CEDARWOOD OIL, Rep2: PEPPER (Piper nigrum L.)"
0.9755673433297235,1.0,"Rep1: CEDARWOOD OIL, Rep2: SESAME SEED OIL"
1.0973103813881808,1.0,"Rep1: CEDARWOOD OIL, Rep2: ALLIUM SPECIES"
1.0448026985475194,1.0,"Rep1: CEDARWOOD OIL, Rep2: CAPSICUM SPECIES"
1.0992729123099767,0.9994406964271665,"Rep1: CEDARWOOD OIL, Rep2: SOYBEAN (Glycine max. L. merr.)"
1.0891086374535914,1.0,"Rep1: CEDARWOOD OIL, Rep2: MUSHROOM"
1.1328796791988476,1.0,"Rep1: CEDARWOOD OIL, Rep2: TRUFFLE"
1.1595959171207306,1.0,"Rep1: CEDARWOOD OIL, Rep2: APPLE FRESH (Malus species)"
0.9912276789896333,0.9981084730856459,"Rep1: CEDARWOOD OIL, Rep2: CITRUS FRUITS"
1.0792178817494043,0.9995983156882712,"Rep1: CEDARWOOD OIL, Rep2: GUAVA and FEYOA"
1.1170626861115185,0.9999075986075614,"Rep1: CEDARWOOD OIL, Rep2: MANGIFERA SPECIES"
1.0190984658922753,0.9996702965083636,"Rep1: CEDARWOOD OIL, Rep2: OLIVE (Olea europaea)"
1.0682733102938258,1.0,"Rep1: CEDARWOOD OIL, Rep2: PASSION FRUIT (PASSIFLORA SPECIES)"
1.0722005180741871,1.0,"Rep1: CEDARWOOD OIL, Rep2: PLUM (Prunus species)"
1.1089929498314444,1.0,"Rep1: CEDARWOOD OIL, Rep2: RASPBERRY, BLACKBERRY and BOYSENBERRY"
1.0753481420861282,0.9983045825080098,"Rep1: CEDARWOOD OIL, Rep2: VACCINIUM SPECIES"
1.0028340563848768,1.0,"Rep1: CEDARWOOD OIL, Rep2: CHESTNUT (Castanea species)"
0.9443059555107598,1.0,"Rep1: CEDARWOOD OIL, Rep2: WALNUT (Juglans species)"
1.1373203734364037,1.0,"Rep1: CEDARWOOD OIL, Rep2: AMARANTH"
1.1479772986186625,1.0,"Rep1: CEDARWOOD OIL, Rep2: MAIZE (Zea mays L.)"
1.1373326443390819,0.9990002245816197,"Rep1: CEDARWOOD OIL, Rep2: OATS (Avena sativa L.)"
1.1319858890287597,1.0,"Rep1: CEDARWOOD OIL, Rep2: RICE (Oryza sativa L.)"
1.1572598744257345,0.9886363636363636,"Rep1: CEDARWOOD OIL, Rep2: WHEAT"
1.1415431462308119,1.0,"Rep1: CEDARWOOD OIL, Rep2: WHEATEN BREAD"
1.1928280854216953,0.9594645657803552,"Rep1: CONOCARPUS SPP. TREE, Rep2: BEER"
1.1525554463094736,0.9869814258990165,"Rep1: CONOCARPUS SPP. TREE, Rep2: WINE"
1.1178818818775094,0.9955845319003215,"Rep1: CONOCARPUS SPP. TREE, Rep2: BAIJIU (CHINESE LIQUOR)"
1.1559282513055757,0.9749954197448107,"Rep1: CONOCARPUS SPP. TREE, Rep2: GRAPE BRANDY"
1.1860275326702758,0.9821599624259371,"Rep1: CONOCARPUS SPP. TREE, Rep2: WHISKY"
1.1587931012472987,0.9973337616588315,"Rep1: CONOCARPUS SPP. TREE, Rep2: CHEESE, VARIOUS TYPES"
1.1236491125177543,0.9965103361418143,"Rep1: CONOCARPUS SPP. TREE, Rep2: MILK and MILK PRODUCTS"
1.0957460434394493,0.9839460945540326,"Rep1: CONOCARPUS SPP. TREE, Rep2: COCOA category"
1.0621771892109069,0.9981444477826168,"Rep1: CONOCARPUS SPP. TREE, Rep2: TEA"
1.1088315929686519,1.0,"Rep1: CONOCARPUS SPP. TREE, Rep2: BROWN ALGAE"
1.0263652499720635,1.0,"Rep1: CONOCARPUS SPP. TREE, Rep2: CRAB"
1.1336115178651538,0.9980537773036379,"Rep1: CONOCARPUS SPP. TREE, Rep2: FISH"
1.084675665313996,1.0,"Rep1: CONOCARPUS SPP. TREE, Rep2: GREEN ALGAE"
1.0981347650892583,1.0,"Rep1: CONOCARPUS SPP. TREE, Rep2: RED ALGAE"
1.1435120106260435,0.9989420507433731,"Rep1: CONOCARPUS SPP. TREE, Rep2: SHRIMPS (PRAWN)"
1.1271821290627346,0.9997589194374646,"Rep1: CONOCARPUS SPP. TREE, Rep2: BEEF"
1.1309626880217507,1.0,"Rep1: CONOCARPUS SPP. TREE, Rep2: CHICKEN"
1.0724744320377875,1.0,"Rep1: CONOCARPUS SPP. TREE, Rep2: EGG"
1.1543188306100765,0.9974236470264047,"Rep1: CONOCARPUS SPP. TREE, Rep2: LAMB and MUTTON"
1.1426284233819912,0.9969912654018028,"Rep1: CONOCARPUS SPP. TREE, Rep2: PORK"
0.9897115356506911,0.9944964348157206,"Rep1: CONOCARPUS SPP. TREE, Rep2: CINNAMOMUM SPECIES"
1.0062487632161479,0.9974551201113699,"Rep1: CONOCARPUS SPP. TREE, Rep2: CURCUMA SPECIES"
1.0657016426716266,0.9970925435415839,"Rep1: CONOCARPUS SPP. TREE, Rep2: DILL (Anethum species)"
1.0497750534754249,0.9661789704795444,"Rep1: CONOCARPUS SPP. TREE, Rep2: FENNEL (Foeniculum vulg., ssp. capillaceum; var.)"
0.9929602624128007,0.992902532392721,"Rep1: CONOCARPUS SPP. TREE, Rep2: LICORICE (Glycyrrhiza species)"
1.0308595192896026,0.9993484602178722,"Rep1: CONOCARPUS SPP. TREE, Rep2: MENTHA OILS"
1.0873891142399887,0.9955326139437201,"Rep1: CONOCARPUS SPP. TREE, Rep2: MUSTARD (Brassica species)"
1.0619604196122558,0.9992560689507205,"Rep1: CONOCARPUS SPP. TREE, Rep2: PEPPER (Piper nigrum L.)"
1.079815142833945,1.0,"Rep1: CONOCARPUS SPP. TREE, Rep2: SESAME SEED OIL"
1.0784616639469689,0.9989662613620945,"Rep1: CONOCARPUS SPP. TREE, Rep2: ALLIUM SPECIES"
0.9920938114995422,1.0,"Rep1: CONOCARPUS SPP. TREE, Rep2: CAPSICUM SPECIES"
1.1266124433804405,0.9817523931124467,"Rep1: CONOCARPUS SPP. TREE, Rep2: SOYBEAN (Glycine max. L. merr.)"
1.081539650107936,0.9962850980945522,"Rep1: CONOCARPUS SPP. TREE, Rep2: MUSHROOM"
1.1186238964779767,0.9987459406594078,"Rep1: CONOCARPUS SPP. TREE, Rep2: TRUFFLE"
1.1152184400486025,0.998697083080007,"Rep1: CONOCARPUS SPP. TREE, Rep2: APPLE FRESH (Malus species)"
1.0011022603814501,0.9987545130903909,"Rep1: CONOCARPUS SPP. TREE, Rep2: CITRUS FRUITS"
1.0610216455739006,0.9969237028337657,"Rep1: CONOCARPUS SPP. TREE, Rep2: GUAVA and FEYOA"
1.072779692756026,0.9997996491222025,"Rep1: CONOCARPUS SPP. TREE, Rep2: MANGIFERA SPECIES"
1.0996906644520095,0.9947923531533841,"Rep1: CONOCARPUS SPP. TREE, Rep2: OLIVE (Olea europaea)"
1.0246455411975612,0.9939046175745956,"Rep1: CONOCARPUS SPP. TREE, Rep2: PASSION FRUIT (PASSIFLORA SPECIES)"
1.0948374485412866,0.9930488188083372,"Rep1: CONOCARPUS SPP. TREE, Rep2: PLUM (Prunus species)"
1.111046576515534,0.9961585642021957,"Rep1: CONOCARPUS SPP. TREE, Rep2: RASPBERRY, BLACKBERRY and BOYSENBERRY"
1.039988435341716,0.988902467163443,"Rep1: CONOCARPUS SPP. TREE, Rep2: VACCINIUM SPECIES"
1.0226603191495032,1.0,"Rep1: CONOCARPUS SPP. TREE, Rep2: CHESTNUT (Castanea species)"
1.0711811690496176,0.9703907098192813,"Rep1: CONOCARPUS SPP. TREE, Rep2: WALNUT (Juglans species)"
1.103887218104881,1.0,"Rep1: CONOCARPUS SPP. TREE, Rep2: AMARANTH"
1.1675519533908214,0.9938073166327598,"Rep1: CONOCARPUS SPP. TREE, Rep2: MAIZE (Zea mays L.)"
1.1568353631367816,0.988738717249578,"Rep1: CONOCARPUS SPP. TREE, Rep2: OATS (Avena sativa L.)"
1.1224858242092515,0.997085046422172,"Rep1: CONOCARPUS SPP. TREE, Rep2: RICE (Oryza sativa L.)"
1.1650555255312776,1.0,"Rep1: CONOCARPUS SPP. TREE, Rep2: WHEAT"
1.168712690028164,0.9958035408059018,"Rep1: CONOCARPUS SPP. TREE, Rep2: WHEATEN BREAD"
0.9741533960753767,1.0,"Rep1: CONOCARPUS SPP. TREE, Rep2: CEDARWOOD OIL"
1.158183115421544,0.9921970849023578,"Rep1: FERMENTED SOYA PRODUCTS, Rep2: BEER"
1.1333682320066976,0.962836623311264,"Rep1: FERMENTED SOYA PRODUCTS, Rep2: WINE"
1.0760514840993949,0.903366346277083,"Rep1: FERMENTED SOYA PRODUCTS, Rep2: BAIJIU (CHINESE LIQUOR)"
1.11745107266875,0.9369011102076975,"Rep1: FERMENTED SOYA PRODUCTS, Rep2: GRAPE BRANDY"
1.1232025231726193,0.9169636719418157,"Rep1: FERMENTED SOYA PRODUCTS, Rep2: WHISKY"
1.1137580864060201,0.9460565367455138,"Rep1: FERMENTED SOYA PRODUCTS, Rep2: CHEESE, VARIOUS TYPES"
1.0976648178664166,0.9485385491596269,"Rep1: FERMENTED SOYA PRODUCTS, Rep2: MILK and MILK PRODUCTS"
1.0896658144409788,0.9160232736035641,"Rep1: FERMENTED SOYA PRODUCTS, Rep2: COCOA category"
1.1051630754051716,0.9660369677532342,"Rep1: FERMENTED SOYA PRODUCTS, Rep2: TEA"
1.1519144186423296,0.9914317357248087,"Rep1: FERMENTED SOYA PRODUCTS, Rep2: BROWN ALGAE"
1.1289355070816725,0.9340393388702181,"Rep1: FERMENTED SOYA PRODUCTS, Rep2: CRAB"
1.1082653134982037,0.9671915810776451,"Rep1: FERMENTED SOYA PRODUCTS, Rep2: FISH"
1.1584018390246908,0.9933552056812147,"Rep1: FERMENTED SOYA PRODUCTS, Rep2: GREEN ALGAE"
1.166024989169718,0.9978626322286639,"Rep1: FERMENTED SOYA PRODUCTS, Rep2: RED ALGAE"
1.1239692226255804,0.9589402888671881,"Rep1: FERMENTED SOYA PRODUCTS, Rep2: SHRIMPS (PRAWN)"
1.0871246791783638,0.9406367510325622,"Rep1: FERMENTED SOYA PRODUCTS, Rep2: BEEF"
1.1111510855912619,0.9719934285075462,"Rep1: FERMENTED SOYA PRODUCTS, Rep2: CHICKEN"
1.0767120397008227,0.9743246483005354,"Rep1: FERMENTED SOYA PRODUCTS, Rep2: EGG"
1.1274270429210564,0.9667816355242821,"Rep1: FERMENTED SOYA PRODUCTS, Rep2: LAMB and MUTTON"
1.1042332473602021,0.9436029523407102,"Rep1: FERMENTED SOYA PRODUCTS, Rep2: PORK"
1.1521803031681064,0.9872449265078994,"Rep1: FERMENTED SOYA PRODUCTS, Rep2: CINNAMOMUM SPECIES"
1.1558521939895956,0.9963590427388644,"Rep1: FERMENTED SOYA PRODUCTS, Rep2: CURCUMA SPECIES"
1.1098217371863295,0.9891043456917787,"Rep1: FERMENTED SOYA PRODUCTS, Rep2: DILL (Anethum species)"
1.1305503665992414,0.9946818238272839,"Rep1: FERMENTED SOYA PRODUCTS, Rep2: FENNEL (Foeniculum vulg., ssp. capillaceum; var.)"
1.1162543409841301,0.93404345685326,"Rep1: FERMENTED SOYA PRODUCTS, Rep2: LICORICE (Glycyrrhiza species)"
1.1395431116336843,0.9845728446024713,"Rep1: FERMENTED SOYA PRODUCTS, Rep2: MENTHA OILS"
1.0658850232333672,0.9583438612471179,"Rep1: FERMENTED SOYA PRODUCTS, Rep2: MUSTARD (Brassica species)"
1.1276566821312515,0.9924958757495121,"Rep1: FERMENTED SOYA PRODUCTS, Rep2: PEPPER (Piper nigrum L.)"
1.0272431460737723,0.95250470041863,"Rep1: FERMENTED SOYA PRODUCTS, Rep2: SESAME SEED OIL"
1.1173484625077785,0.9773096054136527,"Rep1: FERMENTED SOYA PRODUCTS, Rep2: ALLIUM SPECIES"
1.1240184329374538,0.9925976611116963,"Rep1: FERMENTED SOYA PRODUCTS, Rep2: CAPSICUM SPECIES"
0.9507154943197097,0.9239163884779361,"Rep1: FERMENTED SOYA PRODUCTS, Rep2: SOYBEAN (Glycine max. L. merr.)"
1.1133885689062544,0.9484573441159062,"Rep1: FERMENTED SOYA PRODUCTS, Rep2: MUSHROOM"
1.1494161840969535,0.9319816660694239,"Rep1: FERMENTED SOYA PRODUCTS, Rep2: TRUFFLE"
1.1403943459952766,0.960262240730001,"Rep1: FERMENTED SOYA PRODUCTS, Rep2: APPLE FRESH (Malus species)"
1.1200730309230482,0.9850988428089851,"Rep1: FERMENTED SOYA PRODUCTS, Rep2: CITRUS FRUITS"
1.1241184206703911,0.9609638536651481,"Rep1: FERMENTED SOYA PRODUCTS, Rep2: GUAVA and FEYOA"
1.1106835368868262,0.9764169885648973,"Rep1: FERMENTED SOYA PRODUCTS, Rep2: MANGIFERA SPECIES"
1.0911044801921932,0.9630183756838855,"Rep1: FERMENTED SOYA PRODUCTS, Rep2: OLIVE (Olea europaea)"
1.1335113871903773,0.9630673265012641,"Rep1: FERMENTED SOYA PRODUCTS, Rep2: PASSION FRUIT (PASSIFLORA SPECIES)"
1.1091556971800147,0.9588468593672734,"Rep1: FERMENTED SOYA PRODUCTS, Rep2: PLUM (Prunus species)"
1.1735107482436142,0.9635107058526692,"Rep1: FERMENTED SOYA PRODUCTS, Rep2: RASPBERRY, BLACKBERRY and BOYSENBERRY"
1.145021912109441,0.9427555821545202,"Rep1: FERMENTED SOYA PRODUCTS, Rep2: VACCINIUM SPECIES"
1.1203315073698723,0.9823976031132859,"Rep1: FERMENTED SOYA PRODUCTS, Rep2: CHESTNUT (Castanea species)"
1.1659655743407404,0.9830628765729541,"Rep1: FERMENTED SOYA PRODUCTS, Rep2: WALNUT (Juglans species)"
1.1996216157396609,0.9257485041350986,"Rep1: FERMENTED SOYA PRODUCTS, Rep2: AMARANTH"
1.1151698437395923,0.9424866500133179,"Rep1: FERMENTED SOYA PRODUCTS, Rep2: MAIZE (Zea mays L.)"
1.128962110003156,0.9504336472322489,"Rep1: FERMENTED SOYA PRODUCTS, Rep2: OATS (Avena sativa L.)"
1.0763711005943035,0.9617228226677563,"Rep1: FERMENTED SOYA PRODUCTS, Rep2: RICE (Oryza sativa L.)"
1.1533243953126684,0.9871685965564329,"Rep1: FERMENTED SOYA PRODUCTS, Rep2: WHEAT"
1.1470114435332592,0.8974334228053529,"Rep1: FERMENTED SOYA PRODUCTS, Rep2: WHEATEN BREAD"
1.1337862401109216,1.0,"Rep1: FERMENTED SOYA PRODUCTS, Rep2: CEDARWOOD OIL"
1.1478819205438693,0.9980661423865657,"Rep1: FERMENTED SOYA PRODUCTS, Rep2: CONOCARPUS SPP. TREE"
1.1823229608771872,0.9943113847259747,"Rep1: HEARTWOOD, Rep2: BEER"
1.1523494753451307,0.9674492022991263,"Rep1: HEARTWOOD, Rep2: WINE"
1.1646573547334502,0.943980793002658,"Rep1: HEARTWOOD, Rep2: BAIJIU (CHINESE LIQUOR)"
1.1542851792483455,0.9472473647805737,"Rep1: HEARTWOOD, Rep2: GRAPE BRANDY"
1.1706347760105604,0.9136220917782142,"Rep1: HEARTWOOD, Rep2: WHISKY"
1.1807838393168635,0.9447781192412268,"Rep1: HEARTWOOD, Rep2: CHEESE, VARIOUS TYPES"
1.1815718642562876,0.9636902275800631,"Rep1: HEARTWOOD, Rep2: MILK and MILK PRODUCTS"
1.1534224532319937,0.963282604568348,"Rep1: HEARTWOOD, Rep2: COCOA category"
1.1193263441317125,0.9734570283951144,"Rep1: HEARTWOOD, Rep2: TEA"
1.0906071808676898,0.9846085280162488,"Rep1: HEARTWOOD, Rep2: BROWN ALGAE"
1.1243392708334954,0.9675423837955464,"Rep1: HEARTWOOD, Rep2: CRAB"
1.1667201454437417,0.9673487623171664,"Rep1: HEARTWOOD, Rep2: FISH"
1.0925434642803948,0.9791509910693419,"Rep1: HEARTWOOD, Rep2: GREEN ALGAE"
1.1051156673743165,0.9788669501226843,"Rep1: HEARTWOOD, Rep2: RED ALGAE"
1.1466934585330815,0.9864048518798847,"Rep1: HEARTWOOD, Rep2: SHRIMPS (PRAWN)"
1.199773900251305,0.9688400492122565,"Rep1: HEARTWOOD, Rep2: BEEF"
1.1735902891021963,0.9756861375981686,"Rep1: HEARTWOOD, Rep2: CHICKEN"
1.1914039972162749,0.9900091486714794,"Rep1: HEARTWOOD, Rep2: EGG"
1.186385535373054,0.9575048650862132,"Rep1: HEARTWOOD, Rep2: LAMB and MUTTON"
1.1587505811095533,0.9524577983576217,"Rep1: HEARTWOOD, Rep2: PORK"
1.0355072600810298,0.9761706196852145,"Rep1: HEARTWOOD, Rep2: CINNAMOMUM SPECIES"
1.0907119704815493,0.998735069869312,"Rep1: HEARTWOOD, Rep2: CURCUMA SPECIES"
1.1259179379070983,0.9813918390920647,"Rep1: HEARTWOOD, Rep2: DILL (Anethum species)"
1.0855632787922898,0.9905095404681341,"Rep1: HEARTWOOD, Rep2: FENNEL (Foeniculum vulg., ssp. capillaceum; var.)"
1.133203893728549,0.9324732074302353,"Rep1: HEARTWOOD, Rep2: LICORICE (Glycyrrhiza species)"
1.0805438875372517,0.9912631826897368,"Rep1: HEARTWOOD, Rep2: MENTHA OILS"
1.0970906307866057,0.9735169064689471,"Rep1: HEARTWOOD, Rep2: MUSTARD (Brassica species)"
1.0949650738967196,0.9969717693437659,"Rep1: HEARTWOOD, Rep2: PEPPER (Piper nigrum L.)"
1.1078350513330233,0.9463338992609834,"Rep1: HEARTWOOD, Rep2: SESAME SEED OIL"
1.1109449407356924,0.9839777021871099,"Rep1: HEARTWOOD, Rep2: ALLIUM SPECIES"
1.0898318357736536,0.9964540560636239,"Rep1: HEARTWOOD, Rep2: CAPSICUM SPECIES"
1.150994279941754,0.9525253524723469,"Rep1: HEARTWOOD, Rep2: SOYBEAN (Glycine max. L. merr.)"
1.0877033872554127,0.9613382848147116,"Rep1: HEARTWOOD, Rep2: MUSHROOM"
1.1089341468535525,0.9729305729134056,"Rep1: HEARTWOOD, Rep2: TRUFFLE"
1.162927229317213,0.9722176891919124,"Rep1: HEARTWOOD, Rep2: APPLE FRESH (Malus species)"
1.0956604325551915,0.9843590615344769,"Rep1: HEARTWOOD, Rep2: CITRUS FRUITS"
1.068535597768977,0.9766168929026392,"Rep1: HEARTWOOD, Rep2: GUAVA and FEYOA"
1.114901945401538,0.9807737105808704,"Rep1: HEARTWOOD, Rep2: MANGIFERA SPECIES"
1.0978204964325298,0.9725367729119918,"Rep1: HEARTWOOD, Rep2: OLIVE (Olea europaea)"
1.0683606680932183,0.9798132091182518,"Rep1: HEARTWOOD, Rep2: PASSION FRUIT (PASSIFLORA SPECIES)"
1.0458482961534132,0.9553802596216849,"Rep1: HEARTWOOD, Rep2: PLUM (Prunus species)"
1.0963690965669093,0.9635417719654843,"Rep1: HEARTWOOD, Rep2: RASPBERRY, BLACKBERRY and BOYSENBERRY"
1.0967755843849596,0.9444704874122153,"Rep1: HEARTWOOD, Rep2: VACCINIUM SPECIES"
1.0277644954327636,0.9621729844372893,"Rep1: HEARTWOOD, Rep2: CHESTNUT (Castanea species)"
1.0210645931554734,0.9842337635845988,"Rep1: HEARTWOOD, Rep2: WALNUT (Juglans species)"
1.1026900968897149,0.9897407540095122,"Rep1: HEARTWOOD, Rep2: AMARANTH"
1.1711187639435507,0.944111600518897,"Rep1: HEARTWOOD, Rep2: MAIZE (Zea mays L.)"
1.1266393343161205,0.9501255836544832,"Rep1: HEARTWOOD, Rep2: OATS (Avena sativa L.)"
1.159646634248577,0.9734710893600892,"Rep1: HEARTWOOD, Rep2: RICE (Oryza sativa L.)"
1.1642345561144707,0.9857087944227951,"Rep1: HEARTWOOD, Rep2: WHEAT"
1.1496962891852125,0.936426397449966,"Rep1: HEARTWOOD, Rep2: WHEATEN BREAD"
0.9866766626239568,1.0,"Rep1: HEARTWOOD, Rep2: CEDARWOOD OIL"
1.1183383164354246,0.9844307727482731,"Rep1: HEARTWOOD, Rep2: CONOCARPUS SPP. TREE"
1.1680664203606388,0.967706697425841,"Rep1: HEARTWOOD, Rep2: FERMENTED SOYA PRODUCTS"
1.144700337336547,0.9880797754051934,"Rep1: HONEY, Rep2: BEER"
1.1295796064852508,0.9686216550237632,"Rep1: HONEY, Rep2: WINE"
1.1574214167754162,0.9424979922832659,"Rep1: HONEY, Rep2: BAIJIU (CHINESE LIQUOR)"
1.1281944007073879,0.9517928143320863,"Rep1: HONEY, Rep2: GRAPE BRANDY"
1.1330134205661297,0.9378458547794124,"Rep1: HONEY, Rep2: WHISKY"
1.1484211834428935,0.9502237896671568,"Rep1: HONEY, Rep2: CHEESE, VARIOUS TYPES"
1.109143101799164,0.9531440040665934,"Rep1: HONEY, Rep2: MILK and MILK PRODUCTS"
1.078110667404758,0.9401503685665008,"Rep1: HONEY, Rep2: COCOA category"
1.0935440184129432,0.9550539356912162,"Rep1: HONEY, Rep2: TEA"
1.1081821594721994,0.9845804933624677,"Rep1: HONEY, Rep2: BROWN ALGAE"
1.1002466036486294,0.9445217751310435,"Rep1: HONEY, Rep2: CRAB"
1.1329319575469414,0.9715360720689993,"Rep1: HONEY, Rep2: FISH"
1.1107614199202072,0.9712050388308187,"Rep1: HONEY, Rep2: GREEN ALGAE"
1.1050909307763412,0.9844724413141905,"Rep1: HONEY, Rep2: RED ALGAE"
1.1212888005811028,0.9744980228307575,"Rep1: HONEY, Rep2: SHRIMPS (PRAWN)"
1.1321338123508604,0.9540006199475818,"Rep1: HONEY, Rep2: BEEF"
1.1348137287122253,0.9525508844422599,"Rep1: HONEY, Rep2: CHICKEN"
1.1210182364681276,0.9754258236648841,"Rep1: HONEY, Rep2: EGG"
1.1359429731112847,0.9617892675861099,"Rep1: HONEY, Rep2: LAMB and MUTTON"
1.1374516520417548,0.9487233623989481,"Rep1: HONEY, Rep2: PORK"
1.0419938457273243,0.9713623858312733,"Rep1: HONEY, Rep2: CINNAMOMUM SPECIES"
1.0815245682451347,0.9863781314634841,"Rep1: HONEY, Rep2: CURCUMA SPECIES"
1.0668072948154121,0.9712406743128488,"Rep1: HONEY, Rep2: DILL (Anethum species)"
1.0465984841313622,0.985303709685061,"Rep1: HONEY, Rep2: FENNEL (Foeniculum vulg., ssp. capillaceum; var.)"
1.0489675757822752,0.9451690768310097,"Rep1: HONEY, Rep2: LICORICE (Glycyrrhiza species)"
1.048189751680931,0.9752556414544724,"Rep1: HONEY, Rep2: MENTHA OILS"
1.0544718694404256,0.966542096998175,"Rep1: HONEY, Rep2: MUSTARD (Brassica species)"
1.079675024826265,0.9886440448989942,"Rep1: HONEY, Rep2: PEPPER (Piper nigrum L.)"
1.0904166618137088,0.9466242038539491,"Rep1: HONEY, Rep2: SESAME SEED OIL"
1.1041604887420207,0.9770489605953251,"Rep1: HONEY, Rep2: ALLIUM SPECIES"
1.0814606833598055,0.990522993662127,"Rep1: HONEY, Rep2: CAPSICUM SPECIES"
1.1143742240313033,0.9440882115932998,"Rep1: HONEY, Rep2: SOYBEAN (Glycine max. L. merr.)"
1.0786548418166357,0.9505080334553196,"Rep1: HONEY, Rep2: MUSHROOM"
1.110648391255314,0.9545920422146122,"Rep1: HONEY, Rep2: TRUFFLE"
1.1230725072297003,0.9718176378627575,"Rep1: HONEY, Rep2: APPLE FRESH (Malus species)"
1.06069505946187,0.9732628682895673,"Rep1: HONEY, Rep2: CITRUS FRUITS"
1.050146583024488,0.9579478706580841,"Rep1: HONEY, Rep2: GUAVA and FEYOA"
1.0680930021869537,0.9638748348279553,"Rep1: HONEY, Rep2: MANGIFERA SPECIES"
1.098672920303472,0.9601634486296498,"Rep1: HONEY, Rep2: OLIVE (Olea europaea)"
1.0484419338214448,0.9600103364882702,"Rep1: HONEY, Rep2: PASSION FRUIT (PASSIFLORA SPECIES)"
1.0694086993681475,0.9351234576135719,"Rep1: HONEY, Rep2: PLUM (Prunus species)"
1.1009074906517884,0.955349361122324,"Rep1: HONEY, Rep2: RASPBERRY, BLACKBERRY and BOYSENBERRY"
1.0470177767683466,0.931947467575741,"Rep1: HONEY, Rep2: VACCINIUM SPECIES"
1.0493776418794265,0.950099412741546,"Rep1: HONEY, Rep2: CHESTNUT (Castanea species)"
1.0520955106184517,0.9756871393780872,"Rep1: HONEY, Rep2: WALNUT (Juglans species)"
1.0940563257334441,0.9506586578554811,"Rep1: HONEY, Rep2: AMARANTH"
1.1401868121924745,0.9498536840455961,"Rep1: HONEY, Rep2: MAIZE (Zea mays L.)"
1.1285905138577697,0.9621690672179457,"Rep1: HONEY, Rep2: OATS (Avena sativa L.)"
1.1101997007561013,0.9606821943432983,"Rep1: HONEY, Rep2: RICE (Oryza sativa L.)"
1.1453538436492743,0.9754597969411466,"Rep1: HONEY, Rep2: WHEAT"
1.1134105476913558,0.9249474786897723,"Rep1: HONEY, Rep2: WHEATEN BREAD"
1.0457812659093708,0.9980657640232108,"Rep1: HONEY, Rep2: CEDARWOOD OIL"
1.0664788662497147,0.9776253554521509,"Rep1: HONEY, Rep2: CONOCARPUS SPP. TREE"
1.1306388396459408,0.9538328445392097,"Rep1: HONEY, Rep2: FERMENTED SOYA PRODUCTS"
1.0872109118171467,0.9518982378122293,"Rep1: HONEY, Rep2: HEARTWOOD"
1.188918935570946,0.9897608558085633,"Rep1: MASTIC (Pistacia lentiscus), Rep2: BEER"
1.1434980960459062,0.9837897289285018,"Rep1: MASTIC (Pistacia lentiscus), Rep2: WINE"
1.1355633271597567,0.9775659780318128,"Rep1: MASTIC (Pistacia lentiscus), Rep2: BAIJIU (CHINESE LIQUOR)"
1.1197856884687045,0.9791488421597085,"Rep1: MASTIC (Pistacia lentiscus), Rep2: GRAPE BRANDY"
1.162424644112586,0.9812294354343277,"Rep1: MASTIC (Pistacia lentiscus), Rep2: WHISKY"
1.1442363776017133,0.9796283488839651,"Rep1: MASTIC (Pistacia lentiscus), Rep2: CHEESE, VARIOUS TYPES"
1.134833209440601,0.9843540452053916,"Rep1: MASTIC (Pistacia lentiscus), Rep2: MILK and MILK PRODUCTS"
1.12487987311943,0.979982732281764,"Rep1: MASTIC (Pistacia lentiscus), Rep2: COCOA category"
1.112315472227621,0.9664257916897941,"Rep1: MASTIC (Pistacia lentiscus), Rep2: TEA"
1.1461258381976374,0.9876780819570774,"Rep1: MASTIC (Pistacia lentiscus), Rep2: BROWN ALGAE"
1.1261791639606125,0.9757534912425363,"Rep1: MASTIC (Pistacia lentiscus), Rep2: CRAB"
1.134013026099,0.987903365554655,"Rep1: MASTIC (Pistacia lentiscus), Rep2: FISH"
1.1269754794485225,0.9877651241189837,"Rep1: MASTIC (Pistacia lentiscus), Rep2: GREEN ALGAE"
1.1423218205830064,0.9882437180161615,"Rep1: MASTIC (Pistacia lentiscus), Rep2: RED ALGAE"
1.1416864278302763,0.993057044525886,"Rep1: MASTIC (Pistacia lentiscus), Rep2: SHRIMPS (PRAWN)"
1.1601308645552662,0.9903377145168643,"Rep1: MASTIC (Pistacia lentiscus), Rep2: BEEF"
1.1343058872116587,0.9850133591871083,"Rep1: MASTIC (Pistacia lentiscus), Rep2: CHICKEN"
1.1262593525535665,0.9933640701100039,"Rep1: MASTIC (Pistacia lentiscus), Rep2: EGG"
1.1274817089566842,0.9916854924770198,"Rep1: MASTIC (Pistacia lentiscus), Rep2: LAMB and MUTTON"
1.149702635616353,0.9850173802789733,"Rep1: MASTIC (Pistacia lentiscus), Rep2: PORK"
1.0522493136779432,0.8935122458552135,"Rep1: MASTIC (Pistacia lentiscus), Rep2: CINNAMOMUM SPECIES"
1.1041368593357255,0.887347590653251,"Rep1: MASTIC (Pistacia lentiscus), Rep2: CURCUMA SPECIES"
1.081015681436622,0.8995638841380076,"Rep1: MASTIC (Pistacia lentiscus), Rep2: DILL (Anethum species)"
1.0203042897092351,0.8956825438053718,"Rep1: MASTIC (Pistacia lentiscus), Rep2: FENNEL (Foeniculum vulg., ssp. capillaceum; var.)"
1.038266986397021,0.9635393827204606,"Rep1: MASTIC (Pistacia lentiscus), Rep2: LICORICE (Glycyrrhiza species)"
0.9219687157278155,0.8829316236422874,"Rep1: MASTIC (Pistacia lentiscus), Rep2: MENTHA OILS"
1.0141274018496291,0.9925506638915554,"Rep1: MASTIC (Pistacia lentiscus), Rep2: MUSTARD (Brassica species)"
1.092117325703533,0.8735478722736074,"Rep1: MASTIC (Pistacia lentiscus), Rep2: PEPPER (Piper nigrum L.)"
0.9608670136926198,0.9764627271123041,"Rep1: MASTIC (Pistacia lentiscus), Rep2: SESAME SEED OIL"
1.1121913099877239,0.9904444796511875,"Rep1: MASTIC (Pistacia lentiscus), Rep2: ALLIUM SPECIES"
1.062945826655227,0.9774092445308453,"Rep1: MASTIC (Pistacia lentiscus), Rep2: CAPSICUM SPECIES"
1.08973002519641,0.980596811790356,"Rep1: MASTIC (Pistacia lentiscus), Rep2: SOYBEAN (Glycine max. L. merr.)"
1.1054229074369049,0.9819140452663024,"Rep1: MASTIC (Pistacia lentiscus), Rep2: MUSHROOM"
1.155067297288811,0.9950315342599338,"Rep1: MASTIC (Pistacia lentiscus), Rep2: TRUFFLE"
1.1426354692252387,0.9834894147621382,"Rep1: MASTIC (Pistacia lentiscus), Rep2: APPLE FRESH (Malus species)"
1.0009794539687145,0.8851578262666528,"Rep1: MASTIC (Pistacia lentiscus), Rep2: CITRUS FRUITS"
1.0581018145338992,0.9015653782600738,"Rep1: MASTIC (Pistacia lentiscus), Rep2: GUAVA and FEYOA"
1.082272595254918,0.9406151846410228,"Rep1: MASTIC (Pistacia lentiscus), Rep2: MANGIFERA SPECIES"
1.02106683543947,0.9705426058732446,"Rep1: MASTIC (Pistacia lentiscus), Rep2: OLIVE (Olea europaea)"
1.0271823927640922,0.9509546382573637,"Rep1: MASTIC (Pistacia lentiscus), Rep2: PASSION FRUIT (PASSIFLORA SPECIES)"
1.0590872199499812,0.9671234041519688,"Rep1: MASTIC (Pistacia lentiscus), Rep2: PLUM (Prunus species)"
1.1348616969693222,0.9391066894196226,"Rep1: MASTIC (Pistacia lentiscus), Rep2: RASPBERRY, BLACKBERRY and BOYSENBERRY"
1.1036984752997114,0.9407768912506095,"Rep1: MASTIC (Pistacia lentiscus), Rep2: VACCINIUM SPECIES"
1.015954498260764,0.9796958671994832,"Rep1: MASTIC (Pistacia lentiscus), Rep2: CHESTNUT (Castanea species)"
1.0447635205246317,0.9736340730958248,"Rep1: MASTIC (Pistacia lentiscus), Rep2: WALNUT (Juglans species)"
1.1322061947435567,0.9859093944558303,"Rep1: MASTIC (Pistacia lentiscus), Rep2: AMARANTH"
1.137088641876225,0.9805630760167584,"Rep1: MASTIC (Pistacia lentiscus), Rep2: MAIZE (Zea mays L.)"
1.1322084475903385,0.9911850420025976,"Rep1: MASTIC (Pistacia lentiscus), Rep2: OATS (Avena sativa L.)"
1.1089507050980032,0.9821401947891488,"Rep1: MASTIC (Pistacia lentiscus), Rep2: RICE (Oryza sativa L.)"
1.1585947795929448,0.994596845791894,"Rep1: MASTIC (Pistacia lentiscus), Rep2: WHEAT"
1.135407369210329,0.9916552063924065,"Rep1: MASTIC (Pistacia lentiscus), Rep2: WHEATEN BREAD"
0.9813142544955764,0.99948087447302,"Rep1: MASTIC (Pistacia lentiscus), Rep2: CEDARWOOD OIL"
1.0369388574586074,1.0,"Rep1: MASTIC (Pistacia lentiscus), Rep2: CONOCARPUS SPP. TREE"
1.1074526818861135,0.9924081132430553,"Rep1: MASTIC (Pistacia lentiscus), Rep2: FERMENTED SOYA PRODUCTS"
1.0960357071307423,0.9929770944798554,"Rep1: MASTIC (Pistacia lentiscus), Rep2: HEARTWOOD"
1.0795793942335385,0.9842579810374107,"Rep1: MASTIC (Pistacia lentiscus), Rep2: HONEY"
1.1626999898818495,0.9912921697213615,"Rep1: MISO (soy bean, rice or fish), Rep2: BEER"
1.141143764824332,0.9258351713368737,"Rep1: MISO (soy bean, rice or fish), Rep2: WINE"
1.0853518527429074,0.8277130477395066,"Rep1: MISO (soy bean, rice or fish), Rep2: BAIJIU (CHINESE LIQUOR)"
1.130281625369011,0.8728141675596601,"Rep1: MISO (soy bean, rice or fish), Rep2: GRAPE BRANDY"
1.1173468196455207,0.8474209808420747,"Rep1: MISO (soy bean, rice or fish), Rep2: WHISKY"
1.1183011376295497,0.9002843810508145,"Rep1: MISO (soy bean, rice or fish), Rep2: CHEESE, VARIOUS TYPES"
1.0882823481296733,0.9088709871205238,"Rep1: MISO (soy bean, rice or fish), Rep2: MILK and MILK PRODUCTS"
1.079850339544827,0.8723828342618584,"Rep1: MISO (soy bean, rice or fish), Rep2: COCOA category"
1.1200864110509579,0.9233307896619519,"Rep1: MISO (soy bean, rice or fish), Rep2: TEA"
1.15313613520282,0.9813720388675924,"Rep1: MISO (soy bean, rice or fish), Rep2: BROWN ALGAE"
1.1176622189877947,0.846570739756581,"Rep1: MISO (soy bean, rice or fish), Rep2: CRAB"
1.077472027827719,0.9414626305763347,"Rep1: MISO (soy bean, rice or fish), Rep2: FISH"
1.1744991465048247,0.9906492666627249,"Rep1: MISO (soy bean, rice or fish), Rep2: GREEN ALGAE"
1.181236004630573,0.9978457400571896,"Rep1: MISO (soy bean, rice or fish), Rep2: RED ALGAE"
1.109468916316631,0.9397033332682879,"Rep1: MISO (soy bean, rice or fish), Rep2: SHRIMPS (PRAWN)"
1.0945514216052308,0.8911825159139928,"Rep1: MISO (soy bean, rice or fish), Rep2: BEEF"
1.1234374629285173,0.9338373246371977,"Rep1: MISO (soy bean, rice or fish), Rep2: CHICKEN"
1.0818068459787222,0.9446716952193409,"Rep1: MISO (soy bean, rice or fish), Rep2: EGG"
1.0988709366470868,0.9546067670665445,"Rep1: MISO (soy bean, rice or fish), Rep2: LAMB and MUTTON"
1.106071996543056,0.9003934762512058,"Rep1: MISO (soy bean, rice or fish), Rep2: PORK"
1.1613042408025072,0.980229384689466,"Rep1: MISO (soy bean, rice or fish), Rep2: CINNAMOMUM SPECIES"
1.1895483434665306,0.9938958453563232,"Rep1: MISO (soy bean, rice or fish), Rep2: CURCUMA SPECIES"
1.122065860437306,0.9822206017818299,"Rep1: MISO (soy bean, rice or fish), Rep2: DILL (Anethum species)"
1.1387509241695497,0.9991466855760467,"Rep1: MISO (soy bean, rice or fish), Rep2: FENNEL (Foeniculum vulg., ssp. capillaceum; var.)"
1.1257549604111643,0.9177835157359042,"Rep1: MISO (soy bean, rice or fish), Rep2: LICORICE (Glycyrrhiza species)"
1.1115305065049832,0.9698873917775025,"Rep1: MISO (soy bean, rice or fish), Rep2: MENTHA OILS"
1.074721008731538,0.9556040367399656,"Rep1: MISO (soy bean, rice or fish), Rep2: MUSTARD (Brassica species)"
1.1579114056492554,0.9866320298093683,"Rep1: MISO (soy bean, rice or fish), Rep2: PEPPER (Piper nigrum L.)"
1.0479074084937128,0.9048038353713206,"Rep1: MISO (soy bean, rice or fish), Rep2: SESAME SEED OIL"
1.1485089307115341,0.9519467710751445,"Rep1: MISO (soy bean, rice or fish), Rep2: ALLIUM SPECIES"
1.1515679605547806,0.9814961555806346,"Rep1: MISO (soy bean, rice or fish), Rep2: CAPSICUM SPECIES"
0.9617279099618791,0.8614741883146895,"Rep1: MISO (soy bean, rice or fish), Rep2: SOYBEAN (Glycine max. L. merr.)"
1.1211142484951877,0.8988013218079434,"Rep1: MISO (soy bean, rice or fish), Rep2: MUSHROOM"
1.1708761962653835,0.8982355632941819,"Rep1: MISO (soy bean, rice or fish), Rep2: TRUFFLE"
1.1501660321731557,0.8949772452823944,"Rep1: MISO (soy bean, rice or fish), Rep2: APPLE FRESH (Malus species)"
1.1154927436963444,0.9697294188434895,"Rep1: MISO (soy bean, rice or fish), Rep2: CITRUS FRUITS"
1.1401334638273508,0.9059467851887678,"Rep1: MISO (soy bean, rice or fish), Rep2: GUAVA and FEYOA"
1.0968243678907106,0.9546858608354624,"Rep1: MISO (soy bean, rice or fish), Rep2: MANGIFERA SPECIES"
1.0983328725473704,0.9183543469333746,"Rep1: MISO (soy bean, rice or fish), Rep2: OLIVE (Olea europaea)"
1.1255817202507499,0.9118789420436975,"Rep1: MISO (soy bean, rice or fish), Rep2: PASSION FRUIT (PASSIFLORA SPECIES)"
1.1373970525544823,0.90419871525585,"Rep1: MISO (soy bean, rice or fish), Rep2: PLUM (Prunus species)"
1.200003023695312,0.9094926601070572,"Rep1: MISO (soy bean, rice or fish), Rep2: RASPBERRY, BLACKBERRY and BOYSENBERRY"
1.1700782503860034,0.8677657072795889,"Rep1: MISO (soy bean, rice or fish), Rep2: VACCINIUM SPECIES"
1.1333505137322368,0.9698586237585309,"Rep1: MISO (soy bean, rice or fish), Rep2: CHESTNUT (Castanea species)"
1.2002295092883397,0.9567957324197807,"Rep1: MISO (soy bean, rice or fish), Rep2: WALNUT (Juglans species)"
1.2032350241506373,0.8987600212108102,"Rep1: MISO (soy bean, rice or fish), Rep2: AMARANTH"
1.099535955642801,0.897200852065491,"Rep1: MISO (soy bean, rice or fish), Rep2: MAIZE (Zea mays L.)"
1.1276491614540816,0.9284567450753161,"Rep1: MISO (soy bean, rice or fish), Rep2: OATS (Avena sativa L.)"
1.0581787335406216,0.9220475527793626,"Rep1: MISO (soy bean, rice or fish), Rep2: RICE (Oryza sativa L.)"
1.160963184594276,0.9769646434545184,"Rep1: MISO (soy bean, rice or fish), Rep2: WHEAT"
1.1636331813534766,0.8094723993070996,"Rep1: MISO (soy bean, rice or fish), Rep2: WHEATEN BREAD"
1.151268774687525,1.0,"Rep1: MISO (soy bean, rice or fish), Rep2: CEDARWOOD OIL"
1.1654171046984143,1.0,"Rep1: MISO (soy bean, rice or fish), Rep2: CONOCARPUS SPP. TREE"
0.9205271503712718,0.7953146172948062,"Rep1: MISO (soy bean, rice or fish), Rep2: FERMENTED SOYA PRODUCTS"
1.1758895666850022,0.9660270534301345,"Rep1: MISO (soy bean, rice or fish), Rep2: HEARTWOOD"
1.1444422579340068,0.9208195266727414,"Rep1: MISO (soy bean, rice or fish), Rep2: HONEY"
1.0716229149168461,0.9793191678892432,"Rep1: MISO (soy bean, rice or fish), Rep2: MASTIC (Pistacia lentiscus)"
1.1871982777579262,1.0,"Rep1: ROSELLE (Hibiscus sabdariffa L.), Rep2: BEER"
1.0938010365631372,0.9993647656691136,"Rep1: ROSELLE (Hibiscus sabdariffa L.), Rep2: WINE"
1.1513466756552164,1.0,"Rep1: ROSELLE (Hibiscus sabdariffa L.), Rep2: BAIJIU (CHINESE LIQUOR)"
1.161449251403918,1.0,"Rep1: ROSELLE (Hibiscus sabdariffa L.), Rep2: GRAPE BRANDY"
1.2107773201286745,1.0,"Rep1: ROSELLE (Hibiscus sabdariffa L.), Rep2: WHISKY"
1.1341924828088317,1.0,"Rep1: ROSELLE (Hibiscus sabdariffa L.), Rep2: CHEESE, VARIOUS TYPES"
1.1669300369917006,0.993939393939394,"Rep1: ROSELLE (Hibiscus sabdariffa L.), Rep2: MILK and MILK PRODUCTS"
1.1451196073601693,1.0,"Rep1: ROSELLE (Hibiscus sabdariffa L.), Rep2: COCOA category"
1.109835462262168,1.0,"Rep1: ROSELLE (Hibiscus sabdariffa L.), Rep2: TEA"
1.1258504699330478,1.0,"Rep1: ROSELLE (Hibiscus sabdariffa L.), Rep2: BROWN ALGAE"
1.1384746217936272,1.0,"Rep1: ROSELLE (Hibiscus sabdariffa L.), Rep2: CRAB"
1.1569780742277398,1.0,"Rep1: ROSELLE (Hibiscus sabdariffa L.), Rep2: FISH"
1.0803577090036742,1.0,"Rep1: ROSELLE (Hibiscus sabdariffa L.), Rep2: GREEN ALGAE"
1.0345622710337596,1.0,"Rep1: ROSELLE (Hibiscus sabdariffa L.), Rep2: RED ALGAE"
1.1491364183064139,1.0,"Rep1: ROSELLE (Hibiscus sabdariffa L.), Rep2: SHRIMPS (PRAWN)"
1.1754692721249478,1.0,"Rep1: ROSELLE (Hibiscus sabdariffa L.), Rep2: BEEF"
1.1429711715580675,0.9909502262443444,"Rep1: ROSELLE (Hibiscus sabdariffa L.), Rep2: CHICKEN"
1.1360230568491831,1.0,"Rep1: ROSELLE (Hibiscus sabdariffa L.), Rep2: EGG"
1.1964924419644851,1.0,"Rep1: ROSELLE (Hibiscus sabdariffa L.), Rep2: LAMB and MUTTON"
1.1622026712919604,1.0,"Rep1: ROSELLE (Hibiscus sabdariffa L.), Rep2: PORK"
1.0509462035813235,1.0,"Rep1: ROSELLE (Hibiscus sabdariffa L.), Rep2: CINNAMOMUM SPECIES"
1.0647727413687305,1.0,"Rep1: ROSELLE (Hibiscus sabdariffa L.), Rep2: CURCUMA SPECIES"
1.060925132031953,1.0,"Rep1: ROSELLE (Hibiscus sabdariffa L.), Rep2: DILL (Anethum species)"
1.0687343820838644,1.0,"Rep1: ROSELLE (Hibiscus sabdariffa L.), Rep2: FENNEL (Foeniculum vulg., ssp. capillaceum; var.)"
1.1070697023456764,1.0,"Rep1: ROSELLE (Hibiscus sabdariffa L.), Rep2: LICORICE (Glycyrrhiza species)"
1.1239119696557407,1.0,"Rep1: ROSELLE (Hibiscus sabdariffa L.), Rep2: MENTHA OILS"
1.0833793526817403,1.0,"Rep1: ROSELLE (Hibiscus sabdariffa L.), Rep2: MUSTARD (Brassica species)"
1.059606812353512,1.0,"Rep1: ROSELLE (Hibiscus sabdariffa L.), Rep2: PEPPER (Piper nigrum L.)"
1.1103095597733728,1.0,"Rep1: ROSELLE (Hibiscus sabdariffa L.), Rep2: SESAME SEED OIL"
1.1008303984594539,1.0,"Rep1: ROSELLE (Hibiscus sabdariffa L.), Rep2: ALLIUM SPECIES"
1.0278542192060844,0.9097222222222209,"Rep1: ROSELLE (Hibiscus sabdariffa L.), Rep2: CAPSICUM SPECIES"
1.1383317529171937,1.0,"Rep1: ROSELLE (Hibiscus sabdariffa L.), Rep2: SOYBEAN (Glycine max. L. merr.)"
1.0757225303375988,1.0,"Rep1: ROSELLE (Hibiscus sabdariffa L.), Rep2: MUSHROOM"
1.086080636389445,1.0,"Rep1: ROSELLE (Hibiscus sabdariffa L.), Rep2: TRUFFLE"
1.0958646625056307,1.0,"Rep1: ROSELLE (Hibiscus sabdariffa L.), Rep2: APPLE FRESH (Malus species)"
1.1013070739541857,1.0,"Rep1: ROSELLE (Hibiscus sabdariffa L.), Rep2: CITRUS FRUITS"
1.0633625131341866,1.0,"Rep1: ROSELLE (Hibiscus sabdariffa L.), Rep2: GUAVA and FEYOA"
1.1105883166617487,1.0,"Rep1: ROSELLE (Hibiscus sabdariffa L.), Rep2: MANGIFERA SPECIES"
1.1213594059266072,0.9978991596638654,"Rep1: ROSELLE (Hibiscus sabdariffa L.), Rep2: OLIVE (Olea europaea)"
1.0202266894337235,1.0,"Rep1: ROSELLE (Hibiscus sabdariffa L.), Rep2: PASSION FRUIT (PASSIFLORA SPECIES)"
1.088109078711679,1.0,"Rep1: ROSELLE (Hibiscus sabdariffa L.), Rep2: PLUM (Prunus species)"
1.0374214388942267,1.0,"Rep1: ROSELLE (Hibiscus sabdariffa L.), Rep2: RASPBERRY, BLACKBERRY and BOYSENBERRY"
1.07059277561999,1.0,"Rep1: ROSELLE (Hibiscus sabdariffa L.), Rep2: VACCINIUM SPECIES"
1.042872258706178,1.0,"Rep1: ROSELLE (Hibiscus sabdariffa L.), Rep2: CHESTNUT (Castanea species)"
1.1330588094303158,1.0,"Rep1: ROSELLE (Hibiscus sabdariffa L.), Rep2: WALNUT (Juglans species)"
1.1058120648299148,1.0,"Rep1: ROSELLE (Hibiscus sabdariffa L.), Rep2: AMARANTH"
1.1615413814124818,1.0,"Rep1: ROSELLE (Hibiscus sabdariffa L.), Rep2: MAIZE (Zea mays L.)"
1.1551287678048514,1.0,"Rep1: ROSELLE (Hibiscus sabdariffa L.), Rep2: OATS (Avena sativa L.)"
1.1396759780856185,1.0,"Rep1: ROSELLE (Hibiscus sabdariffa L.), Rep2: RICE (Oryza sativa L.)"
1.1672285852815554,1.0,"Rep1: ROSELLE (Hibiscus sabdariffa L.), Rep2: WHEAT"
1.1548771250721943,1.0,"Rep1: ROSELLE (Hibiscus sabdariffa L.), Rep2: WHEATEN BREAD"
1.1061172782427688,1.0,"Rep1: ROSELLE (Hibiscus sabdariffa L.), Rep2: CEDARWOOD OIL"
1.0647536313310377,1.0,"Rep1: ROSELLE (Hibiscus sabdariffa L.), Rep2: CONOCARPUS SPP. TREE"
1.1626995620983769,1.0,"Rep1: ROSELLE (Hibiscus sabdariffa L.), Rep2: FERMENTED SOYA PRODUCTS"
1.0721037689190707,1.0,"Rep1: ROSELLE (Hibiscus sabdariffa L.), Rep2: HEARTWOOD"
1.0833918529348654,1.0,"Rep1: ROSELLE (Hibiscus sabdariffa L.), Rep2: HONEY"
1.0827210117768602,1.0,"Rep1: ROSELLE (Hibiscus sabdariffa L.), Rep2: MASTIC (Pistacia lentiscus)"
1.1914694739991376,1.0,"Rep1: ROSELLE (Hibiscus sabdariffa L.), Rep2: MISO (soy bean, rice or fish)"
1.190728046229511,0.9920425884184466,"Rep1: TAGETES, Rep2: BEER"
1.147124817581733,0.9982536373872032,"Rep1: TAGETES, Rep2: WINE"
1.1449340474653478,0.9964492856296002,"Rep1: TAGETES, Rep2: BAIJIU (CHINESE LIQUOR)"
1.1476936544698806,0.9977402742999962,"Rep1: TAGETES, Rep2: GRAPE BRANDY"
1.1806127095802785,0.9994598695167323,"Rep1: TAGETES, Rep2: WHISKY"
1.134754542483247,0.9954841046103873,"Rep1: TAGETES, Rep2: CHEESE, VARIOUS TYPES"
1.1147437544648746,0.9988992457370526,"Rep1: TAGETES, Rep2: MILK and MILK PRODUCTS"
1.0911632314944013,0.9969910521003122,"Rep1: TAGETES, Rep2: COCOA category"
1.091163007531548,0.9914615277010062,"Rep1: TAGETES, Rep2: TEA"
1.1064793788059697,0.9989673878869084,"Rep1: TAGETES, Rep2: BROWN ALGAE"
1.1457031274545593,0.9942492140656417,"Rep1: TAGETES, Rep2: CRAB"
1.1349404005012438,0.9952836735844268,"Rep1: TAGETES, Rep2: FISH"
1.106295192806361,0.999607946963881,"Rep1: TAGETES, Rep2: GREEN ALGAE"
1.1055862790111186,0.9993873128447597,"Rep1: TAGETES, Rep2: RED ALGAE"
1.1689278736454378,0.9983514338146994,"Rep1: TAGETES, Rep2: SHRIMPS (PRAWN)"
1.129376718961703,0.9991930474990234,"Rep1: TAGETES, Rep2: BEEF"
1.1489261740476278,0.9989184106041071,"Rep1: TAGETES, Rep2: CHICKEN"
1.0902318424855064,0.997185066776672,"Rep1: TAGETES, Rep2: EGG"
1.1462627795502587,0.9994376634126474,"Rep1: TAGETES, Rep2: LAMB and MUTTON"
1.1484006025352256,0.9959964930007204,"Rep1: TAGETES, Rep2: PORK"
1.0818904338872763,0.9753364279578695,"Rep1: TAGETES, Rep2: CINNAMOMUM SPECIES"
1.043328960519402,0.9576511621600872,"Rep1: TAGETES, Rep2: CURCUMA SPECIES"
1.0779221867086806,0.9685992462975469,"Rep1: TAGETES, Rep2: DILL (Anethum species)"
0.9770876848619365,0.9660009019914375,"Rep1: TAGETES, Rep2: FENNEL (Foeniculum vulg., ssp. capillaceum; var.)"
1.1100214238530197,0.9883305836576868,"Rep1: TAGETES, Rep2: LICORICE (Glycyrrhiza species)"
0.9257791589588843,0.9763960360209459,"Rep1: TAGETES, Rep2: MENTHA OILS"
1.0600795487039392,0.9970007494817855,"Rep1: TAGETES, Rep2: MUSTARD (Brassica species)"
1.0840179746426108,0.9741277070607667,"Rep1: TAGETES, Rep2: PEPPER (Piper nigrum L.)"
0.952576183470644,0.9979936713491366,"Rep1: TAGETES, Rep2: SESAME SEED OIL"
1.1024919691956423,0.9978021130815261,"Rep1: TAGETES, Rep2: ALLIUM SPECIES"
1.088992007954614,0.9969764135246529,"Rep1: TAGETES, Rep2: CAPSICUM SPECIES"
1.0797764188972474,0.9969583376548119,"Rep1: TAGETES, Rep2: SOYBEAN (Glycine max. L. merr.)"
1.0862435635132368,0.9984361079316539,"Rep1: TAGETES, Rep2: MUSHROOM"
1.0848733624378772,0.997191756862483,"Rep1: TAGETES, Rep2: TRUFFLE"
1.1586189514969867,0.9989340811876027,"Rep1: TAGETES, Rep2: APPLE FRESH (Malus species)"
0.9893706352073337,0.9703684805513325,"Rep1: TAGETES, Rep2: CITRUS FRUITS"
1.0252803254328202,0.9767549222101681,"Rep1: TAGETES, Rep2: GUAVA and FEYOA"
1.088336532863785,0.9679055150532967,"Rep1: TAGETES, Rep2: MANGIFERA SPECIES"
0.9912457541992993,0.9915938646228477,"Rep1: TAGETES, Rep2: OLIVE (Olea europaea)"
1.0471102634772895,0.9900169343780255,"Rep1: TAGETES, Rep2: PASSION FRUIT (PASSIFLORA SPECIES)"
1.0938292906093923,0.9924908282063729,"Rep1: TAGETES, Rep2: PLUM (Prunus species)"
1.1465960632505232,0.9874689659058268,"Rep1: TAGETES, Rep2: RASPBERRY, BLACKBERRY and BOYSENBERRY"
1.1226905932776279,0.985285515365023,"Rep1: TAGETES, Rep2: VACCINIUM SPECIES"
1.0384740093278304,0.9974433672465133,"Rep1: TAGETES, Rep2: CHESTNUT (Castanea species)"
1.0151430736848883,0.9924952814380532,"Rep1: TAGETES, Rep2: WALNUT (Juglans species)"
1.1408668317640123,0.995086424413255,"Rep1: TAGETES, Rep2: AMARANTH"
1.1100113855931022,0.9877957978430745,"Rep1: TAGETES, Rep2: MAIZE (Zea mays L.)"
1.0968625397998528,0.9989073247268809,"Rep1: TAGETES, Rep2: OATS (Avena sativa L.)"
1.1166363305276459,0.9971706486680885,"Rep1: TAGETES, Rep2: RICE (Oryza sativa L.)"
1.1532874431055695,0.9993570690751973,"Rep1: TAGETES, Rep2: WHEAT"
1.1362919008398928,0.9991292589435702,"Rep1: TAGETES, Rep2: WHEATEN BREAD"
0.9149249241707299,1.0,"Rep1: TAGETES, Rep2: CEDARWOOD OIL"
1.0016104269364328,1.0,"Rep1: TAGETES, Rep2: CONOCARPUS SPP. TREE"
1.1131330553321637,0.9976622068484557,"Rep1: TAGETES, Rep2: FERMENTED SOYA PRODUCTS"
1.0648115759933598,1.0,"Rep1: TAGETES, Rep2: HEARTWOOD"
1.0687600270782687,0.9962107154175602,"Rep1: TAGETES, Rep2: HONEY"
0.9200112559294175,0.9651257020056272,"Rep1: TAGETES, Rep2: MASTIC (Pistacia lentiscus)"
1.1362879147354028,1.0,"Rep1: TAGETES, Rep2: MISO (soy bean, rice or fish)"
1.0946885225330898,1.0,"Rep1: TAGETES, Rep2: ROSELLE (Hibiscus sabdariffa L.)"
1.1837696333976315,1.0,"Rep1: WOOD SMOKE, Rep2: BEER"
1.1563146093215935,1.0,"Rep1: WOOD SMOKE, Rep2: WINE"
1.1555591023451368,1.0,"Rep1: WOOD SMOKE, Rep2: BAIJIU (CHINESE LIQUOR)"
1.1486272338537578,0.999896415959983,"Rep1: WOOD SMOKE, Rep2: GRAPE BRANDY"
1.1112982787090755,1.0,"Rep1: WOOD SMOKE, Rep2: WHISKY"
1.1492479715882045,0.999885798597554,"Rep1: WOOD SMOKE, Rep2: CHEESE, VARIOUS TYPES"
1.1658794085016049,0.9994541509261747,"Rep1: WOOD SMOKE, Rep2: MILK and MILK PRODUCTS"
1.139468776485964,0.9948232223121266,"Rep1: WOOD SMOKE, Rep2: COCOA category"
1.1306169562338282,0.9992755893722424,"Rep1: WOOD SMOKE, Rep2: TEA"
1.1649179809893824,1.0,"Rep1: WOOD SMOKE, Rep2: BROWN ALGAE"
1.1805495318181838,0.991293240758656,"Rep1: WOOD SMOKE, Rep2: CRAB"
1.1487017597451492,0.9996354905598605,"Rep1: WOOD SMOKE, Rep2: FISH"
1.1741309293177833,1.0,"Rep1: WOOD SMOKE, Rep2: GREEN ALGAE"
1.1662003610164215,1.0,"Rep1: WOOD SMOKE, Rep2: RED ALGAE"
1.1853509062998506,0.9957648450129639,"Rep1: WOOD SMOKE, Rep2: SHRIMPS (PRAWN)"
1.1496019550007144,0.9991743971016045,"Rep1: WOOD SMOKE, Rep2: BEEF"
1.144237024024458,0.9996918327086398,"Rep1: WOOD SMOKE, Rep2: CHICKEN"
1.1626803918558752,0.9988563701342604,"Rep1: WOOD SMOKE, Rep2: EGG"
1.1642244800939665,1.0,"Rep1: WOOD SMOKE, Rep2: LAMB and MUTTON"
1.1328700642200686,0.9955591042147062,"Rep1: WOOD SMOKE, Rep2: PORK"
1.080751003477558,1.0,"Rep1: WOOD SMOKE, Rep2: CINNAMOMUM SPECIES"
1.1681049961905583,1.0,"Rep1: WOOD SMOKE, Rep2: CURCUMA SPECIES"
1.1835100187735486,1.0,"Rep1: WOOD SMOKE, Rep2: DILL (Anethum species)"
1.1492309078517653,1.0,"Rep1: WOOD SMOKE, Rep2: FENNEL (Foeniculum vulg., ssp. capillaceum; var.)"
1.1462322499022857,0.9987362398116779,"Rep1: WOOD SMOKE, Rep2: LICORICE (Glycyrrhiza species)"
1.142052412627652,1.0,"Rep1: WOOD SMOKE, Rep2: MENTHA OILS"
1.1615553279232458,0.9934701153188548,"Rep1: WOOD SMOKE, Rep2: MUSTARD (Brassica species)"
1.1438758050220583,1.0,"Rep1: WOOD SMOKE, Rep2: PEPPER (Piper nigrum L.)"
1.1415293854985258,1.0,"Rep1: WOOD SMOKE, Rep2: SESAME SEED OIL"
1.1864839729891108,1.0,"Rep1: WOOD SMOKE, Rep2: ALLIUM SPECIES"
1.1490696594458987,1.0,"Rep1: WOOD SMOKE, Rep2: CAPSICUM SPECIES"
1.1612888501629373,0.9939344438191781,"Rep1: WOOD SMOKE, Rep2: SOYBEAN (Glycine max. L. merr.)"
1.132421294310723,1.0,"Rep1: WOOD SMOKE, Rep2: MUSHROOM"
1.1667550033537855,1.0,"Rep1: WOOD SMOKE, Rep2: TRUFFLE"
1.1380809968867904,1.0,"Rep1: WOOD SMOKE, Rep2: APPLE FRESH (Malus species)"
1.1490728138311288,1.0,"Rep1: WOOD SMOKE, Rep2: CITRUS FRUITS"
1.173723525455007,1.0,"Rep1: WOOD SMOKE, Rep2: GUAVA and FEYOA"
1.1600407553291627,1.0,"Rep1: WOOD SMOKE, Rep2: MANGIFERA SPECIES"
1.1224826423987202,1.0,"Rep1: WOOD SMOKE, Rep2: OLIVE (Olea europaea)"
1.140751120812216,1.0,"Rep1: WOOD SMOKE, Rep2: PASSION FRUIT (PASSIFLORA SPECIES)"
1.1292304548327374,1.0,"Rep1: WOOD SMOKE, Rep2: PLUM (Prunus species)"
1.1258666084708457,1.0,"Rep1: WOOD SMOKE, Rep2: RASPBERRY, BLACKBERRY and BOYSENBERRY"
1.1536826415242,1.0,"Rep1: WOOD SMOKE, Rep2: VACCINIUM SPECIES"
1.0923528951614854,1.0,"Rep1: WOOD SMOKE, Rep2: CHESTNUT (Castanea species)"
1.1107589510415417,1.0,"Rep1: WOOD SMOKE, Rep2: WALNUT (Juglans species)"
1.184475041468071,1.0,"Rep1: WOOD SMOKE, Rep2: AMARANTH"
1.1705450118270846,0.9967533021164549,"Rep1: WOOD SMOKE, Rep2: MAIZE (Zea mays L.)"
1.1484876889901905,0.9982116264227208,"Rep1: WOOD SMOKE, Rep2: OATS (Avena sativa L.)"
1.1582280314772722,0.9997008879098039,"Rep1: WOOD SMOKE, Rep2: RICE (Oryza sativa L.)"
1.166834648556393,0.9989573035096387,"Rep1: WOOD SMOKE, Rep2: WHEAT"
1.1467006568743332,0.9985758533997652,"Rep1: WOOD SMOKE, Rep2: WHEATEN BREAD"
1.0418742367541607,1.0,"Rep1: WOOD SMOKE, Rep2: CEDARWOOD OIL"
1.1472429804801336,1.0,"Rep1: WOOD SMOKE, Rep2: CONOCARPUS SPP. TREE"
1.1564449995105677,0.9986956906292801,"Rep1: WOOD SMOKE, Rep2: FERMENTED SOYA PRODUCTS"
1.1175778455606775,1.0,"Rep1: WOOD SMOKE, Rep2: HEARTWOOD"
1.142419402133952,1.0,"Rep1: WOOD SMOKE, Rep2: HONEY"
1.134807713150653,1.0,"Rep1: WOOD SMOKE, Rep2: MASTIC (Pistacia lentiscus)"
1.1673417278138363,1.0,"Rep1: WOOD SMOKE, Rep2: MISO (soy bean, rice or fish)"
1.1451339531282032,1.0,"Rep1: WOOD SMOKE, Rep2: ROSELLE (Hibiscus sabdariffa L.)"
1.1198984996460495,1.0,"Rep1: WOOD SMOKE, Rep2: TAGETES"
