Rep1,Rep2,ClusterPairs
0.3480442953904952,0.9872048084369998,"Rep1: WINE, Rep2: BEER"
0.34077276299717385,0.992417918242478,"Rep1: BAIJIU (CHINESE LIQUOR), Rep2: BEER"
0.3364131845393201,0.9340531181522448,"Rep1: BAIJIU (CHINESE LIQUOR), Rep2: WINE"
0.3401964348588354,0.9798567234709313,"Rep1: GRAPE BRANDY, Rep2: BEER"
0.31538274329482624,0.9172713716524209,"Rep1: GRAPE BRANDY, Rep2: WINE"
0.28419074238753306,0.9011270268322951,"Rep1: GRAPE BRANDY, Rep2: BAIJIU (CHINESE LIQUOR)"
0.3287299318065978,0.9875393934612215,"Rep1: WHISKY, Rep2: BEER"
0.33149550558121477,0.9226355026343072,"Rep1: WHISKY, Rep2: WINE"
0.29961705071704753,0.8609318900556372,"Rep1: WHISKY, Rep2: BAIJIU (CHINESE LIQUOR)"
0.28353422011820795,0.8319858677037688,"Rep1: WHISKY, Rep2: GRAPE BRANDY"
0.35143962686905483,0.9912759247306295,"Rep1: CHEESE, VARIOUS TYPES, Rep2: BEER"
0.3597482599756337,0.963360725778736,"Rep1: CHEESE, VARIOUS TYPES, Rep2: WINE"
0.33654435149812667,0.9344690902221717,"Rep1: CHEESE, VARIOUS TYPES, Rep2: BAIJIU (CHINESE LIQUOR)"
0.3419411276831005,0.9282742114262054,"Rep1: CHEESE, VARIOUS TYPES, Rep2: GRAPE BRANDY"
0.32844155197687497,0.905114648253826,"Rep1: CHEESE, VARIOUS TYPES, Rep2: WHISKY"
0.35416490794434996,0.9559808950227814,"Rep1: MILK and MILK PRODUCTS, Rep2: BEER"
0.3749376853947487,0.9735211632743537,"Rep1: MILK and MILK PRODUCTS, Rep2: WINE"
0.3682872308963338,0.9339362900829389,"Rep1: MILK and MILK PRODUCTS, Rep2: BAIJIU (CHINESE LIQUOR)"
0.3668643862051477,0.9546511231093918,"Rep1: MILK and MILK PRODUCTS, Rep2: GRAPE BRANDY"
0.35191455766796204,0.9370114380471862,"Rep1: MILK and MILK PRODUCTS, Rep2: WHISKY"
0.30437507439539996,0.9216676777806402,"Rep1: MILK and MILK PRODUCTS, Rep2: CHEESE, VARIOUS TYPES"
0.3439688881841284,0.9873600982089573,"Rep1: COCOA category, Rep2: BEER"
0.3451151979824031,0.9535407690113333,"Rep1: COCOA category, Rep2: WINE"
0.323105384754932,0.8833908260346958,"Rep1: COCOA category, Rep2: BAIJIU (CHINESE LIQUOR)"
0.31432583014750215,0.9293659664557364,"Rep1: COCOA category, Rep2: GRAPE BRANDY"
0.31737171763201705,0.89225125848413,"Rep1: COCOA category, Rep2: WHISKY"
0.32321413306434177,0.937446996865029,"Rep1: COCOA category, Rep2: CHEESE, VARIOUS TYPES"
0.33745029617250427,0.9392816726150425,"Rep1: COCOA category, Rep2: MILK and MILK PRODUCTS"
0.33442442120071936,0.9844541714466183,"Rep1: TEA, Rep2: BEER"
0.32046456523444167,0.9610134000297688,"Rep1: TEA, Rep2: WINE"
0.3245833419960908,0.9346659268325922,"Rep1: TEA, Rep2: BAIJIU (CHINESE LIQUOR)"
0.31784486190226957,0.9609052832563738,"Rep1: TEA, Rep2: GRAPE BRANDY"
0.30637170088070426,0.9515964827206139,"Rep1: TEA, Rep2: WHISKY"
0.3396016422662844,0.9670807212482329,"Rep1: TEA, Rep2: CHEESE, VARIOUS TYPES"
0.3545917033108417,0.9638685012944209,"Rep1: TEA, Rep2: MILK and MILK PRODUCTS"
0.33167942199848643,0.9412386198095816,"Rep1: TEA, Rep2: COCOA category"
0.38586748601636567,0.9987346688436443,"Rep1: BROWN ALGAE, Rep2: BEER"
0.38075468941116797,0.9925045484212587,"Rep1: BROWN ALGAE, Rep2: WINE"
0.3660709636830047,0.9859903387811816,"Rep1: BROWN ALGAE, Rep2: BAIJIU (CHINESE LIQUOR)"
0.3869249394866043,0.9899195530694326,"Rep1: BROWN ALGAE, Rep2: GRAPE BRANDY"
0.373797586029149,0.982531128843232,"Rep1: BROWN ALGAE, Rep2: WHISKY"
0.3773960765312044,0.9747466621112528,"Rep1: BROWN ALGAE, Rep2: CHEESE, VARIOUS TYPES"
0.38721973317286695,0.9867163135715931,"Rep1: BROWN ALGAE, Rep2: MILK and MILK PRODUCTS"
0.38905480426385597,0.9854965951281593,"Rep1: BROWN ALGAE, Rep2: COCOA category"
0.364098002461537,0.9848955941174692,"Rep1: BROWN ALGAE, Rep2: TEA"
0.35202200092257563,0.9945106180674838,"Rep1: CRAB, Rep2: BEER"
0.35169132327966934,0.9738858532392375,"Rep1: CRAB, Rep2: WINE"
0.33840600350146094,0.9195346804693838,"Rep1: CRAB, Rep2: BAIJIU (CHINESE LIQUOR)"
0.34748909123422983,0.959502125316177,"Rep1: CRAB, Rep2: GRAPE BRANDY"
0.3438750737160185,0.9331658314798134,"Rep1: CRAB, Rep2: WHISKY"
0.3339508688681669,0.9303927254050863,"Rep1: CRAB, Rep2: CHEESE, VARIOUS TYPES"
0.3471122526882573,0.9161313581562675,"Rep1: CRAB, Rep2: MILK and MILK PRODUCTS"
0.35038036189328736,0.8995521818102478,"Rep1: CRAB, Rep2: COCOA category"
0.33579049002595895,0.9363438255969503,"Rep1: CRAB, Rep2: TEA"
0.28140732670041757,0.9839907685506443,"Rep1: CRAB, Rep2: BROWN ALGAE"
0.36595046185111696,0.99475442837675,"Rep1: FISH, Rep2: BEER"
0.3735733874138076,0.9854673512072804,"Rep1: FISH, Rep2: WINE"
0.3615649736588025,0.960694284950041,"Rep1: FISH, Rep2: BAIJIU (CHINESE LIQUOR)"
0.36976566097434954,0.9748519256184792,"Rep1: FISH, Rep2: GRAPE BRANDY"
0.34756024124353035,0.9654407287548529,"Rep1: FISH, Rep2: WHISKY"
0.3463480486351371,0.9576606784606279,"Rep1: FISH, Rep2: CHEESE, VARIOUS TYPES"
0.35645188930978167,0.9532425839439823,"Rep1: FISH, Rep2: MILK and MILK PRODUCTS"
0.36613237130847653,0.9693040056403164,"Rep1: FISH, Rep2: COCOA category"
0.3506660029445152,0.9730305075148465,"Rep1: FISH, Rep2: TEA"
0.31942264112105956,0.9864049687045439,"Rep1: FISH, Rep2: BROWN ALGAE"
0.272979949647474,0.9455065744473155,"Rep1: FISH, Rep2: CRAB"
0.3700821245792193,0.9994623034227568,"Rep1: GREEN ALGAE, Rep2: BEER"
0.3654717964485875,0.9941007649523481,"Rep1: GREEN ALGAE, Rep2: WINE"
0.3746935055327731,0.9927935437873597,"Rep1: GREEN ALGAE, Rep2: BAIJIU (CHINESE LIQUOR)"
0.3779216012236933,0.9903955055303058,"Rep1: GREEN ALGAE, Rep2: GRAPE BRANDY"
0.36177595848322286,0.97776113998561,"Rep1: GREEN ALGAE, Rep2: WHISKY"
0.37147384919007675,0.9722880625037243,"Rep1: GREEN ALGAE, Rep2: CHEESE, VARIOUS TYPES"
0.36717742796737324,0.9840340553890428,"Rep1: GREEN ALGAE, Rep2: MILK and MILK PRODUCTS"
0.3853940246447085,0.9845858586229177,"Rep1: GREEN ALGAE, Rep2: COCOA category"
0.3344194151837078,0.9780989957821886,"Rep1: GREEN ALGAE, Rep2: TEA"
0.2707591429478155,0.8736853012262201,"Rep1: GREEN ALGAE, Rep2: BROWN ALGAE"
0.29274841520113193,0.9768908965308676,"Rep1: GREEN ALGAE, Rep2: CRAB"
0.31233864512134,0.9809799451851138,"Rep1: GREEN ALGAE, Rep2: FISH"
0.3691041310603292,0.9996819129109791,"Rep1: RED ALGAE, Rep2: BEER"
0.36211059231946735,0.9955804451236117,"Rep1: RED ALGAE, Rep2: WINE"
0.36562877070035704,0.9983381917761339,"Rep1: RED ALGAE, Rep2: BAIJIU (CHINESE LIQUOR)"
0.37164183957039815,0.9933917138969894,"Rep1: RED ALGAE, Rep2: GRAPE BRANDY"
0.35570189445816486,0.9865904788844626,"Rep1: RED ALGAE, Rep2: WHISKY"
0.36853688553824265,0.970882830565768,"Rep1: RED ALGAE, Rep2: CHEESE, VARIOUS TYPES"
0.37142101485455997,0.9940223884037634,"Rep1: RED ALGAE, Rep2: MILK and MILK PRODUCTS"
0.3769752524254502,0.993274252224851,"Rep1: RED ALGAE, Rep2: COCOA category"
0.334440422755354,0.9888587926590947,"Rep1: RED ALGAE, Rep2: TEA"
0.26446140951243224,0.8393762235876413,"Rep1: RED ALGAE, Rep2: BROWN ALGAE"
0.2909841810489021,0.9911075118074101,"Rep1: RED ALGAE, Rep2: CRAB"
0.308146773248329,0.989153594312021,"Rep1: RED ALGAE, Rep2: FISH"
0.23927813478356322,0.7708195143204741,"Rep1: RED ALGAE, Rep2: GREEN ALGAE"
0.35348116844748356,0.9951981965743485,"Rep1: SHRIMPS (PRAWN), Rep2: BEER"
0.35779116446414205,0.9869184270922599,"Rep1: SHRIMPS (PRAWN), Rep2: WINE"
0.3537507314891615,0.9554669659286198,"Rep1: SHRIMPS (PRAWN), Rep2: BAIJIU (CHINESE LIQUOR)"
0.3595835659860692,0.9763685104088687,"Rep1: SHRIMPS (PRAWN), Rep2: GRAPE BRANDY"
0.35449820760546025,0.9608686945344019,"Rep1: SHRIMPS (PRAWN), Rep2: WHISKY"
0.34147904606953206,0.9667733318791862,"Rep1: SHRIMPS (PRAWN), Rep2: CHEESE, VARIOUS TYPES"
0.3432386855938171,0.9647922824699379,"Rep1: SHRIMPS (PRAWN), Rep2: MILK and MILK PRODUCTS"
0.3642557942608319,0.9453149483348496,"Rep1: SHRIMPS (PRAWN), Rep2: COCOA category"
0.33915819767811606,0.9720618462113475,"Rep1: SHRIMPS (PRAWN), Rep2: TEA"
0.31271362399074576,0.9921931132600924,"Rep1: SHRIMPS (PRAWN), Rep2: BROWN ALGAE"
0.260316888545912,0.913405150253566,"Rep1: SHRIMPS (PRAWN), Rep2: CRAB"
0.2971761219184632,0.9768239517573084,"Rep1: SHRIMPS (PRAWN), Rep2: FISH"
0.30191542667675575,0.990662787268914,"Rep1: SHRIMPS (PRAWN), Rep2: GREEN ALGAE"
0.3024369406205367,0.9945392958671689,"Rep1: SHRIMPS (PRAWN), Rep2: RED ALGAE"
0.3806030605817685,0.9948787924143403,"Rep1: BEEF, Rep2: BEER"
0.38755973635088764,0.9763744478334673,"Rep1: BEEF, Rep2: WINE"
0.34555713438780505,0.9346597719486299,"Rep1: BEEF, Rep2: BAIJIU (CHINESE LIQUOR)"
0.3664192868841062,0.9575762762032192,"Rep1: BEEF, Rep2: GRAPE BRANDY"
0.34333423752999315,0.9397882307337853,"Rep1: BEEF, Rep2: WHISKY"
0.34789532598907585,0.931794572571398,"Rep1: BEEF, Rep2: CHEESE, VARIOUS TYPES"
0.3694980964089053,0.9148884896856386,"Rep1: BEEF, Rep2: MILK and MILK PRODUCTS"
0.3499190664541208,0.9277922881457601,"Rep1: BEEF, Rep2: COCOA category"
0.367734538432628,0.9589484897049706,"Rep1: BEEF, Rep2: TEA"
0.38547098627892773,0.9880187634078506,"Rep1: BEEF, Rep2: BROWN ALGAE"
0.33962119807157104,0.8818039616373976,"Rep1: BEEF, Rep2: CRAB"
0.3417283730830521,0.956612534007952,"Rep1: BEEF, Rep2: FISH"
0.3937752091823134,0.9858326456544305,"Rep1: BEEF, Rep2: GREEN ALGAE"
0.3895076315946405,0.9967717275864542,"Rep1: BEEF, Rep2: RED ALGAE"
0.3631745812866537,0.9537565059995874,"Rep1: BEEF, Rep2: SHRIMPS (PRAWN)"
0.37852103926309255,0.9986307088670877,"Rep1: CHICKEN, Rep2: BEER"
0.3977540370936436,0.9874567356874864,"Rep1: CHICKEN, Rep2: WINE"
0.3722561485846205,0.9667035799329904,"Rep1: CHICKEN, Rep2: BAIJIU (CHINESE LIQUOR)"
0.38048251727758575,0.9759909647235253,"Rep1: CHICKEN, Rep2: GRAPE BRANDY"
0.36519441705107536,0.9598223497983505,"Rep1: CHICKEN, Rep2: WHISKY"
0.3572556434331476,0.9466007813399161,"Rep1: CHICKEN, Rep2: CHEESE, VARIOUS TYPES"
0.35755697367098527,0.9397412725022299,"Rep1: CHICKEN, Rep2: MILK and MILK PRODUCTS"
0.36111065342498083,0.9609712589166329,"Rep1: CHICKEN, Rep2: COCOA category"
0.37608855989579076,0.9708289259772465,"Rep1: CHICKEN, Rep2: TEA"
0.40021842726692236,0.9618772221481512,"Rep1: CHICKEN, Rep2: BROWN ALGAE"
0.34740993270979786,0.93469554298209,"Rep1: CHICKEN, Rep2: CRAB"
0.3478150968913617,0.9650678081602383,"Rep1: CHICKEN, Rep2: FISH"
0.3857318353135146,0.9443773657043699,"Rep1: CHICKEN, Rep2: GREEN ALGAE"
0.38488811457488287,0.9601652680546477,"Rep1: CHICKEN, Rep2: RED ALGAE"
0.3584163274669239,0.976798653528032,"Rep1: CHICKEN, Rep2: SHRIMPS (PRAWN)"
0.3053154853908124,0.9401046577354917,"Rep1: CHICKEN, Rep2: BEEF"
0.3686637014794163,0.9882844753876651,"Rep1: EGG, Rep2: BEER"
0.39206891213454786,0.9926684737125048,"Rep1: EGG, Rep2: WINE"
0.3676989036355622,0.9752644203044348,"Rep1: EGG, Rep2: BAIJIU (CHINESE LIQUOR)"
0.3756290814149415,0.990827250358062,"Rep1: EGG, Rep2: GRAPE BRANDY"
0.35664497418120755,0.9777880846826953,"Rep1: EGG, Rep2: WHISKY"
0.3455972563071658,0.9700936375293985,"Rep1: EGG, Rep2: CHEESE, VARIOUS TYPES"
0.33931593307385643,0.959452247899957,"Rep1: EGG, Rep2: MILK and MILK PRODUCTS"
0.3591837502335029,0.9703227279845114,"Rep1: EGG, Rep2: COCOA category"
0.36529456969556234,0.9806562314105388,"Rep1: EGG, Rep2: TEA"
0.36065834809447644,0.987185920460292,"Rep1: EGG, Rep2: BROWN ALGAE"
0.33139485702734234,0.9171672022977156,"Rep1: EGG, Rep2: CRAB"
0.33020102638334575,0.9764694561525984,"Rep1: EGG, Rep2: FISH"
0.3537666672807001,0.9855502962760656,"Rep1: EGG, Rep2: GREEN ALGAE"
0.3498509412660001,0.9917238820404247,"Rep1: EGG, Rep2: RED ALGAE"
0.34437036799533294,0.975053139469394,"Rep1: EGG, Rep2: SHRIMPS (PRAWN)"
0.3340989310560133,0.9474319236543185,"Rep1: EGG, Rep2: BEEF"
0.32249789312452454,0.9558442035440896,"Rep1: EGG, Rep2: CHICKEN"
0.382966248670527,0.997722970372386,"Rep1: LAMB and MUTTON, Rep2: BEER"
0.38017935898015087,0.9799128992853973,"Rep1: LAMB and MUTTON, Rep2: WINE"
0.3490746312754535,0.9403026360357235,"Rep1: LAMB and MUTTON, Rep2: BAIJIU (CHINESE LIQUOR)"
0.3589208958214999,0.9733229420942955,"Rep1: LAMB and MUTTON, Rep2: GRAPE BRANDY"
0.3464087376540038,0.9306377683181345,"Rep1: LAMB and MUTTON, Rep2: WHISKY"
0.35160635350996783,0.9238384171261094,"Rep1: LAMB and MUTTON, Rep2: CHEESE, VARIOUS TYPES"
0.3768497084267655,0.9512163613988781,"Rep1: LAMB and MUTTON, Rep2: MILK and MILK PRODUCTS"
0.35533165565978314,0.9473416254530452,"Rep1: LAMB and MUTTON, Rep2: COCOA category"
0.36626140517672323,0.9657666098885608,"Rep1: LAMB and MUTTON, Rep2: TEA"
0.3789142648126203,0.9854017690024724,"Rep1: LAMB and MUTTON, Rep2: BROWN ALGAE"
0.3433996124008059,0.9535105448814213,"Rep1: LAMB and MUTTON, Rep2: CRAB"
0.34772777943004574,0.9709227506282636,"Rep1: LAMB and MUTTON, Rep2: FISH"
0.3815293854649836,0.9766523033922968,"Rep1: LAMB and MUTTON, Rep2: GREEN ALGAE"
0.3792127328962824,0.9831040532117522,"Rep1: LAMB and MUTTON, Rep2: RED ALGAE"
0.37384454162101444,0.970876553376403,"Rep1: LAMB and MUTTON, Rep2: SHRIMPS (PRAWN)"
0.28670836047226744,0.9450843499569854,"Rep1: LAMB and MUTTON, Rep2: BEEF"
0.3271912177859503,0.961777882928713,"Rep1: LAMB and MUTTON, Rep2: CHICKEN"
0.33938833495499204,0.9790721520304869,"Rep1: LAMB and MUTTON, Rep2: EGG"
0.3864408400824147,0.996381227089602,"Rep1: PORK, Rep2: BEER"
0.39741928210658006,0.9767257961835225,"Rep1: PORK, Rep2: WINE"
0.36279347117420613,0.932288045735381,"Rep1: PORK, Rep2: BAIJIU (CHINESE LIQUOR)"
0.37859951554556953,0.9569413400468031,"Rep1: PORK, Rep2: GRAPE BRANDY"
0.3619997588380186,0.9272309602351728,"Rep1: PORK, Rep2: WHISKY"
0.3602436282000574,0.935062505721789,"Rep1: PORK, Rep2: CHEESE, VARIOUS TYPES"
0.3738572919985824,0.9319557157869487,"Rep1: PORK, Rep2: MILK and MILK PRODUCTS"
0.3646713225267532,0.9296755201519312,"Rep1: PORK, Rep2: COCOA category"
0.38030764047983684,0.9578029141579176,"Rep1: PORK, Rep2: TEA"
0.3958303707935734,0.981408347054891,"Rep1: PORK, Rep2: BROWN ALGAE"
0.34862764673894925,0.8953039242401197,"Rep1: PORK, Rep2: CRAB"
0.3475898974781599,0.9568474317171559,"Rep1: PORK, Rep2: FISH"
0.3935953789796635,0.9756938704357011,"Rep1: PORK, Rep2: GREEN ALGAE"
0.3891732358454883,0.9858839327554803,"Rep1: PORK, Rep2: RED ALGAE"
0.3632017640254863,0.9569371469970257,"Rep1: PORK, Rep2: SHRIMPS (PRAWN)"
0.29463898572371455,0.9135719401355269,"Rep1: PORK, Rep2: BEEF"
0.31125875555445265,0.9283559292067515,"Rep1: PORK, Rep2: CHICKEN"
0.335369463604309,0.9516258146915078,"Rep1: PORK, Rep2: EGG"
0.31629934197716697,0.9456478247865562,"Rep1: PORK, Rep2: LAMB and MUTTON"
0.3448982219353474,0.9877944259213481,"Rep1: CINNAMOMUM SPECIES, Rep2: BEER"
0.33529216432951914,0.9794563430292456,"Rep1: CINNAMOMUM SPECIES, Rep2: WINE"
0.3219968007516539,0.969802932789073,"Rep1: CINNAMOMUM SPECIES, Rep2: BAIJIU (CHINESE LIQUOR)"
0.3172319624635184,0.9789572394196884,"Rep1: CINNAMOMUM SPECIES, Rep2: GRAPE BRANDY"
0.2975165245072753,0.9748903874905079,"Rep1: CINNAMOMUM SPECIES, Rep2: WHISKY"
0.3516583716632624,0.9865806480003011,"Rep1: CINNAMOMUM SPECIES, Rep2: CHEESE, VARIOUS TYPES"
0.37991358898593824,0.9893287439289444,"Rep1: CINNAMOMUM SPECIES, Rep2: MILK and MILK PRODUCTS"
0.3332906077779792,0.9667815667509304,"Rep1: CINNAMOMUM SPECIES, Rep2: COCOA category"
0.31024104243212186,0.956514876098611,"Rep1: CINNAMOMUM SPECIES, Rep2: TEA"
0.3812233067854777,0.9934964314049988,"Rep1: CINNAMOMUM SPECIES, Rep2: BROWN ALGAE"
0.3555624147603858,0.9786999021166896,"Rep1: CINNAMOMUM SPECIES, Rep2: CRAB"
0.36703944436425784,0.9867161981374495,"Rep1: CINNAMOMUM SPECIES, Rep2: FISH"
0.3831058115143233,0.993857883633138,"Rep1: CINNAMOMUM SPECIES, Rep2: GREEN ALGAE"
0.36963255747493284,0.9957820657666231,"Rep1: CINNAMOMUM SPECIES, Rep2: RED ALGAE"
0.3629729969002601,0.9907519921403706,"Rep1: CINNAMOMUM SPECIES, Rep2: SHRIMPS (PRAWN)"
0.36309512450694154,0.9914096495701084,"Rep1: CINNAMOMUM SPECIES, Rep2: BEEF"
0.3895266915790246,0.9916306885639076,"Rep1: CINNAMOMUM SPECIES, Rep2: CHICKEN"
0.36858604941428835,0.996026572351063,"Rep1: CINNAMOMUM SPECIES, Rep2: EGG"
0.36362328893977525,0.9850962262701882,"Rep1: CINNAMOMUM SPECIES, Rep2: LAMB and MUTTON"
0.37995164260241204,0.9826274079194756,"Rep1: CINNAMOMUM SPECIES, Rep2: PORK"
0.3416722881571564,0.9888830389428124,"Rep1: CURCUMA SPECIES, Rep2: BEER"
0.33175464442516744,0.9917804253561564,"Rep1: CURCUMA SPECIES, Rep2: WINE"
0.3195114180390333,0.9881665993566714,"Rep1: CURCUMA SPECIES, Rep2: BAIJIU (CHINESE LIQUOR)"
0.3224815671492665,0.9925972388936316,"Rep1: CURCUMA SPECIES, Rep2: GRAPE BRANDY"
0.30880580399676444,0.9982880111562844,"Rep1: CURCUMA SPECIES, Rep2: WHISKY"
0.35181269603396637,0.991801260273151,"Rep1: CURCUMA SPECIES, Rep2: CHEESE, VARIOUS TYPES"
0.3796209234751504,0.9948927132780991,"Rep1: CURCUMA SPECIES, Rep2: MILK and MILK PRODUCTS"
0.32748407410209585,0.9887801171775027,"Rep1: CURCUMA SPECIES, Rep2: COCOA category"
0.310889092123717,0.9705327346676554,"Rep1: CURCUMA SPECIES, Rep2: TEA"
0.36290321642770484,0.9947120494711587,"Rep1: CURCUMA SPECIES, Rep2: BROWN ALGAE"
0.3440501878950116,0.9863184389307184,"Rep1: CURCUMA SPECIES, Rep2: CRAB"
0.3555886906632026,0.9924266516731066,"Rep1: CURCUMA SPECIES, Rep2: FISH"
0.36545743071486053,0.9928043126349223,"Rep1: CURCUMA SPECIES, Rep2: GREEN ALGAE"
0.35331514648915285,0.9931741672767866,"Rep1: CURCUMA SPECIES, Rep2: RED ALGAE"
0.36344451805401234,0.9959287223260108,"Rep1: CURCUMA SPECIES, Rep2: SHRIMPS (PRAWN)"
0.36288104638265395,0.9967609482597032,"Rep1: CURCUMA SPECIES, Rep2: BEEF"
0.3827938868344012,0.9927425727043672,"Rep1: CURCUMA SPECIES, Rep2: CHICKEN"
0.3598945113350407,0.9969554964588973,"Rep1: CURCUMA SPECIES, Rep2: EGG"
0.35451753271414777,0.9952809393618578,"Rep1: CURCUMA SPECIES, Rep2: LAMB and MUTTON"
0.37360073375678554,0.9921615633643407,"Rep1: CURCUMA SPECIES, Rep2: PORK"
0.22134696743560855,0.897991747053685,"Rep1: CURCUMA SPECIES, Rep2: CINNAMOMUM SPECIES"
0.34171410895263704,0.9949590306956133,"Rep1: DILL (Anethum species), Rep2: BEER"
0.3260413975638285,0.9876733458538751,"Rep1: DILL (Anethum species), Rep2: WINE"
0.3234830007958044,0.9839531468778377,"Rep1: DILL (Anethum species), Rep2: BAIJIU (CHINESE LIQUOR)"
0.3284893753195919,0.9870233608403397,"Rep1: DILL (Anethum species), Rep2: GRAPE BRANDY"
0.31511063552656154,0.9835345562554704,"Rep1: DILL (Anethum species), Rep2: WHISKY"
0.35857836023157513,0.9804390084126626,"Rep1: DILL (Anethum species), Rep2: CHEESE, VARIOUS TYPES"
0.3849217760068958,0.9789237374043014,"Rep1: DILL (Anethum species), Rep2: MILK and MILK PRODUCTS"
0.3469169680001417,0.9813206576551765,"Rep1: DILL (Anethum species), Rep2: COCOA category"
0.29990538605460104,0.9669076789662866,"Rep1: DILL (Anethum species), Rep2: TEA"
0.37366356438003157,0.9889357835048197,"Rep1: DILL (Anethum species), Rep2: BROWN ALGAE"
0.3531867176921079,0.9697378789024373,"Rep1: DILL (Anethum species), Rep2: CRAB"
0.3675779987113829,0.980530589405261,"Rep1: DILL (Anethum species), Rep2: FISH"
0.35572290695544767,0.9706316327453701,"Rep1: DILL (Anethum species), Rep2: GREEN ALGAE"
0.35085808106024696,0.9837355720734153,"Rep1: DILL (Anethum species), Rep2: RED ALGAE"
0.36288939584942564,0.99154774481977,"Rep1: DILL (Anethum species), Rep2: SHRIMPS (PRAWN)"
0.3810139477074931,0.9811478021527978,"Rep1: DILL (Anethum species), Rep2: BEEF"
0.3969331220091363,0.9680257895297946,"Rep1: DILL (Anethum species), Rep2: CHICKEN"
0.38749606161745886,0.9855696982278525,"Rep1: DILL (Anethum species), Rep2: EGG"
0.37427444273258514,0.9778562413190226,"Rep1: DILL (Anethum species), Rep2: LAMB and MUTTON"
0.39223685673866954,0.9706965228409743,"Rep1: DILL (Anethum species), Rep2: PORK"
0.25036426352025853,0.9199563502536886,"Rep1: DILL (Anethum species), Rep2: CINNAMOMUM SPECIES"
0.24054085737384265,0.9042862141197896,"Rep1: DILL (Anethum species), Rep2: CURCUMA SPECIES"
0.33786945385172973,0.9848394656026136,"Rep1: FENNEL (Foeniculum vulg., ssp. capillaceum; var.), Rep2: BEER"
0.33681900353976063,0.9864915271916044,"Rep1: FENNEL (Foeniculum vulg., ssp. capillaceum; var.), Rep2: WINE"
0.3381970830491995,0.990003284928371,"Rep1: FENNEL (Foeniculum vulg., ssp. capillaceum; var.), Rep2: BAIJIU (CHINESE LIQUOR)"
0.3413202054814395,0.9874638530774998,"Rep1: FENNEL (Foeniculum vulg., ssp. capillaceum; var.), Rep2: GRAPE BRANDY"
0.32677715305133215,0.9919350867845884,"Rep1: FENNEL (Foeniculum vulg., ssp. capillaceum; var.), Rep2: WHISKY"
0.35556162727995094,0.9950253162383543,"Rep1: FENNEL (Foeniculum vulg., ssp. capillaceum; var.), Rep2: CHEESE, VARIOUS TYPES"
0.36845560742406497,0.9946407565118802,"Rep1: FENNEL (Foeniculum vulg., ssp. capillaceum; var.), Rep2: MILK and MILK PRODUCTS"
0.3513185187803714,0.9859752244188843,"Rep1: FENNEL (Foeniculum vulg., ssp. capillaceum; var.), Rep2: COCOA category"
0.3075721693043507,0.9665488419663589,"Rep1: FENNEL (Foeniculum vulg., ssp. capillaceum; var.), Rep2: TEA"
0.381481169504141,0.9987640469595739,"Rep1: FENNEL (Foeniculum vulg., ssp. capillaceum; var.), Rep2: BROWN ALGAE"
0.3557194790889329,0.986408183910943,"Rep1: FENNEL (Foeniculum vulg., ssp. capillaceum; var.), Rep2: CRAB"
0.372554333003812,0.9923852567405166,"Rep1: FENNEL (Foeniculum vulg., ssp. capillaceum; var.), Rep2: FISH"
0.361725111128522,0.9994858733220802,"Rep1: FENNEL (Foeniculum vulg., ssp. capillaceum; var.), Rep2: GREEN ALGAE"
0.35811529260904107,0.9992474142915265,"Rep1: FENNEL (Foeniculum vulg., ssp. capillaceum; var.), Rep2: RED ALGAE"
0.35507760571371966,0.9964924606174873,"Rep1: FENNEL (Foeniculum vulg., ssp. capillaceum; var.), Rep2: SHRIMPS (PRAWN)"
0.39088989667554513,0.9967420402564459,"Rep1: FENNEL (Foeniculum vulg., ssp. capillaceum; var.), Rep2: BEEF"
0.3912494392471152,0.995177571570368,"Rep1: FENNEL (Foeniculum vulg., ssp. capillaceum; var.), Rep2: CHICKEN"
0.3730586498232818,0.9971194539487525,"Rep1: FENNEL (Foeniculum vulg., ssp. capillaceum; var.), Rep2: EGG"
0.3933443622337636,0.9961054246049443,"Rep1: FENNEL (Foeniculum vulg., ssp. capillaceum; var.), Rep2: LAMB and MUTTON"
0.39473353078980816,0.9912068465333281,"Rep1: FENNEL (Foeniculum vulg., ssp. capillaceum; var.), Rep2: PORK"
0.27609459290724914,0.8927625777437652,"Rep1: FENNEL (Foeniculum vulg., ssp. capillaceum; var.), Rep2: CINNAMOMUM SPECIES"
0.2774052107248212,0.8698995331263195,"Rep1: FENNEL (Foeniculum vulg., ssp. capillaceum; var.), Rep2: CURCUMA SPECIES"
0.25074506831403875,0.8653749591676939,"Rep1: FENNEL (Foeniculum vulg., ssp. capillaceum; var.), Rep2: DILL (Anethum species)"
0.33867957276178157,0.9891460019823606,"Rep1: LICORICE (Glycyrrhiza species), Rep2: BEER"
0.33770977019634,0.9650171553175917,"Rep1: LICORICE (Glycyrrhiza species), Rep2: WINE"
0.316926632809192,0.8990565474547003,"Rep1: LICORICE (Glycyrrhiza species), Rep2: BAIJIU (CHINESE LIQUOR)"
0.3037484195482207,0.9555560292694071,"Rep1: LICORICE (Glycyrrhiza species), Rep2: GRAPE BRANDY"
0.2798030801045979,0.9266952870376662,"Rep1: LICORICE (Glycyrrhiza species), Rep2: WHISKY"
0.3403862652178104,0.9517655280640855,"Rep1: LICORICE (Glycyrrhiza species), Rep2: CHEESE, VARIOUS TYPES"
0.3583881354285657,0.9395008570174568,"Rep1: LICORICE (Glycyrrhiza species), Rep2: MILK and MILK PRODUCTS"
0.28954449456174347,0.9176817870174725,"Rep1: LICORICE (Glycyrrhiza species), Rep2: COCOA category"
0.3160768834693679,0.9366661980319216,"Rep1: LICORICE (Glycyrrhiza species), Rep2: TEA"
0.38203136991004966,0.9835243209559018,"Rep1: LICORICE (Glycyrrhiza species), Rep2: BROWN ALGAE"
0.3518525996471151,0.9353495063900339,"Rep1: LICORICE (Glycyrrhiza species), Rep2: CRAB"
0.3597591390251888,0.961057376651615,"Rep1: LICORICE (Glycyrrhiza species), Rep2: FISH"
0.3825370235192867,0.9859464807657999,"Rep1: LICORICE (Glycyrrhiza species), Rep2: GREEN ALGAE"
0.37358143242382075,0.9926671474587765,"Rep1: LICORICE (Glycyrrhiza species), Rep2: RED ALGAE"
0.3668653866225599,0.9571809015139697,"Rep1: LICORICE (Glycyrrhiza species), Rep2: SHRIMPS (PRAWN)"
0.3252451538163686,0.9358897808948733,"Rep1: LICORICE (Glycyrrhiza species), Rep2: BEEF"
0.3578131845569262,0.9607748785804696,"Rep1: LICORICE (Glycyrrhiza species), Rep2: CHICKEN"
0.36079891399195796,0.9796950679243339,"Rep1: LICORICE (Glycyrrhiza species), Rep2: EGG"
0.337515154104555,0.9445397084258306,"Rep1: LICORICE (Glycyrrhiza species), Rep2: LAMB and MUTTON"
0.3514988974524176,0.9417874877133546,"Rep1: LICORICE (Glycyrrhiza species), Rep2: PORK"
0.2746765854938398,0.9477827372773204,"Rep1: LICORICE (Glycyrrhiza species), Rep2: CINNAMOMUM SPECIES"
0.27331294558640634,0.976856537901746,"Rep1: LICORICE (Glycyrrhiza species), Rep2: CURCUMA SPECIES"
0.3076965835423919,0.9625330752453087,"Rep1: LICORICE (Glycyrrhiza species), Rep2: DILL (Anethum species)"
0.3210629792535355,0.9658134029437561,"Rep1: LICORICE (Glycyrrhiza species), Rep2: FENNEL (Foeniculum vulg., ssp. capillaceum; var.)"
0.34766314055683056,0.9904724135333127,"Rep1: MENTHA OILS, Rep2: BEER"
0.3389177373415613,0.9823249501832517,"Rep1: MENTHA OILS, Rep2: WINE"
0.35900111762172027,0.9452866385367343,"Rep1: MENTHA OILS, Rep2: BAIJIU (CHINESE LIQUOR)"
0.3521549903830605,0.9790039716759589,"Rep1: MENTHA OILS, Rep2: GRAPE BRANDY"
0.34633753848397525,0.9819142306053964,"Rep1: MENTHA OILS, Rep2: WHISKY"
0.3707139707803593,0.9846677731004999,"Rep1: MENTHA OILS, Rep2: CHEESE, VARIOUS TYPES"
0.37364171940943786,0.9855936592468272,"Rep1: MENTHA OILS, Rep2: MILK and MILK PRODUCTS"
0.36847475876476393,0.977347872704611,"Rep1: MENTHA OILS, Rep2: COCOA category"
0.31346500235527053,0.9507113457174114,"Rep1: MENTHA OILS, Rep2: TEA"
0.3806308535099966,0.9931482471885745,"Rep1: MENTHA OILS, Rep2: BROWN ALGAE"
0.3404073949635106,0.9723750499906207,"Rep1: MENTHA OILS, Rep2: CRAB"
0.36172586167094345,0.9835465431338047,"Rep1: MENTHA OILS, Rep2: FISH"
0.34653328693511953,0.9950228863465364,"Rep1: MENTHA OILS, Rep2: GREEN ALGAE"
0.3419984327019523,0.9972125525308513,"Rep1: MENTHA OILS, Rep2: RED ALGAE"
0.333153550248598,0.9905696815864394,"Rep1: MENTHA OILS, Rep2: SHRIMPS (PRAWN)"
0.41062207230547565,0.9828928928847068,"Rep1: MENTHA OILS, Rep2: BEEF"
0.4027094363003008,0.9876831886360413,"Rep1: MENTHA OILS, Rep2: CHICKEN"
0.3872549094240987,0.9926199898745809,"Rep1: MENTHA OILS, Rep2: EGG"
0.40820296129475225,0.9887234323114298,"Rep1: MENTHA OILS, Rep2: LAMB and MUTTON"
0.4108835020149612,0.9816077396628327,"Rep1: MENTHA OILS, Rep2: PORK"
0.3163133801774141,0.9168539220234656,"Rep1: MENTHA OILS, Rep2: CINNAMOMUM SPECIES"
0.31458544048646986,0.9155722175614324,"Rep1: MENTHA OILS, Rep2: CURCUMA SPECIES"
0.28487343082211636,0.9185837587200313,"Rep1: MENTHA OILS, Rep2: DILL (Anethum species)"
0.28851444105429075,0.9098553302321195,"Rep1: MENTHA OILS, Rep2: FENNEL (Foeniculum vulg., ssp. capillaceum; var.)"
0.3518469656981498,0.9598141082572992,"Rep1: MENTHA OILS, Rep2: LICORICE (Glycyrrhiza species)"
0.36330576913123785,0.9904343019855757,"Rep1: MUSTARD (Brassica species), Rep2: BEER"
0.3634009474971202,0.9806497474048235,"Rep1: MUSTARD (Brassica species), Rep2: WINE"
0.33159372836390344,0.9458049947059093,"Rep1: MUSTARD (Brassica species), Rep2: BAIJIU (CHINESE LIQUOR)"
0.3443223841176954,0.971907780081314,"Rep1: MUSTARD (Brassica species), Rep2: GRAPE BRANDY"
0.33168138783829354,0.9661325534278609,"Rep1: MUSTARD (Brassica species), Rep2: WHISKY"
0.35836678499007146,0.9744863369489869,"Rep1: MUSTARD (Brassica species), Rep2: CHEESE, VARIOUS TYPES"
0.3910165982903466,0.9587386446164818,"Rep1: MUSTARD (Brassica species), Rep2: MILK and MILK PRODUCTS"
0.342778337694038,0.9521752127928972,"Rep1: MUSTARD (Brassica species), Rep2: COCOA category"
0.3371331238943935,0.9693427333789474,"Rep1: MUSTARD (Brassica species), Rep2: TEA"
0.3904235560346696,0.9919272348538203,"Rep1: MUSTARD (Brassica species), Rep2: BROWN ALGAE"
0.35741523485189297,0.9538783445783957,"Rep1: MUSTARD (Brassica species), Rep2: CRAB"
0.3684956597144546,0.974897818958392,"Rep1: MUSTARD (Brassica species), Rep2: FISH"
0.39282236258095055,0.9857671225033284,"Rep1: MUSTARD (Brassica species), Rep2: GREEN ALGAE"
0.37827572391954223,0.9932886254846894,"Rep1: MUSTARD (Brassica species), Rep2: RED ALGAE"
0.37443726739082817,0.9739908757841514,"Rep1: MUSTARD (Brassica species), Rep2: SHRIMPS (PRAWN)"
0.3590633273427662,0.9580465725400934,"Rep1: MUSTARD (Brassica species), Rep2: BEEF"
0.3792736680732635,0.9773870269706123,"Rep1: MUSTARD (Brassica species), Rep2: CHICKEN"
0.36014485352073744,0.9819941493166571,"Rep1: MUSTARD (Brassica species), Rep2: EGG"
0.3629246331010809,0.9676858379791655,"Rep1: MUSTARD (Brassica species), Rep2: LAMB and MUTTON"
0.37229632845172944,0.9679770718571538,"Rep1: MUSTARD (Brassica species), Rep2: PORK"
0.271822350353078,0.9870280972533785,"Rep1: MUSTARD (Brassica species), Rep2: CINNAMOMUM SPECIES"
0.2656432718166966,0.9896779369731865,"Rep1: MUSTARD (Brassica species), Rep2: CURCUMA SPECIES"
0.2857924960089762,0.9854788231533624,"Rep1: MUSTARD (Brassica species), Rep2: DILL (Anethum species)"
0.30279886080433877,0.9878737135834559,"Rep1: MUSTARD (Brassica species), Rep2: FENNEL (Foeniculum vulg., ssp. capillaceum; var.)"
0.30830298770577497,0.9382434471080489,"Rep1: MUSTARD (Brassica species), Rep2: LICORICE (Glycyrrhiza species)"
0.33601102719417897,0.9878370936487284,"Rep1: MUSTARD (Brassica species), Rep2: MENTHA OILS"
0.344387560778515,0.9870258874840805,"Rep1: PEPPER (Piper nigrum L.), Rep2: BEER"
0.33700904649729624,0.9893735539470251,"Rep1: PEPPER (Piper nigrum L.), Rep2: WINE"
0.3292730176659525,0.9804833067443379,"Rep1: PEPPER (Piper nigrum L.), Rep2: BAIJIU (CHINESE LIQUOR)"
0.33168677977968053,0.988087435583871,"Rep1: PEPPER (Piper nigrum L.), Rep2: GRAPE BRANDY"
0.30546695854365263,0.9911452529919714,"Rep1: PEPPER (Piper nigrum L.), Rep2: WHISKY"
0.3523712711015442,0.987378842743413,"Rep1: PEPPER (Piper nigrum L.), Rep2: CHEESE, VARIOUS TYPES"
0.3847516447391166,0.9899465752942286,"Rep1: PEPPER (Piper nigrum L.), Rep2: MILK and MILK PRODUCTS"
0.34432991771893484,0.9849810683586354,"Rep1: PEPPER (Piper nigrum L.), Rep2: COCOA category"
0.30834830470987634,0.9721131514236168,"Rep1: PEPPER (Piper nigrum L.), Rep2: TEA"
0.37235972237369497,0.9918259977536453,"Rep1: PEPPER (Piper nigrum L.), Rep2: BROWN ALGAE"
0.3479710079155881,0.9849968373963335,"Rep1: PEPPER (Piper nigrum L.), Rep2: CRAB"
0.35671197712224784,0.9903949085459256,"Rep1: PEPPER (Piper nigrum L.), Rep2: FISH"
0.3602910312169518,0.9945941887175463,"Rep1: PEPPER (Piper nigrum L.), Rep2: GREEN ALGAE"
0.35022711585373084,0.9940941534153895,"Rep1: PEPPER (Piper nigrum L.), Rep2: RED ALGAE"
0.36472376484401053,0.9926647100606385,"Rep1: PEPPER (Piper nigrum L.), Rep2: SHRIMPS (PRAWN)"
0.3699478466380814,0.9913034714367557,"Rep1: PEPPER (Piper nigrum L.), Rep2: BEEF"
0.3871314729418899,0.9934462420799445,"Rep1: PEPPER (Piper nigrum L.), Rep2: CHICKEN"
0.3662541452745559,0.9947121913858614,"Rep1: PEPPER (Piper nigrum L.), Rep2: EGG"
0.36285629960041416,0.9906612750751762,"Rep1: PEPPER (Piper nigrum L.), Rep2: LAMB and MUTTON"
0.3807552364313375,0.9901357419375604,"Rep1: PEPPER (Piper nigrum L.), Rep2: PORK"
0.24265447325073172,0.9318551140583232,"Rep1: PEPPER (Piper nigrum L.), Rep2: CINNAMOMUM SPECIES"
0.22941681911933906,0.9107432108939262,"Rep1: PEPPER (Piper nigrum L.), Rep2: CURCUMA SPECIES"
0.24174943458584586,0.9428879944707029,"Rep1: PEPPER (Piper nigrum L.), Rep2: DILL (Anethum species)"
0.2760379634546196,0.9405458512233739,"Rep1: PEPPER (Piper nigrum L.), Rep2: FENNEL (Foeniculum vulg., ssp. capillaceum; var.)"
0.29903870996424353,0.968517937219908,"Rep1: PEPPER (Piper nigrum L.), Rep2: LICORICE (Glycyrrhiza species)"
0.3055553475768835,0.9239602963308929,"Rep1: PEPPER (Piper nigrum L.), Rep2: MENTHA OILS"
0.2677193986753,0.9889802972522964,"Rep1: PEPPER (Piper nigrum L.), Rep2: MUSTARD (Brassica species)"
0.36150184011160186,0.9921045440799184,"Rep1: SESAME SEED OIL, Rep2: BEER"
0.3758450060033533,0.9717864339230051,"Rep1: SESAME SEED OIL, Rep2: WINE"
0.34304408497506855,0.9449917037624868,"Rep1: SESAME SEED OIL, Rep2: BAIJIU (CHINESE LIQUOR)"
0.35000586590722416,0.9504863949592272,"Rep1: SESAME SEED OIL, Rep2: GRAPE BRANDY"
0.33665719108210995,0.9364294141110696,"Rep1: SESAME SEED OIL, Rep2: WHISKY"
0.3537563436085139,0.9289324835078959,"Rep1: SESAME SEED OIL, Rep2: CHEESE, VARIOUS TYPES"
0.3634759747897086,0.9411685988892118,"Rep1: SESAME SEED OIL, Rep2: MILK and MILK PRODUCTS"
0.3295080225660438,0.9399875411529947,"Rep1: SESAME SEED OIL, Rep2: COCOA category"
0.3476333591308442,0.9581508328236957,"Rep1: SESAME SEED OIL, Rep2: TEA"
0.38417654821737995,0.9651911493486122,"Rep1: SESAME SEED OIL, Rep2: BROWN ALGAE"
0.349690606906308,0.9167650152924286,"Rep1: SESAME SEED OIL, Rep2: CRAB"
0.35267660771556975,0.9582737523941965,"Rep1: SESAME SEED OIL, Rep2: FISH"
0.3755739716318006,0.9571820006340628,"Rep1: SESAME SEED OIL, Rep2: GREEN ALGAE"
0.3675655363570122,0.9699654082911673,"Rep1: SESAME SEED OIL, Rep2: RED ALGAE"
0.36693939990334007,0.9670705866253244,"Rep1: SESAME SEED OIL, Rep2: SHRIMPS (PRAWN)"
0.3370255678499062,0.9410582411402139,"Rep1: SESAME SEED OIL, Rep2: BEEF"
0.3527772025914569,0.9111747862818059,"Rep1: SESAME SEED OIL, Rep2: CHICKEN"
0.34110843078982744,0.959639032780012,"Rep1: SESAME SEED OIL, Rep2: EGG"
0.35511681429681285,0.9725873497897902,"Rep1: SESAME SEED OIL, Rep2: LAMB and MUTTON"
0.3575051765204449,0.9121186139467048,"Rep1: SESAME SEED OIL, Rep2: PORK"
0.34174667412083737,0.9760898500175634,"Rep1: SESAME SEED OIL, Rep2: CINNAMOMUM SPECIES"
0.34029192420347165,0.9860279458499159,"Rep1: SESAME SEED OIL, Rep2: CURCUMA SPECIES"
0.35552746651066625,0.9628248514287333,"Rep1: SESAME SEED OIL, Rep2: DILL (Anethum species)"
0.35687315814244286,0.9805532395059958,"Rep1: SESAME SEED OIL, Rep2: FENNEL (Foeniculum vulg., ssp. capillaceum; var.)"
0.3099788622469572,0.9498060326278274,"Rep1: SESAME SEED OIL, Rep2: LICORICE (Glycyrrhiza species)"
0.3699193915759126,0.977347672407833,"Rep1: SESAME SEED OIL, Rep2: MENTHA OILS"
0.32714016127727447,0.9693599995892941,"Rep1: SESAME SEED OIL, Rep2: MUSTARD (Brassica species)"
0.3463531238192662,0.9829708787642042,"Rep1: SESAME SEED OIL, Rep2: PEPPER (Piper nigrum L.)"
0.35839307129622194,0.9917420590515355,"Rep1: ALLIUM SPECIES, Rep2: BEER"
0.35104604676272444,0.9848157644296783,"Rep1: ALLIUM SPECIES, Rep2: WINE"
0.3339660323836711,0.9714620396136522,"Rep1: ALLIUM SPECIES, Rep2: BAIJIU (CHINESE LIQUOR)"
0.3457859432705183,0.9737103638520123,"Rep1: ALLIUM SPECIES, Rep2: GRAPE BRANDY"
0.33780641147874424,0.9730339031549285,"Rep1: ALLIUM SPECIES, Rep2: WHISKY"
0.3628362269378388,0.9731687965357148,"Rep1: ALLIUM SPECIES, Rep2: CHEESE, VARIOUS TYPES"
0.38520083438587904,0.9682684374391916,"Rep1: ALLIUM SPECIES, Rep2: MILK and MILK PRODUCTS"
0.3614564796275715,0.9755676520276565,"Rep1: ALLIUM SPECIES, Rep2: COCOA category"
0.3231849280290085,0.9811826575455413,"Rep1: ALLIUM SPECIES, Rep2: TEA"
0.37559990259653914,0.992821467522169,"Rep1: ALLIUM SPECIES, Rep2: BROWN ALGAE"
0.3502137354499674,0.955319324387708,"Rep1: ALLIUM SPECIES, Rep2: CRAB"
0.36504916172862834,0.9811713550666187,"Rep1: ALLIUM SPECIES, Rep2: FISH"
0.36382655173259415,0.985890113537091,"Rep1: ALLIUM SPECIES, Rep2: GREEN ALGAE"
0.35511850068295475,0.9926848304936445,"Rep1: ALLIUM SPECIES, Rep2: RED ALGAE"
0.35890054654238024,0.9816586201349579,"Rep1: ALLIUM SPECIES, Rep2: SHRIMPS (PRAWN)"
0.36211405283082226,0.9662404060346533,"Rep1: ALLIUM SPECIES, Rep2: BEEF"
0.3806431451310499,0.9778355647765135,"Rep1: ALLIUM SPECIES, Rep2: CHICKEN"
0.3614807028864266,0.9809047007786442,"Rep1: ALLIUM SPECIES, Rep2: EGG"
0.3690325001436923,0.9828935146402231,"Rep1: ALLIUM SPECIES, Rep2: LAMB and MUTTON"
0.3792804091651795,0.9723776350055423,"Rep1: ALLIUM SPECIES, Rep2: PORK"
0.2912519379812186,0.993566464905964,"Rep1: ALLIUM SPECIES, Rep2: CINNAMOMUM SPECIES"
0.2905759347110809,0.994321742845059,"Rep1: ALLIUM SPECIES, Rep2: CURCUMA SPECIES"
0.2775431039979409,0.9894535407625076,"Rep1: ALLIUM SPECIES, Rep2: DILL (Anethum species)"
0.29356535174107423,0.9963267867895471,"Rep1: ALLIUM SPECIES, Rep2: FENNEL (Foeniculum vulg., ssp. capillaceum; var.)"
0.3247444169713703,0.9772015527300769,"Rep1: ALLIUM SPECIES, Rep2: LICORICE (Glycyrrhiza species)"
0.30842017106076874,0.9913104449660145,"Rep1: ALLIUM SPECIES, Rep2: MENTHA OILS"
0.28563447628918576,0.9783305554703116,"Rep1: ALLIUM SPECIES, Rep2: MUSTARD (Brassica species)"
0.2797688081460039,0.9928164379280582,"Rep1: ALLIUM SPECIES, Rep2: PEPPER (Piper nigrum L.)"
0.34750662282345685,0.9766903981151455,"Rep1: ALLIUM SPECIES, Rep2: SESAME SEED OIL"
0.3525352854505545,0.9838180035213041,"Rep1: CAPSICUM SPECIES, Rep2: BEER"
0.32979090722688903,0.9886741913568423,"Rep1: CAPSICUM SPECIES, Rep2: WINE"
0.3236976989659572,0.9868004026011711,"Rep1: CAPSICUM SPECIES, Rep2: BAIJIU (CHINESE LIQUOR)"
0.3281537339964968,0.9901314071526679,"Rep1: CAPSICUM SPECIES, Rep2: GRAPE BRANDY"
0.3217275278563747,0.9890527905612181,"Rep1: CAPSICUM SPECIES, Rep2: WHISKY"
0.3591071150868349,0.9924182218974772,"Rep1: CAPSICUM SPECIES, Rep2: CHEESE, VARIOUS TYPES"
0.3939851075324516,0.9897150469333656,"Rep1: CAPSICUM SPECIES, Rep2: MILK and MILK PRODUCTS"
0.35345116368044116,0.985908438935144,"Rep1: CAPSICUM SPECIES, Rep2: COCOA category"
0.31671795317335905,0.9868878114082305,"Rep1: CAPSICUM SPECIES, Rep2: TEA"
0.39685279141029156,0.9970356468103245,"Rep1: CAPSICUM SPECIES, Rep2: BROWN ALGAE"
0.3551823633312885,0.9877389920229391,"Rep1: CAPSICUM SPECIES, Rep2: CRAB"
0.3743416946438815,0.9901129916128213,"Rep1: CAPSICUM SPECIES, Rep2: FISH"
0.3914900583379569,0.9963903646076243,"Rep1: CAPSICUM SPECIES, Rep2: GREEN ALGAE"
0.3780198547371485,0.9983512991208296,"Rep1: CAPSICUM SPECIES, Rep2: RED ALGAE"
0.3646443761467054,0.9950821447974756,"Rep1: CAPSICUM SPECIES, Rep2: SHRIMPS (PRAWN)"
0.3861399647820285,0.9912986694841115,"Rep1: CAPSICUM SPECIES, Rep2: BEEF"
0.4014660825530122,0.994979927083714,"Rep1: CAPSICUM SPECIES, Rep2: CHICKEN"
0.38869705541937655,0.9903644456711455,"Rep1: CAPSICUM SPECIES, Rep2: EGG"
0.38005841334504276,0.9935887610821559,"Rep1: CAPSICUM SPECIES, Rep2: LAMB and MUTTON"
0.3890867492989041,0.9924348924503048,"Rep1: CAPSICUM SPECIES, Rep2: PORK"
0.2572463554652202,0.9890664095374182,"Rep1: CAPSICUM SPECIES, Rep2: CINNAMOMUM SPECIES"
0.25792634723544944,0.9900946722968844,"Rep1: CAPSICUM SPECIES, Rep2: CURCUMA SPECIES"
0.2606788141787625,0.9905152246536484,"Rep1: CAPSICUM SPECIES, Rep2: DILL (Anethum species)"
0.2752322313133384,0.9907944231079507,"Rep1: CAPSICUM SPECIES, Rep2: FENNEL (Foeniculum vulg., ssp. capillaceum; var.)"
0.31720366115734694,0.9909881963192887,"Rep1: CAPSICUM SPECIES, Rep2: LICORICE (Glycyrrhiza species)"
0.3026789482364661,0.983708012598768,"Rep1: CAPSICUM SPECIES, Rep2: MENTHA OILS"
0.25766078718997465,0.9952079171567885,"Rep1: CAPSICUM SPECIES, Rep2: MUSTARD (Brassica species)"
0.25091337596538815,0.9857567425588404,"Rep1: CAPSICUM SPECIES, Rep2: PEPPER (Piper nigrum L.)"
0.36375399154703786,0.9922220033444343,"Rep1: CAPSICUM SPECIES, Rep2: SESAME SEED OIL"
0.2851055399834725,0.9963400374044636,"Rep1: CAPSICUM SPECIES, Rep2: ALLIUM SPECIES"
0.33235178942292537,0.990896502674259,"Rep1: SOYBEAN (Glycine max. L. merr.), Rep2: BEER"
0.3386883039065025,0.966025229165095,"Rep1: SOYBEAN (Glycine max. L. merr.), Rep2: WINE"
0.31347281436137153,0.9082836432416873,"Rep1: SOYBEAN (Glycine max. L. merr.), Rep2: BAIJIU (CHINESE LIQUOR)"
0.31822626490099426,0.9364818576476303,"Rep1: SOYBEAN (Glycine max. L. merr.), Rep2: GRAPE BRANDY"
0.31143764181067596,0.9140786301728308,"Rep1: SOYBEAN (Glycine max. L. merr.), Rep2: WHISKY"
0.32176901445970674,0.9299691893748385,"Rep1: SOYBEAN (Glycine max. L. merr.), Rep2: CHEESE, VARIOUS TYPES"
0.33690997998786104,0.9262338733326918,"Rep1: SOYBEAN (Glycine max. L. merr.), Rep2: MILK and MILK PRODUCTS"
0.3055388567363384,0.9073034530657256,"Rep1: SOYBEAN (Glycine max. L. merr.), Rep2: COCOA category"
0.3081680208733242,0.9417220099938164,"Rep1: SOYBEAN (Glycine max. L. merr.), Rep2: TEA"
0.36854068740850887,0.9862089128658228,"Rep1: SOYBEAN (Glycine max. L. merr.), Rep2: BROWN ALGAE"
0.32351846219337776,0.8772073948827409,"Rep1: SOYBEAN (Glycine max. L. merr.), Rep2: CRAB"
0.3337662159031022,0.9506308216210047,"Rep1: SOYBEAN (Glycine max. L. merr.), Rep2: FISH"
0.34486119787546915,0.9891172904513046,"Rep1: SOYBEAN (Glycine max. L. merr.), Rep2: GREEN ALGAE"
0.3367818107879516,0.9969526694022143,"Rep1: SOYBEAN (Glycine max. L. merr.), Rep2: RED ALGAE"
0.3338575045251896,0.9452314437116938,"Rep1: SOYBEAN (Glycine max. L. merr.), Rep2: SHRIMPS (PRAWN)"
0.32397178801968857,0.9059114374116922,"Rep1: SOYBEAN (Glycine max. L. merr.), Rep2: BEEF"
0.33352559573416773,0.9428885841686888,"Rep1: SOYBEAN (Glycine max. L. merr.), Rep2: CHICKEN"
0.3222425600582421,0.9577837342599254,"Rep1: SOYBEAN (Glycine max. L. merr.), Rep2: EGG"
0.3395012807750254,0.9468837587155841,"Rep1: SOYBEAN (Glycine max. L. merr.), Rep2: LAMB and MUTTON"
0.339533930112551,0.9100042824569543,"Rep1: SOYBEAN (Glycine max. L. merr.), Rep2: PORK"
0.30630418191163716,0.9726253110203419,"Rep1: SOYBEAN (Glycine max. L. merr.), Rep2: CINNAMOMUM SPECIES"
0.3049764458557384,0.9883854887282371,"Rep1: SOYBEAN (Glycine max. L. merr.), Rep2: CURCUMA SPECIES"
0.3067897137751061,0.9726892466271341,"Rep1: SOYBEAN (Glycine max. L. merr.), Rep2: DILL (Anethum species)"
0.3081133806922143,0.983830895780184,"Rep1: SOYBEAN (Glycine max. L. merr.), Rep2: FENNEL (Foeniculum vulg., ssp. capillaceum; var.)"
0.3004580941841153,0.9201250619894975,"Rep1: SOYBEAN (Glycine max. L. merr.), Rep2: LICORICE (Glycyrrhiza species)"
0.3276569928321679,0.9686692261775504,"Rep1: SOYBEAN (Glycine max. L. merr.), Rep2: MENTHA OILS"
0.3048046438557094,0.9595150742209836,"Rep1: SOYBEAN (Glycine max. L. merr.), Rep2: MUSTARD (Brassica species)"
0.30641855682990854,0.9843989194377868,"Rep1: SOYBEAN (Glycine max. L. merr.), Rep2: PEPPER (Piper nigrum L.)"
0.30113950120211447,0.9055664706715502,"Rep1: SOYBEAN (Glycine max. L. merr.), Rep2: SESAME SEED OIL"
0.30567199686843294,0.9679174876141884,"Rep1: SOYBEAN (Glycine max. L. merr.), Rep2: ALLIUM SPECIES"
0.32350263047983435,0.9873835807761542,"Rep1: SOYBEAN (Glycine max. L. merr.), Rep2: CAPSICUM SPECIES"
0.336761152495694,0.9916352787615736,"Rep1: MUSHROOM, Rep2: BEER"
0.3269470178243122,0.968016737009468,"Rep1: MUSHROOM, Rep2: WINE"
0.295726895852225,0.920978966072513,"Rep1: MUSHROOM, Rep2: BAIJIU (CHINESE LIQUOR)"
0.3026563507928411,0.9480403309566654,"Rep1: MUSHROOM, Rep2: GRAPE BRANDY"
0.2841017999379086,0.9255656936277928,"Rep1: MUSHROOM, Rep2: WHISKY"
0.31126022245225743,0.9445365928107037,"Rep1: MUSHROOM, Rep2: CHEESE, VARIOUS TYPES"
0.3461840736956498,0.9488790079864236,"Rep1: MUSHROOM, Rep2: MILK and MILK PRODUCTS"
0.31128117218505064,0.9309847194524347,"Rep1: MUSHROOM, Rep2: COCOA category"
0.29049545977716007,0.9544291843473035,"Rep1: MUSHROOM, Rep2: TEA"
0.35695173643515643,0.9849184390462465,"Rep1: MUSHROOM, Rep2: BROWN ALGAE"
0.3255819351182797,0.925492419637158,"Rep1: MUSHROOM, Rep2: CRAB"
0.3379490963279765,0.9666804028611495,"Rep1: MUSHROOM, Rep2: FISH"
0.3432819631787405,0.9833199993853468,"Rep1: MUSHROOM, Rep2: GREEN ALGAE"
0.3335247508455691,0.9909911665435928,"Rep1: MUSHROOM, Rep2: RED ALGAE"
0.33460483189160845,0.9635112260155223,"Rep1: MUSHROOM, Rep2: SHRIMPS (PRAWN)"
0.33324873800035665,0.9380685314697863,"Rep1: MUSHROOM, Rep2: BEEF"
0.35410685879613896,0.9579193327424548,"Rep1: MUSHROOM, Rep2: CHICKEN"
0.33520306435614156,0.9747589025677174,"Rep1: MUSHROOM, Rep2: EGG"
0.3426422683701881,0.9538605129728891,"Rep1: MUSHROOM, Rep2: LAMB and MUTTON"
0.3532760625456214,0.9402661712185231,"Rep1: MUSHROOM, Rep2: PORK"
0.2840910276733266,0.9752224999625864,"Rep1: MUSHROOM, Rep2: CINNAMOMUM SPECIES"
0.29131815527338184,0.9888580643238574,"Rep1: MUSHROOM, Rep2: CURCUMA SPECIES"
0.29604851769855384,0.9761914931663751,"Rep1: MUSHROOM, Rep2: DILL (Anethum species)"
0.30348875037996115,0.9894018767057632,"Rep1: MUSHROOM, Rep2: FENNEL (Foeniculum vulg., ssp. capillaceum; var.)"
0.2950809579035918,0.9360913304107731,"Rep1: MUSHROOM, Rep2: LICORICE (Glycyrrhiza species)"
0.32459325401990363,0.9713803254292933,"Rep1: MUSHROOM, Rep2: MENTHA OILS"
0.3134277408800691,0.9653384476518786,"Rep1: MUSHROOM, Rep2: MUSTARD (Brassica species)"
0.2885677332630805,0.9840595623614732,"Rep1: MUSHROOM, Rep2: PEPPER (Piper nigrum L.)"
0.3250268698418638,0.9332126432051909,"Rep1: MUSHROOM, Rep2: SESAME SEED OIL"
0.30190538247198084,0.9720285126900978,"Rep1: MUSHROOM, Rep2: ALLIUM SPECIES"
0.3130529957176469,0.9916141514949984,"Rep1: MUSHROOM, Rep2: CAPSICUM SPECIES"
0.26441662207778294,0.916654116351531,"Rep1: MUSHROOM, Rep2: SOYBEAN (Glycine max. L. merr.)"
0.33594729196434925,0.9788382472922196,"Rep1: TRUFFLE, Rep2: BEER"
0.33345910531987666,0.973836989619353,"Rep1: TRUFFLE, Rep2: WINE"
0.2977755882388176,0.9514355715571495,"Rep1: TRUFFLE, Rep2: BAIJIU (CHINESE LIQUOR)"
0.30582718419295374,0.9449668280742582,"Rep1: TRUFFLE, Rep2: GRAPE BRANDY"
0.28120757024089316,0.9486489160183794,"Rep1: TRUFFLE, Rep2: WHISKY"
0.30556429755338105,0.9341341948957258,"Rep1: TRUFFLE, Rep2: CHEESE, VARIOUS TYPES"
0.3520864705388209,0.9371831568271173,"Rep1: TRUFFLE, Rep2: MILK and MILK PRODUCTS"
0.3084924857376932,0.9549225709413943,"Rep1: TRUFFLE, Rep2: COCOA category"
0.3031865660575306,0.9756144335992037,"Rep1: TRUFFLE, Rep2: TEA"
0.3588104459835279,0.9913295471815853,"Rep1: TRUFFLE, Rep2: BROWN ALGAE"
0.32991604235259325,0.9423582592244589,"Rep1: TRUFFLE, Rep2: CRAB"
0.33906225715052457,0.9608437437127428,"Rep1: TRUFFLE, Rep2: FISH"
0.35701129384308344,0.9934459623340914,"Rep1: TRUFFLE, Rep2: GREEN ALGAE"
0.3453707798109107,0.9989951815529641,"Rep1: TRUFFLE, Rep2: RED ALGAE"
0.34677186468437493,0.9671695754455047,"Rep1: TRUFFLE, Rep2: SHRIMPS (PRAWN)"
0.3352681195697437,0.9377701943554062,"Rep1: TRUFFLE, Rep2: BEEF"
0.3568990788479269,0.9715978695946899,"Rep1: TRUFFLE, Rep2: CHICKEN"
0.340359859372932,0.9656664418382821,"Rep1: TRUFFLE, Rep2: EGG"
0.3327625176922668,0.9706325959534167,"Rep1: TRUFFLE, Rep2: LAMB and MUTTON"
0.3519671950351253,0.9496660438267358,"Rep1: TRUFFLE, Rep2: PORK"
0.27529753154555653,0.9918309872092662,"Rep1: TRUFFLE, Rep2: CINNAMOMUM SPECIES"
0.2770213795353947,0.9973519017389852,"Rep1: TRUFFLE, Rep2: CURCUMA SPECIES"
0.2909780937639467,0.9899566328404087,"Rep1: TRUFFLE, Rep2: DILL (Anethum species)"
0.30415177277601235,0.9957253912535031,"Rep1: TRUFFLE, Rep2: FENNEL (Foeniculum vulg., ssp. capillaceum; var.)"
0.28650196177293447,0.9550208596163732,"Rep1: TRUFFLE, Rep2: LICORICE (Glycyrrhiza species)"
0.34028044415033554,0.9818783239002372,"Rep1: TRUFFLE, Rep2: MENTHA OILS"
0.29547470983529983,0.9646789329426819,"Rep1: TRUFFLE, Rep2: MUSTARD (Brassica species)"
0.27702050942988365,0.9953051341246605,"Rep1: TRUFFLE, Rep2: PEPPER (Piper nigrum L.)"
0.31957496266569163,0.9450638405669215,"Rep1: TRUFFLE, Rep2: SESAME SEED OIL"
0.3108564924726433,0.9731598150233165,"Rep1: TRUFFLE, Rep2: ALLIUM SPECIES"
0.29929446464925946,0.9927034481565788,"Rep1: TRUFFLE, Rep2: CAPSICUM SPECIES"
0.27717445408680746,0.9378926343253285,"Rep1: TRUFFLE, Rep2: SOYBEAN (Glycine max. L. merr.)"
0.22341683556778277,0.9483398374298132,"Rep1: TRUFFLE, Rep2: MUSHROOM"
0.33993983289949276,0.994285868847918,"Rep1: APPLE FRESH (Malus species), Rep2: BEER"
0.30982818477243873,0.9527458385496956,"Rep1: APPLE FRESH (Malus species), Rep2: WINE"
0.3441544798240334,0.9277581861945798,"Rep1: APPLE FRESH (Malus species), Rep2: BAIJIU (CHINESE LIQUOR)"
0.32569407996063104,0.9253432863276744,"Rep1: APPLE FRESH (Malus species), Rep2: GRAPE BRANDY"
0.34386147326813205,0.9325508763175036,"Rep1: APPLE FRESH (Malus species), Rep2: WHISKY"
0.3592626883658317,0.9498456751158246,"Rep1: APPLE FRESH (Malus species), Rep2: CHEESE, VARIOUS TYPES"
0.3632093867673068,0.9583821849850023,"Rep1: APPLE FRESH (Malus species), Rep2: MILK and MILK PRODUCTS"
0.35845019572899045,0.9647172421899671,"Rep1: APPLE FRESH (Malus species), Rep2: COCOA category"
0.3080770432689331,0.9698882131511942,"Rep1: APPLE FRESH (Malus species), Rep2: TEA"
0.39769655597300735,0.9907062586367774,"Rep1: APPLE FRESH (Malus species), Rep2: BROWN ALGAE"
0.3378542424307488,0.962377330474142,"Rep1: APPLE FRESH (Malus species), Rep2: CRAB"
0.36701559284137625,0.9749384514870344,"Rep1: APPLE FRESH (Malus species), Rep2: FISH"
0.35861982473662424,0.9951436370293515,"Rep1: APPLE FRESH (Malus species), Rep2: GREEN ALGAE"
0.35984274579194564,0.9992891007393477,"Rep1: APPLE FRESH (Malus species), Rep2: RED ALGAE"
0.3301790138123697,0.9873732593045814,"Rep1: APPLE FRESH (Malus species), Rep2: SHRIMPS (PRAWN)"
0.3996053566500198,0.9588526576149674,"Rep1: APPLE FRESH (Malus species), Rep2: BEEF"
0.3864694554200311,0.9681235239150554,"Rep1: APPLE FRESH (Malus species), Rep2: CHICKEN"
0.3868201168324,0.984014953216972,"Rep1: APPLE FRESH (Malus species), Rep2: EGG"
0.4001379041994168,0.9822408255662508,"Rep1: APPLE FRESH (Malus species), Rep2: LAMB and MUTTON"
0.39375956732045714,0.9650335970998684,"Rep1: APPLE FRESH (Malus species), Rep2: PORK"
0.3320172587075572,0.9889169025273404,"Rep1: APPLE FRESH (Malus species), Rep2: CINNAMOMUM SPECIES"
0.3307973460277461,0.9939774629414975,"Rep1: APPLE FRESH (Malus species), Rep2: CURCUMA SPECIES"
0.3087224627252206,0.9847189995088134,"Rep1: APPLE FRESH (Malus species), Rep2: DILL (Anethum species)"
0.2982920331505724,0.9881426524626928,"Rep1: APPLE FRESH (Malus species), Rep2: FENNEL (Foeniculum vulg., ssp. capillaceum; var.)"
0.34817904974362546,0.9662613441302668,"Rep1: APPLE FRESH (Malus species), Rep2: LICORICE (Glycyrrhiza species)"
0.2813353633894867,0.9832408280212162,"Rep1: APPLE FRESH (Malus species), Rep2: MENTHA OILS"
0.34321100562033086,0.982641022639463,"Rep1: APPLE FRESH (Malus species), Rep2: MUSTARD (Brassica species)"
0.32730362702633975,0.9906574494698412,"Rep1: APPLE FRESH (Malus species), Rep2: PEPPER (Piper nigrum L.)"
0.3705716980684726,0.9526716887003264,"Rep1: APPLE FRESH (Malus species), Rep2: SESAME SEED OIL"
0.31922347486014235,0.9799372758141016,"Rep1: APPLE FRESH (Malus species), Rep2: ALLIUM SPECIES"
0.282191130837622,0.986153723974518,"Rep1: APPLE FRESH (Malus species), Rep2: CAPSICUM SPECIES"
0.3220561777815894,0.9370580538342653,"Rep1: APPLE FRESH (Malus species), Rep2: SOYBEAN (Glycine max. L. merr.)"
0.32590960424820253,0.9623348214031756,"Rep1: APPLE FRESH (Malus species), Rep2: MUSHROOM"
0.3429046745702719,0.9590852534097942,"Rep1: APPLE FRESH (Malus species), Rep2: TRUFFLE"
0.34867094405202603,0.9864479665220183,"Rep1: CITRUS FRUITS, Rep2: BEER"
0.32981258412891684,0.9745378646076384,"Rep1: CITRUS FRUITS, Rep2: WINE"
0.3712913171239978,0.9680981669153063,"Rep1: CITRUS FRUITS, Rep2: BAIJIU (CHINESE LIQUOR)"
0.35727287375182654,0.9698743055722558,"Rep1: CITRUS FRUITS, Rep2: GRAPE BRANDY"
0.36655263217809336,0.9790427090885683,"Rep1: CITRUS FRUITS, Rep2: WHISKY"
0.37470881114373833,0.9781988444790093,"Rep1: CITRUS FRUITS, Rep2: CHEESE, VARIOUS TYPES"
0.37884393733476934,0.9739158395849311,"Rep1: CITRUS FRUITS, Rep2: MILK and MILK PRODUCTS"
0.3738985967547244,0.9769747766895615,"Rep1: CITRUS FRUITS, Rep2: COCOA category"
0.33165216312083434,0.9509091254285952,"Rep1: CITRUS FRUITS, Rep2: TEA"
0.4022277712512197,0.9930655190332482,"Rep1: CITRUS FRUITS, Rep2: BROWN ALGAE"
0.35352710290623623,0.9738503805985553,"Rep1: CITRUS FRUITS, Rep2: CRAB"
0.3825566628553444,0.9807719169415178,"Rep1: CITRUS FRUITS, Rep2: FISH"
0.3728352177229872,0.9932152847891152,"Rep1: CITRUS FRUITS, Rep2: GREEN ALGAE"
0.3746732193701887,0.9970889884643733,"Rep1: CITRUS FRUITS, Rep2: RED ALGAE"
0.3539400614747586,0.9916550672055348,"Rep1: CITRUS FRUITS, Rep2: SHRIMPS (PRAWN)"
0.42181581296182463,0.9753790510538776,"Rep1: CITRUS FRUITS, Rep2: BEEF"
0.4158100527724594,0.9778562951117048,"Rep1: CITRUS FRUITS, Rep2: CHICKEN"
0.40657215242247036,0.9895091474012321,"Rep1: CITRUS FRUITS, Rep2: EGG"
0.41926513522800707,0.9864583324792767,"Rep1: CITRUS FRUITS, Rep2: LAMB and MUTTON"
0.42057666455232334,0.9730948599580225,"Rep1: CITRUS FRUITS, Rep2: PORK"
0.34076438475113585,0.9127173200257563,"Rep1: CITRUS FRUITS, Rep2: CINNAMOMUM SPECIES"
0.32715724988472283,0.9065466094054685,"Rep1: CITRUS FRUITS, Rep2: CURCUMA SPECIES"
0.31174407988795005,0.9054361873069952,"Rep1: CITRUS FRUITS, Rep2: DILL (Anethum species)"
0.3079634464103263,0.8999832634554985,"Rep1: CITRUS FRUITS, Rep2: FENNEL (Foeniculum vulg., ssp. capillaceum; var.)"
0.3600451804296665,0.9598745815241662,"Rep1: CITRUS FRUITS, Rep2: LICORICE (Glycyrrhiza species)"
0.29297816312214886,0.9014949762676279,"Rep1: CITRUS FRUITS, Rep2: MENTHA OILS"
0.344199710986034,0.9822375791513354,"Rep1: CITRUS FRUITS, Rep2: MUSTARD (Brassica species)"
0.3219687370274195,0.9158549259602223,"Rep1: CITRUS FRUITS, Rep2: PEPPER (Piper nigrum L.)"
0.38531802119423914,0.9673908503760963,"Rep1: CITRUS FRUITS, Rep2: SESAME SEED OIL"
0.330339804547925,0.9863632184794359,"Rep1: CITRUS FRUITS, Rep2: ALLIUM SPECIES"
0.2885551543388774,0.9869311016574506,"Rep1: CITRUS FRUITS, Rep2: CAPSICUM SPECIES"
0.346072245841749,0.9646469985011233,"Rep1: CITRUS FRUITS, Rep2: SOYBEAN (Glycine max. L. merr.)"
0.3539684323515735,0.973801422847659,"Rep1: CITRUS FRUITS, Rep2: MUSHROOM"
0.3553955782300308,0.9855341052697144,"Rep1: CITRUS FRUITS, Rep2: TRUFFLE"
0.24980204057768704,0.9703959458584142,"Rep1: CITRUS FRUITS, Rep2: APPLE FRESH (Malus species)"
0.35038753866344974,0.9854553388695315,"Rep1: GUAVA and FEYOA, Rep2: BEER"
0.3059388809083716,0.9461693070513113,"Rep1: GUAVA and FEYOA, Rep2: WINE"
0.3332874169564274,0.9332571402428219,"Rep1: GUAVA and FEYOA, Rep2: BAIJIU (CHINESE LIQUOR)"
0.31522299201655624,0.9248177534612274,"Rep1: GUAVA and FEYOA, Rep2: GRAPE BRANDY"
0.32798635467200254,0.9284465165381766,"Rep1: GUAVA and FEYOA, Rep2: WHISKY"
0.36991752627129576,0.9494889167574854,"Rep1: GUAVA and FEYOA, Rep2: CHEESE, VARIOUS TYPES"
0.3856586176159896,0.9546865123109274,"Rep1: GUAVA and FEYOA, Rep2: MILK and MILK PRODUCTS"
0.35143135117654173,0.9411356428744919,"Rep1: GUAVA and FEYOA, Rep2: COCOA category"
0.3046500457257352,0.9362051963184606,"Rep1: GUAVA and FEYOA, Rep2: TEA"
0.36787499633768495,0.9873788699832278,"Rep1: GUAVA and FEYOA, Rep2: BROWN ALGAE"
0.3511085988389703,0.9356169800729823,"Rep1: GUAVA and FEYOA, Rep2: CRAB"
0.3811195399605178,0.9738255691338751,"Rep1: GUAVA and FEYOA, Rep2: FISH"
0.35270070670733017,0.9858741022038431,"Rep1: GUAVA and FEYOA, Rep2: GREEN ALGAE"
0.34934483469786193,0.9937763326296276,"Rep1: GUAVA and FEYOA, Rep2: RED ALGAE"
0.3583254846229912,0.9794218655743167,"Rep1: GUAVA and FEYOA, Rep2: SHRIMPS (PRAWN)"
0.3994574209607642,0.9538268046210503,"Rep1: GUAVA and FEYOA, Rep2: BEEF"
0.4101006407696888,0.9664838652466959,"Rep1: GUAVA and FEYOA, Rep2: CHICKEN"
0.3957083758418825,0.9814200437684407,"Rep1: GUAVA and FEYOA, Rep2: EGG"
0.3873798101967055,0.9770771875430091,"Rep1: GUAVA and FEYOA, Rep2: LAMB and MUTTON"
0.40740040080836454,0.9588968492368976,"Rep1: GUAVA and FEYOA, Rep2: PORK"
0.2976340563767868,0.9217319878829403,"Rep1: GUAVA and FEYOA, Rep2: CINNAMOMUM SPECIES"
0.29248151814943657,0.9366153967189281,"Rep1: GUAVA and FEYOA, Rep2: CURCUMA SPECIES"
0.2832981593387556,0.9370438098987522,"Rep1: GUAVA and FEYOA, Rep2: DILL (Anethum species)"
0.2927803737830214,0.9420045645712835,"Rep1: GUAVA and FEYOA, Rep2: FENNEL (Foeniculum vulg., ssp. capillaceum; var.)"
0.3251629956907789,0.945996191424832,"Rep1: GUAVA and FEYOA, Rep2: LICORICE (Glycyrrhiza species)"
0.30461224875792514,0.9234160191902978,"Rep1: GUAVA and FEYOA, Rep2: MENTHA OILS"
0.33162181873836805,0.9751301021248822,"Rep1: GUAVA and FEYOA, Rep2: MUSTARD (Brassica species)"
0.3025482335392764,0.9266332841850018,"Rep1: GUAVA and FEYOA, Rep2: PEPPER (Piper nigrum L.)"
0.3800693055761628,0.9574541667502332,"Rep1: GUAVA and FEYOA, Rep2: SESAME SEED OIL"
0.3188854608362837,0.9742303287332958,"Rep1: GUAVA and FEYOA, Rep2: ALLIUM SPECIES"
0.27832663374101296,0.9789438439933438,"Rep1: GUAVA and FEYOA, Rep2: CAPSICUM SPECIES"
0.3280061173665904,0.9375076063702864,"Rep1: GUAVA and FEYOA, Rep2: SOYBEAN (Glycine max. L. merr.)"
0.30960048797360745,0.9491989508292297,"Rep1: GUAVA and FEYOA, Rep2: MUSHROOM"
0.31556002465572786,0.9666916356770038,"Rep1: GUAVA and FEYOA, Rep2: TRUFFLE"
0.2769211591804124,0.9262371217084087,"Rep1: GUAVA and FEYOA, Rep2: APPLE FRESH (Malus species)"
0.2932040947298877,0.9166748400484042,"Rep1: GUAVA and FEYOA, Rep2: CITRUS FRUITS"
0.34684380594617975,0.9943011387927534,"Rep1: MANGIFERA SPECIES, Rep2: BEER"
0.3176693905370274,0.970537750088581,"Rep1: MANGIFERA SPECIES, Rep2: WINE"
0.3192204292512548,0.9615059056976315,"Rep1: MANGIFERA SPECIES, Rep2: BAIJIU (CHINESE LIQUOR)"
0.31219462899852524,0.9582587245130714,"Rep1: MANGIFERA SPECIES, Rep2: GRAPE BRANDY"
0.335251824418496,0.9586491336853482,"Rep1: MANGIFERA SPECIES, Rep2: WHISKY"
0.3526816559208476,0.9649426917196932,"Rep1: MANGIFERA SPECIES, Rep2: CHEESE, VARIOUS TYPES"
0.3668274300425297,0.9728065605537379,"Rep1: MANGIFERA SPECIES, Rep2: MILK and MILK PRODUCTS"
0.33329248956982466,0.9642444318019736,"Rep1: MANGIFERA SPECIES, Rep2: COCOA category"
0.32104383676357545,0.9642216537358212,"Rep1: MANGIFERA SPECIES, Rep2: TEA"
0.37986467368501403,0.975645466683023,"Rep1: MANGIFERA SPECIES, Rep2: BROWN ALGAE"
0.3384775849898791,0.9661213830869986,"Rep1: MANGIFERA SPECIES, Rep2: CRAB"
0.37043903344663853,0.9800119546928451,"Rep1: MANGIFERA SPECIES, Rep2: FISH"
0.37682429355753333,0.9608791274984692,"Rep1: MANGIFERA SPECIES, Rep2: GREEN ALGAE"
0.3699988380137445,0.9688826592179063,"Rep1: MANGIFERA SPECIES, Rep2: RED ALGAE"
0.344083565206812,0.9878722065264373,"Rep1: MANGIFERA SPECIES, Rep2: SHRIMPS (PRAWN)"
0.37554114966638125,0.976905298043712,"Rep1: MANGIFERA SPECIES, Rep2: BEEF"
0.3851722514670078,0.9587742683938035,"Rep1: MANGIFERA SPECIES, Rep2: CHICKEN"
0.37817455654542914,0.984568472898734,"Rep1: MANGIFERA SPECIES, Rep2: EGG"
0.3771615398145959,0.980422211958672,"Rep1: MANGIFERA SPECIES, Rep2: LAMB and MUTTON"
0.3804646904331731,0.9703086164053424,"Rep1: MANGIFERA SPECIES, Rep2: PORK"
0.3055205838514607,0.9570156438016136,"Rep1: MANGIFERA SPECIES, Rep2: CINNAMOMUM SPECIES"
0.307822070867524,0.9501741946188831,"Rep1: MANGIFERA SPECIES, Rep2: CURCUMA SPECIES"
0.31268916397934304,0.937787313724736,"Rep1: MANGIFERA SPECIES, Rep2: DILL (Anethum species)"
0.30858250653813885,0.9462306256190554,"Rep1: MANGIFERA SPECIES, Rep2: FENNEL (Foeniculum vulg., ssp. capillaceum; var.)"
0.321881839150609,0.9693200665476875,"Rep1: MANGIFERA SPECIES, Rep2: LICORICE (Glycyrrhiza species)"
0.32161305782516963,0.955661626926824,"Rep1: MANGIFERA SPECIES, Rep2: MENTHA OILS"
0.32489585294177703,0.9821933774054606,"Rep1: MANGIFERA SPECIES, Rep2: MUSTARD (Brassica species)"
0.32123173171121006,0.9626482855637148,"Rep1: MANGIFERA SPECIES, Rep2: PEPPER (Piper nigrum L.)"
0.36226486487483167,0.9537502362774455,"Rep1: MANGIFERA SPECIES, Rep2: SESAME SEED OIL"
0.3225647793960214,0.9859095325680298,"Rep1: MANGIFERA SPECIES, Rep2: ALLIUM SPECIES"
0.2758319646745006,0.9895976003436516,"Rep1: MANGIFERA SPECIES, Rep2: CAPSICUM SPECIES"
0.3226233018599677,0.9700783070472879,"Rep1: MANGIFERA SPECIES, Rep2: SOYBEAN (Glycine max. L. merr.)"
0.31488625865649295,0.9721094917517628,"Rep1: MANGIFERA SPECIES, Rep2: MUSHROOM"
0.32502365717843185,0.9803491565971966,"Rep1: MANGIFERA SPECIES, Rep2: TRUFFLE"
0.2711114554362872,0.9616701529029683,"Rep1: MANGIFERA SPECIES, Rep2: APPLE FRESH (Malus species)"
0.2949979068237464,0.9442239201459739,"Rep1: MANGIFERA SPECIES, Rep2: CITRUS FRUITS"
0.25725115318755626,0.9289818737095532,"Rep1: MANGIFERA SPECIES, Rep2: GUAVA and FEYOA"
0.3355135299755334,0.9924664636497113,"Rep1: OLIVE (Olea europaea), Rep2: BEER"
0.3148353505868009,0.9698016799739939,"Rep1: OLIVE (Olea europaea), Rep2: WINE"
0.30368298090369866,0.9515523904944784,"Rep1: OLIVE (Olea europaea), Rep2: BAIJIU (CHINESE LIQUOR)"
0.3036887006011796,0.9462429444476091,"Rep1: OLIVE (Olea europaea), Rep2: GRAPE BRANDY"
0.2995678911550422,0.9425821571686409,"Rep1: OLIVE (Olea europaea), Rep2: WHISKY"
0.32396892796496124,0.9415110011421463,"Rep1: OLIVE (Olea europaea), Rep2: CHEESE, VARIOUS TYPES"
0.3576248803295782,0.9538734372107404,"Rep1: OLIVE (Olea europaea), Rep2: MILK and MILK PRODUCTS"
0.3085582312851534,0.9588619141557655,"Rep1: OLIVE (Olea europaea), Rep2: COCOA category"
0.29737833421965204,0.9603018763242277,"Rep1: OLIVE (Olea europaea), Rep2: TEA"
0.34308021379350595,0.9708837819644598,"Rep1: OLIVE (Olea europaea), Rep2: BROWN ALGAE"
0.3157498195132942,0.9513825387311103,"Rep1: OLIVE (Olea europaea), Rep2: CRAB"
0.33708320820170695,0.969458807457842,"Rep1: OLIVE (Olea europaea), Rep2: FISH"
0.3345454872846984,0.9743725433034912,"Rep1: OLIVE (Olea europaea), Rep2: GREEN ALGAE"
0.33114265789584535,0.9814524792261078,"Rep1: OLIVE (Olea europaea), Rep2: RED ALGAE"
0.34727916230975886,0.9786279181307337,"Rep1: OLIVE (Olea europaea), Rep2: SHRIMPS (PRAWN)"
0.3366803156092201,0.9482592197894909,"Rep1: OLIVE (Olea europaea), Rep2: BEEF"
0.367512102802303,0.9407638595106168,"Rep1: OLIVE (Olea europaea), Rep2: CHICKEN"
0.35566385291733377,0.9740446492224072,"Rep1: OLIVE (Olea europaea), Rep2: EGG"
0.33271761709019526,0.9725687345648292,"Rep1: OLIVE (Olea europaea), Rep2: LAMB and MUTTON"
0.3600415203444991,0.9460162076843842,"Rep1: OLIVE (Olea europaea), Rep2: PORK"
0.29561423067684606,0.9790896453281333,"Rep1: OLIVE (Olea europaea), Rep2: CINNAMOMUM SPECIES"
0.27091441162234126,0.9805937631028052,"Rep1: OLIVE (Olea europaea), Rep2: CURCUMA SPECIES"
0.2776374788714538,0.9680312034051979,"Rep1: OLIVE (Olea europaea), Rep2: DILL (Anethum species)"
0.30085642559011266,0.9799977644583933,"Rep1: OLIVE (Olea europaea), Rep2: FENNEL (Foeniculum vulg., ssp. capillaceum; var.)"
0.28795105152965406,0.9564717410023169,"Rep1: OLIVE (Olea europaea), Rep2: LICORICE (Glycyrrhiza species)"
0.32521053563475044,0.9706040995650477,"Rep1: OLIVE (Olea europaea), Rep2: MENTHA OILS"
0.3015826656499338,0.9806507992960644,"Rep1: OLIVE (Olea europaea), Rep2: MUSTARD (Brassica species)"
0.2753356144342741,0.9765137016847724,"Rep1: OLIVE (Olea europaea), Rep2: PEPPER (Piper nigrum L.)"
0.32272907011036656,0.9012722265154282,"Rep1: OLIVE (Olea europaea), Rep2: SESAME SEED OIL"
0.30729765459522257,0.9810744976583696,"Rep1: OLIVE (Olea europaea), Rep2: ALLIUM SPECIES"
0.289717729922406,0.9882643173760509,"Rep1: OLIVE (Olea europaea), Rep2: CAPSICUM SPECIES"
0.2859898293286231,0.9395164237999638,"Rep1: OLIVE (Olea europaea), Rep2: SOYBEAN (Glycine max. L. merr.)"
0.2752415777231128,0.9578356497408466,"Rep1: OLIVE (Olea europaea), Rep2: MUSHROOM"
0.27278348069266845,0.956810676686765,"Rep1: OLIVE (Olea europaea), Rep2: TRUFFLE"
0.3132987878680382,0.9449057899457451,"Rep1: OLIVE (Olea europaea), Rep2: APPLE FRESH (Malus species)"
0.309483297400159,0.9616767587539431,"Rep1: OLIVE (Olea europaea), Rep2: CITRUS FRUITS"
0.28627469230665586,0.934569061377421,"Rep1: OLIVE (Olea europaea), Rep2: GUAVA and FEYOA"
0.29651346469043127,0.9504925387339306,"Rep1: OLIVE (Olea europaea), Rep2: MANGIFERA SPECIES"
0.3608148048322927,0.9929495478347499,"Rep1: PASSION FRUIT (PASSIFLORA SPECIES), Rep2: BEER"
0.3093650407909609,0.9523456066544681,"Rep1: PASSION FRUIT (PASSIFLORA SPECIES), Rep2: WINE"
0.34544082838762186,0.9300346115464085,"Rep1: PASSION FRUIT (PASSIFLORA SPECIES), Rep2: BAIJIU (CHINESE LIQUOR)"
0.3216666310106522,0.9295073769238937,"Rep1: PASSION FRUIT (PASSIFLORA SPECIES), Rep2: GRAPE BRANDY"
0.34975644053705585,0.92213042626089,"Rep1: PASSION FRUIT (PASSIFLORA SPECIES), Rep2: WHISKY"
0.37331213797258095,0.9487151426858305,"Rep1: PASSION FRUIT (PASSIFLORA SPECIES), Rep2: CHEESE, VARIOUS TYPES"
0.38332878739345794,0.9605461716091629,"Rep1: PASSION FRUIT (PASSIFLORA SPECIES), Rep2: MILK and MILK PRODUCTS"
0.36309934009371797,0.9375812576339774,"Rep1: PASSION FRUIT (PASSIFLORA SPECIES), Rep2: COCOA category"
0.31876159997816406,0.9404804647264197,"Rep1: PASSION FRUIT (PASSIFLORA SPECIES), Rep2: TEA"
0.3811234458503575,0.9915704280611556,"Rep1: PASSION FRUIT (PASSIFLORA SPECIES), Rep2: BROWN ALGAE"
0.34941681239686895,0.9464997756805644,"Rep1: PASSION FRUIT (PASSIFLORA SPECIES), Rep2: CRAB"
0.38696499843564364,0.9822235945622818,"Rep1: PASSION FRUIT (PASSIFLORA SPECIES), Rep2: FISH"
0.3633849853588454,0.9900707941413681,"Rep1: PASSION FRUIT (PASSIFLORA SPECIES), Rep2: GREEN ALGAE"
0.363524640511554,0.9948459157821318,"Rep1: PASSION FRUIT (PASSIFLORA SPECIES), Rep2: RED ALGAE"
0.3536362092861636,0.9794741672479714,"Rep1: PASSION FRUIT (PASSIFLORA SPECIES), Rep2: SHRIMPS (PRAWN)"
0.4105554335998742,0.9588797073100358,"Rep1: PASSION FRUIT (PASSIFLORA SPECIES), Rep2: BEEF"
0.4119911538369776,0.97682567294725,"Rep1: PASSION FRUIT (PASSIFLORA SPECIES), Rep2: CHICKEN"
0.40320096365019276,0.985239630914534,"Rep1: PASSION FRUIT (PASSIFLORA SPECIES), Rep2: EGG"
0.4007593670445703,0.9739281405399672,"Rep1: PASSION FRUIT (PASSIFLORA SPECIES), Rep2: LAMB and MUTTON"
0.4123764418472048,0.9608800587685222,"Rep1: PASSION FRUIT (PASSIFLORA SPECIES), Rep2: PORK"
0.33275101269300034,0.9610694794447235,"Rep1: PASSION FRUIT (PASSIFLORA SPECIES), Rep2: CINNAMOMUM SPECIES"
0.32795451247286483,0.9712630407764818,"Rep1: PASSION FRUIT (PASSIFLORA SPECIES), Rep2: CURCUMA SPECIES"
0.3157010487695902,0.959736914195658,"Rep1: PASSION FRUIT (PASSIFLORA SPECIES), Rep2: DILL (Anethum species)"
0.31203432559604677,0.965228800014969,"Rep1: PASSION FRUIT (PASSIFLORA SPECIES), Rep2: FENNEL (Foeniculum vulg., ssp. capillaceum; var.)"
0.3484625131445458,0.9503289427010793,"Rep1: PASSION FRUIT (PASSIFLORA SPECIES), Rep2: LICORICE (Glycyrrhiza species)"
0.30936176704048807,0.9572290456197633,"Rep1: PASSION FRUIT (PASSIFLORA SPECIES), Rep2: MENTHA OILS"
0.3495939698823475,0.9808643408282918,"Rep1: PASSION FRUIT (PASSIFLORA SPECIES), Rep2: MUSTARD (Brassica species)"
0.3358263487349547,0.9743243914616524,"Rep1: PASSION FRUIT (PASSIFLORA SPECIES), Rep2: PEPPER (Piper nigrum L.)"
0.39190151611578333,0.966978004871042,"Rep1: PASSION FRUIT (PASSIFLORA SPECIES), Rep2: SESAME SEED OIL"
0.33637897280848655,0.9823914399512408,"Rep1: PASSION FRUIT (PASSIFLORA SPECIES), Rep2: ALLIUM SPECIES"
0.28110169594577655,0.9846039595377231,"Rep1: PASSION FRUIT (PASSIFLORA SPECIES), Rep2: CAPSICUM SPECIES"
0.3445853042370203,0.9490341708334414,"Rep1: PASSION FRUIT (PASSIFLORA SPECIES), Rep2: SOYBEAN (Glycine max. L. merr.)"
0.3314682536448679,0.953608325691446,"Rep1: PASSION FRUIT (PASSIFLORA SPECIES), Rep2: MUSHROOM"
0.34043422573454973,0.974424666126101,"Rep1: PASSION FRUIT (PASSIFLORA SPECIES), Rep2: TRUFFLE"
0.24313393517860596,0.9240384379442714,"Rep1: PASSION FRUIT (PASSIFLORA SPECIES), Rep2: APPLE FRESH (Malus species)"
0.26681953206100417,0.9456901557970032,"Rep1: PASSION FRUIT (PASSIFLORA SPECIES), Rep2: CITRUS FRUITS"
0.20192919759447053,0.8954429129074455,"Rep1: PASSION FRUIT (PASSIFLORA SPECIES), Rep2: GUAVA and FEYOA"
0.23877249558298233,0.9341973847106577,"Rep1: PASSION FRUIT (PASSIFLORA SPECIES), Rep2: MANGIFERA SPECIES"
0.30263805132319804,0.9493598705006325,"Rep1: PASSION FRUIT (PASSIFLORA SPECIES), Rep2: OLIVE (Olea europaea)"
0.3500302096058269,0.9893847384765141,"Rep1: PLUM (Prunus species), Rep2: BEER"
0.316544859403636,0.9490774081077484,"Rep1: PLUM (Prunus species), Rep2: WINE"
0.33238976869066156,0.9169542246690907,"Rep1: PLUM (Prunus species), Rep2: BAIJIU (CHINESE LIQUOR)"
0.3216677075985382,0.9294921001566341,"Rep1: PLUM (Prunus species), Rep2: GRAPE BRANDY"
0.34142431769367115,0.9323437678927385,"Rep1: PLUM (Prunus species), Rep2: WHISKY"
0.3536494430393538,0.9522593767717734,"Rep1: PLUM (Prunus species), Rep2: CHEESE, VARIOUS TYPES"
0.3639182867504481,0.9470814330139641,"Rep1: PLUM (Prunus species), Rep2: MILK and MILK PRODUCTS"
0.3412046102550408,0.933543228969249,"Rep1: PLUM (Prunus species), Rep2: COCOA category"
0.32440743025430213,0.932434228735751,"Rep1: PLUM (Prunus species), Rep2: TEA"
0.37763992287929155,0.9807207703508944,"Rep1: PLUM (Prunus species), Rep2: BROWN ALGAE"
0.3428550867617324,0.9258893360667295,"Rep1: PLUM (Prunus species), Rep2: CRAB"
0.3764621319945885,0.9682657089992198,"Rep1: PLUM (Prunus species), Rep2: FISH"
0.37409949032016543,0.9714999425814759,"Rep1: PLUM (Prunus species), Rep2: GREEN ALGAE"
0.3693727813256942,0.9864009214888222,"Rep1: PLUM (Prunus species), Rep2: RED ALGAE"
0.34205020953714066,0.9766918656047721,"Rep1: PLUM (Prunus species), Rep2: SHRIMPS (PRAWN)"
0.38518369987017104,0.9483725789325441,"Rep1: PLUM (Prunus species), Rep2: BEEF"
0.3915264263359275,0.9563865678556158,"Rep1: PLUM (Prunus species), Rep2: CHICKEN"
0.38550732964254775,0.9789740240565644,"Rep1: PLUM (Prunus species), Rep2: EGG"
0.3918483934839979,0.9643839953970912,"Rep1: PLUM (Prunus species), Rep2: LAMB and MUTTON"
0.3901073439613339,0.9463564068325465,"Rep1: PLUM (Prunus species), Rep2: PORK"
0.32480563946371793,0.9549711429556251,"Rep1: PLUM (Prunus species), Rep2: CINNAMOMUM SPECIES"
0.32476737769753317,0.9784497612442208,"Rep1: PLUM (Prunus species), Rep2: CURCUMA SPECIES"
0.32410175303907424,0.9625330917500186,"Rep1: PLUM (Prunus species), Rep2: DILL (Anethum species)"
0.31062531180448677,0.9762452734819703,"Rep1: PLUM (Prunus species), Rep2: FENNEL (Foeniculum vulg., ssp. capillaceum; var.)"
0.3284459570521038,0.9303110119416476,"Rep1: PLUM (Prunus species), Rep2: LICORICE (Glycyrrhiza species)"
0.3237789263831343,0.9635121037905672,"Rep1: PLUM (Prunus species), Rep2: MENTHA OILS"
0.3430843848553563,0.9620389423333352,"Rep1: PLUM (Prunus species), Rep2: MUSTARD (Brassica species)"
0.33604867803101185,0.9789559698446526,"Rep1: PLUM (Prunus species), Rep2: PEPPER (Piper nigrum L.)"
0.3655778675431036,0.9470172033028048,"Rep1: PLUM (Prunus species), Rep2: SESAME SEED OIL"
0.33540220170332175,0.9724972324797186,"Rep1: PLUM (Prunus species), Rep2: ALLIUM SPECIES"
0.29695467077835663,0.9870297499753024,"Rep1: PLUM (Prunus species), Rep2: CAPSICUM SPECIES"
0.3281792566651522,0.9268494489194092,"Rep1: PLUM (Prunus species), Rep2: SOYBEAN (Glycine max. L. merr.)"
0.3182024229552433,0.940974164663519,"Rep1: PLUM (Prunus species), Rep2: MUSHROOM"
0.3281724914751998,0.9640623206490169,"Rep1: PLUM (Prunus species), Rep2: TRUFFLE"
0.26369409919678416,0.9253056765126039,"Rep1: PLUM (Prunus species), Rep2: APPLE FRESH (Malus species)"
0.29072499124095275,0.9505885572354108,"Rep1: PLUM (Prunus species), Rep2: CITRUS FRUITS"
0.2766402930676222,0.9097347501940887,"Rep1: PLUM (Prunus species), Rep2: GUAVA and FEYOA"
0.2682677253455522,0.949710104634727,"Rep1: PLUM (Prunus species), Rep2: MANGIFERA SPECIES"
0.30467726386924443,0.9457701388494323,"Rep1: PLUM (Prunus species), Rep2: OLIVE (Olea europaea)"
0.25535989579581325,0.9128251121225847,"Rep1: PLUM (Prunus species), Rep2: PASSION FRUIT (PASSIFLORA SPECIES)"
0.3463320092392006,0.982343405301952,"Rep1: RASPBERRY, BLACKBERRY and BOYSENBERRY, Rep2: BEER"
0.30982138129742776,0.9466263517607499,"Rep1: RASPBERRY, BLACKBERRY and BOYSENBERRY, Rep2: WINE"
0.3400018774031739,0.9251103686044753,"Rep1: RASPBERRY, BLACKBERRY and BOYSENBERRY, Rep2: BAIJIU (CHINESE LIQUOR)"
0.32263142152506313,0.9316752513827249,"Rep1: RASPBERRY, BLACKBERRY and BOYSENBERRY, Rep2: GRAPE BRANDY"
0.3346902970392009,0.9380280697770554,"Rep1: RASPBERRY, BLACKBERRY and BOYSENBERRY, Rep2: WHISKY"
0.36382861638324443,0.9533777957810513,"Rep1: RASPBERRY, BLACKBERRY and BOYSENBERRY, Rep2: CHEESE, VARIOUS TYPES"
0.3704692381288077,0.9405540765079493,"Rep1: RASPBERRY, BLACKBERRY and BOYSENBERRY, Rep2: MILK and MILK PRODUCTS"
0.34648269578258667,0.942761122103024,"Rep1: RASPBERRY, BLACKBERRY and BOYSENBERRY, Rep2: COCOA category"
0.3085108236317602,0.9218952251538108,"Rep1: RASPBERRY, BLACKBERRY and BOYSENBERRY, Rep2: TEA"
0.38332289478454534,0.984639500403751,"Rep1: RASPBERRY, BLACKBERRY and BOYSENBERRY, Rep2: BROWN ALGAE"
0.3558033406155465,0.9410761262099748,"Rep1: RASPBERRY, BLACKBERRY and BOYSENBERRY, Rep2: CRAB"
0.3789566448995707,0.964144997440596,"Rep1: RASPBERRY, BLACKBERRY and BOYSENBERRY, Rep2: FISH"
0.356383011534671,0.9866497463864382,"Rep1: RASPBERRY, BLACKBERRY and BOYSENBERRY, Rep2: GREEN ALGAE"
0.35519152773698326,0.9961311994167916,"Rep1: RASPBERRY, BLACKBERRY and BOYSENBERRY, Rep2: RED ALGAE"
0.35493148654064816,0.9777521640995985,"Rep1: RASPBERRY, BLACKBERRY and BOYSENBERRY, Rep2: SHRIMPS (PRAWN)"
0.3976363854775207,0.9460975405312491,"Rep1: RASPBERRY, BLACKBERRY and BOYSENBERRY, Rep2: BEEF"
0.399275798997491,0.9624108222110476,"Rep1: RASPBERRY, BLACKBERRY and BOYSENBERRY, Rep2: CHICKEN"
0.39608863715774634,0.9829506360313679,"Rep1: RASPBERRY, BLACKBERRY and BOYSENBERRY, Rep2: EGG"
0.3943975220724497,0.9687085142559625,"Rep1: RASPBERRY, BLACKBERRY and BOYSENBERRY, Rep2: LAMB and MUTTON"
0.4035833860068742,0.9491694681637272,"Rep1: RASPBERRY, BLACKBERRY and BOYSENBERRY, Rep2: PORK"
0.3248539255917593,0.9421968217392331,"Rep1: RASPBERRY, BLACKBERRY and BOYSENBERRY, Rep2: CINNAMOMUM SPECIES"
0.3127767935754725,0.9499965844912265,"Rep1: RASPBERRY, BLACKBERRY and BOYSENBERRY, Rep2: CURCUMA SPECIES"
0.296388637754417,0.9407302748236394,"Rep1: RASPBERRY, BLACKBERRY and BOYSENBERRY, Rep2: DILL (Anethum species)"
0.2987766119719272,0.9409514745315418,"Rep1: RASPBERRY, BLACKBERRY and BOYSENBERRY, Rep2: FENNEL (Foeniculum vulg., ssp. capillaceum; var.)"
0.33094658828631657,0.9294456338213166,"Rep1: RASPBERRY, BLACKBERRY and BOYSENBERRY, Rep2: LICORICE (Glycyrrhiza species)"
0.30662055153906886,0.9370375044927968,"Rep1: RASPBERRY, BLACKBERRY and BOYSENBERRY, Rep2: MENTHA OILS"
0.35224763034799084,0.967414942748068,"Rep1: RASPBERRY, BLACKBERRY and BOYSENBERRY, Rep2: MUSTARD (Brassica species)"
0.31532370641407703,0.9599420461580808,"Rep1: RASPBERRY, BLACKBERRY and BOYSENBERRY, Rep2: PEPPER (Piper nigrum L.)"
0.37162720658962295,0.9332581600694104,"Rep1: RASPBERRY, BLACKBERRY and BOYSENBERRY, Rep2: SESAME SEED OIL"
0.33078259072148963,0.9719293543193022,"Rep1: RASPBERRY, BLACKBERRY and BOYSENBERRY, Rep2: ALLIUM SPECIES"
0.31158803946356717,0.9867323676656767,"Rep1: RASPBERRY, BLACKBERRY and BOYSENBERRY, Rep2: CAPSICUM SPECIES"
0.3239937037984658,0.9216897295675317,"Rep1: RASPBERRY, BLACKBERRY and BOYSENBERRY, Rep2: SOYBEAN (Glycine max. L. merr.)"
0.31276160846390194,0.9421541555926242,"Rep1: RASPBERRY, BLACKBERRY and BOYSENBERRY, Rep2: MUSHROOM"
0.32672415234193786,0.9641070948522038,"Rep1: RASPBERRY, BLACKBERRY and BOYSENBERRY, Rep2: TRUFFLE"
0.27056611631982813,0.9310002207733313,"Rep1: RASPBERRY, BLACKBERRY and BOYSENBERRY, Rep2: APPLE FRESH (Malus species)"
0.2960712850963009,0.9127732496660463,"Rep1: RASPBERRY, BLACKBERRY and BOYSENBERRY, Rep2: CITRUS FRUITS"
0.2754026174353838,0.8990752772716212,"Rep1: RASPBERRY, BLACKBERRY and BOYSENBERRY, Rep2: GUAVA and FEYOA"
0.29335523566725846,0.9439515516882679,"Rep1: RASPBERRY, BLACKBERRY and BOYSENBERRY, Rep2: MANGIFERA SPECIES"
0.29849402731140273,0.9421790800678078,"Rep1: RASPBERRY, BLACKBERRY and BOYSENBERRY, Rep2: OLIVE (Olea europaea)"
0.27499312814892324,0.9140719544322045,"Rep1: RASPBERRY, BLACKBERRY and BOYSENBERRY, Rep2: PASSION FRUIT (PASSIFLORA SPECIES)"
0.27540394817691605,0.9048606704045474,"Rep1: RASPBERRY, BLACKBERRY and BOYSENBERRY, Rep2: PLUM (Prunus species)"
0.36093153190859273,0.9865119023626617,"Rep1: VACCINIUM SPECIES, Rep2: BEER"
0.3113620560130807,0.9428540732760022,"Rep1: VACCINIUM SPECIES, Rep2: WINE"
0.34811214513128647,0.910908722034078,"Rep1: VACCINIUM SPECIES, Rep2: BAIJIU (CHINESE LIQUOR)"
0.32965109142958543,0.9180042210830086,"Rep1: VACCINIUM SPECIES, Rep2: GRAPE BRANDY"
0.3581421496891559,0.9172595749324723,"Rep1: VACCINIUM SPECIES, Rep2: WHISKY"
0.36520687492431936,0.9309370747707082,"Rep1: VACCINIUM SPECIES, Rep2: CHEESE, VARIOUS TYPES"
0.37388529020432804,0.9329076648143242,"Rep1: VACCINIUM SPECIES, Rep2: MILK and MILK PRODUCTS"
0.35252744996909047,0.9262983349380929,"Rep1: VACCINIUM SPECIES, Rep2: COCOA category"
0.3334349545284138,0.9170230535604904,"Rep1: VACCINIUM SPECIES, Rep2: TEA"
0.39815109505567325,0.9765763248282229,"Rep1: VACCINIUM SPECIES, Rep2: BROWN ALGAE"
0.3638924675558995,0.9174505792959478,"Rep1: VACCINIUM SPECIES, Rep2: CRAB"
0.3969316519738109,0.9533556447319745,"Rep1: VACCINIUM SPECIES, Rep2: FISH"
0.38948472964674136,0.9819556766658193,"Rep1: VACCINIUM SPECIES, Rep2: GREEN ALGAE"
0.3861228729170281,0.9905909097001431,"Rep1: VACCINIUM SPECIES, Rep2: RED ALGAE"
0.3605662054091087,0.9659471746765511,"Rep1: VACCINIUM SPECIES, Rep2: SHRIMPS (PRAWN)"
0.40652159983203273,0.9340085279957115,"Rep1: VACCINIUM SPECIES, Rep2: BEEF"
0.4118543313991724,0.953442737947143,"Rep1: VACCINIUM SPECIES, Rep2: CHICKEN"
0.41481302358161,0.9767010668634072,"Rep1: VACCINIUM SPECIES, Rep2: EGG"
0.4062534311184666,0.9528424917504811,"Rep1: VACCINIUM SPECIES, Rep2: LAMB and MUTTON"
0.41217226635613385,0.9327435930618667,"Rep1: VACCINIUM SPECIES, Rep2: PORK"
0.34716790273630227,0.9208125506270072,"Rep1: VACCINIUM SPECIES, Rep2: CINNAMOMUM SPECIES"
0.3406157444041576,0.9533389773299389,"Rep1: VACCINIUM SPECIES, Rep2: CURCUMA SPECIES"
0.33663178014553735,0.9407278905103351,"Rep1: VACCINIUM SPECIES, Rep2: DILL (Anethum species)"
0.32047709461652396,0.9465563002666358,"Rep1: VACCINIUM SPECIES, Rep2: FENNEL (Foeniculum vulg., ssp. capillaceum; var.)"
0.34422304689023525,0.9059428844569792,"Rep1: VACCINIUM SPECIES, Rep2: LICORICE (Glycyrrhiza species)"
0.3307525139766875,0.9359624371376621,"Rep1: VACCINIUM SPECIES, Rep2: MENTHA OILS"
0.36397138928977585,0.956397973547928,"Rep1: VACCINIUM SPECIES, Rep2: MUSTARD (Brassica species)"
0.3544654627216912,0.9596466585545235,"Rep1: VACCINIUM SPECIES, Rep2: PEPPER (Piper nigrum L.)"
0.38614723819848124,0.9161663122164683,"Rep1: VACCINIUM SPECIES, Rep2: SESAME SEED OIL"
0.35296381043307884,0.9649989791652834,"Rep1: VACCINIUM SPECIES, Rep2: ALLIUM SPECIES"
0.3099301842610566,0.9811394554906602,"Rep1: VACCINIUM SPECIES, Rep2: CAPSICUM SPECIES"
0.3467511733832477,0.904204204658482,"Rep1: VACCINIUM SPECIES, Rep2: SOYBEAN (Glycine max. L. merr.)"
0.33617493579235064,0.9238957670245724,"Rep1: VACCINIUM SPECIES, Rep2: MUSHROOM"
0.34580312783318423,0.9457614640295329,"Rep1: VACCINIUM SPECIES, Rep2: TRUFFLE"
0.26036528731322306,0.9255130296507484,"Rep1: VACCINIUM SPECIES, Rep2: APPLE FRESH (Malus species)"
0.2841968466539769,0.9202067894616327,"Rep1: VACCINIUM SPECIES, Rep2: CITRUS FRUITS"
0.281796850748887,0.8912466350096635,"Rep1: VACCINIUM SPECIES, Rep2: GUAVA and FEYOA"
0.27618667720014234,0.9377432153935368,"Rep1: VACCINIUM SPECIES, Rep2: MANGIFERA SPECIES"
0.31545135692166987,0.9223520803198159,"Rep1: VACCINIUM SPECIES, Rep2: OLIVE (Olea europaea)"
0.2500859829326059,0.9130225368455943,"Rep1: VACCINIUM SPECIES, Rep2: PASSION FRUIT (PASSIFLORA SPECIES)"
0.2476056667917308,0.8846554640119001,"Rep1: VACCINIUM SPECIES, Rep2: PLUM (Prunus species)"
0.24892394848660077,0.8687429141234102,"Rep1: VACCINIUM SPECIES, Rep2: RASPBERRY, BLACKBERRY and BOYSENBERRY"
0.33270959469833183,0.9971452080783081,"Rep1: CHESTNUT (Castanea species), Rep2: BEER"
0.32965702901179195,0.9848363215558054,"Rep1: CHESTNUT (Castanea species), Rep2: WINE"
0.31497733894374963,0.9770494715023661,"Rep1: CHESTNUT (Castanea species), Rep2: BAIJIU (CHINESE LIQUOR)"
0.2993622069458989,0.980700863114933,"Rep1: CHESTNUT (Castanea species), Rep2: GRAPE BRANDY"
0.27774300790427403,0.9685042628152113,"Rep1: CHESTNUT (Castanea species), Rep2: WHISKY"
0.3231178355355819,0.9662537267208613,"Rep1: CHESTNUT (Castanea species), Rep2: CHEESE, VARIOUS TYPES"
0.3385047772361876,0.9688155564155218,"Rep1: CHESTNUT (Castanea species), Rep2: MILK and MILK PRODUCTS"
0.29746341734782844,0.9715322168142819,"Rep1: CHESTNUT (Castanea species), Rep2: COCOA category"
0.2882971036941851,0.9740177517638811,"Rep1: CHESTNUT (Castanea species), Rep2: TEA"
0.3739785522285818,0.9485180945519577,"Rep1: CHESTNUT (Castanea species), Rep2: BROWN ALGAE"
0.3367099862336143,0.9689989775518957,"Rep1: CHESTNUT (Castanea species), Rep2: CRAB"
0.3432711653182482,0.9832252561031508,"Rep1: CHESTNUT (Castanea species), Rep2: FISH"
0.3428300806307262,0.9568016355201928,"Rep1: CHESTNUT (Castanea species), Rep2: GREEN ALGAE"
0.33479048555408353,0.9638828059014507,"Rep1: CHESTNUT (Castanea species), Rep2: RED ALGAE"
0.33725064650169584,0.9872433163839539,"Rep1: CHESTNUT (Castanea species), Rep2: SHRIMPS (PRAWN)"
0.34871011188278545,0.9785558917341451,"Rep1: CHESTNUT (Castanea species), Rep2: BEEF"
0.3524029988172288,0.9119706309497669,"Rep1: CHESTNUT (Castanea species), Rep2: CHICKEN"
0.33732581566104486,0.972459350247902,"Rep1: CHESTNUT (Castanea species), Rep2: EGG"
0.3550189318653196,0.9823340494568219,"Rep1: CHESTNUT (Castanea species), Rep2: LAMB and MUTTON"
0.3601398757036284,0.9570648894255256,"Rep1: CHESTNUT (Castanea species), Rep2: PORK"
0.27810704213796633,0.9764543310089732,"Rep1: CHESTNUT (Castanea species), Rep2: CINNAMOMUM SPECIES"
0.2963793029241714,0.9828640621835374,"Rep1: CHESTNUT (Castanea species), Rep2: CURCUMA SPECIES"
0.2968535559688683,0.9669866653873564,"Rep1: CHESTNUT (Castanea species), Rep2: DILL (Anethum species)"
0.29776361243780025,0.9814368190981791,"Rep1: CHESTNUT (Castanea species), Rep2: FENNEL (Foeniculum vulg., ssp. capillaceum; var.)"
0.275476920406621,0.9730661347286875,"Rep1: CHESTNUT (Castanea species), Rep2: LICORICE (Glycyrrhiza species)"
0.31760109329332264,0.9826069195713786,"Rep1: CHESTNUT (Castanea species), Rep2: MENTHA OILS"
0.3087358766040168,0.987054954516728,"Rep1: CHESTNUT (Castanea species), Rep2: MUSTARD (Brassica species)"
0.29281099386732184,0.9881017600435258,"Rep1: CHESTNUT (Castanea species), Rep2: PEPPER (Piper nigrum L.)"
0.30109314026913114,0.8858830345422978,"Rep1: CHESTNUT (Castanea species), Rep2: SESAME SEED OIL"
0.31344490376008644,0.9894556203877962,"Rep1: CHESTNUT (Castanea species), Rep2: ALLIUM SPECIES"
0.3132931662353993,0.9966974177776731,"Rep1: CHESTNUT (Castanea species), Rep2: CAPSICUM SPECIES"
0.2625634158522979,0.9685902111302063,"Rep1: CHESTNUT (Castanea species), Rep2: SOYBEAN (Glycine max. L. merr.)"
0.24859681268061037,0.9725223346919145,"Rep1: CHESTNUT (Castanea species), Rep2: MUSHROOM"
0.2581365435006469,0.9865473224310545,"Rep1: CHESTNUT (Castanea species), Rep2: TRUFFLE"
0.313158536742198,0.9831049819805278,"Rep1: CHESTNUT (Castanea species), Rep2: APPLE FRESH (Malus species)"
0.3431348082030879,0.9742993903875803,"Rep1: CHESTNUT (Castanea species), Rep2: CITRUS FRUITS"
0.3107331789929414,0.972837516807569,"Rep1: CHESTNUT (Castanea species), Rep2: GUAVA and FEYOA"
0.313069355160209,0.9308507936151998,"Rep1: CHESTNUT (Castanea species), Rep2: MANGIFERA SPECIES"
0.2894124545745642,0.9131277499576725,"Rep1: CHESTNUT (Castanea species), Rep2: OLIVE (Olea europaea)"
0.3297192627828452,0.9790711902015231,"Rep1: CHESTNUT (Castanea species), Rep2: PASSION FRUIT (PASSIFLORA SPECIES)"
0.31653856386749396,0.9656435393215457,"Rep1: CHESTNUT (Castanea species), Rep2: PLUM (Prunus species)"
0.3056623316501954,0.9614334454685899,"Rep1: CHESTNUT (Castanea species), Rep2: RASPBERRY, BLACKBERRY and BOYSENBERRY"
0.3390466500747011,0.954573377989415,"Rep1: CHESTNUT (Castanea species), Rep2: VACCINIUM SPECIES"
0.32740594351682084,0.9908190968127185,"Rep1: WALNUT (Juglans species), Rep2: BEER"
0.3249442369153547,0.9866361096194015,"Rep1: WALNUT (Juglans species), Rep2: WINE"
0.3206332846408308,0.9803641688319135,"Rep1: WALNUT (Juglans species), Rep2: BAIJIU (CHINESE LIQUOR)"
0.311399807420207,0.9765166915887753,"Rep1: WALNUT (Juglans species), Rep2: GRAPE BRANDY"
0.2909226021162354,0.9749497898637655,"Rep1: WALNUT (Juglans species), Rep2: WHISKY"
0.32762535594654324,0.9723742006924394,"Rep1: WALNUT (Juglans species), Rep2: CHEESE, VARIOUS TYPES"
0.34578651317304243,0.9706685925177191,"Rep1: WALNUT (Juglans species), Rep2: MILK and MILK PRODUCTS"
0.30187711498308384,0.977038712909785,"Rep1: WALNUT (Juglans species), Rep2: COCOA category"
0.28936589857899875,0.9751920525718638,"Rep1: WALNUT (Juglans species), Rep2: TEA"
0.3421787978302898,0.9901427200634705,"Rep1: WALNUT (Juglans species), Rep2: BROWN ALGAE"
0.3293052374384511,0.9485728635036407,"Rep1: WALNUT (Juglans species), Rep2: CRAB"
0.3349653147931974,0.9803918957461176,"Rep1: WALNUT (Juglans species), Rep2: FISH"
0.31763906536297987,0.9876551077516255,"Rep1: WALNUT (Juglans species), Rep2: GREEN ALGAE"
0.30892123966237595,0.9933234700067626,"Rep1: WALNUT (Juglans species), Rep2: RED ALGAE"
0.34659758503791993,0.9874155806534767,"Rep1: WALNUT (Juglans species), Rep2: SHRIMPS (PRAWN)"
0.36307605723813463,0.963085734482198,"Rep1: WALNUT (Juglans species), Rep2: BEEF"
0.36164893077042287,0.9689388217887219,"Rep1: WALNUT (Juglans species), Rep2: CHICKEN"
0.3320008073183866,0.9750412184470107,"Rep1: WALNUT (Juglans species), Rep2: EGG"
0.35311773822593184,0.9798867785960838,"Rep1: WALNUT (Juglans species), Rep2: LAMB and MUTTON"
0.36779901768017337,0.9618227626785872,"Rep1: WALNUT (Juglans species), Rep2: PORK"
0.2729772914716685,0.9814540280472018,"Rep1: WALNUT (Juglans species), Rep2: CINNAMOMUM SPECIES"
0.23965774557890582,0.9770348608354431,"Rep1: WALNUT (Juglans species), Rep2: CURCUMA SPECIES"
0.2664150858325794,0.9730236086245433,"Rep1: WALNUT (Juglans species), Rep2: DILL (Anethum species)"
0.2812849101436639,0.9736251887336648,"Rep1: WALNUT (Juglans species), Rep2: FENNEL (Foeniculum vulg., ssp. capillaceum; var.)"
0.27272960534468377,0.9780965241568522,"Rep1: WALNUT (Juglans species), Rep2: LICORICE (Glycyrrhiza species)"
0.3070636444384544,0.9755034489694098,"Rep1: WALNUT (Juglans species), Rep2: MENTHA OILS"
0.3001613193074513,0.9888419380304218,"Rep1: WALNUT (Juglans species), Rep2: MUSTARD (Brassica species)"
0.25793905761320335,0.9803587299243667,"Rep1: WALNUT (Juglans species), Rep2: PEPPER (Piper nigrum L.)"
0.31360563156888305,0.95730527533576,"Rep1: WALNUT (Juglans species), Rep2: SESAME SEED OIL"
0.307650736886231,0.9867179256468492,"Rep1: WALNUT (Juglans species), Rep2: ALLIUM SPECIES"
0.30640829014829635,0.9933062587178176,"Rep1: WALNUT (Juglans species), Rep2: CAPSICUM SPECIES"
0.2739781351526018,0.9548874618082188,"Rep1: WALNUT (Juglans species), Rep2: SOYBEAN (Glycine max. L. merr.)"
0.25927559940654943,0.9768643897215805,"Rep1: WALNUT (Juglans species), Rep2: MUSHROOM"
0.2512513625367971,0.9796606046630875,"Rep1: WALNUT (Juglans species), Rep2: TRUFFLE"
0.32264696264157383,0.97445042519501,"Rep1: WALNUT (Juglans species), Rep2: APPLE FRESH (Malus species)"
0.32740573202806844,0.9686812581013845,"Rep1: WALNUT (Juglans species), Rep2: CITRUS FRUITS"
0.2929533687166424,0.964408289532658,"Rep1: WALNUT (Juglans species), Rep2: GUAVA and FEYOA"
0.32108083088149797,0.9756309788944645,"Rep1: WALNUT (Juglans species), Rep2: MANGIFERA SPECIES"
0.25370670901016495,0.9652657768304793,"Rep1: WALNUT (Juglans species), Rep2: OLIVE (Olea europaea)"
0.3271512720003927,0.9741809185052398,"Rep1: WALNUT (Juglans species), Rep2: PASSION FRUIT (PASSIFLORA SPECIES)"
0.32078710789899506,0.9667793008389631,"Rep1: WALNUT (Juglans species), Rep2: PLUM (Prunus species)"
0.29061547862118,0.9649141105599545,"Rep1: WALNUT (Juglans species), Rep2: RASPBERRY, BLACKBERRY and BOYSENBERRY"
0.33749718577753507,0.9572206523993646,"Rep1: WALNUT (Juglans species), Rep2: VACCINIUM SPECIES"
0.24496418185571386,0.9763177084833837,"Rep1: WALNUT (Juglans species), Rep2: CHESTNUT (Castanea species)"
0.3149143561190763,0.9684431301602789,"Rep1: AMARANTH, Rep2: BEER"
0.31474195695770785,0.9631261688217161,"Rep1: AMARANTH, Rep2: WINE"
0.3132720628987866,0.9558833570117036,"Rep1: AMARANTH, Rep2: BAIJIU (CHINESE LIQUOR)"
0.3072341951942449,0.9133896200127005,"Rep1: AMARANTH, Rep2: GRAPE BRANDY"
0.2733151584099179,0.9449835758546147,"Rep1: AMARANTH, Rep2: WHISKY"
0.3200277764568354,0.9023046282244481,"Rep1: AMARANTH, Rep2: CHEESE, VARIOUS TYPES"
0.33476855469640804,0.9344277483152951,"Rep1: AMARANTH, Rep2: MILK and MILK PRODUCTS"
0.3113621515005915,0.9623603056394953,"Rep1: AMARANTH, Rep2: COCOA category"
0.26909509897339223,0.9789349670569778,"Rep1: AMARANTH, Rep2: TEA"
0.3440622300848817,0.996375087543944,"Rep1: AMARANTH, Rep2: BROWN ALGAE"
0.32550165279880644,0.9494638216337993,"Rep1: AMARANTH, Rep2: CRAB"
0.3313208966322866,0.9673542183594082,"Rep1: AMARANTH, Rep2: FISH"
0.2958255161910959,0.9973263097946564,"Rep1: AMARANTH, Rep2: GREEN ALGAE"
0.29440196935318297,0.999917328042328,"Rep1: AMARANTH, Rep2: RED ALGAE"
0.3347139001532708,0.9679943823862949,"Rep1: AMARANTH, Rep2: SHRIMPS (PRAWN)"
0.367052545569243,0.9404560132831308,"Rep1: AMARANTH, Rep2: BEEF"
0.3630846557393891,0.9806563960725115,"Rep1: AMARANTH, Rep2: CHICKEN"
0.3450430113762598,0.9667137643534941,"Rep1: AMARANTH, Rep2: EGG"
0.35841251623786347,0.9794368911952658,"Rep1: AMARANTH, Rep2: LAMB and MUTTON"
0.37331679347245406,0.9487491368662873,"Rep1: AMARANTH, Rep2: PORK"
0.28526363797826604,0.9892942555031596,"Rep1: AMARANTH, Rep2: CINNAMOMUM SPECIES"
0.2740167715644656,0.987087244066614,"Rep1: AMARANTH, Rep2: CURCUMA SPECIES"
0.2523533409816621,0.9866758956853745,"Rep1: AMARANTH, Rep2: DILL (Anethum species)"
0.2654874936004334,0.9871220248056076,"Rep1: AMARANTH, Rep2: FENNEL (Foeniculum vulg., ssp. capillaceum; var.)"
0.2970305168521241,0.9783565822212511,"Rep1: AMARANTH, Rep2: LICORICE (Glycyrrhiza species)"
0.2849663919292224,0.9807103710574925,"Rep1: AMARANTH, Rep2: MENTHA OILS"
0.31792672015546075,0.9813633551472029,"Rep1: AMARANTH, Rep2: MUSTARD (Brassica species)"
0.26427659944515264,0.9931660185926734,"Rep1: AMARANTH, Rep2: PEPPER (Piper nigrum L.)"
0.31960562254184083,0.9332250901056504,"Rep1: AMARANTH, Rep2: SESAME SEED OIL"
0.2998990078640057,0.9740192674981712,"Rep1: AMARANTH, Rep2: ALLIUM SPECIES"
0.3144004345807838,0.9870156545731668,"Rep1: AMARANTH, Rep2: CAPSICUM SPECIES"
0.26945883575966867,0.9399314760722031,"Rep1: AMARANTH, Rep2: SOYBEAN (Glycine max. L. merr.)"
0.24700175679408964,0.9648797631643335,"Rep1: AMARANTH, Rep2: MUSHROOM"
0.24910900079411918,0.8739689808919253,"Rep1: AMARANTH, Rep2: TRUFFLE"
0.305640510211897,0.9366829526928571,"Rep1: AMARANTH, Rep2: APPLE FRESH (Malus species)"
0.3216447004607026,0.9741572108622301,"Rep1: AMARANTH, Rep2: CITRUS FRUITS"
0.28734140485927956,0.9337662090655949,"Rep1: AMARANTH, Rep2: GUAVA and FEYOA"
0.3244181394763811,0.9620297551978728,"Rep1: AMARANTH, Rep2: MANGIFERA SPECIES"
0.2573218049248892,0.9149285275700297,"Rep1: AMARANTH, Rep2: OLIVE (Olea europaea)"
0.32141918702897,0.9516870896818668,"Rep1: AMARANTH, Rep2: PASSION FRUIT (PASSIFLORA SPECIES)"
0.3216597655350051,0.9606981239660977,"Rep1: AMARANTH, Rep2: PLUM (Prunus species)"
0.27223653569820483,0.9636335059955806,"Rep1: AMARANTH, Rep2: RASPBERRY, BLACKBERRY and BOYSENBERRY"
0.33708790100902264,0.9320256344355394,"Rep1: AMARANTH, Rep2: VACCINIUM SPECIES"
0.22612869516862064,0.9813879441648184,"Rep1: AMARANTH, Rep2: CHESTNUT (Castanea species)"
0.19852157927046077,0.9679476692941409,"Rep1: AMARANTH, Rep2: WALNUT (Juglans species)"
0.32465953753064236,0.9938611998443967,"Rep1: MAIZE (Zea mays L.), Rep2: BEER"
0.34692372015422535,0.968943613714872,"Rep1: MAIZE (Zea mays L.), Rep2: WINE"
0.32861843740836544,0.9208387746329305,"Rep1: MAIZE (Zea mays L.), Rep2: BAIJIU (CHINESE LIQUOR)"
0.33874839971614734,0.9570956978273426,"Rep1: MAIZE (Zea mays L.), Rep2: GRAPE BRANDY"
0.30401436915720564,0.934408784234606,"Rep1: MAIZE (Zea mays L.), Rep2: WHISKY"
0.3190707062690259,0.9315384769311863,"Rep1: MAIZE (Zea mays L.), Rep2: CHEESE, VARIOUS TYPES"
0.3235518723234689,0.9293769520189495,"Rep1: MAIZE (Zea mays L.), Rep2: MILK and MILK PRODUCTS"
0.32522805710732927,0.9262541492988247,"Rep1: MAIZE (Zea mays L.), Rep2: COCOA category"
0.31033586503181093,0.9442746368369188,"Rep1: MAIZE (Zea mays L.), Rep2: TEA"
0.3572474280123184,0.9820928508718929,"Rep1: MAIZE (Zea mays L.), Rep2: BROWN ALGAE"
0.3406269893739244,0.8936370571901907,"Rep1: MAIZE (Zea mays L.), Rep2: CRAB"
0.34100412157953913,0.9511811977497435,"Rep1: MAIZE (Zea mays L.), Rep2: FISH"
0.3325202679147518,0.9863439389913687,"Rep1: MAIZE (Zea mays L.), Rep2: GREEN ALGAE"
0.33137548398515926,0.9954594729435845,"Rep1: MAIZE (Zea mays L.), Rep2: RED ALGAE"
0.33688906127045337,0.9563769316070122,"Rep1: MAIZE (Zea mays L.), Rep2: SHRIMPS (PRAWN)"
0.3456408719856322,0.923795067660078,"Rep1: MAIZE (Zea mays L.), Rep2: BEEF"
0.3489070342338372,0.9484677562193087,"Rep1: MAIZE (Zea mays L.), Rep2: CHICKEN"
0.32921272189492146,0.9618577111267568,"Rep1: MAIZE (Zea mays L.), Rep2: EGG"
0.3544323324998695,0.9395018057148089,"Rep1: MAIZE (Zea mays L.), Rep2: LAMB and MUTTON"
0.3585844876145012,0.9250529089508164,"Rep1: MAIZE (Zea mays L.), Rep2: PORK"
0.3132980889151709,0.9772891691668276,"Rep1: MAIZE (Zea mays L.), Rep2: CINNAMOMUM SPECIES"
0.3167775386892749,0.9870500847545174,"Rep1: MAIZE (Zea mays L.), Rep2: CURCUMA SPECIES"
0.31641168449822704,0.9742227930339554,"Rep1: MAIZE (Zea mays L.), Rep2: DILL (Anethum species)"
0.30555038577051,0.9892631421246463,"Rep1: MAIZE (Zea mays L.), Rep2: FENNEL (Foeniculum vulg., ssp. capillaceum; var.)"
0.3110133591362486,0.9240860945488489,"Rep1: MAIZE (Zea mays L.), Rep2: LICORICE (Glycyrrhiza species)"
0.3424143682935142,0.9767519707669685,"Rep1: MAIZE (Zea mays L.), Rep2: MENTHA OILS"
0.3319011964797659,0.9574269720742173,"Rep1: MAIZE (Zea mays L.), Rep2: MUSTARD (Brassica species)"
0.31883523993131174,0.9816080354314504,"Rep1: MAIZE (Zea mays L.), Rep2: PEPPER (Piper nigrum L.)"
0.3238823367306505,0.9097139222218322,"Rep1: MAIZE (Zea mays L.), Rep2: SESAME SEED OIL"
0.3250420513150272,0.9719195543283369,"Rep1: MAIZE (Zea mays L.), Rep2: ALLIUM SPECIES"
0.33850216593808263,0.988815344220943,"Rep1: MAIZE (Zea mays L.), Rep2: CAPSICUM SPECIES"
0.28087713229075645,0.9025686652126288,"Rep1: MAIZE (Zea mays L.), Rep2: SOYBEAN (Glycine max. L. merr.)"
0.2831499963621548,0.9357634751493794,"Rep1: MAIZE (Zea mays L.), Rep2: MUSHROOM"
0.2859465657203252,0.9465717865157723,"Rep1: MAIZE (Zea mays L.), Rep2: TRUFFLE"
0.3369564370077731,0.9571322015152351,"Rep1: MAIZE (Zea mays L.), Rep2: APPLE FRESH (Malus species)"
0.35844301026260095,0.969859091703203,"Rep1: MAIZE (Zea mays L.), Rep2: CITRUS FRUITS"
0.33688944235626395,0.9494072294205506,"Rep1: MAIZE (Zea mays L.), Rep2: GUAVA and FEYOA"
0.33990414068149677,0.9662928585501229,"Rep1: MAIZE (Zea mays L.), Rep2: MANGIFERA SPECIES"
0.30515595994978073,0.9478914184446405,"Rep1: MAIZE (Zea mays L.), Rep2: OLIVE (Olea europaea)"
0.35649590255867974,0.9577764279764865,"Rep1: MAIZE (Zea mays L.), Rep2: PASSION FRUIT (PASSIFLORA SPECIES)"
0.3371821517998038,0.9308134982237383,"Rep1: MAIZE (Zea mays L.), Rep2: PLUM (Prunus species)"
0.3305367521673965,0.9368442096084904,"Rep1: MAIZE (Zea mays L.), Rep2: RASPBERRY, BLACKBERRY and BOYSENBERRY"
0.3539103751389547,0.9045554740354359,"Rep1: MAIZE (Zea mays L.), Rep2: VACCINIUM SPECIES"
0.27161594142940587,0.966247623774205,"Rep1: MAIZE (Zea mays L.), Rep2: CHESTNUT (Castanea species)"
0.2795756034321281,0.9592221404988801,"Rep1: MAIZE (Zea mays L.), Rep2: WALNUT (Juglans species)"
0.25063990158452487,0.9516884937732736,"Rep1: MAIZE (Zea mays L.), Rep2: AMARANTH"
0.31935793676335333,0.9977041385390414,"Rep1: OATS (Avena sativa L.), Rep2: BEER"
0.3382275566257884,0.9859697852227173,"Rep1: OATS (Avena sativa L.), Rep2: WINE"
0.31376728291282374,0.9424383919069638,"Rep1: OATS (Avena sativa L.), Rep2: BAIJIU (CHINESE LIQUOR)"
0.3064563610706627,0.9715262624290594,"Rep1: OATS (Avena sativa L.), Rep2: GRAPE BRANDY"
0.27590532975554943,0.9536745360189985,"Rep1: OATS (Avena sativa L.), Rep2: WHISKY"
0.3086968292921319,0.9561292202225368,"Rep1: OATS (Avena sativa L.), Rep2: CHEESE, VARIOUS TYPES"
0.3182467742479818,0.9423826512655799,"Rep1: OATS (Avena sativa L.), Rep2: MILK and MILK PRODUCTS"
0.2894424585168674,0.941636827280222,"Rep1: OATS (Avena sativa L.), Rep2: COCOA category"
0.2986371199454147,0.9677031444518676,"Rep1: OATS (Avena sativa L.), Rep2: TEA"
0.370802722575834,0.9918554316178684,"Rep1: OATS (Avena sativa L.), Rep2: BROWN ALGAE"
0.33039173381857617,0.9143635928955118,"Rep1: OATS (Avena sativa L.), Rep2: CRAB"
0.3329647425682486,0.9593496006027153,"Rep1: OATS (Avena sativa L.), Rep2: FISH"
0.34490944405620544,0.9921410831168466,"Rep1: OATS (Avena sativa L.), Rep2: GREEN ALGAE"
0.33720254020872686,0.9989814661388096,"Rep1: OATS (Avena sativa L.), Rep2: RED ALGAE"
0.33166885490619497,0.9591129272673672,"Rep1: OATS (Avena sativa L.), Rep2: SHRIMPS (PRAWN)"
0.3310045927565225,0.9351292150635039,"Rep1: OATS (Avena sativa L.), Rep2: BEEF"
0.3349966158767994,0.9566913149542777,"Rep1: OATS (Avena sativa L.), Rep2: CHICKEN"
0.3213065048149009,0.9700459627775936,"Rep1: OATS (Avena sativa L.), Rep2: EGG"
0.3426877824353668,0.9606107230020526,"Rep1: OATS (Avena sativa L.), Rep2: LAMB and MUTTON"
0.3447437618606891,0.937145154717904,"Rep1: OATS (Avena sativa L.), Rep2: PORK"
0.2886275416227894,0.9860463293828846,"Rep1: OATS (Avena sativa L.), Rep2: CINNAMOMUM SPECIES"
0.3016860893661334,0.9949152245969027,"Rep1: OATS (Avena sativa L.), Rep2: CURCUMA SPECIES"
0.3078886309064023,0.9832627870639256,"Rep1: OATS (Avena sativa L.), Rep2: DILL (Anethum species)"
0.30280687208486445,0.9894847930383097,"Rep1: OATS (Avena sativa L.), Rep2: FENNEL (Foeniculum vulg., ssp. capillaceum; var.)"
0.2779628813587022,0.9364216605959994,"Rep1: OATS (Avena sativa L.), Rep2: LICORICE (Glycyrrhiza species)"
0.3281601321363192,0.9847281304299209,"Rep1: OATS (Avena sativa L.), Rep2: MENTHA OILS"
0.3087136118068195,0.959186532189116,"Rep1: OATS (Avena sativa L.), Rep2: MUSTARD (Brassica species)"
0.3052644692546972,0.993683455562136,"Rep1: OATS (Avena sativa L.), Rep2: PEPPER (Piper nigrum L.)"
0.28943185977708863,0.9331715984202706,"Rep1: OATS (Avena sativa L.), Rep2: SESAME SEED OIL"
0.318331175716696,0.9803727598365952,"Rep1: OATS (Avena sativa L.), Rep2: ALLIUM SPECIES"
0.32379866783162686,0.9956657781347634,"Rep1: OATS (Avena sativa L.), Rep2: CAPSICUM SPECIES"
0.2588705975492842,0.9047796200777631,"Rep1: OATS (Avena sativa L.), Rep2: SOYBEAN (Glycine max. L. merr.)"
0.26501791702099214,0.9504303859525711,"Rep1: OATS (Avena sativa L.), Rep2: MUSHROOM"
0.26476158258159854,0.9539054263207185,"Rep1: OATS (Avena sativa L.), Rep2: TRUFFLE"
0.32346402860135587,0.969065284728706,"Rep1: OATS (Avena sativa L.), Rep2: APPLE FRESH (Malus species)"
0.3505426413886058,0.9812738202974833,"Rep1: OATS (Avena sativa L.), Rep2: CITRUS FRUITS"
0.33074377443472214,0.9722169194273551,"Rep1: OATS (Avena sativa L.), Rep2: GUAVA and FEYOA"
0.3220656765976268,0.9837988236818721,"Rep1: OATS (Avena sativa L.), Rep2: MANGIFERA SPECIES"
0.2905811952390513,0.9697493266680932,"Rep1: OATS (Avena sativa L.), Rep2: OLIVE (Olea europaea)"
0.3481266016560965,0.9810490208071537,"Rep1: OATS (Avena sativa L.), Rep2: PASSION FRUIT (PASSIFLORA SPECIES)"
0.3261508846385092,0.9560407197514954,"Rep1: OATS (Avena sativa L.), Rep2: PLUM (Prunus species)"
0.3221561424315436,0.958390449275168,"Rep1: OATS (Avena sativa L.), Rep2: RASPBERRY, BLACKBERRY and BOYSENBERRY"
0.34972509287621356,0.9496013125195127,"Rep1: OATS (Avena sativa L.), Rep2: VACCINIUM SPECIES"
0.22647346609263067,0.9769827662954329,"Rep1: OATS (Avena sativa L.), Rep2: CHESTNUT (Castanea species)"
0.2556291433193313,0.9756156670973242,"Rep1: OATS (Avena sativa L.), Rep2: WALNUT (Juglans species)"
0.22537721602315997,0.9647675440275343,"Rep1: OATS (Avena sativa L.), Rep2: AMARANTH"
0.24719529950158295,0.9296621822918384,"Rep1: OATS (Avena sativa L.), Rep2: MAIZE (Zea mays L.)"
0.31618898233005277,0.9973833980193586,"Rep1: RICE (Oryza sativa L.), Rep2: BEER"
0.3285124480476042,0.9810596717136925,"Rep1: RICE (Oryza sativa L.), Rep2: WINE"
0.3139094180792265,0.9479918184799642,"Rep1: RICE (Oryza sativa L.), Rep2: BAIJIU (CHINESE LIQUOR)"
0.3143601952370034,0.963250284006216,"Rep1: RICE (Oryza sativa L.), Rep2: GRAPE BRANDY"
0.2806605626978896,0.9532776239524376,"Rep1: RICE (Oryza sativa L.), Rep2: WHISKY"
0.31364110896527436,0.9528150053002635,"Rep1: RICE (Oryza sativa L.), Rep2: CHEESE, VARIOUS TYPES"
0.3213587915935507,0.9450686281489773,"Rep1: RICE (Oryza sativa L.), Rep2: MILK and MILK PRODUCTS"
0.3099166611502752,0.9536017216584742,"Rep1: RICE (Oryza sativa L.), Rep2: COCOA category"
0.2850956105398731,0.9602070065635652,"Rep1: RICE (Oryza sativa L.), Rep2: TEA"
0.3597743853202598,0.9838250585249632,"Rep1: RICE (Oryza sativa L.), Rep2: BROWN ALGAE"
0.3222677828710557,0.9168489740737126,"Rep1: RICE (Oryza sativa L.), Rep2: CRAB"
0.32513971738154024,0.9633941804336212,"Rep1: RICE (Oryza sativa L.), Rep2: FISH"
0.32265972435749646,0.9783287841203792,"Rep1: RICE (Oryza sativa L.), Rep2: GREEN ALGAE"
0.3166312203424033,0.9894861344561467,"Rep1: RICE (Oryza sativa L.), Rep2: RED ALGAE"
0.3220202097225638,0.9712841128422142,"Rep1: RICE (Oryza sativa L.), Rep2: SHRIMPS (PRAWN)"
0.35293209693513844,0.9390097984060206,"Rep1: RICE (Oryza sativa L.), Rep2: BEEF"
0.34510999961925487,0.9452308594414529,"Rep1: RICE (Oryza sativa L.), Rep2: CHICKEN"
0.3248273150049559,0.9649797085880132,"Rep1: RICE (Oryza sativa L.), Rep2: EGG"
0.3585797459974255,0.9625370727263143,"Rep1: RICE (Oryza sativa L.), Rep2: LAMB and MUTTON"
0.35816358190710174,0.9360505092749296,"Rep1: RICE (Oryza sativa L.), Rep2: PORK"
0.2920929520971208,0.9861869209833295,"Rep1: RICE (Oryza sativa L.), Rep2: CINNAMOMUM SPECIES"
0.2971705609501044,0.9907767746972248,"Rep1: RICE (Oryza sativa L.), Rep2: CURCUMA SPECIES"
0.2939942311721721,0.9770945801990608,"Rep1: RICE (Oryza sativa L.), Rep2: DILL (Anethum species)"
0.28737541497155666,0.9923659706431628,"Rep1: RICE (Oryza sativa L.), Rep2: FENNEL (Foeniculum vulg., ssp. capillaceum; var.)"
0.3003627220574419,0.9468929150004712,"Rep1: RICE (Oryza sativa L.), Rep2: LICORICE (Glycyrrhiza species)"
0.30316514761302404,0.9812459005790092,"Rep1: RICE (Oryza sativa L.), Rep2: MENTHA OILS"
0.31256824831890084,0.9717691224423802,"Rep1: RICE (Oryza sativa L.), Rep2: MUSTARD (Brassica species)"
0.2957586007534388,0.9862020563939072,"Rep1: RICE (Oryza sativa L.), Rep2: PEPPER (Piper nigrum L.)"
0.3037599360173274,0.928656961895443,"Rep1: RICE (Oryza sativa L.), Rep2: SESAME SEED OIL"
0.3123271822677485,0.9763446600065434,"Rep1: RICE (Oryza sativa L.), Rep2: ALLIUM SPECIES"
0.30992497089226745,0.9920831556903031,"Rep1: RICE (Oryza sativa L.), Rep2: CAPSICUM SPECIES"
0.2663533899475854,0.9260621259387902,"Rep1: RICE (Oryza sativa L.), Rep2: SOYBEAN (Glycine max. L. merr.)"
0.25869960203188574,0.9477866175565328,"Rep1: RICE (Oryza sativa L.), Rep2: MUSHROOM"
0.26578477158004854,0.9571456865104935,"Rep1: RICE (Oryza sativa L.), Rep2: TRUFFLE"
0.3020844703117968,0.9664295102363794,"Rep1: RICE (Oryza sativa L.), Rep2: APPLE FRESH (Malus species)"
0.3323344436917003,0.9738047684174083,"Rep1: RICE (Oryza sativa L.), Rep2: CITRUS FRUITS"
0.31647533153604646,0.9591914587372959,"Rep1: RICE (Oryza sativa L.), Rep2: GUAVA and FEYOA"
0.31950914953398624,0.9778077457971734,"Rep1: RICE (Oryza sativa L.), Rep2: MANGIFERA SPECIES"
0.2903869963247437,0.9574506768042699,"Rep1: RICE (Oryza sativa L.), Rep2: OLIVE (Olea europaea)"
0.3304150681038997,0.9720959544052254,"Rep1: RICE (Oryza sativa L.), Rep2: PASSION FRUIT (PASSIFLORA SPECIES)"
0.32012616079488854,0.9495146291002458,"Rep1: RICE (Oryza sativa L.), Rep2: PLUM (Prunus species)"
0.30499283689048157,0.9472753765014493,"Rep1: RICE (Oryza sativa L.), Rep2: RASPBERRY, BLACKBERRY and BOYSENBERRY"
0.33746458259881534,0.9382242174056539,"Rep1: RICE (Oryza sativa L.), Rep2: VACCINIUM SPECIES"
0.23129717154271565,0.9698507078817226,"Rep1: RICE (Oryza sativa L.), Rep2: CHESTNUT (Castanea species)"
0.2482501653240571,0.9693370308321121,"Rep1: RICE (Oryza sativa L.), Rep2: WALNUT (Juglans species)"
0.20672590100815738,0.9697195256306085,"Rep1: RICE (Oryza sativa L.), Rep2: AMARANTH"
0.2460705160371017,0.9309594408975866,"Rep1: RICE (Oryza sativa L.), Rep2: MAIZE (Zea mays L.)"
0.2171589823432483,0.9413134980334606,"Rep1: RICE (Oryza sativa L.), Rep2: OATS (Avena sativa L.)"
0.3119915417325794,0.999718002726928,"Rep1: WHEAT, Rep2: BEER"
0.32562025710524756,0.9953011050870272,"Rep1: WHEAT, Rep2: WINE"
0.3110313124883162,0.9664256230319328,"Rep1: WHEAT, Rep2: BAIJIU (CHINESE LIQUOR)"
0.31322561471481203,0.9904263697125344,"Rep1: WHEAT, Rep2: GRAPE BRANDY"
0.2778192232220611,0.9822490024828603,"Rep1: WHEAT, Rep2: WHISKY"
0.3158582144791607,0.9752877795571212,"Rep1: WHEAT, Rep2: CHEESE, VARIOUS TYPES"
0.3261100373170497,0.9755246011333253,"Rep1: WHEAT, Rep2: MILK and MILK PRODUCTS"
0.30915192695897925,0.9832690205011628,"Rep1: WHEAT, Rep2: COCOA category"
0.2833528454158102,0.9847574973648839,"Rep1: WHEAT, Rep2: TEA"
0.3473055821432544,0.963019375163847,"Rep1: WHEAT, Rep2: BROWN ALGAE"
0.3245702925326999,0.9753114872321211,"Rep1: WHEAT, Rep2: CRAB"
0.32813071721961856,0.9824919040445728,"Rep1: WHEAT, Rep2: FISH"
0.31461601129219485,0.9700802824161671,"Rep1: WHEAT, Rep2: GREEN ALGAE"
0.3094413688039677,0.9763878418634374,"Rep1: WHEAT, Rep2: RED ALGAE"
0.33221692258908886,0.9900049246365558,"Rep1: WHEAT, Rep2: SHRIMPS (PRAWN)"
0.3602133299919812,0.9792719750696727,"Rep1: WHEAT, Rep2: BEEF"
0.3533393995185731,0.9357119571371063,"Rep1: WHEAT, Rep2: CHICKEN"
0.33117451058082176,0.9772790718676767,"Rep1: WHEAT, Rep2: EGG"
0.35801739488256157,0.9888697872535744,"Rep1: WHEAT, Rep2: LAMB and MUTTON"
0.3651527208741019,0.966357223542541,"Rep1: WHEAT, Rep2: PORK"
0.2903259398900009,0.9977267110979917,"Rep1: WHEAT, Rep2: CINNAMOMUM SPECIES"
0.2844324472135022,0.9974250540311759,"Rep1: WHEAT, Rep2: CURCUMA SPECIES"
0.2784299085460525,0.9876352116133919,"Rep1: WHEAT, Rep2: DILL (Anethum species)"
0.27891602356493606,0.9993073972211676,"Rep1: WHEAT, Rep2: FENNEL (Foeniculum vulg., ssp. capillaceum; var.)"
0.301193707010623,0.9870677054290898,"Rep1: WHEAT, Rep2: LICORICE (Glycyrrhiza species)"
0.3068161575731385,0.9730166934295816,"Rep1: WHEAT, Rep2: MENTHA OILS"
0.32014981326576536,0.9910135659790497,"Rep1: WHEAT, Rep2: MUSTARD (Brassica species)"
0.2819790264419582,0.9968983381579228,"Rep1: WHEAT, Rep2: PEPPER (Piper nigrum L.)"
0.3160600392260927,0.9229587684174249,"Rep1: WHEAT, Rep2: SESAME SEED OIL"
0.311966897188061,0.9930126715198994,"Rep1: WHEAT, Rep2: ALLIUM SPECIES"
0.3211532651977307,0.9982505722571174,"Rep1: WHEAT, Rep2: CAPSICUM SPECIES"
0.2724103920306243,0.9779442978787963,"Rep1: WHEAT, Rep2: SOYBEAN (Glycine max. L. merr.)"
0.2539191651509777,0.9843411338458293,"Rep1: WHEAT, Rep2: MUSHROOM"
0.2534500749679844,0.9863788098906049,"Rep1: WHEAT, Rep2: TRUFFLE"
0.3185152088507024,0.9888157554271165,"Rep1: WHEAT, Rep2: APPLE FRESH (Malus species)"
0.3379015990987627,0.9909288401419489,"Rep1: WHEAT, Rep2: CITRUS FRUITS"
0.31294345320097666,0.9897862635830813,"Rep1: WHEAT, Rep2: GUAVA and FEYOA"
0.3297385457665275,0.9644877825803229,"Rep1: WHEAT, Rep2: MANGIFERA SPECIES"
0.2791649778302782,0.9377829173047608,"Rep1: WHEAT, Rep2: OLIVE (Olea europaea)"
0.3380688142494396,0.9948319039689867,"Rep1: WHEAT, Rep2: PASSION FRUIT (PASSIFLORA SPECIES)"
0.32755438882077564,0.9877264478308582,"Rep1: WHEAT, Rep2: PLUM (Prunus species)"
0.29775386841276275,0.9876660657439612,"Rep1: WHEAT, Rep2: RASPBERRY, BLACKBERRY and BOYSENBERRY"
0.34355775843976516,0.9837544858320248,"Rep1: WHEAT, Rep2: VACCINIUM SPECIES"
0.23936290881411146,0.8466996235098853,"Rep1: WHEAT, Rep2: CHESTNUT (Castanea species)"
0.22820816114303932,0.9860151318259354,"Rep1: WHEAT, Rep2: WALNUT (Juglans species)"
0.176842680653679,0.9886367181020511,"Rep1: WHEAT, Rep2: AMARANTH"
0.24617971872930403,0.9813322281445487,"Rep1: WHEAT, Rep2: MAIZE (Zea mays L.)"
0.2207737047227852,0.9817623219937921,"Rep1: WHEAT, Rep2: OATS (Avena sativa L.)"
0.2092856525665183,0.9779223643258975,"Rep1: WHEAT, Rep2: RICE (Oryza sativa L.)"
0.31985996855445165,0.9889025153358004,"Rep1: WHEATEN BREAD, Rep2: BEER"
0.36212632964773755,0.9490260287537796,"Rep1: WHEATEN BREAD, Rep2: WINE"
0.3273529093355911,0.8712075443051578,"Rep1: WHEATEN BREAD, Rep2: BAIJIU (CHINESE LIQUOR)"
0.33497639045743943,0.9099082042416096,"Rep1: WHEATEN BREAD, Rep2: GRAPE BRANDY"
0.307139454061503,0.8778594056707093,"Rep1: WHEATEN BREAD, Rep2: WHISKY"
0.3135172690914011,0.907071693393476,"Rep1: WHEATEN BREAD, Rep2: CHEESE, VARIOUS TYPES"
0.32401519467999734,0.9003957452413381,"Rep1: WHEATEN BREAD, Rep2: MILK and MILK PRODUCTS"
0.3088366486263633,0.8794923671530372,"Rep1: WHEATEN BREAD, Rep2: COCOA category"
0.32558969963630674,0.9391389660410224,"Rep1: WHEATEN BREAD, Rep2: TEA"
0.3849657932372778,0.9817797717542442,"Rep1: WHEATEN BREAD, Rep2: BROWN ALGAE"
0.35008757080153324,0.8759400390220602,"Rep1: WHEATEN BREAD, Rep2: CRAB"
0.35389914173730663,0.9401379509396152,"Rep1: WHEATEN BREAD, Rep2: FISH"
0.3721005582073427,0.9906239418381609,"Rep1: WHEATEN BREAD, Rep2: GREEN ALGAE"
0.3690407827255993,0.998309345266037,"Rep1: WHEATEN BREAD, Rep2: RED ALGAE"
0.3533666986631419,0.9316098268204512,"Rep1: WHEATEN BREAD, Rep2: SHRIMPS (PRAWN)"
0.333316571780904,0.8868734321868232,"Rep1: WHEATEN BREAD, Rep2: BEEF"
0.3421410974110789,0.9389045569460484,"Rep1: WHEATEN BREAD, Rep2: CHICKEN"
0.33179893610339334,0.9568480337171984,"Rep1: WHEATEN BREAD, Rep2: EGG"
0.34664147321184613,0.9328572747358183,"Rep1: WHEATEN BREAD, Rep2: LAMB and MUTTON"
0.3539167121447174,0.8984787235825739,"Rep1: WHEATEN BREAD, Rep2: PORK"
0.3213256454819938,0.9822754131451297,"Rep1: WHEATEN BREAD, Rep2: CINNAMOMUM SPECIES"
0.33322594496493757,0.9986056370694487,"Rep1: WHEATEN BREAD, Rep2: CURCUMA SPECIES"
0.34356672796742865,0.9836926865554034,"Rep1: WHEATEN BREAD, Rep2: DILL (Anethum species)"
0.3313908505623019,0.997185878004139,"Rep1: WHEATEN BREAD, Rep2: FENNEL (Foeniculum vulg., ssp. capillaceum; var.)"
0.30898423093718835,0.8880308120742503,"Rep1: WHEATEN BREAD, Rep2: LICORICE (Glycyrrhiza species)"
0.3682321114601656,0.9799280225958197,"Rep1: WHEATEN BREAD, Rep2: MENTHA OILS"
0.3327027799589234,0.9294613031070202,"Rep1: WHEATEN BREAD, Rep2: MUSTARD (Brassica species)"
0.3338192667744729,0.9917075670829852,"Rep1: WHEATEN BREAD, Rep2: PEPPER (Piper nigrum L.)"
0.3125568715186005,0.8991585908661508,"Rep1: WHEATEN BREAD, Rep2: SESAME SEED OIL"
0.34066971793262735,0.9598016232786492,"Rep1: WHEATEN BREAD, Rep2: ALLIUM SPECIES"
0.35678882244200005,0.9892717188856329,"Rep1: WHEATEN BREAD, Rep2: CAPSICUM SPECIES"
0.2878556515076299,0.8632497274351985,"Rep1: WHEATEN BREAD, Rep2: SOYBEAN (Glycine max. L. merr.)"
0.2947767024993074,0.9064701308123233,"Rep1: WHEATEN BREAD, Rep2: MUSHROOM"
0.2912286758653754,0.9076180983282633,"Rep1: WHEATEN BREAD, Rep2: TRUFFLE"
0.35967464322830317,0.9336663898257699,"Rep1: WHEATEN BREAD, Rep2: APPLE FRESH (Malus species)"
0.37438461579720644,0.972240478911447,"Rep1: WHEATEN BREAD, Rep2: CITRUS FRUITS"
0.3659655139829973,0.9382516346115735,"Rep1: WHEATEN BREAD, Rep2: GUAVA and FEYOA"
0.3471009820150484,0.9636441090879551,"Rep1: WHEATEN BREAD, Rep2: MANGIFERA SPECIES"
0.3164353990036964,0.9325987052594555,"Rep1: WHEATEN BREAD, Rep2: OLIVE (Olea europaea)"
0.38118253401363694,0.9426150858545929,"Rep1: WHEATEN BREAD, Rep2: PASSION FRUIT (PASSIFLORA SPECIES)"
0.3574136260346987,0.9218128726240499,"Rep1: WHEATEN BREAD, Rep2: PLUM (Prunus species)"
0.35823091251042716,0.9196436432437004,"Rep1: WHEATEN BREAD, Rep2: RASPBERRY, BLACKBERRY and BOYSENBERRY"
0.37737444890639293,0.896442773895588,"Rep1: WHEATEN BREAD, Rep2: VACCINIUM SPECIES"
0.279003246611639,0.9639002343843586,"Rep1: WHEATEN BREAD, Rep2: CHESTNUT (Castanea species)"
0.3057412606814988,0.9622331021843143,"Rep1: WHEATEN BREAD, Rep2: WALNUT (Juglans species)"
0.28611358345926396,0.9139137085100129,"Rep1: WHEATEN BREAD, Rep2: AMARANTH"
0.268332958620772,0.8836492342385345,"Rep1: WHEATEN BREAD, Rep2: MAIZE (Zea mays L.)"
0.24631395542126439,0.900998238697191,"Rep1: WHEATEN BREAD, Rep2: OATS (Avena sativa L.)"
0.2687156832915328,0.9201492251438778,"Rep1: WHEATEN BREAD, Rep2: RICE (Oryza sativa L.)"
0.26793148930174204,0.9745530456143366,"Rep1: WHEATEN BREAD, Rep2: WHEAT"
0.32899322353282057,1.0,"Rep1: CEDARWOOD OIL, Rep2: BEER"
0.3288972290996402,1.0,"Rep1: CEDARWOOD OIL, Rep2: WINE"
0.332591808761819,0.9766861575597171,"Rep1: CEDARWOOD OIL, Rep2: BAIJIU (CHINESE LIQUOR)"
0.32039827096442575,1.0,"Rep1: CEDARWOOD OIL, Rep2: GRAPE BRANDY"
0.28749531595783273,1.0,"Rep1: CEDARWOOD OIL, Rep2: WHISKY"
0.34374030152858603,1.0,"Rep1: CEDARWOOD OIL, Rep2: CHEESE, VARIOUS TYPES"
0.3499651480579053,1.0,"Rep1: CEDARWOOD OIL, Rep2: MILK and MILK PRODUCTS"
0.32472226388679715,0.9996832543410884,"Rep1: CEDARWOOD OIL, Rep2: COCOA category"
0.2919614413478186,0.9956523583528308,"Rep1: CEDARWOOD OIL, Rep2: TEA"
0.33598835497625207,1.0,"Rep1: CEDARWOOD OIL, Rep2: BROWN ALGAE"
0.3360070070237879,1.0,"Rep1: CEDARWOOD OIL, Rep2: CRAB"
0.3396361411752284,0.9970192837465561,"Rep1: CEDARWOOD OIL, Rep2: FISH"
0.3123232288314481,1.0,"Rep1: CEDARWOOD OIL, Rep2: GREEN ALGAE"
0.30419007360511374,1.0,"Rep1: CEDARWOOD OIL, Rep2: RED ALGAE"
0.34262869079475117,1.0,"Rep1: CEDARWOOD OIL, Rep2: SHRIMPS (PRAWN)"
0.37095960529279054,1.0,"Rep1: CEDARWOOD OIL, Rep2: BEEF"
0.37218153797624204,1.0,"Rep1: CEDARWOOD OIL, Rep2: CHICKEN"
0.33362992551650184,1.0,"Rep1: CEDARWOOD OIL, Rep2: EGG"
0.3681989789216715,1.0,"Rep1: CEDARWOOD OIL, Rep2: LAMB and MUTTON"
0.3780878440836589,1.0,"Rep1: CEDARWOOD OIL, Rep2: PORK"
0.24948621808323893,0.9963809680368865,"Rep1: CEDARWOOD OIL, Rep2: CINNAMOMUM SPECIES"
0.24966549988608094,1.0,"Rep1: CEDARWOOD OIL, Rep2: CURCUMA SPECIES"
0.2776156290715339,1.0,"Rep1: CEDARWOOD OIL, Rep2: DILL (Anethum species)"
0.2795809215913932,1.0,"Rep1: CEDARWOOD OIL, Rep2: FENNEL (Foeniculum vulg., ssp. capillaceum; var.)"
0.28048101767262434,1.0,"Rep1: CEDARWOOD OIL, Rep2: LICORICE (Glycyrrhiza species)"
0.3126899657662108,0.9817798143769495,"Rep1: CEDARWOOD OIL, Rep2: MENTHA OILS"
0.31837425862848234,0.9972307988034168,"Rep1: CEDARWOOD OIL, Rep2: MUSTARD (Brassica species)"
0.2654057547200331,0.9985096478582693,"Rep1: CEDARWOOD OIL, Rep2: PEPPER (Piper nigrum L.)"
0.3264336367434729,1.0,"Rep1: CEDARWOOD OIL, Rep2: SESAME SEED OIL"
0.31359986405346285,1.0,"Rep1: CEDARWOOD OIL, Rep2: ALLIUM SPECIES"
0.31759367806827093,1.0,"Rep1: CEDARWOOD OIL, Rep2: CAPSICUM SPECIES"
0.28807873374430587,0.9994406964271665,"Rep1: CEDARWOOD OIL, Rep2: SOYBEAN (Glycine max. L. merr.)"
0.26374267637783744,1.0,"Rep1: CEDARWOOD OIL, Rep2: MUSHROOM"
0.26659903111729744,1.0,"Rep1: CEDARWOOD OIL, Rep2: TRUFFLE"
0.3292467728169186,1.0,"Rep1: CEDARWOOD OIL, Rep2: APPLE FRESH (Malus species)"
0.33985881294035497,0.9981084730856459,"Rep1: CEDARWOOD OIL, Rep2: CITRUS FRUITS"
0.2914498416902182,0.9995983156882712,"Rep1: CEDARWOOD OIL, Rep2: GUAVA and FEYOA"
0.3253602971472392,0.9999075986075614,"Rep1: CEDARWOOD OIL, Rep2: MANGIFERA SPECIES"
0.2809658265879926,0.9996702965083636,"Rep1: CEDARWOOD OIL, Rep2: OLIVE (Olea europaea)"
0.33251068008022994,1.0,"Rep1: CEDARWOOD OIL, Rep2: PASSION FRUIT (PASSIFLORA SPECIES)"
0.324626300273505,1.0,"Rep1: CEDARWOOD OIL, Rep2: PLUM (Prunus species)"
0.2996591560873597,1.0,"Rep1: CEDARWOOD OIL, Rep2: RASPBERRY, BLACKBERRY and BOYSENBERRY"
0.3490221944239889,0.9983045825080098,"Rep1: CEDARWOOD OIL, Rep2: VACCINIUM SPECIES"
0.245161334006671,1.0,"Rep1: CEDARWOOD OIL, Rep2: CHESTNUT (Castanea species)"
0.19619181889003548,1.0,"Rep1: CEDARWOOD OIL, Rep2: WALNUT (Juglans species)"
0.2081812014863595,1.0,"Rep1: CEDARWOOD OIL, Rep2: AMARANTH"
0.27199966594991737,1.0,"Rep1: CEDARWOOD OIL, Rep2: MAIZE (Zea mays L.)"
0.2584695434679109,0.9990002245816197,"Rep1: CEDARWOOD OIL, Rep2: OATS (Avena sativa L.)"
0.24810631228045582,1.0,"Rep1: CEDARWOOD OIL, Rep2: RICE (Oryza sativa L.)"
0.22830734146273757,0.9886363636363636,"Rep1: CEDARWOOD OIL, Rep2: WHEAT"
0.3027415237244304,1.0,"Rep1: CEDARWOOD OIL, Rep2: WHEATEN BREAD"
0.3296673801899551,0.9594645657803552,"Rep1: CONOCARPUS SPP. TREE, Rep2: BEER"
0.3181127893951883,0.9869814258990165,"Rep1: CONOCARPUS SPP. TREE, Rep2: WINE"
0.32054048049937256,0.9955845319003215,"Rep1: CONOCARPUS SPP. TREE, Rep2: BAIJIU (CHINESE LIQUOR)"
0.3168344766938313,0.9749954197448107,"Rep1: CONOCARPUS SPP. TREE, Rep2: GRAPE BRANDY"
0.30266025847833516,0.9821599624259371,"Rep1: CONOCARPUS SPP. TREE, Rep2: WHISKY"
0.34700765506539094,0.9973337616588315,"Rep1: CONOCARPUS SPP. TREE, Rep2: CHEESE, VARIOUS TYPES"
0.36711159462344833,0.9965103361418143,"Rep1: CONOCARPUS SPP. TREE, Rep2: MILK and MILK PRODUCTS"
0.31615654875386234,0.9839460945540326,"Rep1: CONOCARPUS SPP. TREE, Rep2: COCOA category"
0.2894043461746634,0.9981444477826168,"Rep1: CONOCARPUS SPP. TREE, Rep2: TEA"
0.3525061068059725,1.0,"Rep1: CONOCARPUS SPP. TREE, Rep2: BROWN ALGAE"
0.3451548157599508,1.0,"Rep1: CONOCARPUS SPP. TREE, Rep2: CRAB"
0.3558368797898125,0.9980537773036379,"Rep1: CONOCARPUS SPP. TREE, Rep2: FISH"
0.33420325771608156,1.0,"Rep1: CONOCARPUS SPP. TREE, Rep2: GREEN ALGAE"
0.32416677347546374,1.0,"Rep1: CONOCARPUS SPP. TREE, Rep2: RED ALGAE"
0.36153064023216214,0.9989420507433731,"Rep1: CONOCARPUS SPP. TREE, Rep2: SHRIMPS (PRAWN)"
0.38131062771069196,0.9997589194374646,"Rep1: CONOCARPUS SPP. TREE, Rep2: BEEF"
0.38529608282955924,1.0,"Rep1: CONOCARPUS SPP. TREE, Rep2: CHICKEN"
0.3644842338713233,1.0,"Rep1: CONOCARPUS SPP. TREE, Rep2: EGG"
0.36999310993090817,0.9974236470264047,"Rep1: CONOCARPUS SPP. TREE, Rep2: LAMB and MUTTON"
0.3879495480722826,0.9969912654018028,"Rep1: CONOCARPUS SPP. TREE, Rep2: PORK"
0.2737298582155414,0.9944964348157206,"Rep1: CONOCARPUS SPP. TREE, Rep2: CINNAMOMUM SPECIES"
0.235918486566402,0.9974551201113699,"Rep1: CONOCARPUS SPP. TREE, Rep2: CURCUMA SPECIES"
0.2430199460983033,0.9970925435415839,"Rep1: CONOCARPUS SPP. TREE, Rep2: DILL (Anethum species)"
0.26575440092849795,0.9661789704795444,"Rep1: CONOCARPUS SPP. TREE, Rep2: FENNEL (Foeniculum vulg., ssp. capillaceum; var.)"
0.2794063936867517,0.992902532392721,"Rep1: CONOCARPUS SPP. TREE, Rep2: LICORICE (Glycyrrhiza species)"
0.2964800092459853,0.9993484602178722,"Rep1: CONOCARPUS SPP. TREE, Rep2: MENTHA OILS"
0.30055398746648504,0.9955326139437201,"Rep1: CONOCARPUS SPP. TREE, Rep2: MUSTARD (Brassica species)"
0.24971872985821553,0.9992560689507205,"Rep1: CONOCARPUS SPP. TREE, Rep2: PEPPER (Piper nigrum L.)"
0.3367886141059814,1.0,"Rep1: CONOCARPUS SPP. TREE, Rep2: SESAME SEED OIL"
0.2975407551250029,0.9989662613620945,"Rep1: CONOCARPUS SPP. TREE, Rep2: ALLIUM SPECIES"
0.2863758594579114,1.0,"Rep1: CONOCARPUS SPP. TREE, Rep2: CAPSICUM SPECIES"
0.29295358127327403,0.9817523931124467,"Rep1: CONOCARPUS SPP. TREE, Rep2: SOYBEAN (Glycine max. L. merr.)"
0.2775781967792787,0.9962850980945522,"Rep1: CONOCARPUS SPP. TREE, Rep2: MUSHROOM"
0.2693007817392324,0.9987459406594078,"Rep1: CONOCARPUS SPP. TREE, Rep2: TRUFFLE"
0.3150093937220486,0.998697083080007,"Rep1: CONOCARPUS SPP. TREE, Rep2: APPLE FRESH (Malus species)"
0.3101075001561846,0.9987545130903909,"Rep1: CONOCARPUS SPP. TREE, Rep2: CITRUS FRUITS"
0.28002937486844753,0.9969237028337657,"Rep1: CONOCARPUS SPP. TREE, Rep2: GUAVA and FEYOA"
0.3151002136850098,0.9997996491222025,"Rep1: CONOCARPUS SPP. TREE, Rep2: MANGIFERA SPECIES"
0.255286581474944,0.9947923531533841,"Rep1: CONOCARPUS SPP. TREE, Rep2: OLIVE (Olea europaea)"
0.31328649663989283,0.9939046175745956,"Rep1: CONOCARPUS SPP. TREE, Rep2: PASSION FRUIT (PASSIFLORA SPECIES)"
0.31201728086057706,0.9930488188083372,"Rep1: CONOCARPUS SPP. TREE, Rep2: PLUM (Prunus species)"
0.27221275493170605,0.9961585642021957,"Rep1: CONOCARPUS SPP. TREE, Rep2: RASPBERRY, BLACKBERRY and BOYSENBERRY"
0.3157951140771867,0.988902467163443,"Rep1: CONOCARPUS SPP. TREE, Rep2: VACCINIUM SPECIES"
0.2728998926614888,1.0,"Rep1: CONOCARPUS SPP. TREE, Rep2: CHESTNUT (Castanea species)"
0.1966847991524074,0.9703907098192813,"Rep1: CONOCARPUS SPP. TREE, Rep2: WALNUT (Juglans species)"
0.2119938477709532,1.0,"Rep1: CONOCARPUS SPP. TREE, Rep2: AMARANTH"
0.2991547345755407,0.9938073166327598,"Rep1: CONOCARPUS SPP. TREE, Rep2: MAIZE (Zea mays L.)"
0.28538679978704284,0.988738717249578,"Rep1: CONOCARPUS SPP. TREE, Rep2: OATS (Avena sativa L.)"
0.271961030493432,0.997085046422172,"Rep1: CONOCARPUS SPP. TREE, Rep2: RICE (Oryza sativa L.)"
0.2424832730897031,1.0,"Rep1: CONOCARPUS SPP. TREE, Rep2: WHEAT"
0.3289962634612092,0.9958035408059018,"Rep1: CONOCARPUS SPP. TREE, Rep2: WHEATEN BREAD"
0.22580574055494146,1.0,"Rep1: CONOCARPUS SPP. TREE, Rep2: CEDARWOOD OIL"
0.348829872719193,0.9921970849023578,"Rep1: FERMENTED SOYA PRODUCTS, Rep2: BEER"
0.357968387744711,0.962836623311264,"Rep1: FERMENTED SOYA PRODUCTS, Rep2: WINE"
0.2888499940706306,0.903366346277083,"Rep1: FERMENTED SOYA PRODUCTS, Rep2: BAIJIU (CHINESE LIQUOR)"
0.341971033917408,0.9369011102076975,"Rep1: FERMENTED SOYA PRODUCTS, Rep2: GRAPE BRANDY"
0.3368124340152681,0.9169636719418157,"Rep1: FERMENTED SOYA PRODUCTS, Rep2: WHISKY"
0.3291225580317349,0.9460565367455138,"Rep1: FERMENTED SOYA PRODUCTS, Rep2: CHEESE, VARIOUS TYPES"
0.365252738775581,0.9485385491596269,"Rep1: FERMENTED SOYA PRODUCTS, Rep2: MILK and MILK PRODUCTS"
0.3329762550228636,0.9160232736035641,"Rep1: FERMENTED SOYA PRODUCTS, Rep2: COCOA category"
0.33893228143675236,0.9660369677532342,"Rep1: FERMENTED SOYA PRODUCTS, Rep2: TEA"
0.33889397975039276,0.9914317357248087,"Rep1: FERMENTED SOYA PRODUCTS, Rep2: BROWN ALGAE"
0.3104730273013276,0.9340393388702181,"Rep1: FERMENTED SOYA PRODUCTS, Rep2: CRAB"
0.3405207721964669,0.9671915810776451,"Rep1: FERMENTED SOYA PRODUCTS, Rep2: FISH"
0.3716002485129463,0.9933552056812147,"Rep1: FERMENTED SOYA PRODUCTS, Rep2: GREEN ALGAE"
0.3575364899385446,0.9978626322286639,"Rep1: FERMENTED SOYA PRODUCTS, Rep2: RED ALGAE"
0.33175707294103085,0.9589402888671881,"Rep1: FERMENTED SOYA PRODUCTS, Rep2: SHRIMPS (PRAWN)"
0.3318786447202165,0.9406367510325622,"Rep1: FERMENTED SOYA PRODUCTS, Rep2: BEEF"
0.36688980989389186,0.9719934285075462,"Rep1: FERMENTED SOYA PRODUCTS, Rep2: CHICKEN"
0.3487875018670545,0.9743246483005354,"Rep1: FERMENTED SOYA PRODUCTS, Rep2: EGG"
0.35382845293474846,0.9667816355242821,"Rep1: FERMENTED SOYA PRODUCTS, Rep2: LAMB and MUTTON"
0.35021855835232374,0.9436029523407102,"Rep1: FERMENTED SOYA PRODUCTS, Rep2: PORK"
0.30789608255756556,0.9872449265078994,"Rep1: FERMENTED SOYA PRODUCTS, Rep2: CINNAMOMUM SPECIES"
0.30231442194818586,0.9963590427388644,"Rep1: FERMENTED SOYA PRODUCTS, Rep2: CURCUMA SPECIES"
0.31854943164799826,0.9891043456917787,"Rep1: FERMENTED SOYA PRODUCTS, Rep2: DILL (Anethum species)"
0.31790133622130207,0.9946818238272839,"Rep1: FERMENTED SOYA PRODUCTS, Rep2: FENNEL (Foeniculum vulg., ssp. capillaceum; var.)"
0.32021040741781565,0.93404345685326,"Rep1: FERMENTED SOYA PRODUCTS, Rep2: LICORICE (Glycyrrhiza species)"
0.3543458814970636,0.9845728446024713,"Rep1: FERMENTED SOYA PRODUCTS, Rep2: MENTHA OILS"
0.3075121657150114,0.9583438612471179,"Rep1: FERMENTED SOYA PRODUCTS, Rep2: MUSTARD (Brassica species)"
0.3167927454788044,0.9924958757495121,"Rep1: FERMENTED SOYA PRODUCTS, Rep2: PEPPER (Piper nigrum L.)"
0.3332709821149743,0.95250470041863,"Rep1: FERMENTED SOYA PRODUCTS, Rep2: SESAME SEED OIL"
0.3178724438832026,0.9773096054136527,"Rep1: FERMENTED SOYA PRODUCTS, Rep2: ALLIUM SPECIES"
0.3037076272875926,0.9925976611116963,"Rep1: FERMENTED SOYA PRODUCTS, Rep2: CAPSICUM SPECIES"
0.30300180240776414,0.9239163884779361,"Rep1: FERMENTED SOYA PRODUCTS, Rep2: SOYBEAN (Glycine max. L. merr.)"
0.288252139331072,0.9484573441159062,"Rep1: FERMENTED SOYA PRODUCTS, Rep2: MUSHROOM"
0.28464478530993953,0.9319816660694239,"Rep1: FERMENTED SOYA PRODUCTS, Rep2: TRUFFLE"
0.34763601098339636,0.960262240730001,"Rep1: FERMENTED SOYA PRODUCTS, Rep2: APPLE FRESH (Malus species)"
0.35447619916240275,0.9850988428089851,"Rep1: FERMENTED SOYA PRODUCTS, Rep2: CITRUS FRUITS"
0.3397286203052964,0.9609638536651481,"Rep1: FERMENTED SOYA PRODUCTS, Rep2: GUAVA and FEYOA"
0.30954865000939663,0.9764169885648973,"Rep1: FERMENTED SOYA PRODUCTS, Rep2: MANGIFERA SPECIES"
0.28351214939324243,0.9630183756838855,"Rep1: FERMENTED SOYA PRODUCTS, Rep2: OLIVE (Olea europaea)"
0.3511102513582484,0.9630673265012641,"Rep1: FERMENTED SOYA PRODUCTS, Rep2: PASSION FRUIT (PASSIFLORA SPECIES)"
0.3135576203220472,0.9588468593672734,"Rep1: FERMENTED SOYA PRODUCTS, Rep2: PLUM (Prunus species)"
0.3510852936903162,0.9635107058526692,"Rep1: FERMENTED SOYA PRODUCTS, Rep2: RASPBERRY, BLACKBERRY and BOYSENBERRY"
0.3445215654611759,0.9427555821545202,"Rep1: FERMENTED SOYA PRODUCTS, Rep2: VACCINIUM SPECIES"
0.32587469411597453,0.9823976031132859,"Rep1: FERMENTED SOYA PRODUCTS, Rep2: CHESTNUT (Castanea species)"
0.31596207936875975,0.9830628765729541,"Rep1: FERMENTED SOYA PRODUCTS, Rep2: WALNUT (Juglans species)"
0.3259649926651202,0.9257485041350986,"Rep1: FERMENTED SOYA PRODUCTS, Rep2: AMARANTH"
0.3218285887576929,0.9424866500133179,"Rep1: FERMENTED SOYA PRODUCTS, Rep2: MAIZE (Zea mays L.)"
0.3163221461972386,0.9504336472322489,"Rep1: FERMENTED SOYA PRODUCTS, Rep2: OATS (Avena sativa L.)"
0.3183623295761413,0.9617228226677563,"Rep1: FERMENTED SOYA PRODUCTS, Rep2: RICE (Oryza sativa L.)"
0.3156814897982288,0.9871685965564329,"Rep1: FERMENTED SOYA PRODUCTS, Rep2: WHEAT"
0.3242551961703816,0.8974334228053529,"Rep1: FERMENTED SOYA PRODUCTS, Rep2: WHEATEN BREAD"
0.32448582891777744,1.0,"Rep1: FERMENTED SOYA PRODUCTS, Rep2: CEDARWOOD OIL"
0.31364860936413347,0.9980661423865657,"Rep1: FERMENTED SOYA PRODUCTS, Rep2: CONOCARPUS SPP. TREE"
0.3214257323914656,0.9943113847259747,"Rep1: HEARTWOOD, Rep2: BEER"
0.30955161371029627,0.9674492022991263,"Rep1: HEARTWOOD, Rep2: WINE"
0.30406601891107343,0.943980793002658,"Rep1: HEARTWOOD, Rep2: BAIJIU (CHINESE LIQUOR)"
0.2936136018002522,0.9472473647805737,"Rep1: HEARTWOOD, Rep2: GRAPE BRANDY"
0.2739959541266586,0.9136220917782142,"Rep1: HEARTWOOD, Rep2: WHISKY"
0.3354754297072554,0.9447781192412268,"Rep1: HEARTWOOD, Rep2: CHEESE, VARIOUS TYPES"
0.3523450275412005,0.9636902275800631,"Rep1: HEARTWOOD, Rep2: MILK and MILK PRODUCTS"
0.3011580776531267,0.963282604568348,"Rep1: HEARTWOOD, Rep2: COCOA category"
0.2906721674110393,0.9734570283951144,"Rep1: HEARTWOOD, Rep2: TEA"
0.3436078554105174,0.9846085280162488,"Rep1: HEARTWOOD, Rep2: BROWN ALGAE"
0.33310118744248696,0.9675423837955464,"Rep1: HEARTWOOD, Rep2: CRAB"
0.34180739769911556,0.9673487623171664,"Rep1: HEARTWOOD, Rep2: FISH"
0.3371397983953401,0.9791509910693419,"Rep1: HEARTWOOD, Rep2: GREEN ALGAE"
0.3246510670187248,0.9788669501226843,"Rep1: HEARTWOOD, Rep2: RED ALGAE"
0.3506636179829518,0.9864048518798847,"Rep1: HEARTWOOD, Rep2: SHRIMPS (PRAWN)"
0.3510295068712779,0.9688400492122565,"Rep1: HEARTWOOD, Rep2: BEEF"
0.36610785350675584,0.9756861375981686,"Rep1: HEARTWOOD, Rep2: CHICKEN"
0.3424632306657405,0.9900091486714794,"Rep1: HEARTWOOD, Rep2: EGG"
0.34878951104869266,0.9575048650862132,"Rep1: HEARTWOOD, Rep2: LAMB and MUTTON"
0.36332371438546257,0.9524577983576217,"Rep1: HEARTWOOD, Rep2: PORK"
0.23702831364033475,0.9761706196852145,"Rep1: HEARTWOOD, Rep2: CINNAMOMUM SPECIES"
0.2202281609046412,0.998735069869312,"Rep1: HEARTWOOD, Rep2: CURCUMA SPECIES"
0.2522132867278211,0.9813918390920647,"Rep1: HEARTWOOD, Rep2: DILL (Anethum species)"
0.27125792248035663,0.9905095404681341,"Rep1: HEARTWOOD, Rep2: FENNEL (Foeniculum vulg., ssp. capillaceum; var.)"
0.2545524119929854,0.9324732074302353,"Rep1: HEARTWOOD, Rep2: LICORICE (Glycyrrhiza species)"
0.3138780886578537,0.9912631826897368,"Rep1: HEARTWOOD, Rep2: MENTHA OILS"
0.2908494755007699,0.9735169064689471,"Rep1: HEARTWOOD, Rep2: MUSTARD (Brassica species)"
0.2516388483926441,0.9969717693437659,"Rep1: HEARTWOOD, Rep2: PEPPER (Piper nigrum L.)"
0.32053192056124125,0.9463338992609834,"Rep1: HEARTWOOD, Rep2: SESAME SEED OIL"
0.2977507052878028,0.9839777021871099,"Rep1: HEARTWOOD, Rep2: ALLIUM SPECIES"
0.288222702069772,0.9964540560636239,"Rep1: HEARTWOOD, Rep2: CAPSICUM SPECIES"
0.27648017117160095,0.9525253524723469,"Rep1: HEARTWOOD, Rep2: SOYBEAN (Glycine max. L. merr.)"
0.2590664761418073,0.9613382848147116,"Rep1: HEARTWOOD, Rep2: MUSHROOM"
0.2520626271729118,0.9729305729134056,"Rep1: HEARTWOOD, Rep2: TRUFFLE"
0.3245825825857799,0.9722176891919124,"Rep1: HEARTWOOD, Rep2: APPLE FRESH (Malus species)"
0.3309532175196566,0.9843590615344769,"Rep1: HEARTWOOD, Rep2: CITRUS FRUITS"
0.2757828623514903,0.9766168929026392,"Rep1: HEARTWOOD, Rep2: GUAVA and FEYOA"
0.30526143775565956,0.9807737105808704,"Rep1: HEARTWOOD, Rep2: MANGIFERA SPECIES"
0.26021155283185876,0.9725367729119918,"Rep1: HEARTWOOD, Rep2: OLIVE (Olea europaea)"
0.3193426412274031,0.9798132091182518,"Rep1: HEARTWOOD, Rep2: PASSION FRUIT (PASSIFLORA SPECIES)"
0.3108961107695599,0.9553802596216849,"Rep1: HEARTWOOD, Rep2: PLUM (Prunus species)"
0.29362213649960617,0.9635417719654843,"Rep1: HEARTWOOD, Rep2: RASPBERRY, BLACKBERRY and BOYSENBERRY"
0.3299279712694322,0.9444704874122153,"Rep1: HEARTWOOD, Rep2: VACCINIUM SPECIES"
0.25640760296836396,0.9621729844372893,"Rep1: HEARTWOOD, Rep2: CHESTNUT (Castanea species)"
0.2054240874463816,0.9842337635845988,"Rep1: HEARTWOOD, Rep2: WALNUT (Juglans species)"
0.22501890741179473,0.9897407540095122,"Rep1: HEARTWOOD, Rep2: AMARANTH"
0.2857328268826629,0.944111600518897,"Rep1: HEARTWOOD, Rep2: MAIZE (Zea mays L.)"
0.26301057709699815,0.9501255836544832,"Rep1: HEARTWOOD, Rep2: OATS (Avena sativa L.)"
0.26459689853200363,0.9734710893600892,"Rep1: HEARTWOOD, Rep2: RICE (Oryza sativa L.)"
0.2430021992825695,0.9857087944227951,"Rep1: HEARTWOOD, Rep2: WHEAT"
0.3035362643988516,0.936426397449966,"Rep1: HEARTWOOD, Rep2: WHEATEN BREAD"
0.1944570081891242,1.0,"Rep1: HEARTWOOD, Rep2: CEDARWOOD OIL"
0.213211391532326,0.9844307727482731,"Rep1: HEARTWOOD, Rep2: CONOCARPUS SPP. TREE"
0.29725999530310215,0.967706697425841,"Rep1: HEARTWOOD, Rep2: FERMENTED SOYA PRODUCTS"
0.3365052186216472,0.9880797754051934,"Rep1: HONEY, Rep2: BEER"
0.3154443522303267,0.9686216550237632,"Rep1: HONEY, Rep2: WINE"
0.32517864459031065,0.9424979922832659,"Rep1: HONEY, Rep2: BAIJIU (CHINESE LIQUOR)"
0.3168671131258678,0.9517928143320863,"Rep1: HONEY, Rep2: GRAPE BRANDY"
0.31466253124641735,0.9378458547794124,"Rep1: HONEY, Rep2: WHISKY"
0.355459332971746,0.9502237896671568,"Rep1: HONEY, Rep2: CHEESE, VARIOUS TYPES"
0.36661121318479695,0.9531440040665934,"Rep1: HONEY, Rep2: MILK and MILK PRODUCTS"
0.34122431146029686,0.9401503685665008,"Rep1: HONEY, Rep2: COCOA category"
0.2877352590692356,0.9550539356912162,"Rep1: HONEY, Rep2: TEA"
0.37836941349620334,0.9845804933624677,"Rep1: HONEY, Rep2: BROWN ALGAE"
0.34622216220197904,0.9445217751310435,"Rep1: HONEY, Rep2: CRAB"
0.3662846002162693,0.9715360720689993,"Rep1: HONEY, Rep2: FISH"
0.3512397997723329,0.9712050388308187,"Rep1: HONEY, Rep2: GREEN ALGAE"
0.34641561122937536,0.9844724413141905,"Rep1: HONEY, Rep2: RED ALGAE"
0.34547170775416536,0.9744980228307575,"Rep1: HONEY, Rep2: SHRIMPS (PRAWN)"
0.3875799942791885,0.9540006199475818,"Rep1: HONEY, Rep2: BEEF"
0.3909558265814566,0.9525508844422599,"Rep1: HONEY, Rep2: CHICKEN"
0.37576254674003606,0.9754258236648841,"Rep1: HONEY, Rep2: EGG"
0.3882449190329329,0.9617892675861099,"Rep1: HONEY, Rep2: LAMB and MUTTON"
0.3941138353502451,0.9487233623989481,"Rep1: HONEY, Rep2: PORK"
0.27932177603699876,0.9713623858312733,"Rep1: HONEY, Rep2: CINNAMOMUM SPECIES"
0.28787873467125574,0.9863781314634841,"Rep1: HONEY, Rep2: CURCUMA SPECIES"
0.2698718937752854,0.9712406743128488,"Rep1: HONEY, Rep2: DILL (Anethum species)"
0.27008205968667376,0.985303709685061,"Rep1: HONEY, Rep2: FENNEL (Foeniculum vulg., ssp. capillaceum; var.)"
0.30448896230911543,0.9451690768310097,"Rep1: HONEY, Rep2: LICORICE (Glycyrrhiza species)"
0.27903271966188764,0.9752556414544724,"Rep1: HONEY, Rep2: MENTHA OILS"
0.3225007166282637,0.966542096998175,"Rep1: HONEY, Rep2: MUSTARD (Brassica species)"
0.2907148948821688,0.9886440448989942,"Rep1: HONEY, Rep2: PEPPER (Piper nigrum L.)"
0.3532678572724629,0.9466242038539491,"Rep1: HONEY, Rep2: SESAME SEED OIL"
0.2999329843817016,0.9770489605953251,"Rep1: HONEY, Rep2: ALLIUM SPECIES"
0.28571838026629975,0.990522993662127,"Rep1: HONEY, Rep2: CAPSICUM SPECIES"
0.3048309841604126,0.9440882115932998,"Rep1: HONEY, Rep2: SOYBEAN (Glycine max. L. merr.)"
0.2920381496280248,0.9505080334553196,"Rep1: HONEY, Rep2: MUSHROOM"
0.3097529966144285,0.9545920422146122,"Rep1: HONEY, Rep2: TRUFFLE"
0.2737758418494442,0.9718176378627575,"Rep1: HONEY, Rep2: APPLE FRESH (Malus species)"
0.30512274213332097,0.9732628682895673,"Rep1: HONEY, Rep2: CITRUS FRUITS"
0.27216272309975015,0.9579478706580841,"Rep1: HONEY, Rep2: GUAVA and FEYOA"
0.2942458925601321,0.9638748348279553,"Rep1: HONEY, Rep2: MANGIFERA SPECIES"
0.2997545836095524,0.9601634486296498,"Rep1: HONEY, Rep2: OLIVE (Olea europaea)"
0.28770976686325095,0.9600103364882702,"Rep1: HONEY, Rep2: PASSION FRUIT (PASSIFLORA SPECIES)"
0.2982725896483206,0.9351234576135719,"Rep1: HONEY, Rep2: PLUM (Prunus species)"
0.28328162474015856,0.955349361122324,"Rep1: HONEY, Rep2: RASPBERRY, BLACKBERRY and BOYSENBERRY"
0.3121141344065257,0.931947467575741,"Rep1: HONEY, Rep2: VACCINIUM SPECIES"
0.2793979028349595,0.950099412741546,"Rep1: HONEY, Rep2: CHESTNUT (Castanea species)"
0.2784651902756923,0.9756871393780872,"Rep1: HONEY, Rep2: WALNUT (Juglans species)"
0.2621246261338749,0.9506586578554811,"Rep1: HONEY, Rep2: AMARANTH"
0.3149389804543234,0.9498536840455961,"Rep1: HONEY, Rep2: MAIZE (Zea mays L.)"
0.2996877609484977,0.9621690672179457,"Rep1: HONEY, Rep2: OATS (Avena sativa L.)"
0.28094303943178234,0.9606821943432983,"Rep1: HONEY, Rep2: RICE (Oryza sativa L.)"
0.2822393324712503,0.9754597969411466,"Rep1: HONEY, Rep2: WHEAT"
0.3385964522263366,0.9249474786897723,"Rep1: HONEY, Rep2: WHEATEN BREAD"
0.27231661787730904,0.9980657640232108,"Rep1: HONEY, Rep2: CEDARWOOD OIL"
0.2692191449181955,0.9776253554521509,"Rep1: HONEY, Rep2: CONOCARPUS SPP. TREE"
0.33029300494456865,0.9538328445392097,"Rep1: HONEY, Rep2: FERMENTED SOYA PRODUCTS"
0.2702774579323276,0.9518982378122293,"Rep1: HONEY, Rep2: HEARTWOOD"
0.3334873243762566,0.9897608558085633,"Rep1: MASTIC (Pistacia lentiscus), Rep2: BEER"
0.316481828106634,0.9837897289285018,"Rep1: MASTIC (Pistacia lentiscus), Rep2: WINE"
0.3191580706250043,0.9775659780318128,"Rep1: MASTIC (Pistacia lentiscus), Rep2: BAIJIU (CHINESE LIQUOR)"
0.3132407325888589,0.9791488421597085,"Rep1: MASTIC (Pistacia lentiscus), Rep2: GRAPE BRANDY"
0.2949811810253469,0.9812294354343277,"Rep1: MASTIC (Pistacia lentiscus), Rep2: WHISKY"
0.3554542378309831,0.9796283488839651,"Rep1: MASTIC (Pistacia lentiscus), Rep2: CHEESE, VARIOUS TYPES"
0.3732746533660516,0.9843540452053916,"Rep1: MASTIC (Pistacia lentiscus), Rep2: MILK and MILK PRODUCTS"
0.32827863639306365,0.979982732281764,"Rep1: MASTIC (Pistacia lentiscus), Rep2: COCOA category"
0.29079111841179756,0.9664257916897941,"Rep1: MASTIC (Pistacia lentiscus), Rep2: TEA"
0.34118626984601935,0.9876780819570774,"Rep1: MASTIC (Pistacia lentiscus), Rep2: BROWN ALGAE"
0.34281499600527593,0.9757534912425363,"Rep1: MASTIC (Pistacia lentiscus), Rep2: CRAB"
0.35403563856000897,0.987903365554655,"Rep1: MASTIC (Pistacia lentiscus), Rep2: FISH"
0.32591972172409567,0.9877651241189837,"Rep1: MASTIC (Pistacia lentiscus), Rep2: GREEN ALGAE"
0.3175597307752757,0.9882437180161615,"Rep1: MASTIC (Pistacia lentiscus), Rep2: RED ALGAE"
0.35819003242902875,0.993057044525886,"Rep1: MASTIC (Pistacia lentiscus), Rep2: SHRIMPS (PRAWN)"
0.3716755361691388,0.9903377145168643,"Rep1: MASTIC (Pistacia lentiscus), Rep2: BEEF"
0.3889251265159536,0.9850133591871083,"Rep1: MASTIC (Pistacia lentiscus), Rep2: CHICKEN"
0.3624096596903496,0.9933640701100039,"Rep1: MASTIC (Pistacia lentiscus), Rep2: EGG"
0.36334750340015004,0.9916854924770198,"Rep1: MASTIC (Pistacia lentiscus), Rep2: LAMB and MUTTON"
0.3852955036303771,0.9850173802789733,"Rep1: MASTIC (Pistacia lentiscus), Rep2: PORK"
0.2408743886513234,0.8935122458552135,"Rep1: MASTIC (Pistacia lentiscus), Rep2: CINNAMOMUM SPECIES"
0.22386124582416153,0.887347590653251,"Rep1: MASTIC (Pistacia lentiscus), Rep2: CURCUMA SPECIES"
0.24413777516788507,0.8995638841380076,"Rep1: MASTIC (Pistacia lentiscus), Rep2: DILL (Anethum species)"
0.2765612729129149,0.8956825438053718,"Rep1: MASTIC (Pistacia lentiscus), Rep2: FENNEL (Foeniculum vulg., ssp. capillaceum; var.)"
0.27689759179447077,0.9635393827204606,"Rep1: MASTIC (Pistacia lentiscus), Rep2: LICORICE (Glycyrrhiza species)"
0.30425229520689734,0.8829316236422874,"Rep1: MASTIC (Pistacia lentiscus), Rep2: MENTHA OILS"
0.309249862095846,0.9925506638915554,"Rep1: MASTIC (Pistacia lentiscus), Rep2: MUSTARD (Brassica species)"
0.24910094955640996,0.8735478722736074,"Rep1: MASTIC (Pistacia lentiscus), Rep2: PEPPER (Piper nigrum L.)"
0.34233023657632133,0.9764627271123041,"Rep1: MASTIC (Pistacia lentiscus), Rep2: SESAME SEED OIL"
0.2976484603903153,0.9904444796511875,"Rep1: MASTIC (Pistacia lentiscus), Rep2: ALLIUM SPECIES"
0.30051483255440437,0.9774092445308453,"Rep1: MASTIC (Pistacia lentiscus), Rep2: CAPSICUM SPECIES"
0.2983267287517944,0.980596811790356,"Rep1: MASTIC (Pistacia lentiscus), Rep2: SOYBEAN (Glycine max. L. merr.)"
0.27420351665222603,0.9819140452663024,"Rep1: MASTIC (Pistacia lentiscus), Rep2: MUSHROOM"
0.27504231455383704,0.9950315342599338,"Rep1: MASTIC (Pistacia lentiscus), Rep2: TRUFFLE"
0.32901180765548754,0.9834894147621382,"Rep1: MASTIC (Pistacia lentiscus), Rep2: APPLE FRESH (Malus species)"
0.3306703582992847,0.8851578262666528,"Rep1: MASTIC (Pistacia lentiscus), Rep2: CITRUS FRUITS"
0.2639879624021945,0.9015653782600738,"Rep1: MASTIC (Pistacia lentiscus), Rep2: GUAVA and FEYOA"
0.3172844923820705,0.9406151846410228,"Rep1: MASTIC (Pistacia lentiscus), Rep2: MANGIFERA SPECIES"
0.26300915212604936,0.9705426058732446,"Rep1: MASTIC (Pistacia lentiscus), Rep2: OLIVE (Olea europaea)"
0.3198133653993631,0.9509546382573637,"Rep1: MASTIC (Pistacia lentiscus), Rep2: PASSION FRUIT (PASSIFLORA SPECIES)"
0.3220305205706959,0.9671234041519688,"Rep1: MASTIC (Pistacia lentiscus), Rep2: PLUM (Prunus species)"
0.28893847686641416,0.9391066894196226,"Rep1: MASTIC (Pistacia lentiscus), Rep2: RASPBERRY, BLACKBERRY and BOYSENBERRY"
0.3422699025179555,0.9407768912506095,"Rep1: MASTIC (Pistacia lentiscus), Rep2: VACCINIUM SPECIES"
0.27245640194766296,0.9796958671994832,"Rep1: MASTIC (Pistacia lentiscus), Rep2: CHESTNUT (Castanea species)"
0.20721382842462524,0.9736340730958248,"Rep1: MASTIC (Pistacia lentiscus), Rep2: WALNUT (Juglans species)"
0.217245595823332,0.9859093944558303,"Rep1: MASTIC (Pistacia lentiscus), Rep2: AMARANTH"
0.30024358968663395,0.9805630760167584,"Rep1: MASTIC (Pistacia lentiscus), Rep2: MAIZE (Zea mays L.)"
0.28814589904318616,0.9911850420025976,"Rep1: MASTIC (Pistacia lentiscus), Rep2: OATS (Avena sativa L.)"
0.2802154280518536,0.9821401947891488,"Rep1: MASTIC (Pistacia lentiscus), Rep2: RICE (Oryza sativa L.)"
0.25243296364783724,0.994596845791894,"Rep1: MASTIC (Pistacia lentiscus), Rep2: WHEAT"
0.33166586228434103,0.9916552063924065,"Rep1: MASTIC (Pistacia lentiscus), Rep2: WHEATEN BREAD"
0.17092880738762867,0.99948087447302,"Rep1: MASTIC (Pistacia lentiscus), Rep2: CEDARWOOD OIL"
0.20907223699901437,1.0,"Rep1: MASTIC (Pistacia lentiscus), Rep2: CONOCARPUS SPP. TREE"
0.31918942114994353,0.9924081132430553,"Rep1: MASTIC (Pistacia lentiscus), Rep2: FERMENTED SOYA PRODUCTS"
0.18639535373949054,0.9929770944798554,"Rep1: MASTIC (Pistacia lentiscus), Rep2: HEARTWOOD"
0.26151117665191914,0.9842579810374107,"Rep1: MASTIC (Pistacia lentiscus), Rep2: HONEY"
0.3442122604840212,0.9912921697213615,"Rep1: MISO (soy bean, rice or fish), Rep2: BEER"
0.3505653400651059,0.9258351713368737,"Rep1: MISO (soy bean, rice or fish), Rep2: WINE"
0.27771581001031065,0.8277130477395066,"Rep1: MISO (soy bean, rice or fish), Rep2: BAIJIU (CHINESE LIQUOR)"
0.33045684653034435,0.8728141675596601,"Rep1: MISO (soy bean, rice or fish), Rep2: GRAPE BRANDY"
0.327342653453456,0.8474209808420747,"Rep1: MISO (soy bean, rice or fish), Rep2: WHISKY"
0.3189215484839988,0.9002843810508145,"Rep1: MISO (soy bean, rice or fish), Rep2: CHEESE, VARIOUS TYPES"
0.357403864980155,0.9088709871205238,"Rep1: MISO (soy bean, rice or fish), Rep2: MILK and MILK PRODUCTS"
0.319701481107115,0.8723828342618584,"Rep1: MISO (soy bean, rice or fish), Rep2: COCOA category"
0.3339213839103216,0.9233307896619519,"Rep1: MISO (soy bean, rice or fish), Rep2: TEA"
0.33846154854225574,0.9813720388675924,"Rep1: MISO (soy bean, rice or fish), Rep2: BROWN ALGAE"
0.3041791245056663,0.846570739756581,"Rep1: MISO (soy bean, rice or fish), Rep2: CRAB"
0.3380381041805371,0.9414626305763347,"Rep1: MISO (soy bean, rice or fish), Rep2: FISH"
0.370817206374889,0.9906492666627249,"Rep1: MISO (soy bean, rice or fish), Rep2: GREEN ALGAE"
0.35915618498087665,0.9978457400571896,"Rep1: MISO (soy bean, rice or fish), Rep2: RED ALGAE"
0.329591780991173,0.9397033332682879,"Rep1: MISO (soy bean, rice or fish), Rep2: SHRIMPS (PRAWN)"
0.31791332401307243,0.8911825159139928,"Rep1: MISO (soy bean, rice or fish), Rep2: BEEF"
0.3589121658462875,0.9338373246371977,"Rep1: MISO (soy bean, rice or fish), Rep2: CHICKEN"
0.3478440635221051,0.9446716952193409,"Rep1: MISO (soy bean, rice or fish), Rep2: EGG"
0.3415012805863355,0.9546067670665445,"Rep1: MISO (soy bean, rice or fish), Rep2: LAMB and MUTTON"
0.3421973628090734,0.9003934762512058,"Rep1: MISO (soy bean, rice or fish), Rep2: PORK"
0.30960056047181334,0.980229384689466,"Rep1: MISO (soy bean, rice or fish), Rep2: CINNAMOMUM SPECIES"
0.30591554277232447,0.9938958453563232,"Rep1: MISO (soy bean, rice or fish), Rep2: CURCUMA SPECIES"
0.3183226246882051,0.9822206017818299,"Rep1: MISO (soy bean, rice or fish), Rep2: DILL (Anethum species)"
0.3224914783303086,0.9991466855760467,"Rep1: MISO (soy bean, rice or fish), Rep2: FENNEL (Foeniculum vulg., ssp. capillaceum; var.)"
0.3124292250345931,0.9177835157359042,"Rep1: MISO (soy bean, rice or fish), Rep2: LICORICE (Glycyrrhiza species)"
0.35509893103495727,0.9698873917775025,"Rep1: MISO (soy bean, rice or fish), Rep2: MENTHA OILS"
0.3089360709478477,0.9556040367399656,"Rep1: MISO (soy bean, rice or fish), Rep2: MUSTARD (Brassica species)"
0.31929787642561247,0.9866320298093683,"Rep1: MISO (soy bean, rice or fish), Rep2: PEPPER (Piper nigrum L.)"
0.32606647172580716,0.9048038353713206,"Rep1: MISO (soy bean, rice or fish), Rep2: SESAME SEED OIL"
0.31927821531963885,0.9519467710751445,"Rep1: MISO (soy bean, rice or fish), Rep2: ALLIUM SPECIES"
0.30942417584064524,0.9814961555806346,"Rep1: MISO (soy bean, rice or fish), Rep2: CAPSICUM SPECIES"
0.29622421868288223,0.8614741883146895,"Rep1: MISO (soy bean, rice or fish), Rep2: SOYBEAN (Glycine max. L. merr.)"
0.2759265631171471,0.8988013218079434,"Rep1: MISO (soy bean, rice or fish), Rep2: MUSHROOM"
0.27630024588979907,0.8982355632941819,"Rep1: MISO (soy bean, rice or fish), Rep2: TRUFFLE"
0.34684753024792053,0.8949772452823944,"Rep1: MISO (soy bean, rice or fish), Rep2: APPLE FRESH (Malus species)"
0.3537777530796281,0.9697294188434895,"Rep1: MISO (soy bean, rice or fish), Rep2: CITRUS FRUITS"
0.3358724796589308,0.9059467851887678,"Rep1: MISO (soy bean, rice or fish), Rep2: GUAVA and FEYOA"
0.3052384180844019,0.9546858608354624,"Rep1: MISO (soy bean, rice or fish), Rep2: MANGIFERA SPECIES"
0.2749004724026021,0.9183543469333746,"Rep1: MISO (soy bean, rice or fish), Rep2: OLIVE (Olea europaea)"
0.34537301872002285,0.9118789420436975,"Rep1: MISO (soy bean, rice or fish), Rep2: PASSION FRUIT (PASSIFLORA SPECIES)"
0.3096710404643942,0.90419871525585,"Rep1: MISO (soy bean, rice or fish), Rep2: PLUM (Prunus species)"
0.3469059036188536,0.9094926601070572,"Rep1: MISO (soy bean, rice or fish), Rep2: RASPBERRY, BLACKBERRY and BOYSENBERRY"
0.33926882348460374,0.8677657072795889,"Rep1: MISO (soy bean, rice or fish), Rep2: VACCINIUM SPECIES"
0.31754614085947397,0.9698586237585309,"Rep1: MISO (soy bean, rice or fish), Rep2: CHESTNUT (Castanea species)"
0.3157908424583468,0.9567957324197807,"Rep1: MISO (soy bean, rice or fish), Rep2: WALNUT (Juglans species)"
0.3199954475706997,0.8987600212108102,"Rep1: MISO (soy bean, rice or fish), Rep2: AMARANTH"
0.3182115051871499,0.897200852065491,"Rep1: MISO (soy bean, rice or fish), Rep2: MAIZE (Zea mays L.)"
0.30740527132147527,0.9284567450753161,"Rep1: MISO (soy bean, rice or fish), Rep2: OATS (Avena sativa L.)"
0.3135366123955755,0.9220475527793626,"Rep1: MISO (soy bean, rice or fish), Rep2: RICE (Oryza sativa L.)"
0.31075152233647263,0.9769646434545184,"Rep1: MISO (soy bean, rice or fish), Rep2: WHEAT"
0.3119980379751961,0.8094723993070996,"Rep1: MISO (soy bean, rice or fish), Rep2: WHEATEN BREAD"
0.328645702397146,1.0,"Rep1: MISO (soy bean, rice or fish), Rep2: CEDARWOOD OIL"
0.3169117471010578,1.0,"Rep1: MISO (soy bean, rice or fish), Rep2: CONOCARPUS SPP. TREE"
0.1977236885899038,0.7953146172948062,"Rep1: MISO (soy bean, rice or fish), Rep2: FERMENTED SOYA PRODUCTS"
0.2977897953366647,0.9660270534301345,"Rep1: MISO (soy bean, rice or fish), Rep2: HEARTWOOD"
0.33065802421086565,0.9208195266727414,"Rep1: MISO (soy bean, rice or fish), Rep2: HONEY"
0.3197225283466681,0.9793191678892432,"Rep1: MISO (soy bean, rice or fish), Rep2: MASTIC (Pistacia lentiscus)"
0.34513850669225066,1.0,"Rep1: ROSELLE (Hibiscus sabdariffa L.), Rep2: BEER"
0.324714010983531,0.9993647656691136,"Rep1: ROSELLE (Hibiscus sabdariffa L.), Rep2: WINE"
0.3349676083855548,1.0,"Rep1: ROSELLE (Hibiscus sabdariffa L.), Rep2: BAIJIU (CHINESE LIQUOR)"
0.34039438570182673,1.0,"Rep1: ROSELLE (Hibiscus sabdariffa L.), Rep2: GRAPE BRANDY"
0.3376442566704225,1.0,"Rep1: ROSELLE (Hibiscus sabdariffa L.), Rep2: WHISKY"
0.36801105988673566,1.0,"Rep1: ROSELLE (Hibiscus sabdariffa L.), Rep2: CHEESE, VARIOUS TYPES"
0.37797855826669796,0.993939393939394,"Rep1: ROSELLE (Hibiscus sabdariffa L.), Rep2: MILK and MILK PRODUCTS"
0.35554974444460347,1.0,"Rep1: ROSELLE (Hibiscus sabdariffa L.), Rep2: COCOA category"
0.2950400868111936,1.0,"Rep1: ROSELLE (Hibiscus sabdariffa L.), Rep2: TEA"
0.35575683894476584,1.0,"Rep1: ROSELLE (Hibiscus sabdariffa L.), Rep2: BROWN ALGAE"
0.352276280793825,1.0,"Rep1: ROSELLE (Hibiscus sabdariffa L.), Rep2: CRAB"
0.36911027855781525,1.0,"Rep1: ROSELLE (Hibiscus sabdariffa L.), Rep2: FISH"
0.3155469617497668,1.0,"Rep1: ROSELLE (Hibiscus sabdariffa L.), Rep2: GREEN ALGAE"
0.3145026542595061,1.0,"Rep1: ROSELLE (Hibiscus sabdariffa L.), Rep2: RED ALGAE"
0.36253736421541466,1.0,"Rep1: ROSELLE (Hibiscus sabdariffa L.), Rep2: SHRIMPS (PRAWN)"
0.4001487599377497,1.0,"Rep1: ROSELLE (Hibiscus sabdariffa L.), Rep2: BEEF"
0.3982743841906664,0.9909502262443444,"Rep1: ROSELLE (Hibiscus sabdariffa L.), Rep2: CHICKEN"
0.3862513129298588,1.0,"Rep1: ROSELLE (Hibiscus sabdariffa L.), Rep2: EGG"
0.3922986395933963,1.0,"Rep1: ROSELLE (Hibiscus sabdariffa L.), Rep2: LAMB and MUTTON"
0.40628263156327116,1.0,"Rep1: ROSELLE (Hibiscus sabdariffa L.), Rep2: PORK"
0.32536191327444736,1.0,"Rep1: ROSELLE (Hibiscus sabdariffa L.), Rep2: CINNAMOMUM SPECIES"
0.29750294698356,1.0,"Rep1: ROSELLE (Hibiscus sabdariffa L.), Rep2: CURCUMA SPECIES"
0.25937308217535304,1.0,"Rep1: ROSELLE (Hibiscus sabdariffa L.), Rep2: DILL (Anethum species)"
0.27638215775857916,1.0,"Rep1: ROSELLE (Hibiscus sabdariffa L.), Rep2: FENNEL (Foeniculum vulg., ssp. capillaceum; var.)"
0.34033478417231855,1.0,"Rep1: ROSELLE (Hibiscus sabdariffa L.), Rep2: LICORICE (Glycyrrhiza species)"
0.28394141161588615,1.0,"Rep1: ROSELLE (Hibiscus sabdariffa L.), Rep2: MENTHA OILS"
0.3316253619635109,1.0,"Rep1: ROSELLE (Hibiscus sabdariffa L.), Rep2: MUSTARD (Brassica species)"
0.28337623712352644,1.0,"Rep1: ROSELLE (Hibiscus sabdariffa L.), Rep2: PEPPER (Piper nigrum L.)"
0.36353904284525795,1.0,"Rep1: ROSELLE (Hibiscus sabdariffa L.), Rep2: SESAME SEED OIL"
0.2861270359068353,1.0,"Rep1: ROSELLE (Hibiscus sabdariffa L.), Rep2: ALLIUM SPECIES"
0.3161081798901711,0.9097222222222209,"Rep1: ROSELLE (Hibiscus sabdariffa L.), Rep2: CAPSICUM SPECIES"
0.3019042463147824,1.0,"Rep1: ROSELLE (Hibiscus sabdariffa L.), Rep2: SOYBEAN (Glycine max. L. merr.)"
0.29714668464830385,1.0,"Rep1: ROSELLE (Hibiscus sabdariffa L.), Rep2: MUSHROOM"
0.31384841711914435,1.0,"Rep1: ROSELLE (Hibiscus sabdariffa L.), Rep2: TRUFFLE"
0.3000838365071068,1.0,"Rep1: ROSELLE (Hibiscus sabdariffa L.), Rep2: APPLE FRESH (Malus species)"
0.3050867906137031,1.0,"Rep1: ROSELLE (Hibiscus sabdariffa L.), Rep2: CITRUS FRUITS"
0.28278157172050256,1.0,"Rep1: ROSELLE (Hibiscus sabdariffa L.), Rep2: GUAVA and FEYOA"
0.32912700543298984,1.0,"Rep1: ROSELLE (Hibiscus sabdariffa L.), Rep2: MANGIFERA SPECIES"
0.2838925565623318,0.9978991596638654,"Rep1: ROSELLE (Hibiscus sabdariffa L.), Rep2: OLIVE (Olea europaea)"
0.30619454829491566,1.0,"Rep1: ROSELLE (Hibiscus sabdariffa L.), Rep2: PASSION FRUIT (PASSIFLORA SPECIES)"
0.31896875264277474,1.0,"Rep1: ROSELLE (Hibiscus sabdariffa L.), Rep2: PLUM (Prunus species)"
0.2681622562685234,1.0,"Rep1: ROSELLE (Hibiscus sabdariffa L.), Rep2: RASPBERRY, BLACKBERRY and BOYSENBERRY"
0.31610830457751277,1.0,"Rep1: ROSELLE (Hibiscus sabdariffa L.), Rep2: VACCINIUM SPECIES"
0.30259265016904785,1.0,"Rep1: ROSELLE (Hibiscus sabdariffa L.), Rep2: CHESTNUT (Castanea species)"
0.2551038769311991,1.0,"Rep1: ROSELLE (Hibiscus sabdariffa L.), Rep2: WALNUT (Juglans species)"
0.22226440080048043,1.0,"Rep1: ROSELLE (Hibiscus sabdariffa L.), Rep2: AMARANTH"
0.3123930275773692,1.0,"Rep1: ROSELLE (Hibiscus sabdariffa L.), Rep2: MAIZE (Zea mays L.)"
0.3159788619618712,1.0,"Rep1: ROSELLE (Hibiscus sabdariffa L.), Rep2: OATS (Avena sativa L.)"
0.2901623515556911,1.0,"Rep1: ROSELLE (Hibiscus sabdariffa L.), Rep2: RICE (Oryza sativa L.)"
0.2637551760662554,1.0,"Rep1: ROSELLE (Hibiscus sabdariffa L.), Rep2: WHEAT"
0.3526923774929135,1.0,"Rep1: ROSELLE (Hibiscus sabdariffa L.), Rep2: WHEATEN BREAD"
0.27572094547072695,1.0,"Rep1: ROSELLE (Hibiscus sabdariffa L.), Rep2: CEDARWOOD OIL"
0.22797837126092182,1.0,"Rep1: ROSELLE (Hibiscus sabdariffa L.), Rep2: CONOCARPUS SPP. TREE"
0.34193500896067974,1.0,"Rep1: ROSELLE (Hibiscus sabdariffa L.), Rep2: FERMENTED SOYA PRODUCTS"
0.2706110249490844,1.0,"Rep1: ROSELLE (Hibiscus sabdariffa L.), Rep2: HEARTWOOD"
0.274757895699193,1.0,"Rep1: ROSELLE (Hibiscus sabdariffa L.), Rep2: HONEY"
0.25171911236614986,1.0,"Rep1: ROSELLE (Hibiscus sabdariffa L.), Rep2: MASTIC (Pistacia lentiscus)"
0.3407212342694094,1.0,"Rep1: ROSELLE (Hibiscus sabdariffa L.), Rep2: MISO (soy bean, rice or fish)"
0.3409409819246948,0.9920425884184466,"Rep1: TAGETES, Rep2: BEER"
0.3021169368338327,0.9982536373872032,"Rep1: TAGETES, Rep2: WINE"
0.31596364546185324,0.9964492856296002,"Rep1: TAGETES, Rep2: BAIJIU (CHINESE LIQUOR)"
0.3095733411214662,0.9977402742999962,"Rep1: TAGETES, Rep2: GRAPE BRANDY"
0.3057371508587218,0.9994598695167323,"Rep1: TAGETES, Rep2: WHISKY"
0.36512026447419205,0.9954841046103873,"Rep1: TAGETES, Rep2: CHEESE, VARIOUS TYPES"
0.3901326648269111,0.9988992457370526,"Rep1: TAGETES, Rep2: MILK and MILK PRODUCTS"
0.3491514697411476,0.9969910521003122,"Rep1: TAGETES, Rep2: COCOA category"
0.27777658560756047,0.9914615277010062,"Rep1: TAGETES, Rep2: TEA"
0.36747145745137044,0.9989673878869084,"Rep1: TAGETES, Rep2: BROWN ALGAE"
0.3482867357424522,0.9942492140656417,"Rep1: TAGETES, Rep2: CRAB"
0.3670112893775685,0.9952836735844268,"Rep1: TAGETES, Rep2: FISH"
0.3398238434392271,0.999607946963881,"Rep1: TAGETES, Rep2: GREEN ALGAE"
0.33394461948182386,0.9993873128447597,"Rep1: TAGETES, Rep2: RED ALGAE"
0.35979010662372657,0.9983514338146994,"Rep1: TAGETES, Rep2: SHRIMPS (PRAWN)"
0.38662263411454567,0.9991930474990234,"Rep1: TAGETES, Rep2: BEEF"
0.40344454198400065,0.9989184106041071,"Rep1: TAGETES, Rep2: CHICKEN"
0.39077418200741826,0.997185066776672,"Rep1: TAGETES, Rep2: EGG"
0.37545846568964064,0.9994376634126474,"Rep1: TAGETES, Rep2: LAMB and MUTTON"
0.3996840891080327,0.9959964930007204,"Rep1: TAGETES, Rep2: PORK"
0.24421638328381629,0.9753364279578695,"Rep1: TAGETES, Rep2: CINNAMOMUM SPECIES"
0.2397626807235072,0.9576511621600872,"Rep1: TAGETES, Rep2: CURCUMA SPECIES"
0.21787592610254936,0.9685992462975469,"Rep1: TAGETES, Rep2: DILL (Anethum species)"
0.26267693691867566,0.9660009019914375,"Rep1: TAGETES, Rep2: FENNEL (Foeniculum vulg., ssp. capillaceum; var.)"
0.3054050114441521,0.9883305836576868,"Rep1: TAGETES, Rep2: LICORICE (Glycyrrhiza species)"
0.2703470426202496,0.9763960360209459,"Rep1: TAGETES, Rep2: MENTHA OILS"
0.29835867575163394,0.9970007494817855,"Rep1: TAGETES, Rep2: MUSTARD (Brassica species)"
0.23500629329959744,0.9741277070607667,"Rep1: TAGETES, Rep2: PEPPER (Piper nigrum L.)"
0.36321891440908394,0.9979936713491366,"Rep1: TAGETES, Rep2: SESAME SEED OIL"
0.2703494147108357,0.9978021130815261,"Rep1: TAGETES, Rep2: ALLIUM SPECIES"
0.25507745864356723,0.9969764135246529,"Rep1: TAGETES, Rep2: CAPSICUM SPECIES"
0.30880221735641517,0.9969583376548119,"Rep1: TAGETES, Rep2: SOYBEAN (Glycine max. L. merr.)"
0.27871031968594334,0.9984361079316539,"Rep1: TAGETES, Rep2: MUSHROOM"
0.2913587476914945,0.997191756862483,"Rep1: TAGETES, Rep2: TRUFFLE"
0.28469003407562227,0.9989340811876027,"Rep1: TAGETES, Rep2: APPLE FRESH (Malus species)"
0.29670668121884924,0.9703684805513325,"Rep1: TAGETES, Rep2: CITRUS FRUITS"
0.24062738574559325,0.9767549222101681,"Rep1: TAGETES, Rep2: GUAVA and FEYOA"
0.2935250972309982,0.9679055150532967,"Rep1: TAGETES, Rep2: MANGIFERA SPECIES"
0.26804288471098364,0.9915938646228477,"Rep1: TAGETES, Rep2: OLIVE (Olea europaea)"
0.2789826735168627,0.9900169343780255,"Rep1: TAGETES, Rep2: PASSION FRUIT (PASSIFLORA SPECIES)"
0.3070754419317497,0.9924908282063729,"Rep1: TAGETES, Rep2: PLUM (Prunus species)"
0.2708771060352209,0.9874689659058268,"Rep1: TAGETES, Rep2: RASPBERRY, BLACKBERRY and BOYSENBERRY"
0.3181881451630637,0.985285515365023,"Rep1: TAGETES, Rep2: VACCINIUM SPECIES"
0.2817411416793098,0.9974433672465133,"Rep1: TAGETES, Rep2: CHESTNUT (Castanea species)"
0.253398108955529,0.9924952814380532,"Rep1: TAGETES, Rep2: WALNUT (Juglans species)"
0.23262058294227966,0.995086424413255,"Rep1: TAGETES, Rep2: AMARANTH"
0.3228314199779856,0.9877957978430745,"Rep1: TAGETES, Rep2: MAIZE (Zea mays L.)"
0.31036217744678374,0.9989073247268809,"Rep1: TAGETES, Rep2: OATS (Avena sativa L.)"
0.2847652543543159,0.9971706486680885,"Rep1: TAGETES, Rep2: RICE (Oryza sativa L.)"
0.2704014572725489,0.9993570690751973,"Rep1: TAGETES, Rep2: WHEAT"
0.3502379157986759,0.9991292589435702,"Rep1: TAGETES, Rep2: WHEATEN BREAD"
0.25429335994552305,1.0,"Rep1: TAGETES, Rep2: CEDARWOOD OIL"
0.23455084410696067,1.0,"Rep1: TAGETES, Rep2: CONOCARPUS SPP. TREE"
0.3320957929931817,0.9976622068484557,"Rep1: TAGETES, Rep2: FERMENTED SOYA PRODUCTS"
0.23537358905754882,1.0,"Rep1: TAGETES, Rep2: HEARTWOOD"
0.23713081603465552,0.9962107154175602,"Rep1: TAGETES, Rep2: HONEY"
0.2063508486911938,0.9651257020056272,"Rep1: TAGETES, Rep2: MASTIC (Pistacia lentiscus)"
0.32864328350641997,1.0,"Rep1: TAGETES, Rep2: MISO (soy bean, rice or fish)"
0.23642213345497395,1.0,"Rep1: TAGETES, Rep2: ROSELLE (Hibiscus sabdariffa L.)"
0.3341750176707074,1.0,"Rep1: WOOD SMOKE, Rep2: BEER"
0.3319805234912084,1.0,"Rep1: WOOD SMOKE, Rep2: WINE"
0.32068149707716803,1.0,"Rep1: WOOD SMOKE, Rep2: BAIJIU (CHINESE LIQUOR)"
0.30212233816639317,0.999896415959983,"Rep1: WOOD SMOKE, Rep2: GRAPE BRANDY"
0.2635008521555463,1.0,"Rep1: WOOD SMOKE, Rep2: WHISKY"
0.3340309445490514,0.999885798597554,"Rep1: WOOD SMOKE, Rep2: CHEESE, VARIOUS TYPES"
0.3517388521180773,0.9994541509261747,"Rep1: WOOD SMOKE, Rep2: MILK and MILK PRODUCTS"
0.3052826078293921,0.9948232223121266,"Rep1: WOOD SMOKE, Rep2: COCOA category"
0.30092954915253306,0.9992755893722424,"Rep1: WOOD SMOKE, Rep2: TEA"
0.3592921899179827,1.0,"Rep1: WOOD SMOKE, Rep2: BROWN ALGAE"
0.34032350341893264,0.991293240758656,"Rep1: WOOD SMOKE, Rep2: CRAB"
0.34070463918558164,0.9996354905598605,"Rep1: WOOD SMOKE, Rep2: FISH"
0.3524266500320626,1.0,"Rep1: WOOD SMOKE, Rep2: GREEN ALGAE"
0.3408105852127318,1.0,"Rep1: WOOD SMOKE, Rep2: RED ALGAE"
0.35426715738590525,0.9957648450129639,"Rep1: WOOD SMOKE, Rep2: SHRIMPS (PRAWN)"
0.34236608748585473,0.9991743971016045,"Rep1: WOOD SMOKE, Rep2: BEEF"
0.3590720453513374,0.9996918327086398,"Rep1: WOOD SMOKE, Rep2: CHICKEN"
0.3388855745475865,0.9988563701342604,"Rep1: WOOD SMOKE, Rep2: EGG"
0.3439166222811366,1.0,"Rep1: WOOD SMOKE, Rep2: LAMB and MUTTON"
0.3583134754743676,0.9955591042147062,"Rep1: WOOD SMOKE, Rep2: PORK"
0.2502196230889749,1.0,"Rep1: WOOD SMOKE, Rep2: CINNAMOMUM SPECIES"
0.2557240391318731,1.0,"Rep1: WOOD SMOKE, Rep2: CURCUMA SPECIES"
0.2910994929664164,1.0,"Rep1: WOOD SMOKE, Rep2: DILL (Anethum species)"
0.30436306891808806,1.0,"Rep1: WOOD SMOKE, Rep2: FENNEL (Foeniculum vulg., ssp. capillaceum; var.)"
0.2525195847227358,0.9987362398116779,"Rep1: WOOD SMOKE, Rep2: LICORICE (Glycyrrhiza species)"
0.33296184560136566,1.0,"Rep1: WOOD SMOKE, Rep2: MENTHA OILS"
0.30495865384394805,0.9934701153188548,"Rep1: WOOD SMOKE, Rep2: MUSTARD (Brassica species)"
0.27584727858514363,1.0,"Rep1: WOOD SMOKE, Rep2: PEPPER (Piper nigrum L.)"
0.316709895928877,1.0,"Rep1: WOOD SMOKE, Rep2: SESAME SEED OIL"
0.31821598740539253,1.0,"Rep1: WOOD SMOKE, Rep2: ALLIUM SPECIES"
0.3107831513567495,1.0,"Rep1: WOOD SMOKE, Rep2: CAPSICUM SPECIES"
0.28932889830546377,0.9939344438191781,"Rep1: WOOD SMOKE, Rep2: SOYBEAN (Glycine max. L. merr.)"
0.2586400626354334,1.0,"Rep1: WOOD SMOKE, Rep2: MUSHROOM"
0.25482568156488133,1.0,"Rep1: WOOD SMOKE, Rep2: TRUFFLE"
0.3393914104051262,1.0,"Rep1: WOOD SMOKE, Rep2: APPLE FRESH (Malus species)"
0.356569336757669,1.0,"Rep1: WOOD SMOKE, Rep2: CITRUS FRUITS"
0.3101964813051307,1.0,"Rep1: WOOD SMOKE, Rep2: GUAVA and FEYOA"
0.32191813750994236,1.0,"Rep1: WOOD SMOKE, Rep2: MANGIFERA SPECIES"
0.28366503290104667,1.0,"Rep1: WOOD SMOKE, Rep2: OLIVE (Olea europaea)"
0.3403833650800733,1.0,"Rep1: WOOD SMOKE, Rep2: PASSION FRUIT (PASSIFLORA SPECIES)"
0.33148857881083515,1.0,"Rep1: WOOD SMOKE, Rep2: PLUM (Prunus species)"
0.32035977458390663,1.0,"Rep1: WOOD SMOKE, Rep2: RASPBERRY, BLACKBERRY and BOYSENBERRY"
0.3507132659035344,1.0,"Rep1: WOOD SMOKE, Rep2: VACCINIUM SPECIES"
0.24743580354400468,1.0,"Rep1: WOOD SMOKE, Rep2: CHESTNUT (Castanea species)"
0.23615429469600746,1.0,"Rep1: WOOD SMOKE, Rep2: WALNUT (Juglans species)"
0.24918772081333124,1.0,"Rep1: WOOD SMOKE, Rep2: AMARANTH"
0.28684642174122726,0.9967533021164549,"Rep1: WOOD SMOKE, Rep2: MAIZE (Zea mays L.)"
0.25206660264127906,0.9982116264227208,"Rep1: WOOD SMOKE, Rep2: OATS (Avena sativa L.)"
0.2628050571935563,0.9997008879098039,"Rep1: WOOD SMOKE, Rep2: RICE (Oryza sativa L.)"
0.2527202307852928,0.9989573035096387,"Rep1: WOOD SMOKE, Rep2: WHEAT"
0.28642422826455566,0.9985758533997652,"Rep1: WOOD SMOKE, Rep2: WHEATEN BREAD"
0.20485874856990638,1.0,"Rep1: WOOD SMOKE, Rep2: CEDARWOOD OIL"
0.26295246041217146,1.0,"Rep1: WOOD SMOKE, Rep2: CONOCARPUS SPP. TREE"
0.32343522351422294,0.9986956906292801,"Rep1: WOOD SMOKE, Rep2: FERMENTED SOYA PRODUCTS"
0.21404838811455867,1.0,"Rep1: WOOD SMOKE, Rep2: HEARTWOOD"
0.29400485911194735,1.0,"Rep1: WOOD SMOKE, Rep2: HONEY"
0.23170914778439458,1.0,"Rep1: WOOD SMOKE, Rep2: MASTIC (Pistacia lentiscus)"
0.3193091002070948,1.0,"Rep1: WOOD SMOKE, Rep2: MISO (soy bean, rice or fish)"
0.32077339516652453,1.0,"Rep1: WOOD SMOKE, Rep2: ROSELLE (Hibiscus sabdariffa L.)"
0.27868461994331056,1.0,"Rep1: WOOD SMOKE, Rep2: TAGETES"
